Time,current denity
0,2.67890247
0.999794408,1.765350928
1.9921875,1.249833415
2.9921875,0.905270707
3.9921875,0.693720517
4.9921875,0.590052349
5.9921875,0.481307013
6.9921875,0.419410986
7.99609375,0.372603659
8.99609375,0.359910616
9.9921875,0.359352563
10.9921875,0.33173229
11.9921875,0.271332958
12.9921875,0.346938876
13.9921875,0.280751857
15.0078125,0.219285266
15.99609375,0.204597281
16.9921875,0.199299001
17.9921875,0.180411266
18.99609375,0.173479389
19.99609375,0.164872375
20.99609375,0.157043796
21.99609375,0.161326996
22.99609375,0.1610774
23.9921875,0.170511224
24.99609375,0.209459011
25.99609375,0.215315385
26.99609375,0.182102408
27.99609375,0.184006335
28.99609375,0.202626167
30.1171875,0.204582828
31.01171875,0.149599126
31.99609375,0.160238829
33,0.181698238
33.99609375,0.197474843
35,0.170945235
35.99609375,0.199452968
37,0.184022125
38,0.159150693
39,0.168518225
40.015625,0.264396414
41.01171875,0.189043536
42,0.113870683
43,0.119532878
44,0.123323289
45.00390625,0.128992443
46.00390625,0.119909519
47.00390625,0.112894316
48.00390625,0.131911532
49.00390625,0.125777324
50.00390625,0.117468755
51.00390625,0.131974176
52.00390625,0.112421973
53.0078125,0.112151427
54.0078125,0.114731447
55.0078125,0.123349635
56.0078125,0.128733122
57.01171875,0.142145596
58.0078125,0.14104903
59.0078125,0.122379333
60.01171875,0.135525794
61.01171875,0.118867753
62.01171875,0.117998766
63.01171875,0.122171985
64.01171875,0.11011511
65.01171875,0.116306925
66.01171875,0.103774108
67.01171875,0.120975462
68.01171875,0.147356438
69.01171875,0.130679853
70.015625,0.171068867
71.015625,0.157949235
72.01171875,0.144201845
73.01171875,0.144258197
74.015625,0.13289968
75.015625,0.145115538
76.01953125,0.133882359
77.01953125,0.135709314
78.01953125,0.138539763
79.015625,0.124148445
80.01953125,0.136158343
81.015625,0.135290907
82.015625,0.13759553
83.01953125,0.170809207
84.01953125,0.170733878
85.01953125,0.165247946
86.01953125,0.151122024
87.01953125,0.163892255
88.01953125,0.138345933
89.01953125,0.157463262
90.015625,0.166822858
91.01953125,0.157113101
92.01953125,0.171552764
93.0234375,0.184823
94.0234375,0.130209916
95.0234375,0.182056355
96.0234375,0.189102993
97.0234375,0.157330245
98.02734375,0.163593214
99.0234375,0.197281526
100.0234375,0.144360591
101.0234375,0.179996406
102.0273438,0.159679306
103.0234375,0.152732749
104.0273438,0.124699148
105.0234375,0.146071285
106.0273438,0.14763567
107.0234375,0.157967697
108.0234375,0.14643375
109.0273438,0.150169114
110.0234375,0.17753979
111.0351563,0.188736364
112.0273438,0.173706072
113.0234375,0.169631649
114.0234375,0.146772275
115.0273438,0.154616221
116.0273438,0.137002547
117.0273438,0.156369482
118.0273438,0.183714007
119.0273438,0.18496274
120.03125,0.197312365
121.0273438,0.154486987
122.0273438,0.193915875
123.03125,0.182187727
124.03125,0.208612289
125.0351563,0.188691114
126.03125,0.197375625
127.03125,0.175601015
128.03125,0.176266161
129.03125,0.153231058
130.03125,0.164061569
131.03125,0.160237801
132.03125,0.152575093
133.03125,0.15812116
134.03125,0.161106624
135.03125,0.139685002
136.0273438,0.158236835
137.03125,0.148745167
138.03125,0.182613772
139.03125,0.161650307
140.03125,0.162370108
141.03125,0.157241594
142.0351563,0.166138593
143.0351563,0.173505355
144.03125,0.184797178
145.0351563,0.160852875
146.0351563,0.161112463
147.0351563,0.149363592
148.0351563,0.139032275
149.0351563,0.148757801
150.0351563,0.140758912
151.0351563,0.138505348
152.0351563,0.136434707
153.0351563,0.158320489
154.0351563,0.151958189
155.0351563,0.154502941
156.0351563,0.164520312
157.0351563,0.162334048
158.0351563,0.14274599
159.0351563,0.157524712
160.0351563,0.148326535
161.0351563,0.152696226
162.0351563,0.158544356
163.0351563,0.151749762
164.0351563,0.134506325
165.0351563,0.138149019
166.0351563,0.129086911
167.0351563,0.143815644
168.0351563,0.157387337
169.0351563,0.140757709
170.0351563,0.159484941
171.0351563,0.166955885
172.0390625,0.166946377
173.0390625,0.170732193
174.0390625,0.165656402
175.0390625,0.195686189
176.0390625,0.179047855
177.0390625,0.147361095
178.0390625,0.169263129
179.0429688,0.196324012
180.0390625,0.195878416
181.0390625,0.203183973
182.0429688,0.207505824
183.0429688,0.198258243
184.0390625,0.185138704
185.0429688,0.200512311
186.0390625,0.224569854
187.1601563,0.225470358
188.0546875,0.180611407
189.0429688,0.191790588
190.0429688,0.191123038
191.0429688,0.186586674
192.0429688,0.193693817
193.046875,0.194486572
194.046875,0.203677492
195.0429688,0.210519054
196.0429688,0.196398497
197.046875,0.219048735
198.0507813,0.169465059
199.0429688,0.183328238
200.0429688,0.148207827
201.0429688,0.147834034
202.0429688,0.172273192
203.0429688,0.161720249
204.046875,0.146021964
205.0429688,0.111770479
206.0429688,0.124673542
207.0429688,0.13692949
208.046875,0.122479763
209.0429688,0.106058819
210.0429688,0.117778332
211.0429688,0.101293419
212.046875,0.110044798
213.0429688,0.113759408
214.046875,0.104550118
215.0429688,0.10946489
216.046875,0.115827304
217.046875,0.11276354
218.046875,0.112520728
219.046875,0.100467893
220.046875,0.095581903
221.046875,0.080718175
222.046875,0.078201455
223.0507813,0.082458951
224.0507813,0.10317393
225.046875,0.10591356
226.0507813,0.099439758
227.0507813,0.098610449
228.0507813,0.108764003
229.0507813,0.107341238
230.0507813,0.106053896
231.0507813,0.125201836
232.0507813,0.09196941
233.0507813,0.090961515
234.0546875,0.096014814
235.0507813,0.112771836
236.0546875,0.120587339
237.0546875,0.099867806
238.0546875,0.097451898
239.0546875,0.083283424
240.0546875,0.079282843
241.0507813,0.078460833
242.0546875,0.089441609
243.0546875,0.101544999
244.0546875,0.079820276
245.0546875,0.089070129
246.0546875,0.110051706
247.0585938,0.126241474
248.0585938,0.146651604
249.0585938,0.126646383
250.0585938,0.129582804
251.0625,0.138694172
252.0625,0.140193416
253.0625,0.120350386
254.0625,0.112750136
255.0625,0.127142904
256.0585938,0.116803753
257.0625,0.115888991
258.0625,0.119646425
259.0625,0.11803093
260.0625,0.108217617
261.0625,0.095093236
262.0625,0.095245208
263.0625,0.104453398
264.0625,0.097511817
265.0625,0.091999364
266.0625,0.092807518
267.0625,0.100930552
268.0625,0.118909642
269.0625,0.093778581
270.0625,0.087606955
271.0664063,0.106562392
272.0625,0.127222436
273.0664063,0.09643395
274.0664063,0.108241558
275.0703125,0.108428532
276.0703125,0.12686803
277.0703125,0.11226188
278.0664063,0.122089831
279.0703125,0.12034244
280.0703125,0.122160184
281.0703125,0.100611497
282.0703125,0.113884437
283.0703125,0.119748994
284.0703125,0.138120021
285.0703125,0.136872634
286.0703125,0.115059692
287.0703125,0.133384081
288.0703125,0.114128072
289.0703125,0.156684487
290.0703125,0.152028614
291.0742188,0.146339528
292.0703125,0.121687656
293.0703125,0.131351289
294.0742188,0.139971266
295.0742188,0.151656558
296.0742188,0.126140848
297.078125,0.123810959
298.078125,0.123497187
299.0742188,0.128011706
300.078125,0.155186486
301.0742188,0.115450817
302.078125,0.114898623
303.078125,0.123328387
304.0742188,0.124644955
305.078125,0.118663212
306.078125,0.126428191
307.078125,0.129076508
308.078125,0.132958982
309.078125,0.135481294
310.078125,0.137443054
311.078125,0.162463045
312.078125,0.135842598
313.078125,0.137992699
314.078125,0.110548103
315.078125,0.126964483
316.078125,0.124730943
317.078125,0.119198712
318.078125,0.145251412
319.078125,0.140596886
320.078125,0.134041198
321.078125,0.143484264
322.078125,0.149313922
323.078125,0.137147518
324.078125,0.147071213
325.078125,0.118317194
326.078125,0.130616603
327.0820313,0.159267745
328.078125,0.144586349
329.078125,0.148592352
330.0820313,0.149724022
331.0820313,0.146131111
332.0820313,0.158146488
333.0820313,0.167652054
334.0820313,0.174070275
335.0820313,0.159419481
336.0820313,0.192275801
337.0820313,0.164126905
338.0820313,0.152521238
339.0820313,0.166922662
340.0820313,0.165617299
341.0859375,0.175589441
342.0859375,0.195740691
343.0820313,0.184129771
344.0820313,0.167099777
345.0820313,0.172069247
346.0859375,0.146438664
347.0859375,0.142824885
348.0859375,0.173336627
349.0859375,0.178324034
350.0859375,0.158138491
351.0859375,0.144096079
352.0859375,0.146306408
353.0859375,0.146767238
354.0859375,0.127479115
355.0898438,0.161399127
356.0859375,0.141740943
357.0898438,0.135960565
358.0898438,0.153581856
359.0898438,0.133256471
360.0898438,0.140803772
361.0898438,0.141473316
362.0898438,0.135277986
363.0898438,0.131705202
364.0898438,0.127850287
365.0898438,0.123493044
366.0898438,0.159881544
367.0898438,0.164011158
368.0898438,0.137813558
369.0898438,0.155480459
370.0898438,0.138967092
371.0898438,0.142609037
372.0898438,0.145073043
373.0898438,0.14580777
374.0898438,0.11781245
375.0898438,0.138789781
376.0898438,0.125580317
377.09375,0.125036234
378.0898438,0.135501205
379.0898438,0.136031422
380.09375,0.140392365
381.09375,0.186788749
382.09375,0.154533234
383.09375,0.164645773
384.09375,0.165018426
385.09375,0.162763669
386.09375,0.153337739
387.09375,0.165251935
388.09375,0.157243887
389.09375,0.163941792
390.09375,0.186713852
391.0976563,0.168127902
392.0976563,0.156536904
393.0976563,0.165544232
394.0976563,0.176861775
395.0976563,0.161176628
396.0976563,0.1439284
397.1015625,0.171422101
398.0976563,0.166390441
399.0976563,0.158670291
400.0976563,0.156153869
401.0976563,0.147822459
402.0976563,0.158284943
403.0976563,0.134802518
404.0976563,0.147294483
405.0976563,0.141178901
406.0976563,0.166909782
407.0976563,0.162697253
408.0976563,0.151962208
409.0976563,0.15806417
410.0976563,0.1536971
411.1015625,0.158135325
412.1015625,0.140032675
413.1015625,0.160268105
414.1015625,0.140055475
415.1015625,0.15603144
416.1015625,0.159595014
417.1015625,0.14782248
418.1015625,0.146052699
419.1015625,0.154962054
420.1015625,0.153672614
421.1054688,0.140456438
422.1054688,0.140089017
423.1054688,0.144578259
424.1054688,0.161203447
425.1054688,0.170495558
426.1054688,0.16382438
427.1054688,0.182513752
428.1054688,0.158694581
429.1054688,0.119546992
430.1015625,0.134918553
431.1054688,0.135836111
432.1054688,0.12894565
433.1054688,0.124569472
434.1054688,0.118357304
435.1054688,0.116537535
436.1054688,0.12392209
437.1054688,0.134516131
438.1054688,0.126603374
439.1054688,0.124701225
440.1054688,0.116296357
441.1054688,0.116281411
442.1054688,0.116033192
443.1054688,0.119732382
444.1054688,0.128467839
445.1054688,0.124232963
446.1054688,0.115829874
447.1054688,0.112925956
448.1054688,0.11692573
449.1054688,0.129800401
450.1054688,0.13468343
451.1054688,0.121717076
452.1054688,0.113201447
453.109375,0.121987067
454.109375,0.115817343
455.109375,0.127279169
456.109375,0.117586465
457.109375,0.132765286
458.109375,0.115482118
459.109375,0.110714209
460.109375,0.110653046
461.109375,0.096932475
462.109375,0.103075616
463.109375,0.097950145
464.109375,0.111297375
465.109375,0.094375131
466.109375,0.098355106
467.109375,0.101607427
468.109375,0.10586906
469.109375,0.105823532
470.109375,0.132852795
471.109375,0.116908512
472.109375,0.114725475
473.1132813,0.115779185
474.109375,0.129223834
475.109375,0.113821928
476.109375,0.10958737
477.109375,0.110498905
478.1132813,0.105054101
479.1132813,0.117293561
480.1132813,0.094872977
481.1132813,0.105829874
482.1132813,0.101550591
483.1132813,0.102530351
484.1171875,0.104320803
485.1171875,0.108593836
486.1171875,0.109748275
487.1171875,0.114574418
488.1171875,0.128526966
489.1171875,0.146967143
490.1171875,0.141661287
491.1171875,0.13092724
492.1210938,0.125437864
493.1171875,0.127795775
494.1171875,0.140382805
495.1210938,0.140541994
496.1171875,0.121729812
497.1171875,0.117380649
498.1171875,0.129196892
499.1171875,0.109034251
500.1210938,0.104811392
501.1210938,0.109827212
502.1210938,0.128187116
503.1210938,0.123488768
504.1210938,0.118995538
505.125,0.134060297
506.125,0.120833646
507.1210938,0.117634738
508.1210938,0.135152062
509.125,0.127604556
510.125,0.127051622
511.1210938,0.151225127
512.125,0.147910585
513.1210938,0.146204127
514.1210938,0.158355913
515.125,0.137036418
516.125,0.142497082
517.1210938,0.149189766
518.125,0.13528034
519.125,0.132057676
520.1210938,0.121395574
521.1210938,0.107793947
522.125,0.130457333
523.125,0.122498267
524.125,0.128266885
525.125,0.134471868
526.125,0.108636579
527.125,0.116207697
528.125,0.11139944
529.1210938,0.106335091
530.125,0.120676914
531.125,0.128485571
532.125,0.132342223
533.125,0.12990922
534.1289063,0.119512802
535.125,0.136974185
536.125,0.154231171
537.125,0.145962805
538.125,0.13304642
539.1289063,0.132178666
540.125,0.11915708
541.125,0.126998991
542.125,0.128933932
543.1289063,0.122853043
544.125,0.121336807
545.1289063,0.136144311
546.1289063,0.124627891
547.1289063,0.134248073
548.1289063,0.146514197
549.1289063,0.138054725
550.1289063,0.139263882
551.1289063,0.133401854
552.1289063,0.136562142
553.1289063,0.139060019
554.1289063,0.124971041
555.1328125,0.146584293
556.1328125,0.134382827
557.1328125,0.127388337
558.1328125,0.140736019
559.1328125,0.146275199
560.1328125,0.137618484
561.1328125,0.144528949
562.1328125,0.142151362
563.1328125,0.140550207
564.1328125,0.138984537
565.1328125,0.136679277
566.1289063,0.134984763
567.1328125,0.147995997
568.1328125,0.149357178
569.1328125,0.147330133
570.1328125,0.138415978
571.1328125,0.130396108
572.1328125,0.136078892
573.1328125,0.154718461
574.1328125,0.166565737
575.1328125,0.161119813
576.1367188,0.177250279
577.1328125,0.120935485
578.1328125,0.116669678
579.1328125,0.115970055
580.1367188,0.12616703
581.1367188,0.117216907
582.1367188,0.131327287
583.1367188,0.138177668
584.1367188,0.15462427
585.1367188,0.150256994
586.1367188,0.15984386
587.1367188,0.165386031
588.140625,0.137388603
589.140625,0.135486434
590.140625,0.130114152
591.140625,0.143236929
592.140625,0.149830004
593.1445313,0.144703721
594.140625,0.142267829
595.140625,0.14401041
596.140625,0.144316122
597.140625,0.146697121
598.140625,0.162772746
599.140625,0.157712663
600.140625,0.142544553
601.140625,0.148162967
602.140625,0.150080001
603.140625,0.146219505
604.140625,0.151561072
605.1484375,0.154484684
606.140625,0.155960203
607.140625,0.158202162
608.1445313,0.162151504
609.140625,0.157511041
610.140625,0.158719334
611.140625,0.172493626
612.140625,0.166272915
613.140625,0.166250239
614.140625,0.179960386
615.140625,0.165291336
616.140625,0.177381527
617.140625,0.167868478
618.1445313,0.159689708
619.140625,0.146986129
620.140625,0.161763073
621.140625,0.163535587
622.140625,0.153835267
623.140625,0.148026096
624.1445313,0.144479268
625.1445313,0.150005382
626.140625,0.154426636
627.140625,0.152454021
628.1445313,0.171473365
629.1445313,0.163428907
630.140625,0.17280898
631.140625,0.179907467
632.1445313,0.164514103
633.1445313,0.174218916
634.1445313,0.163982293
635.1445313,0.161603319
636.1445313,0.143363747
637.1445313,0.160497852
638.1445313,0.178385855
639.1445313,0.174503741
640.1445313,0.165340904
641.1445313,0.181635616
642.1484375,0.171265698
643.1484375,0.16544706
644.1445313,0.181813924
645.1445313,0.167176535
646.1484375,0.184515849
647.1484375,0.169390574
648.1484375,0.174524197
649.1484375,0.177537467
650.1523438,0.195766411
651.1484375,0.16731354
652.1484375,0.176059296
653.1484375,0.203561334
654.1484375,0.18438349
655.1523438,0.204372612
656.1601563,0.202552483
657.1484375,0.203556482
658.1523438,0.209784131
659.1484375,0.196048316
660.1523438,0.224284844
661.1523438,0.188227735
662.1523438,0.177275751
663.1523438,0.185228855
664.1523438,0.184696583
665.1523438,0.212388236
666.1523438,0.21178337
667.1523438,0.219162159
668.1523438,0.205929422
669.1523438,0.207192341
670.1523438,0.208642038
671.1523438,0.206427443
672.1523438,0.207675765
673.1523438,0.213917312
674.1523438,0.203367853
675.1523438,0.168518893
676.1523438,0.204786568
677.1523438,0.206358735
678.1523438,0.210251889
679.15625,0.22066864
680.1523438,0.225210225
681.171875,0.244997026
682.1523438,0.230432519
683.1679688,0.202235916
684.171875,0.235444946
685.1523438,0.238931526
686.21875,0.21740934
687.1640625,0.234336405
688.1523438,0.245197888
689.1523438,0.227621796
690.1679688,0.214836813
691.1523438,0.209518591
692.15625,0.208835498
693.15625,0.224608196
694.15625,0.216039576
695.1640625,0.222864464
696.21875,0.210719298
697.15625,0.2242538
698.15625,0.22527219
699.15625,0.230666172
700.1640625,0.225770293
701.15625,0.22714972
702.1601563,0.221190263
703.171875,0.22292684
704.1601563,0.215474409
705.1601563,0.199705885
706.15625,0.205831541
707.15625,0.203492811
708.1601563,0.190646583
709.1601563,0.221482941
710.15625,0.192743888
711.15625,0.192931016
712.15625,0.205950084
713.1601563,0.189100999
714.1601563,0.194375101
715.15625,0.183982178
716.1679688,0.190310423
717.2226563,0.196513134
718.1679688,0.199847289
719.1679688,0.223041169
720.2226563,0.193278032
721.1679688,0.195315798
722.1601563,0.200959325
723.1601563,0.185884996
724.1679688,0.209522456
725.1601563,0.202289636
726.1640625,0.200181147
727.1601563,0.194088796
728.1601563,0.187384035
729.1601563,0.194230715
730.1679688,0.217968277
731.1640625,0.218135216
732.1601563,0.222371315
733.1601563,0.210334352
734.1601563,0.21458221
735.1601563,0.207046392
736.1640625,0.223217791
737.1601563,0.212531594
738.1601563,0.208182482
739.1640625,0.22197097
740.1601563,0.209843773
741.1640625,0.219693013
742.1601563,0.220432294
743.1640625,0.220276744
744.1796875,0.233088577
745.1640625,0.22851311
746.1601563,0.238846432
747.1640625,0.257588014
748.1640625,0.243900944
749.1640625,0.251008868
750.1640625,0.287894217
751.1640625,0.265010779
752.1640625,0.258209513
753.1640625,0.242201188
754.1640625,0.27315356
755.1640625,0.26741725
756.1640625,0.252626224
757.1640625,0.26864308
758.1640625,0.26136279
759.1640625,0.277501356
760.1640625,0.244506037
761.1640625,0.252884589
762.1640625,0.254563662
763.1679688,0.243184484
764.1679688,0.256473922
765.1640625,0.238555173
766.1640625,0.232493476
767.1679688,0.23359513
768.1679688,0.232086942
769.1679688,0.234932452
770.1679688,0.228757331
771.1679688,0.258645343
772.1679688,0.2416301
773.1640625,0.253459213
774.1679688,0.247339683
775.1679688,0.260922848
776.1679688,0.286116111
777.1679688,0.255285921
778.234375,0.203687731
779.1679688,0.217904277
780.171875,0.22111771
781.171875,0.218953135
782.1757813,0.217174967
783.2304688,0.238008633
784.1679688,0.228431429
785.1679688,0.247603003
786.1679688,0.236670612
787.1679688,0.228752211
788.171875,0.231586948
789.1835938,0.214403059
790.1796875,0.229004018
791.1835938,0.209212632
792.1757813,0.206247428
793.1757813,0.219699818
794.171875,0.203693919
795.171875,0.196645061
796.1757813,0.217769205
797.1835938,0.22519865
798.1914063,0.233641326
799.1953125,0.227201693
800.171875,0.23192539
801.171875,0.242298802
802.1757813,0.236385335
803.171875,0.243729893
804.171875,0.273050025
805.171875,0.272484118
806.171875,0.261139458
807.1757813,0.246929182
808.171875,0.262163378
809.1757813,0.271501686
810.171875,0.22980364
811.171875,0.245178994
812.171875,0.224615433
813.171875,0.239186293
814.1875,0.21449465
815.1875,0.229358455
816.1757813,0.229626359
817.1757813,0.23116666
818.1757813,0.259141164
819.171875,0.228999906
820.1757813,0.246446765
821.1757813,0.261914552
822.2421875,0.221059281
823.1875,0.252764812
824.1757813,0.272310785
825.1757813,0.241814946
826.1796875,0.241135697
827.1757813,0.262814564
828.1992188,0.230947892
829.1796875,0.238161489
830.1757813,0.234563089
831.1796875,0.225253749
832.1992188,0.223401095
833.1796875,0.230798716
834.1796875,0.237134485
835.1796875,0.238690801
836.1796875,0.242773674
837.1796875,0.237595829
838.1796875,0.232797194
839.1796875,0.246357498
840.1835938,0.242106616
841.1796875,0.282911395
842.1796875,0.261645538
843.1796875,0.251243117
844.1796875,0.267735339
845.1796875,0.264254002
846.1796875,0.26608217
847.1796875,0.267080371
848.1796875,0.245002413
849.1796875,0.257585527
850.1835938,0.260528198
851.1796875,0.232926572
852.1796875,0.246444154
853.1796875,0.236152135
854.1835938,0.257798806
855.1796875,0.244276351
856.1835938,0.273378311
857.1835938,0.281521524
858.1796875,0.28231541
859.1835938,0.273318957
860.1835938,0.251568093
861.1796875,0.303413053
862.1835938,0.264423696
863.1835938,0.295072103
864.1835938,0.246575999
865.1835938,0.260917503
866.1835938,0.270926609
867.1835938,0.311429314
868.1835938,0.327986112
869.1835938,0.302129637
870.1835938,0.312365448
871.1835938,0.301955194
872.1875,0.267112484
873.1835938,0.302209817
874.1835938,0.25590855
875.1875,0.263948536
876.1875,0.271240463
877.1875,0.261375804
878.1875,0.253412811
879.1875,0.253583574
880.1875,0.250020145
881.1914063,0.262569953
882.1914063,0.271611183
883.1953125,0.275476028
884.1914063,0.274071478
885.1914063,0.246702519
886.1953125,0.233588531
887.1953125,0.262563703
888.1992188,0.262852166
889.1992188,0.247408802
890.1953125,0.255965889
891.1953125,0.242630419
892.1992188,0.220928218
893.1992188,0.224562822
894.1992188,0.237371879
895.1992188,0.257979828
896.1992188,0.255959536
897.1992188,0.242343477
898.203125,0.242677026
899.1992188,0.245542004
900.1992188,0.252778998
901.1992188,0.250806917
902.1992188,0.261417128
903.1992188,0.277319347
904.203125,0.273685647
905.1992188,0.285096857
906.203125,0.233787912
907.1992188,0.252113976
908.1992188,0.267123524
909.203125,0.284439709
910.1992188,0.268579553
911.203125,0.269180143
912.203125,0.284708868
913.2773438,0.230177957
914.203125,0.229950266
915.2148438,0.215641821
916.2148438,0.244852127
917.203125,0.228376619
918.2070313,0.233646116
919.2070313,0.241007635
920.2070313,0.231276445
921.203125,0.233413944
922.2070313,0.233729195
923.2070313,0.260542877
924.2070313,0.225115715
925.2070313,0.252773837
926.2070313,0.248305915
927.2070313,0.265070338
928.2070313,0.227415774
929.2070313,0.258117491
930.2070313,0.249907522
931.2109375,0.254507207
932.2070313,0.242781692
933.2070313,0.265028788
934.2109375,0.279011415
935.2070313,0.248942915
936.2109375,0.257794057
937.2109375,0.26815133
938.2109375,0.273972281
939.2109375,0.254004355
940.2109375,0.249025562
941.2070313,0.253020216
942.2109375,0.252892627
943.2109375,0.252448738
944.2109375,0.262480809
945.2109375,0.257112382
946.2109375,0.270486112
947.2109375,0.252703752
948.2109375,0.307495905
949.2109375,0.275165463
950.2109375,0.271085058
951.2070313,0.275234603
952.2070313,0.255141987
953.2070313,0.289335403
954.2109375,0.269186023
955.2109375,0.270881894
956.2109375,0.263287462
957.2109375,0.305257873
958.2109375,0.302148592
959.2109375,0.289923781
960.2109375,0.300962893
961.2109375,0.289382627
962.2109375,0.262564895
963.2109375,0.264792771
964.2109375,0.274291048
965.2109375,0.294236606
966.2070313,0.272564051
967.2109375,0.259299448
968.2109375,0.285262234
969.2109375,0.260847212
970.2109375,0.268327048
971.2109375,0.226149422
972.2109375,0.22507873
973.2148438,0.235161869
974.2148438,0.233395009
975.2148438,0.228056968
976.2148438,0.241609068
977.2148438,0.246982347
978.2148438,0.249850081
979.2148438,0.254127791
980.2148438,0.248155402
981.2148438,0.240972027
982.2148438,0.242361815
983.2148438,0.259737457
984.2148438,0.247342849
985.2148438,0.252393208
986.21875,0.268574372
987.2148438,0.245842001
988.2148438,0.280409714
989.2148438,0.259464413
990.2148438,0.249391553
991.21875,0.258600422
992.2148438,0.252958827
993.2148438,0.257282096
994.21875,0.26702005
995.2148438,0.285665992
996.21875,0.304128115
997.21875,0.292121825
998.21875,0.287919196
999.2148438,0.295844772
1000.21875,0.275959514
1001.21875,0.319076315
1002.214844,0.268030772
1003.214844,0.250878442
1004.21875,0.249420973
1005.21875,0.241979336
1006.214844,0.256254846
1007.21875,0.241597946
1008.21875,0.249809826
1009.214844,0.244163133
1010.214844,0.251351011
1011.214844,0.244443229
1012.21875,0.259251813
1013.21875,0.282411071
1014.21875,0.269978963
1015.21875,0.271510978
1016.214844,0.270356221
1017.21875,0.259913463
1018.214844,0.246677087
1019.214844,0.249398564
1020.21875,0.239460406
1021.214844,0.235788199
1022.21875,0.255060964
1023.214844,0.239953452
1024.21875,0.260365802
1025.21875,0.248935678
1026.214844,0.235525455
1027.21875,0.253695744
1028.21875,0.269050436
1029.21875,0.295361944
1030.21875,0.247956576
1031.21875,0.251467272
1032.21875,0.251750225
1033.21875,0.243344638
1034.21875,0.240086818
1035.21875,0.27573871
1036.21875,0.239526771
1037.21875,0.227834705
1038.21875,0.247469451
1039.21875,0.235389889
1040.222656,0.240152032
1041.21875,0.228658976
1042.21875,0.253332672
1043.21875,0.248477685
1044.21875,0.254802887
1045.222656,0.256304537
1046.222656,0.273881965
1047.222656,0.299075721
1048.222656,0.28231101
1049.222656,0.272524229
1050.222656,0.269594654
1051.234375,0.222216527
1052.230469,0.228824476
1053.222656,0.24148925
1054.222656,0.27048675
1055.222656,0.246932101
1056.222656,0.260332867
1057.222656,0.249686472
1058.222656,0.226752047
1059.222656,0.251467642
1060.222656,0.240562204
1061.222656,0.251086889
1062.222656,0.242257211
1063.226563,0.24389344
1064.226563,0.263738978
1065.226563,0.260894662
1066.222656,0.283609085
1067.222656,0.235259607
1068.222656,0.268341973
1069.226563,0.251477634
1070.226563,0.229380577
1071.226563,0.231532199
1072.226563,0.249084875
1073.226563,0.24794677
1074.226563,0.24176396
1075.226563,0.277643398
1076.226563,0.27952798
1077.226563,0.25791959
1078.226563,0.274231756
1079.230469,0.262236918
1080.226563,0.27616459
1081.226563,0.257529483
1082.230469,0.275082056
1083.230469,0.234377215
1084.226563,0.23837189
1085.230469,0.234255053
1086.230469,0.26820026
1087.230469,0.276396947
1088.230469,0.276315554
1089.230469,0.282562138
1090.230469,0.264914974
1091.230469,0.259448747
1092.230469,0.266521906
1093.230469,0.260294401
1094.230469,0.247118098
1095.230469,0.267664493
1096.230469,0.295781759
1097.230469,0.285637106
1098.230469,0.298692687
1099.230469,0.299010405
1100.230469,0.282780948
1101.234375,0.264045287
1102.230469,0.266679491
1103.230469,0.271754479
1104.230469,0.264069752
1105.230469,0.261519922
1106.230469,0.26849777
1107.230469,0.248826736
1108.234375,0.24314721
1109.230469,0.256577807
1110.234375,0.260724269
1111.234375,0.271269348
1112.234375,0.252688312
1113.234375,0.265900428
1114.234375,0.278262676
1115.234375,0.287299445
1116.234375,0.287187954
1117.234375,0.281816875
1118.230469,0.272659548
1119.234375,0.283612991
1120.234375,0.286338518
1121.234375,0.290985057
1122.238281,0.260861068
1123.234375,0.273100189
1124.234375,0.268445755
1125.234375,0.311961422
1126.234375,0.301883093
1127.238281,0.309488298
1128.234375,0.29603373
1129.234375,0.301053641
1130.234375,0.296312284
1131.234375,0.302104781
1132.238281,0.306903642
1133.234375,0.302626322
1134.238281,0.301369961
1135.234375,0.31584917
1136.234375,0.293210835
1137.238281,0.312376426
1138.238281,0.295387252
1139.238281,0.268041134
1140.238281,0.277939263
1141.238281,0.284883455
1142.238281,0.28905175
1143.238281,0.290971591
1144.238281,0.265732009
1145.238281,0.275657399
1146.238281,0.28075124
1147.242188,0.26405495
1148.242188,0.271121385
1149.238281,0.27505354
1150.238281,0.297391651
1151.238281,0.281986486
1152.238281,0.282023452
1153.242188,0.272681957
1154.242188,0.302092425
1155.238281,0.295122699
1156.238281,0.286956747
1157.238281,0.290118207
1158.238281,0.279467516
1159.242188,0.287763318
1160.242188,0.287292332
1161.238281,0.283760276
1162.242188,0.280858887
1163.238281,0.267837867
1164.238281,0.278958393
1165.238281,0.271372801
1166.242188,0.272509611
1167.242188,0.265237195
1168.238281,0.280568224
1169.242188,0.290972351
1170.242188,0.298631297
1171.242188,0.285024387
1172.242188,0.280061691
1173.242188,0.303135733
1174.246094,0.317043339
1175.246094,0.280470322
1176.242188,0.325639837
1177.242188,0.303304378
1178.242188,0.308609442
1179.242188,0.315206516
1180.242188,0.320130293
1181.242188,0.292994411
1182.246094,0.303737721
1183.246094,0.276339094
1184.242188,0.281893334
1185.246094,0.246623839
1186.242188,0.268153077
1187.246094,0.28426539
1188.246094,0.270627826
1189.242188,0.263090507
1190.242188,0.281792636
1191.246094,0.255800183
1192.242188,0.278936313
1193.242188,0.277648374
1194.242188,0.286215698
1195.246094,0.276695382
1196.246094,0.285323417
1197.246094,0.274281961
1198.246094,0.26874641
1199.246094,0.276780825
1200.246094,0.251889328
1201.246094,0.278981049
1202.25,0.261656722
1203.246094,0.269989284
1204.246094,0.279365728
1205.25,0.28673874
1206.246094,0.27537459
1207.25,0.284750171
1208.25,0.271997672
1209.25,0.311259394
1210.25,0.289319552
1211.25,0.27016901
1212.25,0.283459045
1213.25,0.297316591
1214.25,0.270075364
1215.25,0.287120048
1216.25,0.283846582
1217.253906,0.255218919
1218.25,0.280373818
1219.25,0.27067287
1220.25,0.280027317
1221.25,0.284532554
1222.25,0.259195193
1223.25,0.245170298
1224.253906,0.262374848
1225.253906,0.293570166
1226.25,0.301847238
1227.25,0.273011682
1228.25,0.269746605
1229.253906,0.28037536
1230.253906,0.287910376
1231.253906,0.299864837
1232.253906,0.263466757
1233.25,0.287364001
1234.253906,0.259687561
1235.253906,0.274422687
1236.253906,0.277889448
1237.253906,0.281881039
1238.253906,0.289560976
1239.253906,0.29448683
1240.253906,0.316346615
1241.253906,0.31221878
1242.253906,0.264057705
1243.253906,0.289871417
1244.257813,0.275695331
1245.253906,0.272043868
1246.253906,0.291465212
1247.257813,0.271130493
1248.253906,0.286471535
1249.253906,0.297241036
1250.257813,0.293852831
1251.257813,0.274709218
1252.253906,0.28359015
1253.257813,0.288691865
1254.257813,0.28916022
1255.257813,0.26190121
1256.257813,0.280630209
1257.257813,0.282897867
1258.257813,0.280724966
1259.257813,0.257410487
1260.257813,0.262110582
1261.257813,0.279816135
1262.257813,0.274436997
1263.257813,0.278928562
1264.257813,0.254533235
1265.257813,0.279790292
1266.257813,0.279204587
1267.257813,0.281946273
1268.257813,0.273767513
1269.257813,0.277277448
1270.257813,0.263946892
1271.257813,0.258542178
1272.257813,0.278425935
1273.257813,0.28493625
1274.257813,0.280755537
1275.257813,0.276169215
1276.257813,0.29916028
1277.257813,0.297206497
1278.257813,0.286915856
1279.261719,0.279139127
1280.261719,0.301190008
1281.261719,0.276206777
1282.261719,0.271138162
1283.265625,0.289323602
1284.261719,0.284909811
1285.261719,0.249783531
1286.261719,0.274379945
1287.261719,0.290117755
1288.261719,0.283223336
1289.261719,0.309669752
1290.261719,0.31343945
1291.261719,0.330530802
1292.261719,0.328180806
1293.265625,0.286441991
1294.265625,0.291618089
1295.265625,0.288196907
1296.265625,0.273589801
1297.265625,0.274353877
1298.261719,0.283461738
1299.265625,0.289840681
1300.265625,0.31709523
1301.265625,0.312765135
1302.269531,0.256059083
1303.269531,0.300393676
1304.265625,0.284815302
1305.269531,0.303881798
1306.269531,0.29970717
1307.269531,0.318303811
1308.269531,0.307298744
1309.273438,0.306817684
1310.273438,0.316870767
1311.273438,0.330321244
1312.273438,0.290966656
1313.273438,0.313710561
1314.273438,0.331727048
1315.273438,0.342263369
1316.273438,0.304041541
1317.273438,0.302955163
1318.273438,0.290349743
1319.273438,0.304999858
1320.273438,0.279894341
1321.273438,0.31097017
1322.273438,0.317568066
1323.277344,0.323966746
1324.273438,0.313539428
1325.273438,0.296583662
1326.273438,0.282778316
1327.273438,0.286529223
1328.273438,0.275427611
1329.273438,0.309962574
1330.277344,0.291231066
1331.273438,0.312282842
1332.273438,0.30889034
1333.273438,0.300424165
1334.273438,0.324150194
1335.273438,0.318218903
1336.277344,0.303489244
1337.273438,0.285506762
1338.277344,0.303517719
1339.277344,0.323649767
1340.277344,0.287964611
1341.277344,0.30789403
1342.277344,0.290419746
1343.277344,0.307883545
1344.277344,0.318866305
1345.277344,0.323124937
1346.277344,0.294692461
1347.277344,0.303616114
1348.28125,0.293028703
1349.277344,0.306583353
1350.277344,0.299397696
1351.277344,0.317964403
1352.277344,0.31485247
1353.277344,0.280449249
1354.28125,0.292583766
1355.277344,0.281960747
1356.277344,0.270249067
1357.28125,0.283413199
1358.28125,0.2921025
1359.277344,0.305703777
1360.277344,0.285787578
1361.277344,0.312033481
1362.277344,0.32192937
1363.277344,0.316504323
1364.277344,0.322910733
1365.28125,0.30402125
1366.277344,0.297713749
1367.277344,0.324796651
1368.277344,0.31972267
1369.277344,0.311214164
1370.28125,0.303028394
1371.277344,0.313245825
1372.28125,0.313695389
1373.277344,0.31023498
1374.277344,0.333080549
1375.28125,0.309705504
1376.277344,0.345461424
1377.28125,0.320519537
1378.28125,0.324378029
1379.28125,0.282741475
1380.28125,0.302928621
1381.28125,0.28757434
1382.28125,0.266233977
1383.28125,0.273300043
1384.28125,0.281971355
1385.28125,0.314184323
1386.28125,0.318102662
1387.28125,0.300051369
1388.28125,0.273232404
1389.28125,0.29584103
1390.28125,0.278722828
1391.285156,0.273614493
1392.28125,0.282556752
1393.285156,0.273996952
1394.28125,0.281199509
1395.28125,0.261673745
1396.285156,0.289388054
1397.28125,0.268920976
1398.28125,0.267139807
1399.28125,0.260111364
1400.28125,0.25999243
1401.28125,0.265744673
1402.28125,0.276896387
1403.28125,0.269204793
1404.28125,0.281540932
1405.285156,0.278393123
1406.28125,0.301208265
1407.28125,0.311670615
1408.285156,0.299785911
1409.285156,0.299811014
1410.285156,0.312265449
1411.285156,0.336903947
1412.28125,0.322030356
1413.285156,0.330829647
1414.285156,0.330115983
1415.28125,0.262255277
1416.28125,0.285807931
1417.285156,0.32755096
1418.285156,0.333083222
1419.285156,0.296743529
1420.285156,0.330036708
1421.285156,0.299459229
1422.285156,0.32002645
1423.285156,0.289319058
1424.285156,0.311518787
1425.289063,0.302988756
1426.285156,0.279351522
1427.285156,0.322330188
1428.285156,0.305968248
1429.285156,0.286287305
1430.289063,0.28744782
1431.285156,0.280008156
1432.285156,0.295350924
1433.289063,0.289783589
1434.289063,0.282243309
1435.285156,0.269975283
1436.285156,0.27378209
1437.289063,0.263313448
1438.285156,0.269447739
1439.285156,0.276900602
1440.289063,0.287785645
1441.285156,0.275279052
1442.289063,0.290924798
1443.289063,0.268225774
1444.285156,0.281219451
1445.289063,0.301420722
1446.289063,0.314648421
1447.289063,0.338066805
1448.285156,0.312210536
1449.289063,0.336403747
1450.289063,0.305225226
1451.289063,0.336387053
1452.285156,0.345300817
1453.289063,0.304454119
1454.285156,0.301870799
1455.289063,0.318988241
1456.289063,0.340470399
1457.289063,0.311596685
1458.289063,0.330035865
1459.289063,0.332717683
1460.289063,0.315269653
1461.289063,0.298349495
1462.289063,0.302224064
1463.289063,0.308768178
1464.289063,0.296594271
1465.292969,0.305234642
1466.292969,0.320998561
1467.292969,0.297296237
1468.292969,0.274207065
1469.292969,0.310227127
1470.292969,0.311407974
1471.292969,0.312318676
1472.292969,0.294747785
1473.292969,0.29057692
1474.292969,0.29888259
1475.292969,0.252831896
1476.292969,0.267820865
1477.292969,0.27923082
1478.292969,0.283269142
1479.292969,0.28574685
1480.292969,0.318862666
1481.292969,0.321071607
1482.292969,0.285178394
1483.292969,0.323989854
1484.292969,0.371831504
1485.292969,0.329581922
1486.292969,0.349490535
1487.292969,0.307529211
1488.292969,0.340256791
1489.292969,0.362738383
1490.292969,0.356365176
1491.292969,0.42242477
1492.292969,0.388481085
1493.292969,0.369421784
1494.292969,0.351629411
1495.292969,0.375678175
1496.292969,0.362168693
1497.292969,0.337189635
1498.292969,0.361990858
1499.296875,0.368346549
1500.292969,0.336822348
1501.296875,0.347882534
1502.296875,0.379495199
1503.296875,0.387126658
1504.296875,0.346484111
1505.292969,0.343938331
1506.296875,0.337954306
1507.296875,0.349937899
1508.296875,0.339665473
1509.296875,0.330989247
1510.296875,0.330522023
1511.296875,0.341623162
1512.296875,0.312542419
1513.296875,0.31022834
1514.296875,0.317096073
1515.296875,0.326208746
1516.296875,0.326470462
1517.296875,0.335781734
1518.296875,0.367392488
1519.296875,0.334279201
1520.296875,0.314240531
1521.296875,0.320252722
1522.300781,0.338174781
1523.300781,0.350349449
1524.296875,0.342727756
1525.300781,0.318543632
1526.300781,0.364951436
1527.296875,0.411142733
1528.300781,0.354671855
1529.300781,0.375640511
1530.300781,0.373964582
1531.300781,0.368157694
1532.300781,0.368766487
1533.300781,0.351963289
1534.304688,0.353271746
1535.304688,0.398967448
1536.300781,0.372136929
1537.304688,0.362529997
1538.304688,0.334868257
1539.308594,0.343045619
1540.308594,0.314809337
1541.304688,0.345155753
1542.304688,0.334674283
1543.304688,0.332275891
1544.308594,0.324709789
1545.304688,0.341073045
1546.304688,0.350665646
1547.304688,0.338532364
1548.308594,0.361525526
1549.308594,0.352919529
1550.308594,0.360036766
1551.308594,0.363330482
1552.3125,0.394357175
1553.3125,0.376563733
1554.3125,0.395929527
1555.3125,0.385053859
1556.3125,0.379068312
1557.3125,0.357418578
1558.3125,0.374698045
1559.3125,0.396070027
1560.3125,0.369222197
1561.3125,0.340864926
1562.3125,0.370116514
1563.3125,0.366091761
1564.316406,0.34425751
1565.3125,0.342569719
1566.316406,0.349460272
1567.316406,0.351172508
1568.316406,0.366176053
1569.3125,0.334350335
1570.3125,0.323536508
1571.3125,0.338726626
1572.3125,0.307808073
1573.316406,0.322753662
1574.3125,0.335529681
1575.316406,0.312802491
1576.316406,0.330684871
1577.316406,0.351631138
1578.316406,0.36304722
1579.316406,0.382038758
1580.316406,0.34423985
1581.316406,0.359524025
1582.316406,0.3421218
1583.316406,0.350050521
1584.316406,0.394584599
1585.316406,0.406972834
1586.316406,0.391756051
1587.316406,0.349982019
1588.316406,0.328674859
1589.316406,0.324506296
1590.316406,0.328913343
1591.320313,0.319215685
1592.316406,0.313851061
1593.320313,0.32816477
1594.320313,0.321907002
1595.320313,0.307466814
1596.320313,0.336310368
1597.320313,0.320311829
1598.324219,0.307397284
1599.324219,0.338900699
1600.324219,0.350225149
1601.324219,0.308049374
1602.324219,0.310716493
1603.324219,0.325398248
1604.324219,0.302828129
1605.324219,0.34783751
1606.324219,0.353237536
1607.324219,0.356271139
1608.324219,0.375324766
1609.324219,0.341441544
1610.324219,0.353286713
1611.324219,0.342223937
1612.324219,0.323968267
1613.324219,0.345469853
1614.324219,0.339789999
1615.324219,0.340493219
1616.324219,0.346874403
1617.324219,0.373635803
1618.324219,0.34357896
1619.324219,0.336344496
1620.324219,0.314304346
1621.324219,0.351272836
1622.324219,0.340928535
1623.324219,0.344752982
1624.324219,0.338352863
1625.324219,0.331648307
1626.324219,0.3098076
1627.324219,0.336807546
1628.324219,0.337657311
1629.324219,0.341509039
1630.324219,0.350431151
1631.324219,0.341306615
1632.324219,0.325707271
1633.328125,0.34160324
1634.328125,0.375023206
1635.328125,0.337534368
1636.328125,0.362159113
1637.328125,0.320572024
1638.324219,0.337080775
1639.328125,0.375263006
1640.328125,0.364791076
1641.328125,0.381975231
1642.324219,0.339318869
1643.328125,0.343050964
1644.328125,0.347357909
1645.328125,0.355062887
1646.332031,0.321608629
1647.328125,0.34460434
1648.328125,0.313577503
1649.328125,0.317271194
1650.328125,0.313861505
1651.328125,0.306418285
1652.332031,0.330712811
1653.328125,0.330307079
1654.328125,0.356223812
1655.332031,0.335387536
1656.328125,0.311603284
1657.328125,0.330644719
1658.328125,0.316610839
1659.332031,0.329590166
1660.332031,0.342142832
1661.332031,0.307686919
1662.332031,0.337033407
1663.335938,0.327734717
1664.332031,0.3327139
1665.332031,0.320204861
1666.332031,0.314526938
1667.332031,0.346408947
1668.332031,0.32729607
1669.335938,0.327704762
1670.335938,0.336476012
1671.335938,0.340538058
1672.335938,0.325021546
1673.332031,0.314893423
1674.335938,0.36122154
1675.332031,0.341343478
1676.335938,0.357997931
1677.335938,0.363457742
1678.335938,0.32885767
1679.335938,0.361557639
1680.335938,0.348468054
1681.332031,0.361327789
1682.335938,0.324662956
1683.335938,0.318601485
1684.332031,0.336008829
1685.335938,0.329526248
1686.335938,0.332485346
1687.335938,0.335036882
1688.335938,0.353420593
1689.335938,0.357163688
1690.339844,0.34731564
1691.335938,0.357554514
1692.339844,0.339108653
1693.335938,0.327321666
1694.335938,0.324667417
1695.339844,0.30400949
1696.339844,0.319526372
1697.339844,0.310939722
1698.339844,0.350080949
1699.339844,0.357235891
1700.339844,0.346520788
1701.339844,0.316460923
1702.339844,0.302457861
1703.339844,0.321441649
1704.339844,0.333928402
1705.339844,0.326034919
1706.339844,0.323265006
1707.339844,0.355565637
1708.339844,0.347684016
1709.339844,0.335617386
1710.339844,0.326338164
1711.339844,0.319099403
1712.34375,0.337823119
1713.34375,0.329785209
1714.34375,0.318067362
1715.34375,0.354239705
1716.34375,0.324917044
1717.34375,0.354026837
1718.34375,0.353400445
1719.34375,0.379125754
1720.34375,0.380879766
1721.34375,0.370373912
1722.34375,0.367719211
1723.34375,0.370303847
1724.34375,0.377374457
1725.34375,0.335432457
1726.34375,0.353956237
1727.34375,0.364622944
1728.34375,0.353865408
1729.34375,0.351789977
1730.34375,0.357978071
1731.34375,0.359868429
1732.34375,0.372814306
1733.34375,0.371517445
1734.347656,0.358068571
1735.34375,0.376976722
1736.347656,0.378437274
1737.34375,0.36495415
1738.34375,0.36620722
1739.34375,0.367482166
1740.34375,0.350153933
1741.347656,0.360456417
1742.347656,0.392621379
1743.34375,0.369153571
1744.347656,0.367996593
1745.34375,0.361081533
1746.347656,0.349976427
1747.347656,0.356617887
1748.347656,0.348661597
1749.347656,0.336640998
1750.347656,0.374130493
1751.347656,0.367405481
1752.347656,0.353056617
1753.347656,0.371786603
1754.347656,0.377281036
1755.347656,0.357988679
1756.347656,0.395103014
1757.347656,0.392908753
1758.351563,0.374236085
1759.347656,0.363830189
1760.347656,0.37972287
1761.351563,0.367672172
1762.351563,0.359618514
1763.347656,0.385320386
1764.351563,0.350598295
1765.347656,0.36199941
1766.351563,0.3749487
1767.351563,0.394504624
1768.347656,0.383735328
1769.347656,0.352358351
1770.351563,0.364342355
1771.347656,0.338985504
1772.347656,0.335177608
1773.347656,0.327088157
1774.351563,0.334000174
1775.347656,0.351432949
1776.351563,0.356410899
1777.351563,0.41519154
1778.351563,0.377901795
1779.347656,0.383215967
1780.351563,0.401525275
1781.347656,0.36772579
1782.351563,0.384100045
1783.351563,0.392520722
1784.347656,0.379559179
1785.351563,0.363668061
1786.347656,0.408207648
1787.351563,0.380474137
1788.351563,0.372261434
1789.351563,0.361107931
1790.351563,0.377519603
1791.351563,0.38112376
1792.351563,0.428977992
1793.351563,0.393267754
1794.351563,0.375751612
1795.351563,0.397450358
1796.351563,0.374780117
1797.351563,0.391485577
1798.355469,0.404684494
1799.351563,0.388396669
1800.355469,0.416912821
1801.355469,0.397116193
1802.351563,0.406095211
1803.351563,0.373017018
1804.351563,0.388238283
1805.351563,0.374012444
1806.355469,0.389257105
1807.355469,0.386699072
1808.351563,0.403973112
1809.351563,0.40631803
1810.355469,0.408731039
1811.351563,0.407847372
1812.355469,0.403952799
1813.351563,0.413482223
1814.355469,0.410930317
1815.355469,0.405930534
1816.355469,0.4007715
1817.355469,0.425004349
1818.355469,0.390977194
1819.355469,0.411537671
1820.355469,0.408526272
1821.355469,0.408373271
1822.355469,0.392522531
1823.359375,0.388146837
1824.355469,0.392157486
1825.355469,0.407720606
1826.355469,0.370399817
1827.355469,0.378965106
1828.355469,0.352844325
1829.359375,0.339952579
1830.355469,0.356951354
1831.359375,0.383084554
1832.359375,0.359942154
1833.355469,0.343416133
1834.359375,0.367332127
1835.359375,0.344619759
1836.355469,0.390525348
1837.359375,0.396842635
1838.363281,0.440199956
1839.363281,0.449921648
1840.359375,0.422761403
1841.359375,0.371220696
1842.359375,0.361360355
1843.359375,0.383724021
1844.363281,0.352833922
1845.359375,0.334172582
1846.363281,0.330146616
1847.363281,0.378356108
1848.359375,0.381325156
1849.359375,0.37011417
1850.359375,0.388691115
1851.359375,0.392828285
1852.359375,0.379708191
1853.359375,0.348943255
1854.363281,0.371863535
1855.359375,0.365297485
1856.359375,0.360268919
1857.359375,0.368369657
1858.359375,0.349074133
1859.363281,0.375365472
1860.363281,0.369983908
1861.363281,0.348469123
1862.363281,0.346977609
1863.359375,0.373977946
1864.363281,0.359353097
1865.363281,0.343784571
1866.363281,0.373461504
1867.363281,0.333543908
1868.363281,0.350569266
1869.363281,0.361567548
1870.363281,0.400761632
1871.363281,0.388023277
1872.363281,0.403078836
1873.367188,0.356488407
1874.363281,0.359645693
1875.363281,0.359623284
1876.363281,0.372771256
1877.363281,0.349338316
1878.363281,0.353696742
1879.363281,0.350236868
1880.367188,0.34370696
1881.363281,0.345511835
1882.367188,0.351134515
1883.367188,0.363817607
1884.367188,0.395352066
1885.367188,0.349659941
1886.367188,0.343013012
1887.367188,0.349808254
1888.367188,0.353829512
1889.367188,0.368310365
1890.371094,0.346608945
1891.371094,0.33262085
1892.367188,0.329101355
1893.367188,0.363606219
1894.371094,0.356555018
1895.367188,0.362512152
1896.367188,0.357919149
1897.371094,0.364702631
1898.371094,0.352374922
1899.371094,0.346752981
1900.375,0.338833964
1901.375,0.320070693
1902.375,0.327921598
1903.371094,0.328047501
1904.375,0.331119838
1905.375,0.336958511
1906.375,0.34627774
1907.375,0.345066486
1908.375,0.33343696
1909.375,0.35893427
1910.375,0.381094402
1911.375,0.359235664
1912.375,0.349574457
1913.375,0.351309637
1914.375,0.362417992
1915.378906,0.34074445
1916.378906,0.357536258
1917.378906,0.354598994
1918.378906,0.376001116
1919.378906,0.36875925
1920.378906,0.367245368
1921.378906,0.364051939
1922.378906,0.357669233
1923.378906,0.363192737
1924.378906,0.361786378
1925.378906,0.384081007
1926.378906,0.380286104
1927.378906,0.409066768
1928.382813,0.400202591
1929.378906,0.382486533
1930.378906,0.392360197
1931.378906,0.370435631
1932.378906,0.383320077
1933.382813,0.390373458
1934.378906,0.400545187
1935.382813,0.395705352
1936.382813,0.407284426
1937.382813,0.397874573
1938.378906,0.424581368
1939.382813,0.387010088
1940.382813,0.424203412
1941.378906,0.386752443
1942.378906,0.404836014
1943.382813,0.373258586
1944.382813,0.396584167
1945.382813,0.405859728
1946.382813,0.384587704
1947.382813,0.405451838
1948.382813,0.385150568
1949.382813,0.401818652
1950.382813,0.405808495
1951.382813,0.414955234
1952.382813,0.396156334
1953.382813,0.407780062
1954.382813,0.401976833
1955.382813,0.399139445
1956.382813,0.410816503
1957.382813,0.401479881
1958.382813,0.405886496
1959.382813,0.427763449
1960.382813,0.393278403
1961.382813,0.395943137
1962.382813,0.382798455
1963.382813,0.392734618
1964.382813,0.382680857
1965.382813,0.415298282
1966.382813,0.381705456
1967.382813,0.358685999
1968.382813,0.386792328
1969.382813,0.39054344
1970.386719,0.415875743
1971.386719,0.381453896
1972.386719,0.404891482
1973.386719,0.398700428
1974.386719,0.408829763
1975.386719,0.411938983
1976.386719,0.393353937
1977.390625,0.475198236
1978.386719,0.436177218
1979.390625,0.420633383
1980.390625,0.411235988
1981.390625,0.439204983
1982.394531,0.417865566
1983.394531,0.435565999
1984.390625,0.451239274
1985.394531,0.428114391
1986.394531,0.411810201
1987.394531,0.421322685
1988.398438,0.428593251
1989.394531,0.429687812
1990.398438,0.420470597
1991.398438,0.46033256
1992.398438,0.421876339
1993.398438,0.476958826
1994.402344,0.483790005
1995.398438,0.495749215
1996.402344,0.45736787
1997.402344,0.471636595
1998.402344,0.476403363
1999.402344,0.444815163
2000.402344,0.445685796
2001.402344,0.409302333
2002.402344,0.473169351
2003.402344,0.515791483
2004.402344,0.479370479
2005.402344,0.443871957
2006.40625,0.450184968
2007.40625,0.465506848
2008.402344,0.400520351
2009.402344,0.424748759
2010.40625,0.425834439
2011.402344,0.437594843
2012.402344,0.416146094
2013.402344,0.403451201
2014.40625,0.383310826
2015.40625,0.411213579
2016.402344,0.409770584
2017.402344,0.421415324
2018.40625,0.442207748
2019.40625,0.425932218
2020.40625,0.452201476
2021.40625,0.426322633
2022.40625,0.408768086
2023.40625,0.408139639
2024.40625,0.389429677
2025.40625,0.388291983
2026.410156,0.420320598
2027.40625,0.420159498
2028.410156,0.42761637
2029.40625,0.427360903
2030.410156,0.424370556
2031.410156,0.448145967
2032.410156,0.448421992
2033.410156,0.447792599
2034.414063,0.459447906
2035.410156,0.450890265
2036.414063,0.451260943
2037.414063,0.425592336
2038.414063,0.42908827
2039.414063,0.405426838
2040.414063,0.428294734
2041.414063,0.422620739
2042.414063,0.463770106
2043.414063,0.443532611
2044.414063,0.459472125
2045.414063,0.450753588
2046.414063,0.454627273
2047.417969,0.476482844
2048.414063,0.482418515
2049.417969,0.467568792
2050.414063,0.46193501
2051.414063,0.442089287
2052.414063,0.45486547
2053.414063,0.478339199
2054.414063,0.449049083
2055.414063,0.498095737
2056.414063,0.413235145
2057.414063,0.454974145
2058.414063,0.418319961
2059.414063,0.426707621
2060.414063,0.450902107
2061.417969,0.463027926
2062.417969,0.456728526
2063.417969,0.396893826
2064.417969,0.428414716
2065.417969,0.409744639
2066.417969,0.397654221
2067.417969,0.454006638
2068.417969,0.455497495
2069.417969,0.449336539
2070.417969,0.433988672
2071.421875,0.44833141
2072.417969,0.458397341
2073.417969,0.459345604
2074.421875,0.417805123
2075.417969,0.418497879
2076.421875,0.414146937
2077.417969,0.419687052
2078.421875,0.418824972
2079.421875,0.387957817
2080.421875,0.393917665
2081.421875,0.42644648
2082.425781,0.419597662
2083.421875,0.424618004
2084.425781,0.416847279
2085.421875,0.436926799
2086.421875,0.436933131
2087.425781,0.42778923
2088.425781,0.419972329
2089.425781,0.416634699
2090.425781,0.427728745
2091.425781,0.423323774
2092.425781,0.423274638
2093.429688,0.43739501
2094.429688,0.423386397
2095.429688,0.424496994
2096.429688,0.411951318
2097.429688,0.423879155
2098.429688,0.439968544
2099.429688,0.480423059
2100.429688,0.453198588
2101.429688,0.454142698
2102.429688,0.463962909
2103.429688,0.444858255
2104.429688,0.446814937
2105.429688,0.426465847
2106.429688,0.452857843
2107.429688,0.44016628
2108.433594,0.434444054
2109.429688,0.480639956
2110.429688,0.483495354
2111.433594,0.43966534
2112.433594,0.451839227
2113.429688,0.453598255
2114.429688,0.426633403
2115.429688,0.437720788
2116.429688,0.415097749
2117.429688,0.406542411
2118.429688,0.440189841
2119.433594,0.48151947
2120.433594,0.452088772
2121.429688,0.444590001
2122.429688,0.417751628
2123.433594,0.439768464
2124.433594,0.440128041
2125.429688,0.444327545
2126.433594,0.445383825
2127.433594,0.477799648
2128.433594,0.408793168
2129.433594,0.41351224
2130.433594,0.427063374
2131.433594,0.441433701
2132.433594,0.428137458
2133.433594,0.437185514
2134.433594,0.425436335
2135.433594,0.414404253
2136.433594,0.4385723
2137.433594,0.431439274
2138.433594,0.425838839
2139.433594,0.416278
2140.4375,0.390741917
2141.433594,0.445861287
2142.433594,0.444747442
2143.433594,0.456203203
2144.4375,0.444365456
2145.433594,0.449907298
2146.4375,0.481099778
2147.4375,0.467104406
2148.4375,0.487345437
2149.4375,0.420784779
2150.4375,0.445211212
2151.4375,0.443894778
2152.4375,0.422644135
2153.4375,0.44691876
2154.4375,0.43295073
2155.4375,0.423110989
2156.4375,0.411062717
2157.4375,0.41871823
2158.4375,0.425645008
2159.4375,0.452896329
2160.441406,0.441422106
2161.4375,0.51363875
2162.4375,0.423866285
2163.4375,0.420106373
2164.4375,0.405990689
2165.4375,0.422285997
2166.441406,0.442160627
2167.441406,0.415473403
2168.441406,0.435496592
2169.441406,0.39212603
2170.441406,0.394480365
2171.441406,0.374566344
2172.441406,0.373490903
2173.441406,0.366171982
2174.441406,0.392595105
2175.441406,0.39051145
2176.4375,0.37689646
2177.441406,0.349543948
2178.441406,0.340474387
2179.441406,0.360792597
2180.441406,0.340835136
2181.441406,0.352597987
2182.441406,0.378384068
2183.441406,0.337429271
2184.441406,0.375832244
2185.441406,0.371019054
2186.4375,0.348073445
2187.4375,0.329097881
2188.441406,0.31854686
2189.441406,0.355380606
2190.441406,0.34261131
2191.441406,0.337983932
2192.441406,0.35688314
2193.441406,0.344514353
2194.441406,0.362681435
2195.441406,0.369852043
2196.441406,0.363736235
2197.441406,0.371075427
2198.441406,0.362669346
2199.441406,0.36283575
2200.441406,0.369808869
2201.441406,0.366749485
2202.441406,0.393703152
2203.445313,0.365862528
2204.445313,0.383637179
2205.445313,0.368394657
2206.445313,0.392767224
2207.445313,0.381227459
2208.445313,0.379876322
2209.445313,0.400868703
2210.445313,0.399135086
2211.449219,0.390778429
2212.445313,0.371809753
2213.445313,0.385080339
2214.445313,0.373921367
2215.449219,0.35904167
2216.449219,0.370566961
2217.449219,0.367937137
2218.449219,0.393208174
2219.449219,0.393324743
2220.449219,0.374829129
2221.445313,0.37711455
2222.449219,0.373451677
2223.449219,0.37715135
2224.453125,0.397757222
2225.449219,0.387494294
2226.449219,0.391947661
2227.449219,0.400865208
2228.453125,0.408299259
2229.453125,0.416165501
2230.453125,0.398023338
2231.453125,0.406443974
2232.453125,0.393623589
2233.453125,0.402912678
2234.453125,0.433355414
2235.453125,0.402625716
2236.457031,0.398518357
2237.453125,0.39757141
2238.453125,0.374525144
2239.457031,0.402228681
2240.453125,0.379753914
2241.457031,0.375959669
2242.457031,0.400315995
2243.453125,0.40294693
2244.457031,0.376984329
2245.453125,0.382042254
2246.453125,0.365825111
2247.457031,0.369575072
2248.457031,0.380893211
2249.457031,0.364648273
2250.457031,0.346065242
2251.457031,0.36024322
2252.457031,0.359125879
2253.457031,0.380408142
2254.457031,0.369911787
2255.460938,0.357456489
2256.457031,0.381476182
2257.460938,0.374040774
2258.460938,0.384150867
2259.460938,0.373405295
2260.460938,0.389273963
2261.460938,0.389698959
2262.464844,0.387832325
2263.464844,0.386576417
2264.464844,0.396884287
2265.464844,0.397626796
2266.460938,0.375133402
2267.464844,0.369003861
2268.464844,0.37160811
2269.464844,0.381591641
2270.464844,0.364633881
2271.464844,0.352537708
2272.46875,0.354929911
2273.464844,0.361610229
2274.464844,0.350432302
2275.464844,0.361633913
2276.464844,0.350633369
2277.464844,0.336919408
2278.464844,0.373739873
2279.464844,0.35692582
2280.464844,0.368778945
2281.464844,0.393886662
2282.46875,0.393006572
2283.464844,0.414773657
2284.464844,0.422883195
2285.464844,0.374072106
2286.464844,0.409040945
2287.46875,0.395572294
2288.46875,0.407954238
2289.46875,0.386777196
2290.46875,0.419124517
2291.46875,0.394312398
2292.472656,0.377497523
2293.472656,0.41423386
2294.472656,0.3825802
2295.472656,0.416598392
2296.472656,0.428587988
2297.472656,0.412380179
2298.472656,0.378711984
2299.472656,0.387624309
2300.476563,0.381099377
2301.472656,0.373912733
2302.476563,0.386015897
2303.476563,0.400591321
2304.476563,0.366600802
2305.472656,0.364373892
2306.476563,0.353791889
2307.476563,0.374129383
2308.476563,0.377363807
2309.476563,0.338820827
2310.476563,0.369267633
2311.476563,0.353195678
2312.476563,0.356407692
2313.476563,0.361965447
2314.476563,0.373961457
2315.476563,0.393698383
2316.476563,0.377228282
2317.476563,0.344282098
2318.476563,0.338143984
2319.480469,0.361761091
2320.480469,0.34170326
2321.480469,0.366172106
2322.480469,0.351959794
2323.480469,0.36415609
2324.480469,0.351588211
2325.480469,0.368507443
2326.480469,0.419791615
2327.480469,0.374802033
2328.480469,0.378194473
2329.484375,0.396185651
2330.484375,0.407421225
2331.484375,0.372850778
2332.480469,0.389146662
2333.484375,0.395123779
2334.484375,0.360355801
2335.480469,0.337607805
2336.480469,0.353251927
2337.484375,0.339249071
2338.484375,0.366354012
2339.484375,0.351652314
2340.484375,0.357763394
2341.484375,0.368889059
2342.480469,0.376291491
2343.480469,0.376462665
2344.484375,0.359499971
2345.484375,0.363767649
2346.480469,0.354086869
2347.480469,0.351254209
2348.484375,0.34543149
2349.484375,0.332614518
2350.484375,0.324105067
2351.480469,0.343863003
2352.484375,0.370103479
2353.484375,0.35609647
2354.480469,0.362433288
2355.484375,0.360381171
2356.484375,0.361246787
2357.484375,0.344843133
2358.484375,0.352476853
2359.484375,0.35698355
2360.480469,0.350254631
2361.484375,0.349678815
2362.484375,0.352854316
2363.484375,0.335328388
2364.484375,0.343542324
2365.484375,0.345797399
2366.484375,0.34412585
2367.484375,0.348394453
2368.484375,0.36959892
2369.484375,0.388910562
2370.484375,0.378145789
2371.484375,0.356854768
2372.484375,0.382859597
2373.484375,0.347159309
2374.484375,0.338216742
2375.484375,0.347334431
2376.484375,0.366964408
2377.484375,0.361440699
2378.484375,0.367503589
2379.484375,0.377686665
2380.484375,0.362005907
2381.484375,0.391399722
2382.484375,0.378249447
2383.484375,0.37701525
2384.484375,0.369480624
2385.484375,0.402048131
2386.484375,0.418226006
2387.484375,0.413536129
2388.488281,0.408061803
2389.488281,0.402419263
2390.488281,0.424287169
2391.492188,0.413151552
2392.492188,0.387705188
2393.488281,0.425249988
2394.492188,0.417424781
2395.492188,0.429179141
2396.492188,0.381318166
2397.492188,0.358608039
2398.492188,0.368191863
2399.492188,0.361976302
2400.492188,0.367051332
2401.492188,0.359928544
2402.492188,0.354029633
2403.492188,0.382771728
2404.496094,0.374182631
2405.496094,0.35505454
2406.496094,0.378381971
2407.496094,0.386997301
2408.496094,0.401702823
2409.496094,0.381998339
2410.496094,0.381811212
2411.496094,0.367775872
2412.496094,0.365748385
2413.496094,0.3723558
2414.5,0.378027164
2415.5,0.400308594
2416.5,0.392849419
2417.5,0.385143455
2418.5,0.3986413
2419.5,0.390738093
2420.503906,0.386393648
2421.503906,0.361101764
2422.503906,0.363787303
2423.503906,0.388019165
2424.503906,0.383614688
2425.507813,0.377409612
2426.507813,0.385681854
2427.507813,0.377189919
2428.507813,0.396290255
2429.507813,0.397827739
2430.507813,0.373698467
2431.507813,0.369998341
2432.507813,0.392307032
2433.507813,0.396519776
2434.507813,0.395125383
2435.507813,0.392045275
2436.507813,0.37801417
2437.507813,0.385595629
2438.507813,0.413128362
2439.507813,0.422116756
2440.511719,0.412644239
2441.511719,0.430671395
2442.507813,0.399115226
2443.507813,0.391481999
2444.507813,0.397033669
2445.507813,0.388201894
2446.507813,0.373453568
2447.507813,0.400782067
2448.511719,0.397442053
2449.507813,0.410057711
2450.511719,0.41064537
2451.511719,0.418060548
2452.511719,0.412096259
2453.511719,0.406718766
2454.511719,0.420722444
2455.511719,0.442471931
2456.511719,0.447209135
2457.511719,0.409130788
2458.511719,0.425084981
2459.515625,0.472878318
2460.515625,0.443007575
2461.511719,0.445315281
2462.511719,0.422002036
2463.515625,0.434946474
2464.511719,0.406032465
2465.511719,0.404079648
2466.511719,0.422187396
2467.515625,0.425266805
2468.515625,0.431284259
2469.515625,0.44814239
2470.515625,0.421787113
2471.515625,0.398093033
2472.515625,0.400907395
2473.515625,0.369335149
2474.515625,0.364411927
2475.515625,0.385800068
2476.519531,0.376754726
2477.519531,0.388738525
2478.515625,0.387707943
2479.519531,0.397491189
2480.519531,0.369110233
2481.519531,0.392999993
2482.519531,0.399321268
2483.519531,0.388888975
2484.523438,0.386007508
2485.519531,0.37533891
2486.519531,0.405429758
2487.519531,0.408606328
2488.519531,0.399931706
2489.519531,0.472588929
2490.519531,0.469623088
2491.519531,0.420117064
2492.519531,0.408711755
2493.519531,0.42904999
2494.519531,0.482292735
2495.519531,0.437606192
2496.523438,0.438657456
2497.523438,0.413710017
2498.519531,0.408270065
2499.519531,0.40859794
2500.519531,0.379864316
2501.519531,0.388666897
2502.523438,0.373553896
2503.523438,0.388632317
2504.523438,0.413356772
2505.523438,0.39771265
2506.523438,0.380625862
2507.523438,0.410033781
2508.519531,0.414798452
2509.523438,0.4211173
2510.523438,0.393365902
2511.523438,0.408959203
2512.523438,0.397461666
2513.523438,0.416634082
2514.523438,0.439687091
2515.523438,0.390214455
2516.523438,0.387638166
2517.523438,0.389236833
2518.523438,0.408541321
2519.527344,0.404709946
2520.527344,0.415159221
2521.523438,0.400020233
2522.527344,0.389573343
2523.527344,0.380942594
2524.527344,0.386714409
2525.527344,0.392317188
2526.527344,0.384331457
2527.527344,0.384123317
2528.527344,0.389384694
2529.527344,0.390178929
2530.53125,0.393452949
2531.527344,0.38185492
2532.53125,0.381191851
2533.53125,0.406855647
2534.527344,0.399317115
2535.527344,0.374874976
2536.53125,0.37867543
2537.53125,0.410866954
2538.53125,0.396448148
2539.527344,0.39479023
2540.527344,0.400854312
2541.53125,0.395589687
2542.53125,0.385008218
2543.53125,0.381018991
2544.53125,0.397268082
2545.53125,0.371838823
2546.53125,0.364002104
2547.53125,0.372689637
2548.53125,0.384266367
2549.53125,0.372110572
2550.535156,0.381533007
2551.53125,0.365950644
2552.53125,0.367881997
2553.535156,0.387975169
2554.535156,0.364078254
2555.535156,0.369634405
2556.53125,0.356224882
2557.53125,0.375229619
2558.535156,0.369113399
2559.535156,0.375412347
2560.53125,0.405762073
2561.53125,0.361501636
2562.535156,0.383996839
2563.535156,0.403850169
2564.535156,0.369787282
2565.53125,0.388072948
2566.535156,0.422801247
2567.539063,0.411439152
2568.535156,0.378520292
2569.535156,0.396703162
2570.535156,0.397661582
2571.535156,0.401057846
2572.535156,0.41424747
2573.535156,0.390966832
2574.535156,0.426025103
2575.535156,0.405804548
2576.535156,0.383907119
2577.535156,0.413532511
2578.539063,0.381418494
2579.535156,0.421045467
2580.535156,0.442762224
2581.539063,0.425447436
2582.539063,0.439126406
2583.539063,0.433211871
2584.539063,0.448743987
2585.539063,0.470500176
2586.539063,0.46554443
2587.539063,0.423759954
2588.539063,0.438602399
2589.542969,0.460341112
2590.542969,0.44833877
2591.542969,0.433748872
2592.542969,0.440268582
2593.542969,0.419717356
2594.542969,0.479184708
2595.539063,0.465248545
2596.542969,0.472925521
2597.542969,0.627395218
2598.542969,0.500620958
2599.542969,0.45253445
2600.542969,0.486295654
2601.542969,0.485712107
2602.542969,0.501095089
2603.542969,0.46568859
2604.542969,0.436405094
2605.542969,0.453211334
2606.542969,0.442503633
2607.542969,0.434127363
2608.546875,0.46353524
2609.542969,0.489365606
2610.546875,0.486951527
2611.542969,0.496049377
2612.542969,0.469620375
2613.546875,0.489090814
2614.542969,0.482630889
2615.546875,0.484914007
2616.546875,0.476639134
2617.546875,0.467812581
2618.546875,0.456047242
2619.546875,0.447924999
2620.546875,0.468005671
2621.546875,0.473286126
2622.546875,0.480201515
2623.546875,0.458883315
2624.546875,0.462880395
2625.550781,0.458508565
2626.546875,0.485319019
2627.546875,0.471592681
2628.546875,0.487366284
2629.550781,0.481909844
2630.550781,0.485414002
2631.546875,0.506068352
2632.546875,0.46852421
2633.550781,0.50539636
2634.546875,0.48878946
2635.546875,0.466197384
2636.546875,0.460633461
2637.546875,0.472159164
2638.550781,0.489933034
2639.550781,0.483594613
2640.550781,0.454490309
2641.550781,0.442467984
2642.550781,0.439328501
2643.550781,0.454712059
2644.550781,0.472988349
2645.550781,0.44679446
2646.550781,0.44475842
2647.554688,0.460944354
2648.550781,0.462410745
2649.554688,0.423160577
2650.550781,0.463741283
2651.554688,0.498501983
2652.550781,0.455236025
2653.554688,0.45010047
2654.554688,0.418339245
2655.554688,0.457210183
2656.554688,0.456684283
2657.554688,0.418219551
2658.550781,0.452593742
2659.554688,0.443073487
2660.554688,0.465251135
2661.554688,0.466165846
2662.554688,0.441311704
2663.558594,0.439312753
2664.558594,0.449959559
2665.558594,0.415380312
2666.554688,0.397663391
2667.554688,0.416887163
2668.554688,0.402406269
2669.554688,0.379714482
2670.558594,0.412112172
2671.558594,0.426930234
2672.558594,0.433626587
2673.558594,0.464534079
2674.558594,0.450640062
2675.558594,0.431282368
2676.558594,0.42439609
2677.558594,0.448716315
2678.558594,0.432819687
2679.558594,0.460945876
2680.558594,0.46369889
2681.558594,0.477324735
2682.5625,0.481358616
2683.558594,0.481151053
2684.5625,0.486543225
2685.5625,0.456233836
2686.5625,0.431516082
2687.5625,0.436562165
2688.5625,0.501444263
2689.5625,0.469268733
2690.558594,0.466369915
2691.5625,0.503708179
2692.5625,0.46860036
2693.5625,0.480886376
2694.5625,0.479091452
2695.5625,0.486418843
2696.5625,0.45350467
2697.5625,0.469515688
2698.5625,0.497414453
2699.566406,0.473161991
2700.566406,0.492519726
2701.566406,0.468711831
2702.5625,0.471431499
2703.570313,0.484410517
2704.566406,0.490347709
2705.570313,0.460671084
2706.570313,0.469729543
2707.570313,0.48315243
2708.570313,0.455967515
2709.570313,0.502317075
2710.570313,0.470599147
2711.570313,0.488901959
2712.570313,0.450193273
2713.570313,0.45124429
2714.574219,0.461287854
2715.570313,0.470862344
2716.570313,0.444924537
2717.570313,0.444760106
2718.574219,0.461345501
2719.574219,0.479511678
2720.574219,0.476209574
2721.574219,0.44867051
2722.574219,0.479937455
2723.574219,0.461579833
2724.574219,0.464957594
2725.574219,0.450864442
2726.574219,0.478062474
2727.574219,0.544682014
2728.574219,0.487225866
2729.574219,0.478511565
2730.574219,0.513322142
2731.574219,0.500819722
2732.574219,0.480772932
2733.574219,0.463755715
2734.574219,0.485068898
2735.574219,0.475740582
2736.574219,0.486686809
2737.574219,0.448568743
2738.578125,0.477271529
2739.574219,0.478758561
2740.574219,0.446689116
2741.574219,0.508546492
2742.574219,0.534107
2743.578125,0.496088398
2744.574219,0.478839646
2745.578125,0.458282869
2746.578125,0.504212614
2747.578125,0.47312811
2748.582031,0.510850827
2749.578125,0.52667887
2750.582031,0.497407422
2751.578125,0.540253523
2752.578125,0.541856467
2753.582031,0.538599963
2754.582031,0.496147443
2755.578125,0.527103783
2756.578125,0.520031817
2757.582031,0.559554598
2758.578125,0.556582754
2759.578125,0.547453037
2760.582031,0.556809848
2761.582031,0.525997174
2762.578125,0.503317106
2763.578125,0.500390162
2764.582031,0.509186165
2765.582031,0.521134478
2766.578125,0.518962297
2767.582031,0.534329243
2768.582031,0.500701713
2769.582031,0.485379997
2770.582031,0.507412951
2771.582031,0.545714034
2772.582031,0.505580199
2773.582031,0.50097486
2774.582031,0.532067383
2775.582031,0.544620665
2776.582031,0.528309445
2777.582031,0.499608427
2778.582031,0.517292824
2779.582031,0.541868186
2780.582031,0.507933752
2781.582031,0.519814796
2782.582031,0.508600233
2783.582031,0.53603786
2784.582031,0.497344552
2785.582031,0.510885983
2786.582031,0.531521007
2787.582031,0.514802019
2788.585938,0.514468429
2789.585938,0.547478119
2790.585938,0.540502781
2791.585938,0.532733083
2792.585938,0.534864763
2793.589844,0.514003919
2794.589844,0.516402208
2795.589844,0.512780001
2796.589844,0.502020408
2797.589844,0.529018689
2798.589844,0.498034348
2799.589844,0.527228288
2800.589844,0.499087832
2801.589844,0.458789114
2802.589844,0.537395453
2803.589844,0.465169804
2804.59375,0.456446991
2805.59375,0.451093922
2806.59375,0.452127012
2807.59375,0.4632454
2808.59375,0.477272516
2809.59375,0.445485181
2810.59375,0.451610899
2811.597656,0.504103939
2812.597656,0.509473662
2813.597656,0.482538662
2814.597656,0.483658099
2815.597656,0.490269749
2816.597656,0.487269287
2817.597656,0.528115944
2818.597656,0.522133646
2819.597656,0.485834886
2820.601563,0.506070736
2821.597656,0.49012119
2822.597656,0.480606568
2823.597656,0.468768204
2824.601563,0.453499037
2825.601563,0.44917071
2826.601563,0.458601574
2827.605469,0.482012187
2828.601563,0.490247258
2829.601563,0.478612428
2830.601563,0.474120945
2831.601563,0.491557647
2832.601563,0.47221714
2833.605469,0.469371076
2834.601563,0.462418969
2835.605469,0.497290893
2836.605469,0.519259744
2837.605469,0.558558432
2838.601563,0.507972074
2839.601563,0.527227959
2840.605469,0.597135252
2841.601563,0.556462113
2842.605469,0.541408075
2843.605469,0.523066284
2844.605469,0.52696024
2845.605469,0.517185547
2846.605469,0.534198693
2847.605469,0.542626977
2848.605469,0.532804629
2849.605469,0.526426076
2850.605469,0.558099309
2851.605469,0.518855513
2852.605469,0.531141241
2853.605469,0.513124981
2854.605469,0.533399976
2855.605469,0.521795039
2856.605469,0.534864393
2857.605469,0.513263918
2858.605469,0.510851032
2859.609375,0.529548741
2860.605469,0.531135731
2861.605469,0.483453414
2862.605469,0.493995985
2863.605469,0.472202914
2864.605469,0.462804491
2865.609375,0.448016322
2866.605469,0.477498829
2867.605469,0.474481385
2868.609375,0.476212823
2869.605469,0.49756478
2870.605469,0.476594233
2871.605469,0.49362987
2872.605469,0.498899347
2873.605469,0.587185726
2874.605469,0.624278227
2875.609375,0.610180964
2876.609375,0.58170848
2877.605469,0.587623838
2878.605469,0.575579884
2879.605469,0.557794049
2880.605469,0.575589588
2881.605469,0.55474223
2882.609375,0.554888322
2883.609375,0.581566705
2884.609375,0.53693929
2885.609375,0.556779215
2886.609375,0.527350368
2887.609375,0.542400499
2888.605469,0.562669656
2889.605469,0.545127938
2890.605469,0.574026364
2891.609375,0.587073309
2892.605469,0.565571846
2893.609375,0.515878817
2894.609375,0.514308644
2895.609375,0.516432718
2896.609375,0.514184468
2897.609375,0.515518747
2898.609375,0.519394406
2899.609375,0.53441337
2900.609375,0.501049407
2901.609375,0.494260621
2902.609375,0.533342616
2903.609375,0.50103004
2904.609375,0.50978439
2905.609375,0.542806334
2906.609375,0.517538997
2907.609375,0.544572393
2908.609375,0.517041675
2909.609375,0.526000464
2910.609375,0.517756799
2911.609375,0.553200141
2912.609375,0.526420649
2913.609375,0.518289483
2914.609375,0.535393705
2915.609375,0.515978528
2916.609375,0.497904168
2917.609375,0.501977152
2918.613281,0.51640558
2919.609375,0.499373067
2920.609375,0.49928598
2921.609375,0.473565029
2922.613281,0.475232981
2923.613281,0.472450773
2924.613281,0.479552056
2925.613281,0.497906183
2926.613281,0.484567629
2927.613281,0.509386985
2928.613281,0.490637015
2929.613281,0.478707081
2930.617188,0.49755154
2931.613281,0.465732833
2932.613281,0.489043528
2933.613281,0.473165445
2934.617188,0.487280964
2935.617188,0.461608122
2936.613281,0.462335088
2937.617188,0.468968983
2938.617188,0.473374982
2939.617188,0.490647418
2940.617188,0.446544833
2941.613281,0.488945215
2942.617188,0.489062401
2943.617188,0.500972187
2944.617188,0.538140058
2945.617188,0.532040492
2946.617188,0.483750121
2947.621094,0.478386484
2948.617188,0.502354122
2949.621094,0.55119568
2950.617188,0.535444568
2951.621094,0.492914787
2952.621094,0.492980576
2953.617188,0.497051175
2954.617188,0.513618191
2955.617188,0.529230159
2956.621094,0.526851648
2957.617188,0.500352251
2958.617188,0.470621598
2959.621094,0.505306271
2960.617188,0.511994071
2961.617188,0.520579509
2962.621094,0.502945317
2963.621094,0.50222937
2964.621094,0.518169254
2965.617188,0.514094214
2966.621094,0.517364164
2967.621094,0.545926943
2968.621094,0.52648837
2969.621094,0.546753661
2970.621094,0.49535403
2971.621094,0.477087978
2972.621094,0.482066545
2973.621094,0.477856062
2974.621094,0.514705803
2975.621094,0.514738286
2976.625,0.510754323
2977.621094,0.537665187
2978.625,0.530650827
2979.621094,0.570780427
2980.625,0.510811847
2981.621094,0.555953895
2982.625,0.529850876
2983.621094,0.530381627
2984.621094,0.536046166
2985.621094,0.567482723
2986.625,0.569257622
2987.625,0.566426484
2988.625,0.560514867
2989.621094,0.558318015
2990.621094,0.561829903
2991.625,0.550466164
2992.625,0.560848745
2993.625,0.559593865
2994.625,0.548077496
2995.625,0.552242873
2996.625,0.532139422
2997.625,0.523985518
2998.625,0.56590079
2999.625,0.512522849
3000.625,0.594701396
3001.625,0.544646241
3002.625,0.51665936
3003.625,0.510137183
3004.625,0.509395332
3005.625,0.483115012
3006.625,0.504754837
3007.625,0.526435122
3008.625,0.532311089
3009.625,0.52310551
3010.625,0.516244644
3011.628906,0.5405138
3012.625,0.546204613
3013.628906,0.536870499
3014.625,0.516028734
3015.625,0.524177539
3016.625,0.500480128
3017.625,0.532315489
3018.625,0.534541617
3019.625,0.529403883
3020.625,0.533620368
3021.625,0.509423662
3022.628906,0.491303661
3023.628906,0.500591517
3024.628906,0.522694413
3025.628906,0.522090184
3026.628906,0.534960651
3027.628906,0.529109478
3028.628906,0.535229521
3029.628906,0.538481543
3030.628906,0.480130422
3031.628906,0.519209334
3032.628906,0.549546601
3033.628906,0.522764313
3034.628906,0.514175916
3035.628906,0.490229207
3036.632813,0.504684978
3037.628906,0.492811047
3038.632813,0.541982905
3039.632813,0.515493089
3040.632813,0.553957452
3041.632813,0.534676279
3042.632813,0.573596845
3043.632813,0.564102289
3044.632813,0.538431832
3045.632813,0.550761062
3046.632813,0.520578398
3047.632813,0.537575097
3048.632813,0.566991116
3049.632813,0.572162321
3050.632813,0.531173231
3051.632813,0.523870387
3052.636719,0.528545709
3053.632813,0.510508848
3054.636719,0.508460679
3055.636719,0.535791892
3056.636719,0.518177971
3057.636719,0.522239113
3058.636719,0.563685147
3059.636719,0.51427061
3060.636719,0.525864692
3061.636719,0.538283766
3062.636719,0.545660622
3063.636719,0.49151509
3064.636719,0.487038944
3065.640625,0.494630765
3066.636719,0.47528002
3067.640625,0.49126686
3068.640625,0.498814233
3069.636719,0.47712741
3070.640625,0.464865695
3071.636719,0.466131307
3072.640625,0.451935977
3073.640625,0.463952053
3074.640625,0.454358115
3075.640625,0.46475776
3076.640625,0.464796617
3077.640625,0.476300116
3078.644531,0.49302264
3079.644531,0.486583891
3080.644531,0.483631989
3081.644531,0.464718781
3082.644531,0.482748487
3083.644531,0.462854943
3084.644531,0.451213904
3085.644531,0.479979724
3086.644531,0.493287769
3087.644531,0.514371103
3088.644531,0.51552068
3089.644531,0.483972652
3090.644531,0.479280266
3091.648438,0.464857307
3092.644531,0.47868459
3093.644531,0.466078676
3094.644531,0.470278632
3095.644531,0.458849187
3096.644531,0.460015581
3097.648438,0.457468733
3098.648438,0.452023929
3099.648438,0.512044564
3100.648438,0.501569837
3101.648438,0.491304936
3102.648438,0.521717696
3103.648438,0.52849501
3104.648438,0.507192682
3105.652344,0.54109784
3106.652344,0.544884643
3107.648438,0.577938494
3108.652344,0.550747164
3109.652344,0.512375975
3110.652344,0.516594599
3111.652344,0.521913705
3112.652344,0.53126957
3113.652344,0.544903311
3114.652344,0.517026338
3115.652344,0.510245817
3116.652344,0.538695398
3117.65625,0.512511665
3118.65625,0.495649669
3119.65625,0.499989097
3120.65625,0.534515096
3121.65625,0.581157416
3122.65625,0.541989237
3123.660156,0.553246645
3124.65625,0.548962479
3125.65625,0.522260988
3126.65625,0.550543384
3127.65625,0.558830962
3128.65625,0.576785546
3129.65625,0.542719493
3130.65625,0.519775117
3131.660156,0.56492469
3132.660156,0.558217317
3133.65625,0.54932699
3134.65625,0.563015828
3135.65625,0.522582572
3136.65625,0.534107617
3137.660156,0.513638174
3138.65625,0.553215313
3139.660156,0.529537269
3140.660156,0.524256732
3141.660156,0.490696759
3142.660156,0.54976576
3143.660156,0.523979802
3144.660156,0.547676144
3145.660156,0.549887223
3146.660156,0.525833648
3147.660156,0.54897905
3148.660156,0.518773606
3149.660156,0.525976533
3150.664063,0.526647127
3151.660156,0.537768023
3152.660156,0.53604082
3153.660156,0.574546753
3154.660156,0.558466945
3155.664063,0.524372274
3156.664063,0.525703469
3157.664063,0.502335825
3158.664063,0.513563751
3159.664063,0.552141106
3160.664063,0.536135474
3161.664063,0.534579158
3162.664063,0.527958215
3163.664063,0.557037272
3164.664063,0.521190316
3165.664063,0.488982139
3166.664063,0.499284499
3167.664063,0.509539821
3168.664063,0.489280985
3169.660156,0.490338087
3170.664063,0.520645914
3171.660156,0.525291836
3172.664063,0.522498321
3173.664063,0.496533541
3174.664063,0.534688778
3175.664063,0.534365344
3176.664063,0.51261228
3177.664063,0.511457029
3178.664063,0.508068249
3179.664063,0.53735343
3180.664063,0.511777297
3181.664063,0.533101377
3182.664063,0.520570997
3183.664063,0.547769646
3184.664063,0.504243905
3185.664063,0.537105242
3186.664063,0.551856775
3187.664063,0.507625655
3188.664063,0.521229337
3189.664063,0.534817683
3190.664063,0.542879606
3191.664063,0.515493583
3192.664063,0.555027918
3193.664063,0.534975535
3194.667969,0.544404632
3195.667969,0.564494472
3196.667969,0.560548543
3197.667969,0.551769029
3198.667969,0.554134794
3199.667969,0.561478468
3200.667969,0.525730565
3201.667969,0.553146811
3202.671875,0.523318995
3203.667969,0.54019493
3204.667969,0.530693137
3205.667969,0.521701372
3206.667969,0.537961565
3207.671875,0.526372705
3208.667969,0.55052266
3209.667969,0.556975554
3210.667969,0.535519896
3211.671875,0.564792208
3212.671875,0.60599104
3213.671875,0.564120587
3214.671875,0.537280487
3215.671875,0.54611329
3216.675781,0.554164234
3217.671875,0.576298832
3218.675781,0.549710744
3219.675781,0.530019254
3220.675781,0.559670468
3221.675781,0.541957946
3222.679688,0.557875051
3223.679688,0.593134924
3224.675781,0.55789927
3225.679688,0.581103552
3226.679688,0.610079773
3227.683594,0.601779201
3228.683594,0.650181042
3229.683594,0.593940055
3230.683594,0.615566969
3231.683594,0.559388974
3232.683594,0.588329011
3233.683594,0.56433917
3234.683594,0.586984412
3235.679688,0.588782543
3236.683594,0.621058359
3237.683594,0.594642679
3238.683594,0.595208586
3239.679688,0.611817049
3240.683594,0.610570968
3241.683594,0.657122007
3242.683594,0.645246677
3243.683594,0.648088835
3244.6875,0.611543491
3245.683594,0.61621211
3246.683594,0.598593173
3247.683594,0.568619882
3248.683594,0.579319853
3249.6875,0.651250357
3250.683594,0.567698428
3251.683594,0.57267942
3252.6875,0.554651154
3253.6875,0.562673028
3254.683594,0.580128726
3255.6875,0.546386683
3256.683594,0.578859003
3257.683594,0.615183831
3258.6875,0.614060776
3259.6875,0.555459944
3260.6875,0.618235773
3261.683594,0.611177006
3262.6875,0.590612705
3263.6875,0.627443778
3264.683594,0.620936033
3265.683594,0.562502018
3266.6875,0.603298511
3267.6875,0.586578906
3268.6875,0.59100863
3269.6875,0.652109764
3270.683594,0.675592497
3271.6875,0.587558707
3272.6875,0.566111479
3273.6875,0.581282991
3274.6875,0.613240513
3275.6875,0.653098241
3276.6875,0.578660896
3277.6875,0.589223451
3278.6875,0.585416953
3279.6875,0.5594701
3280.6875,0.580765027
3281.6875,0.555947645
3282.6875,0.538942229
3283.6875,0.556915316
3284.6875,0.568143119
3285.6875,0.546034713
3286.6875,0.539508671
3287.6875,0.553041425
3288.691406,0.574490092
3289.6875,0.573406798
3290.691406,0.552823993
3291.6875,0.580871482
3292.691406,0.558311148
3293.6875,0.561404373
3294.691406,0.549514118
3295.691406,0.5374244
3296.6875,0.567340783
3297.691406,0.566846997
3298.6875,0.552121657
3299.691406,0.510336605
3300.691406,0.515179236
3301.691406,0.540600559
3302.691406,0.52881495
3303.691406,0.531023068
3304.691406,0.531777666
3305.691406,0.509955195
3306.691406,0.528408704
3307.691406,0.505185795
3308.691406,0.506974017
3309.691406,0.51114038
3310.691406,0.527255837
3311.691406,0.51047472
3312.691406,0.528153197
3313.691406,0.538870478
3314.691406,0.501355695
3315.691406,0.495023894
3316.695313,0.515302507
3317.691406,0.535340416
3318.691406,0.566072663
3319.695313,0.559436918
3320.695313,0.575146089
3321.691406,0.586118631
3322.691406,0.541469465
3323.695313,0.51800067
3324.691406,0.513154051
3325.695313,0.585227317
3326.691406,0.569008077
3327.695313,0.586474302
3328.695313,0.549099361
3329.695313,0.577204291
3330.695313,0.580758366
3331.695313,0.594622614
3332.695313,0.555254519
3333.695313,0.535042928
3334.695313,0.547794111
3335.695313,0.514434301
3336.695313,0.512925147
3337.695313,0.516486541
3338.695313,0.525856962
3339.699219,0.54470578
3340.695313,0.534942106
3341.695313,0.571049256
3342.695313,0.516235557
3343.695313,0.5300827
3344.695313,0.55660948
3345.695313,0.582450372
3346.695313,0.56074447
3347.695313,0.569676738
3348.699219,0.584639658
3349.699219,0.645437671
3350.699219,0.634684164
3351.699219,0.595878275
3352.699219,0.617339607
3353.703125,0.624562311
3354.703125,0.57412883
3355.699219,0.643266394
3356.703125,0.631398384
3357.703125,0.629823441
3358.699219,0.676728135
3359.699219,0.655778476
3360.703125,0.680168067
3361.703125,0.605740961
3362.703125,0.577503055
3363.703125,0.593535619
3364.699219,0.575105917
3365.703125,0.583283916
3366.699219,0.555657969
3367.699219,0.550143676
3368.703125,0.539286222
3369.703125,0.544184691
3370.703125,0.566968994
3371.703125,0.51435741
3372.703125,0.519249712
3373.703125,0.545057709
3374.703125,0.548989452
3375.703125,0.587592547
3376.703125,0.555371171
3377.703125,0.52210659
3378.703125,0.551192719
3379.707031,0.576958241
3380.703125,0.536127703
3381.703125,0.546520564
3382.703125,0.560988876
3383.707031,0.606788483
3384.703125,0.574153007
3385.703125,0.597476943
3386.707031,0.625328381
3387.707031,0.650242884
3388.707031,0.63681202
3389.707031,0.638579025
3390.707031,0.593432289
3391.707031,0.602899831
3392.707031,0.622499709
3393.707031,0.596419306
3394.707031,0.6134732
3395.703125,0.593326492
3396.707031,0.578051199
3397.707031,0.612405776
3398.707031,0.6518323
3399.707031,0.61811024
3400.707031,0.606092437
3401.707031,0.620299568
3402.707031,0.64101654
3403.707031,0.662187743
3404.707031,0.671094024
3405.707031,0.659581274
3406.710938,0.593377808
3407.707031,0.611199374
3408.707031,0.608501541
3409.707031,0.643516062
3410.707031,0.626049303
3411.707031,0.604168197
3412.707031,0.660461487
3413.707031,0.602962371
3414.707031,0.613409138
3415.710938,0.567605789
3416.710938,0.564238924
3417.710938,0.624579458
3418.710938,0.674893492
3419.710938,0.610618295
3420.710938,0.656249647
3421.710938,0.620066552
3422.710938,0.641038703
3423.707031,0.64727067
3424.710938,0.562297538
3425.710938,0.597458686
3426.710938,0.612459929
3427.710938,0.599858703
3428.710938,0.608267374
3429.710938,0.588751088
3430.710938,0.589487264
3431.710938,0.625607449
3432.707031,0.609596924
3433.710938,0.620864036
3434.710938,0.598495518
3435.710938,0.651608618
3436.710938,0.630474092
3437.710938,0.611066111
3438.710938,0.581874185
3439.714844,0.602439432
3440.714844,0.624983401
3441.710938,0.622573804
3442.710938,0.614281045
3443.714844,0.659273752
3444.714844,0.589190886
3445.710938,0.547356122
3446.714844,0.573525958
3447.714844,0.555170762
3448.714844,0.566574961
3449.714844,0.572876088
3450.714844,0.612829621
3451.714844,0.605208688
3452.71875,0.576751623
3453.71875,0.549638623
3454.71875,0.600835954
3455.71875,0.60766298
3456.71875,0.631853601
3457.71875,0.619818035
3458.71875,0.57030095
3459.71875,0.552227289
3460.71875,0.598479934
3461.71875,0.606984245
3462.71875,0.584478188
3463.71875,0.587305338
3464.71875,0.569107541
3465.71875,0.671917659
3466.71875,0.608483983
3467.71875,0.683606724
3468.71875,0.650336345
3469.714844,0.615962236
3470.71875,0.636799314
3471.71875,0.593765468
3472.71875,0.645713819
3473.71875,0.608015649
3474.71875,0.582582319
3475.71875,0.58841318
3476.71875,0.584409603
3477.71875,0.603554758
3478.71875,0.604142293
3479.71875,0.607087863
3480.71875,0.632829454
3481.722656,0.595810636
3482.722656,0.584224613
3483.722656,0.593379494
3484.722656,0.629594126
3485.71875,0.586509047
3486.71875,0.574739514
3487.722656,0.558792435
3488.722656,0.537471233
3489.722656,0.559558504
3490.71875,0.595733828
3491.71875,0.541327114
3492.722656,0.516380909
3493.722656,0.544214831
3494.71875,0.536376508
3495.722656,0.570187094
3496.71875,0.559622401
3497.722656,0.564944139
3498.722656,0.5296355
3499.722656,0.571854223
3500.71875,0.548568569
3501.71875,0.549139245
3502.722656,0.532315982
3503.722656,0.580798086
3504.722656,0.580221365
3505.71875,0.530839024
3506.722656,0.529938951
3507.722656,0.53297424
3508.722656,0.52432655
3509.71875,0.5088057
3510.71875,0.576121778
3511.722656,0.589903337
3512.722656,0.540451178
3513.722656,0.526158357
3514.722656,0.544472435
3515.722656,0.560891097
3516.722656,0.570567518
3517.722656,0.552629176
3518.722656,0.5610876
3519.726563,0.59326424
3520.726563,0.570888279
3521.726563,0.594828615
3522.726563,0.632764282
3523.726563,0.611611623
3524.726563,0.589963246
3525.726563,0.589816003
3526.726563,0.583766189
3527.726563,0.680637388
3528.726563,0.649747618
3529.726563,0.658947687
3530.726563,0.58863534
3531.730469,0.640516792
3532.730469,0.628644259
3533.730469,0.623448507
3534.730469,0.643654548
3535.730469,0.656096688
3536.730469,0.622502259
3537.730469,0.640100596
3538.730469,0.635504056
3539.730469,0.634092846
3540.734375,0.620454788
3541.734375,0.602055267
3542.730469,0.641837996
3543.734375,0.592790848
3544.734375,0.6214556
3545.734375,0.588015075
3546.734375,0.604343072
3547.734375,0.613877883
3548.734375,0.571183959
3549.734375,0.583710227
3550.734375,0.584877361
3551.738281,0.595669149
3552.734375,0.607234037
3553.734375,0.574072868
3554.734375,0.583440493
3555.738281,0.622048069
3556.734375,0.564885381
3557.738281,0.580385056
3558.734375,0.562060616
3559.734375,0.618166202
3560.738281,0.63824712
3561.734375,0.632791872
3562.738281,0.616432297
3563.738281,0.588637355
3564.738281,0.598871789
3565.738281,0.586400865
3566.738281,0.561265312
3567.738281,0.571506447
3568.738281,0.583471948
3569.738281,0.563807679
3570.742188,0.617028631
3571.742188,0.602042849
3572.742188,0.610257485
3573.742188,0.597660452
3574.738281,0.579131656
3575.742188,0.580420746
3576.738281,0.572840973
3577.742188,0.605005072
3578.742188,0.597551778
3579.742188,0.626331824
3580.742188,0.597471474
3581.742188,0.611263354
3582.742188,0.625935694
3583.742188,0.588490893
3584.742188,0.592224982
3585.742188,0.59163535
3586.742188,0.574042153
3587.742188,0.577691334
3588.742188,0.584273379
3589.742188,0.614530754
3590.742188,0.61683036
3591.742188,0.598758673
3592.742188,0.613187635
3593.742188,0.590722449
3594.742188,0.590645065
3595.742188,0.578223442
3596.742188,0.593016463
3597.742188,0.587646617
3598.742188,0.581321025
3599.742188,0.574425578
3600.746094,0.628779825
3601.742188,0.627692419
3602.742188,0.616454871
3603.746094,0.714056654
3604.746094,0.654930541
3605.746094,0.68918882
3606.742188,0.635672352
3607.742188,0.60847321
3608.746094,0.627657839
3609.746094,0.657425622
3610.742188,0.596774524
3611.746094,0.600218197
3612.742188,0.590932315
3613.746094,0.596676499
3614.746094,0.622345311
3615.742188,0.581706629
3616.746094,0.63616951
3617.746094,0.640043113
3618.746094,0.611296372
3619.746094,0.615077418
3620.746094,0.639157596
3621.746094,0.597252274
3622.75,0.634948593
3623.746094,0.615236092
3624.746094,0.63227247
3625.746094,0.618489389
3626.746094,0.632658445
3627.746094,0.653199884
3628.746094,0.613047834
3629.746094,0.646605175
3630.746094,0.654466606
3631.746094,0.60072732
3632.746094,0.659677942
3633.746094,0.649315632
3634.746094,0.6419794
3635.746094,0.669171224
3636.746094,0.690691601
3637.746094,0.654826389
3638.75,0.623959522
3639.746094,0.590025869
3640.75,0.605936312
3641.75,0.597015887
3642.746094,0.637619207
3643.75,0.593720732
3644.746094,0.591016278
3645.75,0.603454183
3646.75,0.630608548
3647.75,0.58752976
3648.75,0.64924199
3649.75,0.601519294
3650.75,0.620333737
3651.75,0.612247513
3652.753906,0.603536255
3653.753906,0.585494419
3654.753906,0.598487417
3655.753906,0.586587459
3656.75,0.58996707
3657.75,0.572973414
3658.753906,0.581265187
3659.75,0.630706697
3660.753906,0.589731135
3661.753906,0.611871242
3662.753906,0.6268701
3663.753906,0.632839857
3664.753906,0.601777803
3665.753906,0.629829321
3666.753906,0.636818887
3667.753906,0.65546121
3668.753906,0.628928015
3669.753906,0.579476759
3670.757813,0.61596643
3671.753906,0.614345271
3672.757813,0.615819187
3673.753906,0.639636497
3674.757813,0.628639695
3675.757813,0.628019554
3676.757813,0.67541092
3677.757813,0.681739391
3678.753906,0.63980837
3679.757813,0.648131393
3680.757813,0.673406583
3681.757813,0.622764386
3682.757813,0.633558929
3683.757813,0.634389307
3684.757813,0.618929927
3685.757813,0.612014621
3686.757813,0.646352793
3687.757813,0.596298624
3688.757813,0.633479365
3689.757813,0.614752093
3690.757813,0.611849573
3691.761719,0.588851827
3692.757813,0.568248216
3693.757813,0.582426071
3694.757813,0.608364659
3695.757813,0.575417344
3696.757813,0.601094463
3697.757813,0.577690018
3698.761719,0.559949043
3699.757813,0.562626235
3700.761719,0.51853027
3701.761719,0.529122512
3702.761719,0.536252907
3703.757813,0.538837749
3704.761719,0.562549262
3705.761719,0.562217687
3706.761719,0.599616189
3707.761719,0.559559326
3708.757813,0.549712389
3709.761719,0.591963678
3710.757813,0.62483295
3711.761719,0.598700655
3712.761719,0.613097504
3713.757813,0.58242788
3714.761719,0.613633272
3715.761719,0.579747069
3716.757813,0.592572471
3717.761719,0.581058281
3718.761719,0.584604996
3719.761719,0.545915389
3720.761719,0.583484407
3721.761719,0.568467416
3722.761719,0.572600926
3723.761719,0.576130454
3724.761719,0.553764115
3725.761719,0.560374326
3726.761719,0.555728281
3727.761719,0.510736395
3728.761719,0.521906304
3729.761719,0.540830532
3730.761719,0.538201941
3731.761719,0.545726781
3732.761719,0.561996472
3733.761719,0.535064432
3734.761719,0.536014423
3735.761719,0.543647279
3736.761719,0.558720643
3737.765625,0.54842959
3738.765625,0.539966725
3739.765625,0.568544348
3740.761719,0.562467068
3741.765625,0.531071752
3742.765625,0.58124985
3743.765625,0.57377871
3744.765625,0.59355626
3745.765625,0.569739155
3746.765625,0.567255422
3747.765625,0.585436731
3748.765625,0.544114667
3749.765625,0.528407306
3750.765625,0.515149178
3751.769531,0.5476613
3752.769531,0.563962036
3753.769531,0.558233065
3754.769531,0.57605932
3755.769531,0.555004645
3756.769531,0.527769936
3757.769531,0.584555695
3758.769531,0.581380852
3759.769531,0.571938885
3760.769531,0.591694766
3761.769531,0.587594973
3762.769531,0.591411093
3763.769531,0.606114148
3764.769531,0.588446568
3765.769531,0.569819952
3766.769531,0.595516396
3767.773438,0.586628741
3768.777344,0.609455026
3769.773438,0.593249191
3770.773438,0.590308514
3771.773438,0.613351202
3772.773438,0.600583531
3773.773438,0.556558905
3774.773438,0.571197446
3775.773438,0.61854054
3776.773438,0.613017489
3777.773438,0.618369119
3778.777344,0.565622709
3779.777344,0.546879483
3780.773438,0.590762045
3781.777344,0.599911827
3782.773438,0.614987246
3783.777344,0.617302066
3784.777344,0.609696265
3785.777344,0.618778325
3786.777344,0.594518133
3787.777344,0.614364843
3788.777344,0.582498233
3789.777344,0.581301658
3790.777344,0.569649148
3791.777344,0.593700707
3792.777344,0.580765603
3793.777344,0.590073237
3794.777344,0.610236391
3795.78125,0.587843408
3796.777344,0.588512562
3797.777344,0.568579134
3798.777344,0.567532147
3799.777344,0.607049335
3800.78125,0.63421509
3801.777344,0.602269122
3802.78125,0.559951839
3803.777344,0.540605247
3804.777344,0.549275716
3805.78125,0.535387949
3806.78125,0.537857578
3807.777344,0.561665596
3808.777344,0.588776581
3809.78125,0.58300641
3810.78125,0.607234448
3811.78125,0.585161281
3812.78125,0.583783335
3813.78125,0.606006788
3814.78125,0.619812854
3815.78125,0.604352036
3816.777344,0.602970841
3817.78125,0.595260601
3818.78125,0.604125517
3819.78125,0.594436473
3820.78125,0.577441131
3821.78125,0.594428907
3822.78125,0.568957872
3823.78125,0.592917204
3824.78125,0.559838888
3825.785156,0.580035183
3826.785156,0.601638988
3827.785156,0.590766527
3828.785156,0.601564935
3829.785156,0.580984639
3830.785156,0.606484415
3831.785156,0.578559458
3832.785156,0.595756196
3833.785156,0.641136646
3834.785156,0.610989919
3835.789063,0.649151982
3836.785156,0.633310206
3837.789063,0.641938653
3838.789063,0.626020602
3839.789063,0.594364886
3840.789063,0.605772293
3841.789063,0.608572716
3842.789063,0.605758148
3843.789063,0.627815937
3844.789063,0.596464453
3845.789063,0.629937091
3846.789063,0.595773013
3847.789063,0.635179142
3848.789063,0.652181597
3849.789063,0.622183964
3850.789063,0.625858515
3851.789063,0.608737476
3852.789063,0.614410937
3853.792969,0.677769901
3854.792969,0.658690082
3855.789063,0.633260206
3856.792969,0.626275246
3857.789063,0.646742591
3858.792969,0.674077094
3859.792969,0.652282542
3860.789063,0.663065859
3861.792969,0.67583423
3862.789063,0.673651934
3863.792969,0.653017649
3864.789063,0.64176275
3865.789063,0.617998852
3866.792969,0.621452845
3867.792969,0.601875869
3868.792969,0.604623867
3869.789063,0.595403609
3870.792969,0.57565258
3871.792969,0.613942931
3872.792969,0.614233718
3873.792969,0.609515222
3874.792969,0.626311101
3875.789063,0.585364404
3876.789063,0.570283598
3877.792969,0.569002937
3878.789063,0.559480174
3879.792969,0.585764318
3880.789063,0.602140258
3881.792969,0.580736944
3882.789063,0.594493709
3883.792969,0.615502907
3884.792969,0.618729683
3885.792969,0.657265385
3886.792969,0.627978682
3887.792969,0.673366739
3888.792969,0.651114914
3889.792969,0.631978805
3890.792969,0.636091715
3891.792969,0.58755221
3892.792969,0.6161323
3893.792969,0.608455077
3894.792969,0.616983525
3895.792969,0.581232416
3896.792969,0.622148027
3897.792969,0.597518883
3898.792969,0.622956201
3899.796875,0.584763876
3900.796875,0.550009549
3901.796875,0.548092176
3902.796875,0.540461128
3903.796875,0.537380157
3904.796875,0.551523966
3905.796875,0.588097435
3906.796875,0.570695395
3907.796875,0.586636266
3908.800781,0.596615521
3909.800781,0.574750904
3910.796875,0.523690003
3911.800781,0.572267336
3912.800781,0.570279158
3913.796875,0.59425691
3914.800781,0.577450835
3915.800781,0.596611203
3916.800781,0.605528915
3917.800781,0.620596522
3918.800781,0.620522715
3919.800781,0.591305995
3920.800781,0.628663091
3921.800781,0.642977828
3922.800781,0.645944779
3923.800781,0.632594506
3924.800781,0.636722136
3925.800781,0.624963212
3926.800781,0.640810457
3927.804688,0.635807014
3928.800781,0.631155335
3929.800781,0.622795595
3930.804688,0.666080343
3931.804688,0.661993831
3932.804688,0.611796737
3933.804688,0.686457516
3934.800781,0.667042668
3935.804688,0.712179947
3936.804688,0.637997493
3937.804688,0.670352626
3938.804688,0.627254224
3939.804688,0.663503643
3940.800781,0.70206747
3941.804688,0.707539041
3942.804688,0.717201523
3943.804688,0.710116646
3944.808594,0.716207208
3945.804688,0.698472194
3946.808594,0.696118189
3947.804688,0.713764963
3948.804688,0.754259362
3949.808594,0.668066589
3950.804688,0.693585238
3951.808594,0.662402749
3952.808594,0.684806218
3953.804688,0.695173462
3954.808594,0.701025375
3955.808594,0.665476895
3956.808594,0.666686669
3957.808594,0.694827413
3958.804688,0.697813402
3959.808594,0.679943521
3960.808594,0.68586957
3961.808594,0.741807353
3962.808594,0.679288635
3963.808594,0.692504493
3964.808594,0.662943081
3965.808594,0.651840482
3966.8125,0.643362445
3967.808594,0.63074214
3968.808594,0.685560815
3969.808594,0.669473194
3970.808594,0.663405124
3971.808594,0.645718342
3972.8125,0.659018533
3973.8125,0.617606545
3974.8125,0.623407143
3975.8125,0.657729402
3976.8125,0.676718103
3977.816406,0.655298835
3978.8125,0.647596447
3979.816406,0.612137769
3980.816406,0.642706449
3981.816406,0.634520843
3982.816406,0.669280433
3983.816406,0.670621579
3984.816406,0.689558635
3985.816406,0.696821225
3986.816406,0.70045367
3987.816406,0.672993799
3988.816406,0.719020748
3989.816406,0.698094155
3990.816406,0.703408163
3991.816406,0.704069998
3992.820313,0.724664932
3993.820313,0.731259025
3994.816406,0.745593416
3995.816406,0.73385464
3996.816406,0.676024072
3997.816406,0.671358578
3998.820313,0.679382261
3999.820313,0.660166424
4000.820313,0.729396545
4001.816406,0.684994949
4002.820313,0.66066461
4003.816406,0.669434996
4004.820313,0.658040994
4005.820313,0.688920114
4006.820313,0.681293672
4007.820313,0.708866906
4008.820313,0.668708728
4009.820313,0.669776275
4010.824219,0.695707174
4011.820313,0.666341278
4012.820313,0.669205845
4013.820313,0.68118031
4014.820313,0.722566599
4015.820313,0.744809625
4016.824219,0.793713476
4017.824219,0.802821029
4018.824219,0.788181379
4019.824219,0.814360877
4020.824219,0.707013635
4021.824219,0.734944267
4022.824219,0.755440353
4023.824219,0.796457855
4024.824219,0.730094728
4025.824219,0.736658969
4026.824219,0.744181013
4027.824219,0.748705555
4028.824219,0.741669361
4029.828125,0.762552039
4030.824219,0.716118804
4031.828125,0.734112779
4032.824219,0.71012158
4033.824219,0.714222113
4034.824219,0.693365422
4035.824219,0.727385217
4036.824219,0.71125915
4037.824219,0.655653477
4038.824219,0.659042176
4039.828125,0.690085275
4040.828125,0.6595337
4041.824219,0.680674106
4042.824219,0.634543129
4043.824219,0.674440166
4044.824219,0.693477674
4045.824219,0.679176342
4046.824219,0.711255697
4047.824219,0.698620548
4048.824219,0.736526898
4049.824219,0.653722988
4050.824219,0.693152101
4051.828125,0.692102441
4052.824219,0.728122709
4053.824219,0.75720744
4054.824219,0.696505685
4055.828125,0.748873234
4056.824219,0.734943444
4057.824219,0.758711208
4058.824219,0.744950331
4059.828125,0.736424021
4060.824219,0.723231641
4061.824219,0.760574757
4062.828125,0.750721488
4063.828125,0.710603318
4064.828125,0.744408149
4065.828125,0.783616952
4066.828125,0.784550495
4067.828125,0.747427607
4068.828125,0.762979913
4069.828125,0.703287194
4070.828125,0.740778828
4071.828125,0.802594223
4072.828125,0.730765198
4073.828125,0.719578883
4074.828125,0.681216658
4075.828125,0.713827709
4076.828125,0.696419584
4077.828125,0.719979537
4078.828125,0.670069487
4079.828125,0.722751959
4080.828125,0.701827669
4081.828125,0.687901704
4082.828125,0.714041441
4083.828125,0.688792895
4084.828125,0.736601815
4085.828125,0.674834611
4086.828125,0.663891879
4087.828125,0.702408173
4088.832031,0.705696461
4089.832031,0.720620155
4090.828125,0.696289898
4091.832031,0.715158946
4092.828125,0.667853515
4093.832031,0.671919633
4094.832031,0.63995068
4095.832031,0.648069839
4096.832031,0.701306211
4097.832031,0.664245329
4098.835938,0.653587545
4099.832031,0.635847803
4100.835938,0.646010568
4101.832031,0.64195292
4102.832031,0.659938836
4103.832031,0.643965852
4104.832031,0.65381871
4105.835938,0.696398696
4106.835938,0.697592434
4107.832031,0.693577097
4108.835938,0.693493216
4109.832031,0.69847976
4110.832031,0.661591039
4111.835938,0.691723416
4112.835938,0.696064818
4113.832031,0.705561348
4114.835938,0.72076966
4115.835938,0.757663521
4116.832031,0.719515315
4117.835938,0.683565359
4118.835938,0.684118478
4119.832031,0.693373481
4120.835938,0.674929305
4121.835938,0.69622156
4122.832031,0.659517705
4123.835938,0.719628636
4124.835938,0.644326292
4125.832031,0.681259626
4126.835938,0.661751769
4127.835938,0.710358173
4128.835938,0.718144441
4129.835938,0.721235281
4130.835938,0.723649729
4131.835938,0.721058309
4132.835938,0.667018656
4133.835938,0.650926923
4134.835938,0.692635166
4135.835938,0.710637446
4136.835938,0.710853151
4137.835938,0.751790309
4138.835938,0.721043177
4139.835938,0.723136165
4140.835938,0.671721238
4141.835938,0.687195584
4142.839844,0.660455689
4143.835938,0.676185254
4144.835938,0.716809011
4145.839844,0.677869406
4146.839844,0.665726029
4147.839844,0.697734291
4148.839844,0.689160161
4149.835938,0.715914859
4150.839844,0.687764082
4151.839844,0.706972353
4152.84375,0.690199583
4153.839844,0.704230358
4154.839844,0.70482254
4155.84375,0.734840814
4156.839844,0.704865796
4157.839844,0.673258229
4158.839844,0.722523918
4159.84375,0.717349712
4160.839844,0.709898063
4161.84375,0.676335829
4162.84375,0.700713207
4163.84375,0.675139336
4164.84375,0.679193447
4165.84375,0.670005384
4166.84375,0.6535035
4167.84375,0.665766654
4168.84375,0.663480534
4169.84375,0.736979607
4170.847656,0.681909496
4171.847656,0.677486721
4172.847656,0.684369832
4173.84375,0.686414959
4174.847656,0.650943658
4175.847656,0.695464166
4176.847656,0.64028168
4177.847656,0.689595107
4178.847656,0.685531991
4179.847656,0.694719108
4180.847656,0.731740928
4181.847656,0.754425808
4182.847656,0.723886158
4183.851563,0.695770742
4184.851563,0.720074108
4185.851563,0.740572991
4186.851563,0.730071126
4187.851563,0.713916195
4188.851563,0.737604765
4189.851563,0.697518586
4190.855469,0.74316877
4191.855469,0.758102661
4192.855469,0.721702463
4193.851563,0.68582911
4194.851563,0.732782776
4195.855469,0.685288491
4196.855469,0.700769045
4197.851563,0.65921224
4198.851563,0.680704862
4199.851563,0.679735135
4200.851563,0.71099764
4201.851563,0.743117044
4202.851563,0.74116583
4203.851563,0.751385872
4204.855469,0.798731352
4205.851563,0.708671842
4206.851563,0.716925046
4207.855469,0.717499135
4208.851563,0.722362571
4209.851563,0.71582333
4210.851563,0.762547763
4211.851563,0.684688086
4212.855469,0.737873677
4213.851563,0.727635625
4214.855469,0.708309674
4215.855469,0.694005382
4216.855469,0.714928438
4217.855469,0.699754829
4218.855469,0.767373453
4219.855469,0.751233982
4220.855469,0.764178585
4221.855469,0.761555915
4222.851563,0.736681995
4223.855469,0.681560651
4224.855469,0.732697991
4225.855469,0.708235415
4226.855469,0.701808015
4227.851563,0.717894197
4228.851563,0.709481455
4229.855469,0.703405942
4230.855469,0.738088231
4231.855469,0.720545732
4232.855469,0.73846627
4233.855469,0.79825907
4234.855469,0.708064036
4235.855469,0.723891174
4236.859375,0.740877675
4237.859375,0.793157561
4238.859375,0.742836619
4239.859375,0.750007679
4240.859375,0.717207691
4241.859375,0.768616944
4242.859375,0.766999937
4243.859375,0.793001723
4244.859375,0.771949475
4245.859375,0.742449041
4246.859375,0.802254341
4247.859375,0.84125295
4248.859375,0.83383954
4249.863281,0.771775792
4250.859375,0.799937013
4251.859375,0.788867474
4252.859375,0.808654522
4253.859375,0.772687543
4254.863281,0.744029945
4255.859375,0.74981278
4256.859375,0.737890535
4257.859375,0.765637451
4258.863281,0.771966909
4259.859375,0.719101092
4260.863281,0.707494551
4261.863281,0.785604679
4262.863281,0.749445925
4263.863281,0.776642847
4264.863281,0.777426803
4265.863281,0.737187253
4266.863281,0.762481974
4267.867188,0.722829672
4268.863281,0.737796622
4269.863281,0.695035141
4270.863281,0.716988779
4271.863281,0.675535179
4272.863281,0.729986588
4273.863281,0.705895061
4274.863281,0.725706205
4275.863281,0.745178618
4276.863281,0.792826314
4277.863281,0.788945598
4278.867188,0.755898901
4279.867188,0.791989398
4280.863281,0.766647145
4281.867188,0.778308455
4282.863281,0.844316734
4283.863281,0.711539657
4284.867188,0.765693207
4285.863281,0.834417577
4286.867188,0.723194717
4287.867188,0.694746575
4288.867188,0.680416954
4289.867188,0.680330853
4290.867188,0.714478032
4291.867188,0.736011032
4292.863281,0.73548061
4293.863281,0.717282525
4294.867188,0.724664192
4295.867188,0.725133266
4296.863281,0.788809579
4297.867188,0.727721891
4298.867188,0.753816439
4299.863281,0.778969057
4300.867188,0.716858517
4301.867188,0.713385198
4302.867188,0.696534961
4303.867188,0.706537078
4304.863281,0.699634107
4305.867188,0.721748598
4306.867188,0.740966573
4307.867188,0.715287727
4308.867188,0.698211424
4309.867188,0.751497796
4310.867188,0.771875545
4311.867188,0.696627723
4312.867188,0.678796494
4313.867188,0.687279506
4314.867188,0.683976415
4315.867188,0.660885783
4316.867188,0.685242685
4317.867188,0.68585925
4318.867188,0.700056142
4319.867188,0.716082209
4320.871094,0.728407739
4321.867188,0.718872312
4322.871094,0.704131757
4323.871094,0.712666126
4324.867188,0.706800562
4325.867188,0.677329733
4326.867188,0.67865805
4327.867188,0.724798319
4328.871094,0.718016564
4329.867188,0.680215476
4330.867188,0.661555102
4331.867188,0.660444711
4332.867188,0.683342499
4333.867188,0.659412896
4334.871094,0.682150242
4335.871094,0.6606591
4336.871094,0.681756332
4337.871094,0.674432189
4338.871094,0.693280472
4339.867188,0.681951889
4340.871094,0.718440573
4341.871094,0.717217477
4342.871094,0.755233036
4343.867188,0.738662485
4344.871094,0.693370438
4345.871094,0.696146643
4346.875,0.676604082
4347.871094,0.718767543
4348.871094,0.717363857
4349.871094,0.651889536
4350.875,0.658809571
4351.875,0.636367123
4352.875,0.699611903
4353.871094,0.688560085
4354.875,0.676988659
4355.875,0.667796649
4356.875,0.662191485
4357.875,0.686812652
4358.875,0.685193385
4359.878906,0.635300687
4360.878906,0.635991469
4361.875,0.593159389
4362.878906,0.654784572
4363.878906,0.674001683
4364.875,0.662393703
4365.875,0.665590504
4366.875,0.659339582
4367.875,0.682392797
4368.875,0.707765601
4369.878906,0.62313416
4370.878906,0.673365095
4371.878906,0.691620703
4372.878906,0.706346701
4373.878906,0.66603869
4374.878906,0.654138115
4375.875,0.668881424
4376.878906,0.668094755
4377.878906,0.749116735
4378.878906,0.697406334
4379.882813,0.692763043
4380.875,0.742856109
4381.878906,0.776702797
4382.878906,0.789978071
4383.878906,0.786022026
4384.878906,0.751713172
4385.882813,0.76915082
4386.878906,0.827592976
4387.878906,0.751010712
4388.878906,0.79947641
4389.878906,0.802251956
4390.878906,0.769360192
4391.882813,0.809107395
4392.882813,0.728965381
4393.882813,0.753631819
4394.878906,0.728870481
4395.882813,0.809046623
4396.878906,0.774709068
4397.878906,0.821942624
4398.882813,0.769193747
4399.878906,0.754345875
4400.882813,0.786676789
4401.882813,0.794005414
4402.878906,0.758250604
4403.882813,0.773654885
4404.878906,0.827671759
4405.882813,0.85645748
4406.882813,0.823721306
4407.882813,0.812371999
4408.882813,0.794328437
4409.886719,0.813697479
4410.882813,0.789447731
4411.882813,0.783930436
4412.882813,0.754845869
4413.882813,0.782955857
4414.882813,0.828576848
4415.882813,0.805232518
4416.882813,0.773533422
4417.882813,0.741712782
4418.882813,0.760454775
4419.882813,0.798989326
4420.882813,0.781130547
4421.882813,0.810744056
4422.882813,0.758761454
4423.882813,0.697249674
4424.882813,0.750383087
4425.886719,0.767103472
4426.882813,0.747178515
4427.882813,0.739913952
4428.886719,0.713258143
4429.882813,0.711731925
4430.886719,0.762786576
4431.882813,0.739473825
4432.886719,0.772224965
4433.886719,0.729339473
4434.882813,0.689764143
4435.882813,0.762075729
4436.882813,0.741415992
4437.882813,0.763938291
4438.882813,0.769648594
4439.882813,0.83797675
4440.886719,0.797954386
4441.882813,0.80042385
4442.882813,0.796388859
4443.886719,0.801919312
4444.886719,0.796862456
4445.886719,0.788858181
4446.886719,0.803137803
4447.882813,0.849276962
4448.886719,0.819312059
4449.886719,0.771144302
4450.886719,0.800701315
4451.886719,0.797815243
4452.882813,0.814926496
4453.886719,0.737802132
4454.886719,0.749675199
4455.890625,0.780221675
4456.890625,0.772309668
4457.886719,0.789885226
4458.886719,0.861463595
4459.890625,0.808829931
4460.886719,0.805826426
4461.890625,0.782671074
4462.886719,0.785614382
4463.890625,0.797956606
4464.890625,0.785357888
4465.890625,0.818575554
4466.890625,0.801565697
4467.886719,0.84704039
4468.890625,0.789786461
4469.886719,0.796617722
4470.890625,0.800218672
4471.890625,0.819942151
4472.890625,0.786395624
4473.890625,0.880380175
4474.890625,0.801068334
4475.890625,0.816343587
4476.894531,0.854323456
4477.890625,0.838213179
4478.890625,0.828721254
4479.890625,0.807771718
4480.890625,0.774686946
4481.890625,0.779566994
4482.890625,0.783695077
4483.894531,0.748668055
4484.890625,0.808718583
4485.890625,0.801535105
4486.890625,0.783726573
4487.890625,0.786431315
4488.894531,0.786318322
4489.890625,0.754304263
4490.890625,0.806786038
4491.890625,0.776967844
4492.894531,0.768622289
4493.894531,0.759640392
4494.894531,0.799742196
4495.894531,0.794399735
4496.894531,0.784072622
4497.894531,0.804443299
4498.894531,0.794646279
4499.894531,0.792193919
4500.898438,0.800596546
4501.898438,0.832356825
4502.894531,0.812527014
4503.894531,0.800115054
4504.894531,0.788110738
4505.898438,0.851289935
4506.898438,0.851834912
4507.894531,0.820135981
4508.894531,0.877820498
4509.894531,0.859394538
4510.898438,0.866673492
4511.894531,0.837774532
4512.898438,0.837383253
4513.894531,0.814161948
4514.894531,0.897213225
4515.898438,0.838008905
4516.898438,0.865021371
4517.894531,0.881916179
4518.898438,0.860252342
4519.898438,0.849900064
4520.898438,0.832181087
4521.894531,0.886958643
4522.898438,0.830828716
4523.898438,0.848017436
4524.898438,0.815363498
4525.898438,0.826693232
4526.898438,0.830279544
4527.898438,0.821843776
4528.894531,0.864092927
4529.898438,0.838439081
4530.898438,0.845571244
4531.898438,0.806572718
4532.898438,0.805441644
4533.898438,0.795321683
4534.898438,0.787152935
4535.898438,0.762813303
4536.898438,0.77122769
4537.898438,0.792574096
4538.898438,0.821736376
4539.898438,0.798721401
4540.898438,0.813470755
4541.894531,0.837931438
4542.898438,0.805881195
4543.898438,0.805491314
4544.898438,0.828950775
4545.898438,0.840279029
4546.898438,0.833550151
4547.898438,0.782398215
4548.898438,0.804328909
4549.898438,0.86605039
4550.898438,0.80300532
4551.898438,0.830150433
4552.898438,0.854185381
4553.902344,0.860082853
4554.902344,0.83423674
4555.902344,0.893281111
4556.902344,0.876752253
4557.902344,0.819997414
4558.902344,0.854375347
4559.902344,0.883476032
4560.902344,0.889455575
4561.902344,0.907115095
4562.902344,0.922414197
4563.902344,0.92899324
4564.902344,0.915140341
4565.902344,0.860847483
4566.902344,0.805337369
4567.902344,0.850491012
4568.902344,0.848367021
4569.902344,0.818226215
4570.90625,0.874487391
4571.902344,0.895205515
4572.90625,0.876846742
4573.90625,0.924950437
4574.902344,0.906539937
4575.902344,0.887536598
4576.90625,0.897239458
4577.90625,0.913781227
4578.90625,0.901630531
4579.90625,0.991141526
4580.90625,0.915225784
4581.90625,0.863022132
4582.90625,0.940903807
4583.90625,0.944037657
4584.90625,0.904445962
4585.90625,0.958400583
4586.90625,0.981750588
4587.90625,0.933187111
4588.90625,0.854648123
4589.910156,0.920960264
4590.90625,0.872990614
4591.90625,0.908416233
4592.910156,0.880970054
4593.910156,0.903025171
4594.90625,0.903029612
4595.910156,0.811546186
4596.90625,0.820576602
4597.90625,0.82330733
4598.90625,0.886228059
4599.910156,0.869012366
4600.90625,0.869886534
4601.910156,0.889148999
4602.90625,0.875306544
4603.90625,0.937267661
4604.90625,0.883504238
4605.90625,0.886900503
4606.910156,0.849968402
4607.910156,0.890849557
4608.90625,0.930095943
4609.90625,0.897696608
4610.910156,0.906021768
4611.90625,0.869308415
4612.910156,0.885500024
4613.910156,0.888703938
4614.910156,0.887536187
4615.910156,0.890514363
4616.914063,0.858822587
4617.910156,0.857715115
4618.910156,0.894914153
4619.910156,0.92114916
4620.910156,0.902158321
4621.910156,0.917403311
4622.910156,0.854453471
4623.914063,0.883410654
4624.910156,0.841499164
4625.914063,0.860028084
4626.914063,0.928051063
4627.914063,0.907109339
4628.914063,0.937941914
4629.914063,0.865407962
4630.914063,0.875660734
4631.914063,0.882253182
4632.914063,0.947457193
4633.914063,0.884866395
4634.914063,0.906802517
4635.914063,0.876295596
4636.914063,0.834572592
4637.917969,0.82824667
4638.914063,0.875585735
4639.914063,0.900182026
4640.917969,0.862656182
4641.914063,0.896581488
4642.914063,0.895010698
4643.917969,0.850847752
4644.914063,0.857454755
4645.917969,0.889425888
4646.914063,0.905717495
4647.914063,0.904477787
4648.917969,0.931767225
4649.917969,0.95107788
4650.917969,0.931633838
4651.917969,0.917679377
4652.914063,0.934611685
4653.917969,0.834993229
4654.914063,0.865619967
4655.914063,0.862622547
4656.914063,0.906630561
4657.917969,0.907802753
4658.917969,0.963137623
4659.914063,0.933913666
4660.917969,0.894466543
4661.917969,0.895354856
4662.917969,0.942193761
4663.917969,0.928963964
4664.917969,1.022200579
4665.917969,0.926826898
4666.917969,0.929041677
4667.917969,0.890620283
4668.921875,0.914033938
4669.917969,0.88179151
4670.917969,0.894929613
4671.917969,0.909231439
4672.917969,0.937712146
4673.917969,0.892371827
4674.917969,0.894982327
4675.917969,0.949090976
4676.917969,0.978080971
4677.917969,0.971133346
4678.917969,0.918141461
4679.917969,0.927247946
4680.917969,0.908771328
4681.917969,0.889604915
4682.917969,0.865613388
4683.917969,0.841852204
4684.917969,0.848031169
4685.917969,0.828091984
4686.917969,0.825376717
4687.917969,0.821891144
4688.917969,0.841077458
4689.917969,0.859442646
4690.917969,0.836183183
4691.917969,0.856042188
4692.917969,0.875345524
4693.917969,0.809911088
4694.917969,0.843790012
4695.917969,0.873569638
4696.917969,0.821244523
4697.917969,0.818906882
4698.921875,0.810423007
4699.921875,0.827021354
4700.921875,0.866419547
4701.917969,0.840312335
4702.917969,0.811499476
4703.917969,0.824743828
4704.917969,0.854702564
4705.921875,0.823931337
4706.917969,0.79823514
4707.917969,0.809076228
4708.917969,0.862808236
4709.917969,0.842884018
4710.917969,0.79974565
4711.921875,0.842121855
4712.921875,0.791277153
4713.921875,0.75849616
4714.921875,0.801820218
4715.917969,0.822358985
4716.917969,0.840997689
4717.921875,0.882763128
4718.917969,0.848616936
4719.921875,0.852763357
4720.921875,0.846507418
4721.921875,0.837570669
4722.921875,0.879025995
4723.925781,0.792011849
4724.921875,0.815020656
4725.921875,0.843616083
4726.921875,0.824331991
4727.921875,0.805654882
4728.925781,0.790805118
4729.925781,0.804922077
4730.921875,0.78158449
4731.921875,0.794025973
4732.921875,0.818201215
4733.925781,0.800670476
4734.921875,0.825176061
4735.921875,0.829738596
4736.921875,0.848757313
4737.925781,0.832320806
4738.921875,0.82032792
4739.925781,0.795897417
4740.925781,0.821162451
4741.925781,0.852443623
4742.925781,0.809022199
4743.925781,0.793810679
4744.925781,0.878090643
4745.929688,0.800695805
4746.925781,0.826008618
4747.925781,0.835883844
4748.925781,0.816775572
4749.925781,0.831998276
4750.929688,0.847744248
4751.925781,0.84063215
4752.925781,0.83661558
4753.925781,0.874246193
4754.929688,0.833904177
4755.929688,0.815498447
4756.925781,0.821306364
4757.925781,0.844264185
4758.929688,0.803099892
4759.925781,0.806403229
4760.929688,0.789707185
4761.925781,0.820336884
4762.929688,0.811822992
4763.929688,0.837285639
4764.929688,0.861056198
4765.929688,0.819081963
4766.929688,0.85359246
4767.929688,0.820845102
4768.929688,0.824326152
4769.929688,0.822493194
4770.929688,0.815818839
4771.933594,0.84289693
4772.933594,0.809262492
4773.933594,0.81217488
4774.933594,0.802667084
4775.933594,0.775014081
4776.933594,0.841702287
4777.933594,0.804461144
4778.933594,0.829228157
4779.933594,0.830774934
4780.933594,0.780802261
4781.933594,0.804602014
4782.9375,0.804556373
4783.933594,0.780253418
4784.933594,0.760064647
4785.933594,0.784091454
4786.933594,0.78775737
4787.9375,0.78390963
4788.9375,0.810332876
4789.9375,0.831663
4790.933594,0.810521361
4791.933594,0.810872015
4792.933594,0.838025434
4793.9375,0.820349795
4794.9375,0.796808674
4795.9375,0.7675885
4796.9375,0.863125174
4797.9375,0.845080377
4798.941406,0.867063702
4799.9375,0.859605391
4800.9375,0.83719962
4801.9375,0.848495802
4802.941406,0.862465559
4803.9375,0.853146823
4804.9375,0.801836171
4805.9375,0.838687105
4806.9375,0.862300922
4807.9375,0.825633868
4808.941406,0.886500342
4809.941406,0.851533024
4810.9375,0.887284791
4811.941406,0.874607785
4812.941406,0.919068837
4813.941406,0.973141137
4814.9375,0.938775047
4815.9375,0.88490628
4816.9375,0.911171961
4817.941406,0.96106873
4818.9375,0.904884855
4819.941406,0.938970768
4820.9375,0.917108002
4821.941406,0.92613776
4822.941406,0.910050509
4823.9375,0.92482881
4824.941406,0.918608151
4825.941406,0.922841413
4826.941406,0.918111692
4827.941406,0.92981083
4828.941406,0.914822828
4829.941406,0.894100346
4830.9375,0.888779184
4831.941406,0.86881467
4832.941406,0.908576758
4833.941406,0.896343743
4834.941406,0.929676292
4835.941406,0.885902898
4836.941406,0.93598552
4837.9375,0.897858859
4838.941406,0.953426046
4839.941406,0.944203198
4840.941406,0.879076324
4841.941406,0.867436313
4842.941406,0.88045131
4843.941406,0.879988074
4844.941406,0.867082369
4845.941406,0.829375606
4846.941406,0.809919969
4847.941406,0.810930156
4848.941406,0.858622918
4849.941406,0.82762365
4850.941406,0.866272016
4851.941406,0.877762193
4852.941406,0.874752273
4853.941406,0.914566827
4854.945313,0.902580932
4855.941406,0.915885481
4856.945313,0.890495531
4857.941406,0.948801834
4858.941406,0.971328656
4859.945313,0.862094674
4860.941406,0.893619841
4861.945313,0.882586814
4862.945313,0.888184864
4863.945313,0.90632267
4864.941406,0.867834911
4865.945313,0.891823149
4866.945313,0.897024164
4867.945313,0.823794003
4868.945313,0.841848667
4869.945313,0.862705194
4870.945313,0.941182176
4871.945313,0.922319461
4872.949219,0.861738346
4873.949219,0.856278041
4874.949219,0.876378161
4875.945313,0.919242108
4876.949219,0.93824594
4877.945313,0.890865264
4878.945313,0.895295235
4879.945313,0.844764591
4880.945313,0.907604235
4881.949219,0.867745849
4882.949219,0.865117258
4883.949219,0.904868408
4884.949219,0.848775405
4885.949219,0.858744791
4886.949219,0.852928322
4887.949219,0.825752371
4888.949219,0.83605506
4889.949219,0.869193449
4890.953125,0.835306959
4891.953125,0.801904838
4892.949219,0.822509148
4893.949219,0.823766618
4894.949219,0.829534239
4895.949219,0.801980002
4896.953125,0.800854931
4897.953125,0.794236497
4898.953125,0.824659043
4899.953125,0.803102277
4900.953125,0.822921068
4901.949219,0.842311985
4902.949219,0.826970861
4903.953125,0.79264375
4904.949219,0.818414947
4905.949219,0.822414083
4906.949219,0.793842751
4907.949219,0.824712414
4908.953125,0.859770192
4909.953125,0.815841289
4910.949219,0.815613331
4911.953125,0.839044173
4912.953125,0.824147289
4913.949219,0.802562068
4914.953125,0.797170348
4915.953125,0.782659643
4916.949219,0.770158868
4917.953125,0.788629565
4918.953125,0.841948995
4919.953125,0.864367759
4920.953125,0.874047346
4921.953125,0.806540974
4922.953125,0.825390285
4923.953125,0.855315139
4924.953125,0.850284517
4925.953125,0.800210612
4926.953125,0.835351695
4927.953125,0.812182528
4928.953125,0.814069186
4929.953125,0.808875243
4930.953125,0.818002369
4931.953125,0.831541784
4932.953125,0.856576064
4933.953125,0.917578885
4934.953125,0.872936338
4935.957031,0.842619712
4936.957031,0.815916371
4937.953125,0.817652537
4938.957031,0.826932128
4939.957031,0.807913987
4940.953125,0.80643711
4941.953125,0.795735741
4942.957031,0.817834196
4943.957031,0.834628594
4944.957031,0.852725939
4945.957031,0.801807389
4946.957031,0.791358648
4947.957031,0.840348107
4948.957031,0.850460996
4949.957031,0.774306194
4950.957031,0.775241135
4951.957031,0.752886021
4952.957031,0.79107551
4953.960938,0.835846427
4954.957031,0.83085388
4955.960938,0.799068766
4956.960938,0.75258438
4957.957031,0.764878742
4958.960938,0.774262691
4959.960938,0.815834217
4960.960938,0.800999256
4961.960938,0.800248441
4962.960938,0.821574618
4963.960938,0.844582192
4964.960938,0.813478814
4965.960938,0.828809411
4966.960938,0.784364889
4967.960938,0.80588284
4968.960938,0.787388213
4969.960938,0.859740176
4970.960938,0.815909463
4971.960938,0.809238397
4972.960938,0.825700068
4973.960938,0.814579789
4974.960938,0.830739408
4975.960938,0.850275307
4976.960938,0.801716189
4977.960938,0.82119074
4978.960938,0.859399637
4979.960938,0.820269122
4980.964844,0.833863142
4981.960938,0.842315686
4982.960938,0.847451323
4983.960938,0.825236175
4984.960938,0.90658344
4985.964844,0.871600415
4986.964844,0.851201695
4987.964844,0.811270531
4988.964844,0.829209654
4989.964844,0.836197821
4990.964844,0.870443108
4991.96875,0.904908375
4992.964844,0.866504991
4993.964844,0.93723748
4994.964844,0.917255533
4995.964844,0.885810053
4996.964844,0.903231172
4997.964844,0.864541853
4998.964844,0.946826937
4999.964844,0.924406446
5000.964844,0.940915485
5001.964844,0.920312985
5002.964844,0.904538806
5003.964844,0.885638756
5004.964844,0.924528731
5005.964844,0.912863391
5006.964844,0.943070315
5007.96875,0.95911102
5008.964844,0.896476966
5009.96875,0.927261268
5010.964844,0.922554245
5011.964844,0.964622065
5012.964844,0.988855777
5013.964844,0.953926945
5014.964844,0.913723909
5015.964844,0.899345768
5016.964844,0.932358666
5017.96875,0.907666077
5018.96875,0.891780715
5019.964844,0.865627697
5020.96875,0.929557873
5021.96875,0.866730811
5022.96875,0.875090428
5023.96875,0.883342809
5024.96875,0.848102303
5025.96875,0.83714814
5026.972656,0.796859907
5027.96875,0.778008869
5028.96875,0.836196423
5029.96875,0.818438384
5030.96875,0.809305091
5031.96875,0.823276821
5032.96875,0.860293542
5033.972656,0.835334179
5034.972656,0.818605734
5035.972656,0.816317764
5036.972656,0.824337665
5037.972656,0.861281689
5038.972656,0.859525129
5039.972656,0.829730619
5040.976563,0.84761415
5041.972656,0.82627646
5042.972656,0.812137627
5043.976563,0.830327816
5044.976563,0.835899716
5045.976563,0.835674225
5046.972656,0.839241787
5047.972656,0.818850715
5048.976563,0.843624142
5049.976563,0.844188692
5050.976563,0.869547311
5051.972656,0.87368633
5052.976563,0.844688276
5053.976563,0.810371116
5054.976563,0.8162227
5055.976563,0.78337485
5056.976563,0.775067699
5057.980469,0.798234317
5058.980469,0.795715347
5059.976563,0.762748172
5060.976563,0.815567608
5061.976563,0.817604429
5062.976563,0.833138067
5063.976563,0.829348879
5064.976563,0.846353473
5065.976563,0.864970796
5066.976563,0.825606155
5067.976563,0.8497425
5068.980469,0.812440502
5069.980469,0.8384589
5070.976563,0.852946825
5071.980469,0.79118217
5072.976563,0.820727505
5073.980469,0.850720286
5074.980469,0.805036056
5075.980469,0.871390302
5076.976563,0.83384176
5077.980469,0.865807794
5078.976563,0.811853173
5079.976563,0.854911114
5080.980469,0.832456906
5081.976563,0.841176882
5082.980469,0.849093905
5083.976563,0.888575321
5084.980469,0.889957132
5085.980469,0.878401907
5086.976563,0.895793831
5087.976563,0.862385872
5088.980469,0.869412279
5089.980469,0.851261316
5090.980469,0.891006463
5091.976563,0.84986092
5092.980469,0.873508454
5093.980469,0.924608582
5094.980469,0.918113748
5095.976563,0.858008204
5096.976563,0.907420602
5097.980469,0.896984526
5098.980469,0.881684027
5099.980469,0.885409317
5100.980469,0.848488483
5101.980469,0.827253095
5102.976563,0.832475656
5103.980469,0.804639761
5104.980469,0.827038541
5105.980469,0.838064167
5106.984375,0.786015201
5107.980469,0.804775121
5108.984375,0.857812153
5109.984375,0.896913063
5110.984375,0.8796639
5111.984375,0.851682282
5112.984375,0.820969772
5113.984375,0.784828946
5114.984375,0.863765463
5115.988281,0.923069042
5116.988281,0.866466833
5117.988281,0.928333625
5118.988281,0.868517141
5119.988281,0.8658448
5120.988281,0.833141521
5121.988281,0.86863038
5122.988281,0.917237935
5123.992188,0.856856242
5124.988281,0.884337618
5125.988281,0.844789591
5126.988281,0.827864766
5127.988281,0.821981193
5128.988281,0.822294347
5129.992188,0.794809599
5130.988281,0.822544345
5131.992188,0.835401448
5132.992188,0.845937358
5133.992188,0.863263495
5134.992188,0.877206195
5135.992188,0.909770002
5136.992188,0.856333961
5137.996094,0.879246717
5138.996094,0.85969289
5139.992188,0.868066734
5140.996094,0.890330648
5141.996094,0.844714427
5142.992188,0.807219915
5143.996094,0.832489061
5144.992188,0.80456287
5145.992188,0.834674646
5146.996094,0.743950341
5147.996094,0.776914966
5148.996094,0.790720004
5149.996094,0.782277081
5150.996094,0.835510493
5151.996094,0.791289735
5153,0.761318993
5153.996094,0.767932493
5154.996094,0.82896714
5155.996094,0.789378159
5157,0.802833858
5157.996094,0.864578695
5158.996094,0.811773815
5159.996094,0.828657192
5160.996094,0.866809181
5161.996094,0.867242976
5162.996094,0.904856895
5163.996094,0.93787004
5165,0.850473331
5166,0.803106142
5167,0.843112552
5168,0.837260064
5169,0.850696108
5170,0.828276111
5171,0.843650293
5172,0.825670875
5173,0.840017436
5174,0.81331574
5175,0.832007158
5176,0.846371071
5177,0.821688597
5178,0.796580634
5179,0.854172306
5180,0.847323364
5181,0.83045446
5182,0.831822373
5183,0.861122563
5184.003906,0.848959284
5185.003906,0.812962701
5186.003906,0.838447634
5187.003906,0.837858742
5188.003906,0.86755498
5189.003906,0.904145718
5190.007813,0.841623752
5191.007813,0.88973748
5192.003906,0.914129085
5193.007813,0.886820898
5194.007813,0.887280433
5195.007813,0.872122613
5196.007813,0.818309191
5197.011719,0.875456707
5198.007813,0.873326548
5199.007813,0.886738333
5200.007813,0.843417566
5201.011719,0.855467029
5202.011719,0.887260861
5203.011719,0.91744262
5204.011719,0.894678629
5205.011719,0.946127766
5206.011719,0.908059658
5207.011719,0.895582238
5208.007813,0.931102758
5209.011719,0.897102535
5210.011719,0.890437308
5211.011719,0.89091551
5212.015625,0.882614856
5213.011719,0.857144726
5214.011719,0.902628382
5215.011719,0.853236543
5216.015625,0.898178593
5217.011719,0.876681776
5218.015625,0.884055137
5219.011719,0.888110852
5220.015625,0.844088036
5221.015625,0.814166882
5222.015625,0.893799773
5223.011719,0.876726019
5224.015625,0.888182808
5225.015625,0.951632315
5226.011719,0.891328828
5227.011719,0.921852772
5228.015625,0.905981884
5229.015625,0.912446948
5230.015625,0.895138082
5231.015625,0.886346808
5232.015625,0.859159919
5233.015625,0.87901514
5234.015625,0.855175585
5235.011719,0.858225142
5236.015625,0.837580537
5237.015625,0.86078005
5238.015625,0.818950303
5239.015625,0.833820626
5240.015625,0.812152512
5241.011719,0.80674163
5242.015625,0.818557544
5243.015625,0.863026161
5244.015625,0.809038975
5245.015625,0.821169359
5246.015625,0.819173985
5247.015625,0.801986005
5248.015625,0.866255322
5249.015625,0.853703479
5250.015625,0.815310703
5251.015625,0.838889734
5252.015625,0.858203185
5253.015625,0.819483521
5254.015625,0.86576462
5255.015625,0.826850385
5256.015625,0.868286386
5257.015625,0.82013113
5258.015625,0.88310819
5259.015625,0.841277867
5260.015625,0.857305168
5261.015625,0.882636978
5262.015625,0.887347126
5263.015625,0.870949435
5264.015625,0.876470183
5265.015625,0.884879142
5266.015625,0.918047137
5267.015625,0.938952923
5268.015625,0.913301462
5269.015625,0.879690791
5270.019531,0.853960055
5271.015625,0.869433579
5272.015625,0.907968787
5273.015625,0.854475839
5274.015625,0.867909334
5275.019531,0.8479389
5276.019531,0.879946874
5277.019531,0.8746341
5278.019531,0.880859611
5279.019531,0.913821029
5280.019531,0.815341952
5281.019531,0.812504975
5282.019531,0.843818795
5283.019531,0.810214456
5284.019531,0.882977435
5285.019531,0.849633455
5286.019531,0.809226473
5287.019531,0.825804179
5288.019531,0.863957566
5289.019531,0.862394178
5290.019531,0.831042036
5291.019531,0.835863697
5292.019531,0.824843663
5293.019531,0.830202736
5294.019531,0.819106469
5295.023438,0.79585745
5296.023438,0.77942522
5297.023438,0.76574
5298.023438,0.752012182
5299.023438,0.756790997
5300.023438,0.755576865
5301.023438,0.77261608
5302.023438,0.790579627
5303.023438,0.786542169
5304.023438,0.795160336
5305.023438,0.793795219
5306.023438,0.821623384
5307.027344,0.856213979
5308.023438,0.856110855
5309.027344,0.86117396
5310.023438,0.85812613
5311.023438,0.881990274
5312.027344,0.909357013
5313.023438,0.911069577
5314.023438,0.861162283
5315.023438,0.890455564
5316.023438,0.955004319
5317.023438,0.900328159
5318.027344,0.892701265
5319.027344,0.881252699
5320.027344,0.901494512
5321.027344,0.912240536
5322.027344,0.950588082
5323.023438,0.893687603
5324.023438,0.935965536
5325.027344,0.910819333
5326.027344,0.89001922
5327.027344,0.926994248
5328.023438,0.882056145
5329.027344,0.859373157
5330.027344,0.85478225
5331.027344,0.835501118
5332.023438,0.817301389
5333.027344,0.82908301
5334.027344,0.855316291
5335.027344,0.842405241
5336.027344,0.872211428
5337.027344,0.862710869
5338.027344,0.877569349
5339.027344,0.844672816
5340.027344,0.889630162
5341.027344,0.84225738
5342.027344,0.848072863
5343.027344,0.871001079
5344.027344,0.929077121
5345.027344,0.895706826
5346.027344,0.881975883
5347.03125,0.868629475
5348.03125,0.805786953
5349.027344,0.795240352
5350.03125,0.787092903
5351.03125,0.793414795
5352.03125,0.793552293
5353.03125,0.789319525
5354.03125,0.833068413
5355.035156,0.824435937
5356.03125,0.835871591
5357.035156,0.804983754
5358.035156,0.835995603
5359.035156,0.828173809
5360.03125,0.855791368
5361.035156,0.87224498
5362.035156,0.874234022
5363.035156,0.889028441
5364.035156,0.901168858
5365.035156,0.893821237
5366.035156,0.856061349
5367.035156,0.819398407
5368.035156,0.824159459
5369.035156,0.783972623
5370.035156,0.846517945
5371.035156,0.829277663
5372.039063,0.818998822
5373.039063,0.883476278
5374.035156,0.876930869
5375.039063,0.835279657
5376.039063,0.874163957
5377.039063,0.829526427
5378.039063,0.874224647
5379.035156,0.842542986
5380.039063,0.883885813
5381.039063,0.903994651
5382.039063,0.90036311
5383.039063,0.850674727
5384.035156,0.855574265
5385.035156,0.831857241
5386.039063,0.851035332
5387.039063,0.857768732
5388.039063,0.840973841
5389.035156,0.8404398
5390.035156,0.922634013
5391.035156,0.95869762
5392.035156,0.947998388
5393.035156,0.994932359
5394.035156,0.959263897
5395.039063,0.938584012
5396.039063,0.934834874
5397.035156,1.049157619
5398.039063,0.975070969
5399.039063,1.019662283
5400.039063,1.083726092
5401.039063,1.031726056
5402.039063,0.930108031
5403.039063,1.016305492
5404.039063,0.990746547
5405.039063,1.02010792
5406.039063,1.021004292
5407.039063,1.094939463
5408.039063,1.064974066
5409.035156,1.022643913
5410.039063,1.043902245
5411.039063,1.010791487
5412.039063,1.101796382
5413.039063,1.077132575
5414.039063,1.03307596
5415.039063,0.976815935
5416.042969,0.920713063
5417.039063,0.979219528
5418.042969,1.000442006
5419.039063,0.983455998
5420.039063,1.022984782
5421.039063,1.018167397
5422.042969,0.989035298
5423.039063,0.954946589
5424.042969,0.963449708
5425.039063,0.935319655
5426.042969,0.945320209
5427.042969,0.967211018
5428.042969,1.024761408
5429.042969,0.965489737
5430.042969,1.011758171
5431.042969,0.990189316
5432.042969,1.036027985
5433.042969,0.987775854
5434.042969,0.967614139
5435.039063,1.003537779
5436.042969,0.987804801
5437.042969,1.033994371
5438.042969,1.008220214
5439.042969,1.014039891
5440.046875,1.036017952
5441.042969,1.057813614
5442.042969,1.039169893
5443.042969,1.009550464
5444.042969,1.027743449
5445.042969,1.044182423
5446.042969,1.076425263
5447.042969,1.019691559
5448.046875,0.994224307
5449.042969,1.028809228
5450.042969,0.993384102
5451.046875,0.997725586
5452.046875,0.976211171
5453.046875,0.974019582
5454.046875,0.969432459
5455.046875,1.007128532
5456.046875,0.993947665
5457.046875,0.986871423
5458.046875,0.996433083
5459.046875,1.022631249
5460.046875,1.036383573
5461.046875,1.016202533
5462.046875,0.975849662
5463.046875,1.034974131
5464.046875,0.996815398
5465.046875,0.972294107
5466.046875,1.029619252
5467.046875,1.035459981
5468.046875,1.027345263
5469.050781,1.032512479
5470.050781,1.074972893
5471.050781,1.047268164
5472.050781,1.046506577
5473.050781,1.021261526
5474.050781,0.996039913
5475.050781,1.033477271
5476.050781,1.026699381
5477.050781,0.991869973
5478.050781,1.034715992
5479.050781,1.009630726
5480.050781,1.045054454
5481.050781,1.020113101
5482.050781,1.085114565
5483.050781,1.081374719
5484.054688,1.030480592
5485.054688,1.04432058
5486.054688,1.069791862
5487.054688,1.07964398
5488.054688,1.037938245
5489.054688,1.068542697
5490.054688,1.02398913
5491.054688,1.012250353
5492.054688,1.045623445
5493.054688,1.021132498
5494.054688,1.020703391
5495.054688,1.032905649
5496.054688,1.047849244
5497.054688,0.998469822
5498.054688,1.001719542
5499.054688,1.048481474
5500.054688,1.022587911
5501.054688,1.007975809
5502.058594,1.027873958
5503.058594,1.024410507
5504.058594,1.028312029
5505.058594,1.029813576
5506.054688,1.06942731
5507.058594,1.007689381
5508.054688,1.052042622
5509.054688,0.993797091
5510.054688,1.025330892
5511.058594,1.015327131
5512.058594,1.021850254
5513.058594,0.980048549
5514.058594,1.05060489
5515.058594,1.052900343
5516.0625,1.028367456
5517.0625,1.02453789
5518.0625,1.008452778
5519.0625,1.006329444
5520.0625,1.032349651
5521.0625,0.942522623
5522.066406,0.965925094
5523.0625,0.971818865
5524.0625,0.982894572
5525.066406,0.959951718
5526.0625,0.919382731
5527.0625,0.978178832
5528.066406,1.039712651
5529.066406,0.991842424
5530.0625,1.076649027
5531.066406,1.043577742
5532.066406,1.036669919
5533.066406,1.023766023
5534.070313,0.992752776
5535.066406,1.026816403
5536.066406,0.987131042
5537.066406,1.039901465
5538.066406,1.019957428
5539.070313,1.007944888
5540.066406,0.984998251
5541.070313,0.94293002
5542.070313,0.992114131
5543.070313,0.911083969
5544.070313,0.944206323
5545.066406,0.940227334
5546.070313,0.940849696
5547.070313,0.961805318
5548.070313,0.965821559
5549.070313,1.011211466
5550.070313,0.995235234
5551.066406,0.981276662
5552.070313,0.962950865
5553.070313,0.981437104
5554.070313,0.980845087
5555.070313,0.995709407
5556.074219,0.984021041
5557.070313,0.989485458
5558.070313,1.036432997
5559.070313,1.000098506
5560.074219,1.045741782
5561.074219,1.094486589
5562.074219,1.069119747
5563.074219,0.99981068
5564.074219,1.023932058
5565.074219,1.044803141
5566.074219,1.036280367
5567.074219,1.066685397
5568.074219,0.998687172
5569.074219,0.983665864
5570.074219,0.993396273
5571.074219,0.970870355
5572.074219,0.992218736
5573.074219,0.993677191
5574.074219,1.012404793
5575.074219,0.998955179
5576.074219,0.952365448
5577.074219,1.028534395
5578.074219,0.994544781
5579.078125,1.008870619
5580.078125,1.038601149
5581.078125,1.069330353
5582.078125,1.07723134
5583.078125,1.092073127
5584.074219,1.034779643
5585.078125,1.028638999
5586.078125,1.056701455
5587.078125,1.053476653
5588.078125,1.041234921
5589.078125,1.049007291
5590.078125,1.083920087
5591.078125,1.120924308
5592.078125,1.125189396
5593.078125,1.13145989
5594.078125,1.129989757
5595.078125,1.112776942
5596.078125,1.142550235
5597.078125,1.117412009
5598.078125,1.074790165
5599.078125,1.081058768
5600.078125,1.046690457
5601.078125,1.102736832
5602.078125,1.030811181
5603.078125,1.015051805
5604.078125,1.038917429
5605.078125,1.051087122
5606.078125,0.98517144
5607.082031,1.028807172
5608.078125,1.041398571
5609.078125,1.056710994
5610.078125,1.057114197
5611.078125,1.07296724
5612.078125,1.05898153
5613.078125,1.073057782
5614.078125,1.06137213
5615.078125,0.967615784
5616.082031,1.022126649
5617.078125,1.02869936
5618.078125,0.997707001
5619.078125,1.000481397
5620.078125,1.001348657
5621.078125,1.028952154
5622.082031,1.041016256
5623.082031,1.077220156
5624.078125,0.998387668
5625.078125,0.987048312
5626.078125,1.018740418
5627.082031,0.996549941
5628.078125,0.97330783
5629.078125,1.004953225
5630.082031,1.052873945
5631.078125,1.011662037
5632.082031,1.107472967
5633.082031,1.028845494
5634.082031,1.078597445
5635.082031,1.02345254
5636.082031,1.069835693
5637.082031,1.062504026
5638.082031,1.062973347
5639.082031,1.06346446
5640.082031,1.041414442
5641.082031,0.996826089
5642.082031,0.987360151
5643.082031,1.077802634
5644.082031,1.119557711
5645.082031,1.059089423
5646.085938,1.069149105
5647.082031,1.105580471
5648.082031,1.096587061
5649.082031,1.063477371
5650.082031,1.131626747
5651.082031,1.078564221
5652.082031,1.062181743
5653.082031,1.037569416
5654.085938,1.038061023
5655.085938,1.023577045
5656.085938,1.046655342
5657.085938,1.09955175
5658.085938,1.078456657
5659.085938,1.036263673
5660.085938,1.165239556
5661.089844,1.140429451
5662.085938,1.106518783
5663.089844,1.13241284
5664.089844,1.098401104
5665.089844,1.115018695
5666.089844,1.130509406
5667.089844,1.10267458
5668.089844,1.070356247
5669.09375,1.062621953
5670.09375,1.129546752
5671.09375,1.121257199
5672.09375,1.170997144
5673.09375,1.181333632
5674.09375,1.055316354
5675.09375,1.058675447
5676.09375,1.032422595
5677.09375,1.028610792
5678.09375,1.067378811
5679.097656,1.070767838
5680.09375,1.071627862
5681.097656,1.066041243
5682.097656,1.038623271
5683.097656,1.084006599
5684.097656,1.046892757
5685.097656,1.016035347
5686.097656,1.02193397
5687.097656,1.002210162
5688.097656,0.990638489
5689.097656,0.985803095
5690.097656,1.005208815
5691.097656,1.022718172
5692.097656,0.957671561
5693.097656,0.98827848
5694.097656,0.992263801
5695.097656,0.940384816
5696.097656,0.986422743
5697.097656,1.007508215
5698.097656,1.046229113
5699.101563,1.026345109
5700.101563,1.007719644
5701.101563,1.000474571
5702.101563,0.966375583
5703.101563,0.962530392
5704.101563,0.913017008
5705.101563,0.955968865
5706.101563,0.943389966
5707.101563,0.984586742
5708.101563,0.95136587
5709.101563,0.97168038
5710.101563,0.977058778
5711.101563,0.935429275
5712.101563,0.952664458
5713.101563,0.967609122
5714.105469,0.958471882
5715.101563,0.957031272
5716.105469,0.983763725
5717.101563,1.007361342
5718.101563,1.001515596
5719.105469,0.988399696
5720.105469,1.006189068
5721.105469,0.936704427
5722.101563,0.927501808
5723.105469,0.939868703
5724.105469,0.888670961
5725.105469,0.889469966
5726.105469,0.941624441
5727.105469,0.920791187
5728.105469,0.923709496
5729.105469,0.968068493
5730.105469,0.967032566
5731.105469,0.935120644
5732.109375,0.933339248
5733.105469,0.959526723
5734.105469,0.932277334
5735.105469,0.901241226
5736.105469,0.911462172
5737.105469,0.900383998
5738.105469,0.888576061
5739.105469,0.887658718
5740.109375,0.893527408
5741.109375,0.845822146
5742.109375,0.872752952
5743.109375,0.886553631
5744.109375,0.928448591
5745.105469,0.924602579
5746.109375,0.953330077
5747.109375,0.980438101
5748.105469,0.885723048
5749.109375,0.911830096
5750.109375,0.910291214
5751.109375,0.920541025
5752.109375,0.811069381
5753.109375,0.798838998
5754.109375,0.791113832
5755.109375,0.854386777
5756.109375,0.795026867
5757.113281,0.780061397
5758.113281,0.791530028
5759.113281,0.812984164
5760.113281,0.824285609
5761.109375,0.806363262
5762.113281,0.815840796
5763.113281,0.818975303
5764.109375,0.834676785
5765.109375,0.853435307
5766.113281,0.876565248
5767.113281,0.884295102
5768.113281,0.858439696
5769.117188,0.835858022
5770.113281,0.822166964
5771.113281,0.81312709
5772.113281,0.834632624
5773.113281,0.79695933
5774.113281,0.794129014
5775.113281,0.900666889
5776.113281,0.845893444
5777.113281,0.871142771
5778.113281,0.875330063
5779.113281,0.874786401
5780.113281,0.904398841
5781.117188,0.880943574
5782.113281,0.887904686
5783.113281,0.881130908
5784.117188,0.866384926
5785.113281,0.940981438
5786.113281,0.924863842
5787.113281,0.899594861
5788.113281,0.883726687
5789.113281,1.008569306
5790.117188,0.952012985
5791.113281,0.924635062
5792.117188,0.902173288
5793.117188,0.869579876
5794.117188,0.8936691
5795.175781,0.876262373
5796.125,0.835583601
5797.117188,0.837310474
5798.117188,0.857039299
5799.117188,0.87970765
5800.117188,0.860582848
5801.117188,0.927705836
5802.117188,0.895850574
5803.117188,0.912872602
5804.117188,0.865630657
5805.117188,0.835681379
5806.117188,0.824834781
5807.121094,0.864619977
5808.121094,0.951434784
5809.117188,1.021034473
5810.117188,0.970252763
5811.121094,0.9079516
5812.121094,0.96756784
5813.121094,1.019710802
5814.121094,1.060140482
5815.121094,1.016433205
5816.117188,1.095226548
5817.121094,1.060448784
5818.121094,1.006075993
5819.121094,1.029376656
5820.121094,1.026610237
5821.121094,1.06904779
5822.121094,1.058964918
5823.125,1.04950375
5824.125,0.935256333
5825.125,1.020973783
5826.125,1.038894978
5827.125,1.005908561
5828.125,0.98555614
5829.125,1.009453014
5830.125,0.995749373
5831.125,0.992703599
5832.125,0.968352947
5833.125,0.991591439
5834.128906,1.030860522
5835.125,1.032732707
5836.125,0.995803978
5837.125,0.932824204
5838.125,1.050996251
5839.128906,1.033695279
5840.128906,1.056431721
5841.128906,1.118441521
5842.125,1.044680856
5843.128906,1.09693533
5844.128906,1.153404563
5845.128906,1.160923482
5846.128906,1.197733626
5847.128906,1.114614259
5848.132813,1.133165464
5849.128906,1.12459376
5850.128906,1.137663362
5851.128906,1.100947624
5852.132813,1.126413725
5853.128906,1.108634798
5854.132813,1.125292602
5855.132813,1.071648421
5856.132813,1.14097558
5857.132813,1.174660264
5858.128906,1.155039662
5859.128906,1.273892047
5860.132813,1.246953017
5861.132813,1.248674299
5862.128906,1.270580239
5863.132813,1.180178463
5864.132813,1.089202104
5865.132813,1.06525704
5866.128906,1.106970752
5867.132813,1.13165997
5868.128906,1.099299615
5869.132813,1.09574225
5870.132813,1.206111911
5871.132813,1.108589074
5872.128906,1.096557456
5873.132813,1.049762793
5874.136719,1.052527567
5875.132813,1.05373841
5876.132813,1.031189713
5877.132813,1.080287477
5878.132813,1.019543781
5879.132813,1.058703243
5880.132813,1.058740414
5881.132813,1.009627848
5882.132813,1.028341058
5883.132813,0.960559936
5884.132813,0.994059835
5885.132813,1.006233228
5886.132813,1.054770554
5887.132813,1.039217014
5888.132813,1.021943098
5889.132813,1.060701167
5890.132813,1.040251296
5891.132813,1.031898094
5892.136719,1.014835442
5893.136719,1.028842451
5894.136719,1.087327453
5895.136719,1.088442326
5896.136719,1.057253423
5897.140625,1.057723155
5898.136719,1.085275665
5899.140625,1.111787479
5900.136719,1.027214919
5901.136719,1.10688202
5902.140625,1.025293228
5903.140625,1.026513117
5904.136719,1.053851238
5905.136719,1.026847899
5906.136719,1.021219751
5907.136719,1.005446888
5908.140625,0.972920169
5909.140625,0.982619822
5910.136719,1.031131408
5911.140625,1.0644869
5912.199219,0.998031504
5913.148438,1.182205005
5914.199219,1.009043808
5915.148438,1.024003028
5916.140625,1.033025467
5917.144531,3.653278875
5918.148438,0.981322303
5919.136719,1.087162981
5920.140625,1.03056365
5921.140625,1.018039356
5922.140625,1.05024963
5923.140625,1.088920117
5924.140625,1.108683235
5925.140625,1.027396825
5926.140625,1.163058904
5927.140625,1.129570271
5928.140625,1.134938554
5929.140625,1.155801825
5930.140625,1.00888279
5931.144531,0.927992264
5932.144531,0.953803756
5933.140625,0.947396997
5934.144531,0.988578477
5935.144531,0.996207017
5936.144531,0.965646149
5937.144531,1.015624989
5938.148438,0.99741531
5939.144531,1.007085933
5940.144531,1.03883988
5941.148438,0.980615978
5942.144531,0.998013083
5943.148438,1.053767768
5944.144531,1.078765206
5945.148438,1.083748131
5946.144531,1.063831808
5947.148438,1.085399759
5948.148438,1.072844955
5949.148438,1.061808885
5950.148438,1.129604892
5951.148438,1.167380734
5952.148438,1.148980843
5953.148438,1.080259763
5954.152344,1.031641929
5955.148438,1.036445579
5956.152344,1.147069267
5957.152344,1.106673469
5958.152344,1.111011089
5959.15625,1.091971977
5960.152344,1.07004227
5961.15625,1.088109599
5962.152344,1.067230951
5963.152344,1.035452169
5964.152344,1.107782833
5965.152344,1.114078409
5966.152344,1.089186809
5967.15625,1.066846251
5968.15625,1.093642437
5969.21875,1.10484158
5970.164063,1.160648074
5971.15625,1.100187928
5972.15625,1.068248786
5973.214844,0.969922092
5974.167969,1.28318825
5975.15625,1.381735171
5976.15625,1.214017504
5977.15625,1.127744797
5978.160156,1.312046421
5979.160156,1.339067933
5980.160156,1.296119119
5981.160156,1.473148203
5982.160156,1.48829377
5983.160156,1.598281609
5984.164063,1.532182459
5985.167969,2.909301725
5986.230469,2.296065159
5987.171875,2.080363285
5988.164063,2.071240354
5989.164063,2.040163702
5990.226563,1.049680064
5991.175781,1.04873731
5992.164063,0.98610819
5993.167969,1.051053405
5994.167969,1.018488611
5995.171875,2.823388471
5996.164063,3.576074083
5997.167969,3.621227562
5998.175781,1.983921523
5999.167969,1.906815579
6000.171875,3.659062367
6001.167969,2.351895337
6002.175781,1.022247783
6003.167969,1.049852266
6004.164063,1.036073626
6005.167969,1.067065081
6006.167969,1.066544527
6007.226563,1.037006922
6008.175781,1.118368002
6009.164063,1.085465054
6010.222656,1.086859777
6011.175781,1.118006822
6012.167969,1.050657685
6013.226563,1.01376843
6014.175781,1.105953493
6015.226563,1.034091245
6016.167969,2.896677842
6017.167969,3.237597003
6018.167969,3.100823751
6019.167969,3.344830759
6020.167969,2.998077448
6021.167969,3.107826968
6022.167969,3.831914521
6023.167969,3.022190356
6024.167969,2.972392189
6025.167969,2.895977192
6026.167969,2.619939595
6027.167969,2.724602654
6028.167969,2.578035918
6029.167969,2.611805962
6030.179688,1.054378946
6031.226563,0.932747724
6032.175781,1.008387811
6033.167969,1.040008289
6034.167969,1.028733242
6035.167969,1.129861469
6036.167969,1.110733296
6037.167969,1.173252302
6038.167969,1.200250623
6039.167969,1.096167328
6040.167969,1.094303367
6041.167969,1.09429391
6042.171875,1.099310141
6043.171875,1.115739658
6044.167969,1.043478401
6045.171875,1.089108355
6046.171875,1.059557593
6047.171875,0.989011943
6048.171875,1.035898875
6049.171875,1.008228931
6050.171875,1.019786706
6051.171875,1.071805574
6052.171875,1.086939381
6053.171875,1.035593861
6054.171875,1.036212194
6055.171875,1.095616265
6056.175781,1.054257154
6057.175781,1.027689502
6058.175781,1.110525732
6059.175781,1.122008179
6060.175781,1.055945213
6061.175781,1.165756327
6062.175781,1.112563457
6063.175781,1.21327039
6064.179688,1.149049263
6065.179688,1.239210334
6066.175781,1.199734757
6067.175781,1.185626515
6068.175781,1.21567645
6069.179688,1.22517298
6070.179688,1.238976044
6071.175781,1.255876855
6072.179688,1.285135516
6073.179688,1.27920038
6074.179688,1.240378003
6075.179688,1.264284334
6076.183594,1.229338397
6077.179688,1.246779417
6078.179688,1.287589931
6079.179688,1.246956964
6080.183594,1.257714748
6081.179688,1.214181893
6082.183594,1.216433761
6083.179688,1.236968088
6084.183594,1.246228189
6085.183594,1.256356127
6086.183594,1.225356284
6087.179688,1.25302927
6088.183594,1.238764204
6089.183594,1.249812856
6090.179688,1.343234584
6091.183594,1.356747026
6092.179688,1.279011155
6093.183594,1.337209647
6094.183594,1.29309415
6095.183594,1.34695272
6096.179688,1.289082268
6097.183594,1.282958647
6098.183594,1.328024709
6099.183594,1.294578099
6100.179688,1.258383079
6101.183594,1.294289697
6102.183594,1.297684892
6103.183594,1.218692126
6104.183594,1.233188193
6105.183594,1.19156675
6106.183594,1.221361095
6107.183594,1.16377041
6108.183594,1.196340055
6109.183594,1.279942066
6110.1875,1.24702703
6111.183594,1.279029494
6112.1875,1.230074821
6113.183594,1.200715997
6114.1875,1.162115246
6115.183594,1.169609247
6116.183594,1.156161854
6117.1875,1.151849727
6118.1875,1.171750261
6119.1875,1.090779884
6120.1875,1.213067842
6121.1875,1.13298068
6122.1875,1.137998309
6123.1875,1.137274632
6124.1875,1.111280823
6125.1875,1.125082571
6126.1875,1.097894448
6127.1875,1.159581062
6128.191406,1.155888913
6129.1875,1.064533199
6130.191406,1.041334098
6131.191406,1.093203132
6132.191406,1.066469281
6133.191406,1.042069205
6134.191406,1.112993058
6135.191406,1.067017219
6136.191406,1.022370643
6137.191406,1.060374854
6138.191406,1.135569387
6139.191406,1.077066951
6140.191406,1.168599143
6141.191406,1.147819506
6142.191406,1.172398692
6143.191406,1.097285902
6144.191406,1.074815987
6145.191406,1.065509834
6146.191406,1.100412432
6147.191406,1.079142176
6148.191406,1.094108632
6149.195313,1.055383459
6150.191406,1.078061348
6151.191406,1.037669004
6152.191406,1.049985159
6153.191406,1.008826705
6154.195313,1.04887045
6155.191406,1.031395961
6156.195313,1.034980299
6157.195313,1.008233619
6158.191406,1.001686072
6159.195313,0.996466636
6160.191406,0.999282231
6161.195313,1.020592783
6162.191406,1.036673044
6163.195313,1.041999469
6164.195313,0.975786423
6165.195313,0.963600611
6166.195313,0.959062007
6167.195313,1.026975447
6168.195313,1.001432785
6169.195313,0.964361377
6170.195313,1.032736819
6171.195313,1.027282681
6172.195313,1.031081326
6173.195313,1.07404116
6174.195313,1.066240994
6175.195313,1.09275141
6176.195313,1.064947011
6177.195313,1.074594032
6178.195313,1.096191177
6179.195313,1.077695398
6180.195313,1.088995034
6181.199219,1.073022749
6182.195313,1.029754037
6183.195313,1.064399812
6184.195313,1.013027566
6185.199219,1.032356888
6186.195313,1.059066809
6187.199219,1.080523905
6188.199219,1.036239743
6189.195313,1.051048388
6190.199219,1.051644764
6191.199219,1.026627589
6192.199219,1.00956946
6193.199219,1.043429389
6194.199219,1.05554094
6195.199219,1.069472375
6196.199219,1.022727876
6197.199219,1.04467181
6198.199219,1.01226861
6199.199219,1.016185263
6200.199219,0.991272528
6201.199219,0.9731015
6202.199219,1.016451132
6203.199219,1.012785874
6204.199219,1.007671536
6205.199219,0.999552212
6206.199219,0.991466276
6207.203125,1.152801691
6208.199219,1.066898553
6209.199219,1.099327411
6210.199219,1.020861613
6211.203125,1.100434636
6212.203125,1.109915294
6213.203125,0.9936628
6214.203125,1.057892314
6215.203125,1.04156074
6216.203125,1.069795974
6217.203125,1.072724973
6218.203125,1.093157162
6219.203125,0.966567686
6220.203125,0.993477357
6221.203125,1.027829879
6222.203125,0.990109876
6223.207031,1.022255184
6224.203125,0.983222365
6225.207031,0.971545924
6226.203125,1.023588476
6227.203125,1.073482777
6228.203125,1.049855555
6229.203125,1.063511581
6230.207031,1.06174211
6231.203125,1.050257607
6232.203125,1.106136139
6233.203125,1.125048279
6234.203125,1.091839248
6235.207031,1.063496532
6236.207031,1.0524339
6237.203125,1.039014138
6238.207031,1.081989021
6239.203125,1.106656035
6240.203125,1.065218801
6241.207031,1.069080685
6242.207031,1.111167502
6243.203125,1.082094037
6244.203125,1.044658817
6245.207031,1.012312606
6246.207031,1.0142815
6247.203125,1.095508207
6248.203125,1.107059649
6249.207031,1.113756044
6250.207031,1.058030635
6251.207031,1.091464416
6252.207031,1.092225511
6253.207031,1.005740141
6254.203125,1.0892174
6255.207031,1.107809806
6256.207031,1.015641601
6257.207031,1.040938707
6258.207031,1.066987368
6259.207031,1.098539508
6260.207031,1.120633357
6261.207031,1.089238699
6262.207031,1.146970173
6263.207031,1.072032217
6264.207031,1.016343568
6265.207031,1.040484436
6266.207031,1.048698906
6267.207031,1.073711805
6268.207031,1.042418626
6269.207031,1.060835211
6270.210938,1.087774488
6271.207031,1.111816672
6272.210938,1.08010664
6273.210938,1.070040297
6274.210938,1.026190998
6275.210938,1.068728468
6276.210938,1.087798254
6277.210938,1.078224669
6278.210938,1.080193563
6279.210938,1.056606554
6280.210938,1.046688072
6281.210938,0.998355514
6282.210938,1.051036053
6283.210938,1.036113017
6284.210938,1.081078587
6285.210938,1.050896992
6286.210938,1.058238528
6287.210938,1.11586038
6288.210938,1.086852211
6289.210938,1.052717615
6290.210938,1.052043937
6291.210938,1.036456023
6292.210938,1.048234602
6293.210938,1.023573262
6294.214844,1.130469028
6295.210938,1.087864783
6296.214844,1.079310513
6297.214844,1.098425775
6298.214844,1.093327637
6299.214844,1.117486022
6300.214844,1.114764668
6301.214844,1.05068803
6302.214844,1.117842679
6303.214844,1.135875304
6304.214844,1.091058746
6305.214844,1.116696967
6306.214844,1.163487847
6307.214844,1.145041903
6308.214844,1.089466575
6309.214844,1.115880857
6310.214844,1.135665603
6311.21875,1.090993533
6312.214844,1.106961048
6313.214844,1.086191034
6314.21875,1.042665252
6315.214844,1.046654848
6316.214844,1.083751421
6317.21875,1.070213074
6318.214844,1.127449241
6319.214844,1.053967519
6320.214844,1.058055141
6321.214844,1.084262353
6322.21875,1.064311984
6323.21875,1.070253535
6324.21875,1.098534409
6325.21875,1.01544037
6326.21875,1.104441584
6327.21875,1.093732896
6328.21875,1.190603931
6329.222656,1.236335529
6330.21875,1.150404759
6331.222656,1.165800323
6332.222656,1.083730204
6333.21875,1.043133668
6334.222656,1.054742347
6335.222656,0.998943666
6336.226563,1.069843835
6337.222656,1.085752222
6338.222656,1.112791662
6339.226563,1.157071384
6340.226563,1.151812721
6341.226563,1.117692516
6342.226563,1.048298499
6343.226563,1.06514964
6344.226563,1.071242916
6345.230469,1.072797752
6346.230469,1.13632974
6347.226563,1.160782858
6348.230469,1.151677032
6349.230469,1.151721275
6350.226563,1.135939695
6351.230469,1.123744345
6352.230469,1.043477661
6353.230469,1.058097411
6354.230469,1.007612244
6355.230469,1.026472574
6356.230469,1.084075842
6357.230469,1.070402957
6358.230469,1.169370105
6359.230469,1.139945492
6360.230469,1.10602068
6361.230469,1.106668288
6362.230469,1.188343592
6363.226563,1.141432072
6364.230469,1.133350002
6365.230469,1.138779551
6366.230469,1.077266702
6367.230469,1.095350231
6368.230469,1.137049799
6369.230469,1.176721756
6370.230469,1.136010747
6371.230469,1.16976344
6372.234375,1.169045026
6373.230469,1.195540064
6374.230469,1.146184161
6375.230469,1.162300112
6376.230469,1.1859349
6377.230469,1.250940229
6378.230469,1.214401381
6379.230469,1.282255858
6380.230469,1.258006439
6381.230469,1.180648689
6382.230469,1.219386445
6383.230469,1.21987838
6384.230469,1.245095471
6385.230469,1.352141317
6386.230469,1.426989472
6387.230469,1.348449826
6388.230469,1.264908916
6389.230469,1.256998554
6390.230469,1.196697124
6391.289063,2.342447079
6392.230469,2.298860854
6393.238281,1.98960074
6394.238281,4.574396292
6395.230469,3.393813803
6396.230469,2.37875213
6397.351563,2.618057707
6398.230469,2.765819003
6399.230469,4.05818224
6400.234375,3.363902271
6401.230469,2.477229891
6402.230469,3.499194618
6403.230469,3.710002628
6404.234375,3.80938515
6405.242188,1.694797713
6406.230469,1.556094382
6407.230469,1.558882511
6408.289063,2.548285569
6409.242188,1.701100773
6410.234375,1.792243413
6411.242188,2.821222704
6412.234375,2.98415654
6413.238281,2.399227247
6414.238281,2.916580597
6415.234375,2.22708923
6416.304688,2.267305425
6417.296875,1.947577492
6418.25,2.309228181
6419.246094,1.956393683
6420.246094,2.026820584
6421.25,2.504857072
6422.246094,1.634083211
6423.296875,2.020126081
6424.25,1.667970031
6425.246094,1.883887199
6426.246094,1.977338203
6427.238281,1.788126514
6428.300781,1.872404916
6429.25,2.047684841
6430.246094,4.283089446
6431.363281,1.903647684
6432.25,1.695232083
6433.242188,1.72241667
6434.246094,2.074352986
6435.242188,1.848731642
6436.246094,1.809655074
6437.304688,1.93584587
6438.253906,1.866320769
6439.253906,2.37458293
6440.246094,2.217363509
6441.253906,1.726213177
6442.246094,1.809273335
6443.246094,1.986122487
6444.25,2.491359186
6445.253906,1.982624497
6446.253906,2.81177971
6447.257813,1.911947763
6448.253906,2.558820986
6449.316406,2.288957996
6450.257813,1.620793875
6451.320313,2.254262961
6452.308594,2.160359659
6453.257813,2.150839857
6454.359375,1.96084117
6455.257813,1.847937736
6456.253906,2.251090132
6457.25,2.804272551
6458.25,2.276586085
6459.257813,2.074634068
6460.25,2.01516462
6461.308594,2.05005258
6462.261719,2.170500508
6463.253906,2.642072918
6464.316406,2.957822603
6465.257813,1.828418202
6466.265625,2.323484776
6467.261719,2.181176548
6468.257813,2.333353424
6469.25,2.442815775
6470.253906,2.906788593
6471.253906,3.188566591
6472.253906,2.63098948
6473.25,2.341744619
6474.25,2.744042419
6475.265625,2.290247292
6476.25,2.277282459
6477.25,2.561321453
6478.25,2.274270155
6479.253906,2.493106536
6480.25,2.343176841
6481.261719,2.113456363
6482.257813,2.084724095
6483.25,2.056345771
6484.253906,1.920198828
6485.253906,1.941256669
6486.253906,1.949121555
6487.3125,2.161010639
6488.265625,2.035788254
6489.253906,2.264915482
6490.257813,2.123952307
6491.261719,3.536107393
6492.25,2.638303549
6493.253906,2.336602403
6494.253906,2.516682278
6495.253906,3.151681776
6496.253906,2.803324864
6497.253906,2.743406735
6498.253906,2.298245564
6499.253906,2.829764063
6500.253906,2.69588009
6501.253906,2.30321196
6502.253906,2.504194743
6503.253906,2.244614213
6504.253906,2.252004268
6505.316406,3.69756756
6506.257813,3.191849451
6507.257813,3.004484948
6508.257813,3.01455162
6509.257813,3.002476087
6510.257813,2.893482152
6511.257813,2.914672064
6512.257813,2.810471829
6513.257813,2.812647464
6514.257813,2.753935244
6515.257813,2.924144005
6516.257813,3.12350641
6517.257813,3.439929114
6518.257813,3.512515203
6519.253906,3.15759553
6520.257813,3.212906799
6521.257813,3.226323765
6522.257813,3.257511599
6523.257813,3.311027491
6524.257813,3.32246257
6525.257813,3.125558034
6526.257813,3.07916312
6527.257813,3.229766492
6528.257813,3.226144819
6529.257813,3.196456969
6530.261719,3.407377807
6531.261719,3.320127726
6532.257813,3.735573415
6533.257813,3.249838323
6534.257813,3.656523907
6535.257813,3.505745537
6536.261719,3.477035637
6537.261719,3.544403688
6538.261719,3.300626941
6539.261719,3.10733421
6540.261719,3.414888585
6541.261719,2.933754103
6542.261719,3.08057429
6543.261719,2.997900477
6544.261719,3.09173799
6545.261719,3.206567062
6546.261719,3.195660267
6547.261719,3.666190912
6548.261719,3.181456796
6549.261719,3.423847044
6550.261719,3.249437012
6551.261719,3.209573938
6552.261719,3.089698537
6553.261719,3.202893745
6554.261719,3.06716785
6555.261719,3.681479898
6556.261719,4.548049526
6557.261719,4.482676191
6558.261719,4.376703935
6559.261719,4.699211773
6560.261719,5.177514706
6561.261719,3.86065567
6562.261719,3.678316773
6563.261719,3.992926009
6564.261719,4.73407424
6565.261719,5.018976548
6566.261719,4.895126846
6567.261719,5.00647898
6568.261719,5.224924082
6569.261719,4.820531238
6570.265625,5.004637552
6571.261719,4.788848014
6572.265625,4.741044892
6573.261719,3.511043179
6574.261719,3.406076176
6575.265625,3.548949036
6576.261719,4.049869168
6577.265625,3.761224794
6578.265625,3.787161038
6579.265625,4.263011036
6580.265625,3.308218639
6581.265625,4.191209149
6582.265625,4.528851699
6583.265625,3.806989451
6584.265625,3.845774904
6585.265625,3.681975287
6586.265625,3.912767959
6587.265625,3.418956306
6588.265625,3.533102819
6589.265625,4.01677609
6590.261719,3.766127704
6591.265625,3.903060823
6592.265625,3.653116376
6593.265625,3.40922713
6594.265625,3.642100043
6595.265625,4.007995589
6596.265625,3.802409235
6597.265625,5.426871658
6598.265625,3.701446138
6599.265625,3.791169878
6600.269531,3.646702956
6601.265625,4.091288804
6602.269531,4.117423401
6603.269531,3.994961514
6604.269531,3.965950631
6605.269531,3.838665109
6606.269531,3.827191544
6607.269531,3.844139723
6608.265625,3.940931153
6609.265625,3.722817956
6610.269531,3.959330305
6611.269531,4.400115205
6612.269531,4.154524332
6613.335938,3.997898325
6614.277344,4.364478404
6615.269531,4.275233277
6616.269531,3.804589147
6617.269531,3.504359367
6618.269531,3.228856633
6619.269531,3.831625379
6620.269531,3.268321355
6621.269531,3.35371389
6622.269531,3.445246493
6623.269531,4.002495646
6624.273438,3.314755084
6625.269531,3.53119626
6626.269531,4.060952934
6627.269531,3.890971474
6628.269531,3.406453146
6629.269531,3.51925066
6630.269531,3.776184178
6631.273438,3.429511788
6632.273438,4.409468727
6633.273438,4.809735956
6634.273438,4.599750963
6635.273438,4.914315134
6636.273438,3.959401356
6637.273438,4.899204764
6638.273438,4.085980306
6639.273438,3.782864043
6640.273438,3.817068952
6641.273438,3.970893014
6642.273438,3.50402187
6643.273438,3.362475642
6644.273438,3.444280385
6645.273438,3.574192853
6646.273438,3.59417883
6647.277344,3.13162705
6648.277344,2.700256361
6649.277344,2.653185796
6650.277344,2.838016609
6651.277344,5.343027133
6652.277344,5.000577068
6653.277344,5.913717594
6654.277344,4.21609672
6655.277344,6.248045047
6656.277344,4.153857234
6657.277344,4.778002732
6658.277344,5.813731131
6659.277344,5.223680345
6660.277344,5.039779622
6661.277344,4.814109923
6662.277344,5.100809251
6663.277344,4.645052138
6664.277344,4.399096466
6665.277344,4.657828321
6666.277344,4.555374121
6667.28125,3.664884017
6668.28125,3.479645807
6669.285156,5.009019743
6670.28125,5.173656193
6671.28125,5.013099964
6672.28125,5.108722985
6673.285156,5.488662464
6674.28125,5.420845405
6675.285156,5.516880922
6676.285156,5.333715717
6677.285156,5.208203203
6678.285156,3.591923919
6679.285156,3.801802334
6680.285156,4.487051803
6681.285156,4.405190482
6682.28125,4.506494365
6683.285156,4.310571397
6684.285156,4.346232541
6685.285156,4.180932611
6686.285156,4.135185717
6687.285156,4.307834913
6688.289063,4.764152876
6689.285156,4.590902042
6690.285156,4.562591151
6691.289063,4.63480981
6692.289063,4.779315876
6693.289063,4.350254209
6694.289063,5.676594396
6695.285156,5.220232684
6696.289063,4.281234531
6697.289063,4.106457068
6698.289063,4.457401782
6699.289063,4.120774024
6700.289063,4.104067619
6701.289063,3.784132122
6702.289063,3.685861102
6703.289063,3.660316959
6704.289063,3.63078766
6705.292969,3.170108558
6706.289063,3.039189851
6707.292969,3.012505588
6708.292969,2.828347959
6709.292969,3.805773674
6710.292969,3.632553432
6711.292969,3.399907819
6712.292969,3.234653941
6713.292969,3.587886132
6714.296875,3.132940523
6715.296875,3.944618286
6716.296875,3.80409902
6717.292969,2.720793812
6718.296875,2.782825405
6719.292969,2.728121039
6720.292969,3.863052685
6721.292969,3.042250674
6722.296875,3.053518978
6723.292969,3.391385868
6724.296875,3.410661326
6725.296875,2.717758975
6726.296875,2.758681741
6727.296875,2.879259931
6728.296875,3.393997683
6729.292969,2.956673602
6730.296875,3.449157308
6731.296875,3.191108012
6732.296875,2.530264374
6733.296875,2.354588565
6734.296875,2.705080653
6735.292969,3.732740879
6736.296875,3.045844716
6737.296875,3.838293402
6738.296875,3.934688126
6739.296875,3.757689962
6740.296875,3.692471889
6741.296875,2.844599435
6742.296875,2.754142973
6743.296875,3.466801533
6744.296875,3.603807348
6745.296875,3.330124003
6746.296875,3.397828893
6747.296875,2.838170555
6748.296875,3.319269511
6749.296875,3.720841331
6750.296875,3.680248989
6751.296875,4.704590994
6752.296875,3.150625866
6753.296875,3.920294525
6754.296875,2.906955696
6755.292969,3.552982876
6756.296875,2.787378647
6757.296875,3.542774429
6758.296875,3.466695284
6759.296875,2.671176728
6760.296875,2.69595953
6761.296875,3.225257328
6762.296875,2.747439753
6763.296875,3.23429934
6764.296875,3.037696774
6765.296875,3.410920863
6766.300781,3.319364576
6767.296875,2.989468656
6768.300781,2.865412377
6769.300781,3.627027502
6770.300781,3.101146445
6771.300781,3.03609712
6772.300781,2.739820753
6773.300781,2.671349753
6774.300781,3.114907486
6775.300781,2.783755988
6776.304688,2.637994835
6777.304688,3.099481988
6778.308594,3.064951426
6779.304688,3.825078408
6780.304688,3.131616852
6781.304688,3.581438501
6782.304688,3.546609586
6783.304688,3.607923424
6784.304688,3.661552473
6785.304688,3.327071404
6786.304688,3.602868542
6787.304688,3.430523291
6788.304688,3.663273179
6789.304688,3.778184815
6790.304688,3.516575688
6791.304688,3.598444575
6792.304688,3.265554608
6793.308594,2.887118731
6794.304688,2.935422506
6795.308594,3.240002899
6796.304688,3.812236436
6797.304688,3.305943991
6798.308594,3.201027645
6799.304688,4.738435708
6800.304688,3.46137001
6801.304688,3.483464847
6802.304688,3.621122958
6803.304688,3.748597294
6804.308594,3.40611532
6805.308594,3.481603353
6806.304688,3.607539875
6807.308594,3.349431369
6808.308594,3.562830471
6809.308594,3.509934967
6810.308594,2.758320396
6811.308594,2.848174069
6812.308594,2.980215134
6813.308594,3.24109598
6814.308594,3.780263741
6815.3125,4.616759997
6816.308594,2.941592837
6817.308594,2.962857419
6818.308594,3.200258246
6819.3125,2.694779608
6820.3125,3.515900695
6821.3125,4.099722269
6822.3125,3.629574515
6823.3125,3.532471246
6824.3125,3.159278408
6825.3125,3.871345033
6826.3125,3.677478952
6827.3125,3.469282757
6828.3125,3.904265415
6829.308594,3.691125521
6830.3125,3.680926943
6831.3125,3.764086935
6832.3125,5.127714236
6833.3125,4.402132619
6834.3125,3.262187866
6835.3125,3.398494347
6836.3125,3.450857619
6837.3125,3.900478613
6838.316406,3.164446775
6839.3125,3.202003951
6840.3125,3.041303645
6841.3125,2.845467518
6842.3125,3.306133463
6843.3125,3.545221772
6844.3125,3.172995042
6845.3125,2.899782744
6846.316406,2.913710889
6847.316406,4.112851409
6848.316406,2.937799784
6849.316406,3.145680193
6850.316406,3.102887874
6851.316406,3.049682834
6852.316406,3.143754555
6853.320313,3.301327592
6854.320313,3.036352709
6855.320313,3.740330274
6856.320313,3.229412548
6857.320313,3.594236066
6858.320313,3.626149222
6859.320313,3.603409326
6860.320313,3.886862306
6861.320313,4.691625997
6862.320313,3.425057558
6863.320313,3.166303006
6864.320313,3.066242202
6865.320313,3.323282298
6866.320313,3.210944319
6867.320313,4.776771495
6868.320313,3.728085335
6869.320313,4.700372616
6870.320313,3.255982338
6871.320313,4.082865207
6872.324219,3.362771033
6873.324219,3.399934463
6874.324219,3.63965895
6875.324219,3.547502669
6876.324219,2.935171522
6877.324219,4.610528812
6878.324219,3.798608617
6879.324219,3.993729948
6880.324219,3.529784432
6881.324219,3.002160301
6882.320313,3.214891975
6883.324219,3.032410645
6884.324219,2.938908983
6885.324219,2.946846401
6886.324219,3.189126124
6887.328125,2.877210939
6888.324219,3.130634626
6889.328125,3.359649684
6890.324219,3.169896718
6891.328125,2.676150525
6892.328125,3.356018472
6893.328125,2.82659403
6894.328125,3.644223376
6895.328125,3.954440224
6896.328125,3.448004688
6897.328125,2.81807504
6898.324219,3.313406414
6899.328125,3.36529502
6900.328125,3.288011282
6901.328125,2.899953795
6902.328125,3.472757721
6903.328125,3.574767189
6904.328125,3.234759861
6905.328125,4.48423703
6906.328125,5.410153411
6907.328125,3.577500055
6908.328125,3.959442146
6909.328125,3.620788751
6910.328125,3.591255834
6911.328125,3.516301677
6912.332031,3.571437618
6913.332031,4.420917292
6914.328125,4.949231548
6915.332031,4.491030051
6916.328125,4.771804112
6917.332031,4.856928558
6918.332031,4.974394445
6919.332031,4.862543302
6920.332031,4.732091037
6921.332031,4.306200061
6922.332031,4.069442978
6923.332031,4.142347156
6924.332031,4.105937994
6925.332031,4.136662346
6926.332031,4.654632959
6927.390625,5.356944094
6928.335938,4.494957642
6929.332031,3.879182781
6930.332031,3.474675135
6931.328125,3.297950324
6932.332031,3.711491428
6933.332031,3.796583309
6934.332031,3.783324894
6935.332031,3.539240913
6936.332031,3.708033899
6937.332031,3.564321245
6938.332031,4.021261899
6939.332031,3.808065427
6940.332031,4.499065494
6941.332031,4.095491392
6942.332031,3.592277205
6943.332031,4.725420054
6944.332031,4.893834425
6945.332031,4.457717239
6946.332031,4.306607952
6947.332031,4.126729884
6948.332031,4.202167588
6949.332031,3.840682851
6950.332031,4.008931764
6951.332031,4.350116382
6952.335938,5.121810678
6953.335938,4.032132181
6954.335938,4.40438424
6955.332031,4.77289489
6956.335938,5.291078001
6957.335938,4.683099111
6958.335938,4.994340948
6959.335938,5.259842141
6960.332031,5.11506634
6961.332031,4.391014971
6962.335938,4.953712093
6963.332031,4.873446808
6964.335938,5.120990621
6965.335938,4.702988379
6966.335938,4.887685805
6967.335938,4.984015726
6968.339844,5.084840667
6969.335938,5.191434627
6970.335938,4.979232552
6971.335938,4.595952647
6972.335938,4.627753633
6973.339844,4.469105279
6974.339844,4.863105797
6975.339844,4.61251366
6976.339844,4.850251654
6977.339844,4.137851479
6978.339844,4.811784618
6979.339844,4.640415015
6980.339844,4.427609328
6981.339844,4.592489525
6982.339844,4.653054028
6983.34375,4.28581672
6984.34375,4.315668384
6985.34375,5.137398346
6986.34375,4.130074257
6987.34375,4.333460634
6988.34375,3.97057953
6989.339844,2.894397274
6990.34375,2.999642235
6991.339844,3.389609571
6992.34375,4.026633883
6993.34375,4.188828581
6994.34375,3.975936382
6995.347656,4.299996507
6996.34375,4.012538634
6997.34375,3.927224717
6998.34375,3.598916938
6999.34375,4.829432462
7000.34375,4.331577101
7001.347656,4.557335285
7002.34375,4.212477678
7003.347656,4.521835982
7004.347656,4.729754877
7005.347656,5.653049246
7006.347656,5.039336205
7007.347656,5.276431443
7008.347656,5.076953578
7009.347656,4.702021941
7010.347656,4.331324143
7011.347656,4.352301557
7012.347656,4.92753901
7013.351563,4.488783693
7014.347656,5.190135956
7015.347656,4.574351227
7016.347656,4.840538596
7017.351563,5.143616373
7018.347656,5.167908884
7019.347656,5.894220428
7020.351563,3.637510617
7021.351563,4.958206126
7022.351563,4.447249256
7023.351563,3.933287483
7024.351563,3.699259976
7025.355469,4.462406006
7026.351563,4.162007478
7027.355469,4.289375565
7028.351563,4.450584418
7029.355469,4.21539574
7030.355469,5.009734538
7031.355469,4.139064953
7032.355469,4.666660795
7033.355469,6.335510587
7034.355469,4.915733211
7035.355469,4.838723813
7036.355469,4.734289041
7037.355469,4.601576602
7038.355469,4.899363644
7039.355469,4.397403391
7040.355469,4.025105609
7041.355469,3.755756101
7042.355469,3.735436904
7043.355469,3.8448634
7044.355469,3.83537238
7045.355469,3.966558519
7046.355469,3.70846021
7047.355469,4.325089668
7048.355469,4.533692767
7049.355469,4.394360002
7050.351563,3.745852914
7051.355469,3.993998037
7052.355469,4.302869833
7053.355469,3.902512802
7054.355469,4.551067258
7055.355469,6.591718455
7056.355469,4.737185063
7057.355469,3.817207766
7058.355469,3.722278159
7059.355469,3.771513503
7060.355469,4.185560523
7061.355469,4.694542414
7062.355469,4.108425139
7063.359375,4.793871646
7064.355469,5.949736957
7065.355469,4.812415204
7066.355469,4.610542298
7067.355469,3.934725955
7068.359375,3.71307332
7069.359375,4.178054022
7070.359375,4.004432139
7071.359375,3.55355162
7072.359375,3.467530473
7073.359375,4.63428942
7074.359375,4.795104857
7075.359375,3.9778061
7076.359375,5.200330916
7077.359375,7.792210605
7078.359375,4.202544229
7079.355469,4.695729573
7080.359375,4.815584908
7081.359375,4.420412692
7082.355469,4.599035839
7083.355469,5.782545929
7084.355469,5.247220233
7085.355469,5.272119316
7086.359375,4.310392452
7087.355469,6.408630223
7088.355469,5.849039976
7089.359375,4.686757297
7090.355469,3.989479005
7091.359375,4.458446508
7092.355469,3.886976121
7093.359375,3.944524537
7094.355469,6.207369811
7095.355469,6.196233742
7096.355469,11.38302138
7097.355469,5.680605539
7098.359375,6.163543292
7099.359375,5.37839749
7100.359375,7.093927718
7101.355469,5.840736114
7102.355469,7.672487505
7103.355469,7.886791861
7104.355469,7.246297848
7105.355469,6.575292967
7106.359375,6.380816038
7107.355469,5.901657193
7108.355469,6.364263578
7109.359375,6.067271264
7110.417969,8.149417426
7111.363281,4.476383493
7112.355469,4.842488247
7113.359375,4.96396429
7114.359375,5.039058905
7115.359375,5.144836426
7116.359375,4.646944552
7117.359375,6.244653634
7118.359375,6.420609046
7119.359375,6.045813592
7120.359375,5.497826514
7121.359375,5.557066689
7122.363281,6.368548402
7123.359375,5.447157632
7124.359375,5.427771978
7125.363281,5.326595725
7126.363281,5.958707259
7127.363281,6.203779716
7128.359375,4.927476181
7129.363281,5.066926379
7130.363281,5.304573256
7131.359375,5.539447135
7132.363281,6.136132392
7133.363281,5.202661484
7134.363281,5.5060386
7135.359375,5.285190891
7136.363281,5.52921632
7137.359375,7.483405914
7138.363281,6.867616908
7139.359375,7.002062224
7140.363281,6.615908335
7141.363281,6.134495567
7142.359375,8.491105986
7143.363281,7.160045453
7144.363281,7.584871309
7145.363281,6.400365835
7146.367188,7.262712809
7147.363281,7.657365294
7148.363281,8.513205757
7149.421875,20.27874882
7150.367188,109.1110575
7151.367188,2207.580634
7152.367188,2207.578613
7153.367188,2207.579118
7154.363281,2207.580297
7155.363281,2207.578444
7156.363281,2207.579286
7157.363281,2207.576255
7158.363281,2207.576929
7159.367188,2207.579286
7160.367188,2207.577097
7161.367188,2207.57996
7162.367188,2207.579792
7163.367188,2207.578613
7164.367188,2207.57895
7165.367188,2207.577939
7166.367188,2207.576255
7167.367188,2207.576929
7168.367188,2207.579286
7169.367188,2207.578781
7170.367188,2207.578444
7171.367188,2207.577434
7172.367188,2207.57996
7173.371094,2207.576086
7174.371094,2207.576086
7175.371094,2207.57895
7176.375,2207.576929
7177.375,2207.577771
7178.375,2207.576929
7179.371094,2207.576929
7180.371094,2207.57996
7181.375,2207.577434
7182.371094,2207.577097
7183.375,2207.576929
7184.375,2207.578444
7185.375,2207.577434
7186.375,2207.577602
7187.375,2207.576086
7188.375,2207.57676
7189.375,2207.574402
7190.375,2207.577265
7191.375,2207.574908
7192.375,2207.577939
7193.375,2207.575918
7194.375,2207.579286
7195.375,2207.581644
7196.375,2207.577265
7197.375,2207.578276
7198.375,2207.575581
7199.378906,2207.57676
7200.375,2207.576929
7201.378906,2207.577434
7202.375,2207.577939
7203.375,2207.57676
7204.378906,2207.576255
7205.375,2207.577265
7206.378906,2207.577265
7207.375,2207.577771
7208.375,2207.57895
7209.375,2207.577434
7210.375,2207.57575
7211.375,2207.577771
7212.378906,2207.578276
7213.378906,2207.580297
7214.375,2207.579286
7215.378906,2207.577265
7216.378906,2207.578613
7217.378906,2207.577771
7218.378906,2207.579623
7219.378906,2207.581139
7220.378906,2207.57895
7221.382813,2207.577097
7222.382813,2207.578781
7223.382813,2207.579118
7224.382813,2207.579792
7225.382813,2207.576929
7226.382813,2207.577265
7227.382813,2207.578276
7228.382813,2207.576255
7229.382813,2207.577434
7230.382813,2207.578781
7231.386719,2207.578781
7232.386719,2207.57676
7233.382813,2207.577939
7234.382813,2207.579118
7235.382813,2207.576255
7236.382813,2207.575076
7237.382813,2207.57676
7238.382813,2207.576255
7239.382813,2207.576423
7240.386719,2207.576423
7241.382813,2207.577265
7242.382813,2207.577097
7243.382813,2207.57575
7244.386719,2207.57895
7245.386719,2207.575581
7246.382813,2207.577265
7247.386719,2207.575581
7248.382813,2207.57895
7249.382813,2207.576423
7250.386719,2207.577939
7251.386719,2207.578613
7252.386719,2207.577097
7253.386719,2207.577434
7254.386719,2207.57676
7255.386719,2207.576255
7256.390625,2207.576929
7257.386719,2207.576255
7258.386719,2207.577265
7259.386719,2207.576423
7260.386719,2207.578444
7261.390625,2207.578444
7262.390625,2207.577434
7263.386719,2207.574739
7264.390625,2207.577939
7265.386719,2207.576255
7266.390625,2207.577434
7267.386719,2207.577939
7268.390625,2207.575918
7269.390625,2207.576929
7270.386719,2207.577265
7271.390625,2207.577434
7272.390625,2207.576086
7273.390625,2207.577097
7274.390625,2207.579118
7275.390625,2207.575413
7276.390625,2207.577939
7277.390625,2207.576255
7278.390625,2207.576423
7279.390625,2207.578276
7280.390625,2207.576929
7281.390625,2207.576255
7282.390625,2207.576929
7283.390625,2207.57676
7284.390625,2207.577265
7285.390625,2207.576255
7286.390625,2207.57676
7287.394531,2207.575413
7288.390625,2207.576423
7289.394531,2207.576086
7290.394531,2207.577939
7291.394531,2207.575076
7292.394531,2207.575413
7293.394531,2207.578781
7294.394531,2207.578613
7295.390625,2207.578276
7296.394531,2207.577265
7297.394531,2207.576423
7298.394531,2207.578613
7299.394531,2207.575076
7300.394531,2207.577771
7301.394531,2207.577939
7302.394531,2207.576255
7303.394531,2207.577602
7304.394531,2207.577097
7305.394531,2207.577602
7306.394531,2207.57575
7307.394531,2207.576929
7308.394531,2207.576255
7309.398438,2207.573897
7310.394531,2207.575581
7311.394531,2207.575918
7312.398438,2207.576086
7313.398438,2207.576255
7314.398438,2207.578276
7315.398438,2207.575413
7316.398438,2207.576255
7317.398438,2207.578781
7318.398438,2207.575413
7319.398438,2207.578276
7320.398438,2207.57676
7321.398438,2207.576086
7322.398438,2207.578444
7323.398438,2207.575581
7324.398438,2207.577265
7325.402344,2207.577097
7326.398438,2207.576255
7327.398438,2207.57575
7328.398438,2207.576423
7329.398438,2207.575918
7330.398438,2207.575413
7331.398438,2207.578276
7332.398438,2207.576423
7333.398438,2207.579118
7334.398438,2207.577097
7335.402344,2207.576086
7336.398438,2207.576929
7337.402344,2207.574065
7338.402344,2207.578613
7339.402344,2207.579118
7340.402344,2207.576255
7341.40625,2207.576423
7342.402344,2207.577265
7343.40625,2207.578613
7344.402344,2207.577602
7345.40625,2207.57676
7346.402344,2207.577265
7347.40625,2207.575918
7348.40625,2207.577265
7349.40625,2207.577265
7350.40625,2207.574739
7351.40625,2207.576086
7352.40625,2207.576929
7353.40625,2207.577434
7354.40625,2207.576423
7355.410156,2207.577265
7356.40625,2207.577097
7357.40625,2207.577939
7358.40625,2207.576929
7359.40625,2207.576929
7360.410156,2207.576255
7361.40625,2207.573392
7362.40625,2207.576086
7363.410156,2207.576255
7364.40625,2207.574739
7365.410156,2207.575918
7366.410156,2207.576086
7367.410156,2207.577265
7368.410156,2207.576929
7369.410156,2207.577771
7370.410156,2207.576929
7371.410156,2207.577097
7372.410156,2207.576423
7373.414063,2207.576423
7374.410156,2207.576086
7375.410156,2207.577434
7376.410156,2207.57575
7377.410156,2207.57676
7378.414063,2207.575413
7379.410156,2207.57575
7380.414063,2207.577265
7381.414063,2207.577265
7382.414063,2207.573897
7383.414063,2207.578613
7384.414063,2207.577939
7385.414063,2207.576423
7386.414063,2207.575918
7387.417969,2207.574571
7388.414063,2207.574739
7389.414063,2207.578444
7390.417969,2207.576423
7391.417969,2207.57676
7392.417969,2207.575076
7393.414063,2207.577265
7394.417969,2207.576423
7395.414063,2207.575918
7396.417969,2207.57895
7397.417969,2207.577771
7398.417969,2207.577434
7399.417969,2207.577771
7400.414063,2207.576255
7401.414063,2207.574571
7402.417969,2207.574234
7403.417969,2207.576423
7404.414063,2207.574402
7405.421875,2207.575918
7406.417969,2207.576423
7407.417969,2207.577097
7408.417969,2207.575413
7409.417969,2207.578276
7410.417969,2207.577434
7411.417969,2207.575076
7412.417969,2207.57676
7413.417969,2207.574739
7414.417969,2207.577265
7415.417969,2207.575918
7416.417969,2207.576929
7417.417969,2207.576423
7418.417969,2207.57676
7419.421875,2207.575581
7420.417969,2207.578781
7421.417969,2207.574908
7422.417969,2207.577771
7423.417969,2207.576255
7424.421875,2207.575918
7425.417969,2207.57895
7426.417969,2207.57575
7427.417969,2207.578613
7428.421875,2207.575581
7429.421875,2207.578444
7430.421875,2207.575918
7431.421875,2207.577771
7432.421875,2207.576423
7433.421875,2207.57676
7434.421875,2207.579286
7435.421875,2207.576929
7436.425781,2207.575076
7437.425781,2207.575076
7438.425781,2207.577097
7439.425781,2207.575918
7440.425781,2207.575918
7441.425781,2207.574402
7442.425781,2207.577097
7443.425781,2207.577602
7444.429688,2207.576929
7445.429688,2207.57895
7446.429688,2207.575076
7447.429688,2207.576929
7448.429688,2207.575918
7449.429688,2207.574234
7450.429688,2207.576255
7451.429688,2207.575581
7452.429688,2207.57676
7453.429688,2207.575581
7454.429688,2207.576255
7455.429688,2207.57575
7456.429688,2207.576255
7457.429688,2207.576255
7458.429688,2207.575918
7459.429688,2207.576255
7460.429688,2207.574402
7461.429688,2207.575918
7462.433594,2207.57676
7463.429688,2207.577097
7464.429688,2207.57575
7465.429688,2207.57895
7466.429688,2207.574908
7467.429688,2207.576423
7468.433594,2207.574065
7469.433594,2207.576086
7470.433594,2207.578613
7471.429688,2207.574571
7472.433594,2207.575581
7473.429688,2207.574402
7474.433594,2207.57575
7475.433594,2207.576255
7476.433594,2207.576423
7477.433594,2207.576086
7478.433594,2207.576086
7479.433594,2207.577602
7480.433594,2207.577097
7481.433594,2207.578781
7482.433594,2207.57575
7483.433594,2207.576255
7484.4375,2207.574065
7485.4375,2207.574739
7486.4375,2207.576929
7487.4375,2207.577434
7488.433594,2207.573392
7489.4375,2207.57575
7490.4375,2207.574908
7491.4375,2207.578444
7492.4375,2207.578613
7493.4375,2207.572718
7494.441406,2207.577602
7495.4375,2207.575076
7496.4375,2207.576086
7497.4375,2207.57676
7498.4375,2207.575581
7499.4375,2207.576086
7500.4375,2207.573392
7501.4375,2207.573392
7502.4375,2207.576255
7503.4375,2207.576929
7504.4375,2207.574739
7505.4375,2207.575076
7506.4375,2207.575918
7507.4375,2207.576086
7508.4375,2207.576086
7509.4375,2207.578276
7510.441406,2207.575918
7511.4375,2207.573897
7512.4375,2207.573897
7513.4375,2207.576423
7514.441406,2207.573897
7515.441406,2207.575076
7516.4375,2207.575918
7517.4375,2207.576086
7518.4375,2207.579118
7519.441406,2207.578276
7520.4375,2207.576255
7521.441406,2207.57356
7522.441406,2207.57575
7523.441406,2207.574234
7524.441406,2207.574908
7525.4375,2207.576423
7526.4375,2207.574739
7527.441406,2207.57356
7528.441406,2207.577939
7529.441406,2207.57575
7530.4375,2207.574571
7531.4375,2207.575076
7532.441406,2207.575581
7533.4375,2207.575918
7534.441406,2207.574908
7535.4375,2207.574065
7536.441406,2207.575076
7537.441406,2207.574571
7538.4375,2207.574234
7539.441406,2207.577097
7540.441406,2207.574571
7541.441406,2207.575581
7542.441406,2207.575918
7543.441406,2207.57575
7544.4375,2207.574234
7545.441406,2207.57575
7546.441406,2207.574908
7547.441406,2207.576086
7548.441406,2207.577265
7549.441406,2207.575581
7550.445313,2207.575918
7551.441406,2207.574739
7552.441406,2207.575413
7553.441406,2207.574065
7554.441406,2207.575413
7555.445313,2207.574402
7556.445313,2207.573223
7557.441406,2207.57356
7558.441406,2207.57356
7559.441406,2207.575918
7560.445313,2207.571876
7561.445313,2207.576255
7562.441406,2207.574571
7563.441406,2207.572886
7564.441406,2207.57356
7565.441406,2207.574571
7566.441406,2207.57356
7567.445313,2207.575581
7568.441406,2207.575581
7569.445313,2207.575413
7570.441406,2207.577097
7571.441406,2207.574908
7572.441406,2207.574908
7573.445313,2207.576929
7574.441406,2207.577434
7575.445313,2207.574402
7576.445313,2207.576423
7577.445313,2207.574065
7578.445313,2207.576086
7579.445313,2207.574234
7580.441406,2207.573897
7581.445313,2207.574065
7582.445313,2207.574234
7583.445313,2207.575076
7584.445313,2207.576255
7585.445313,2207.576423
7586.445313,2207.57356
7587.445313,2207.575076
7588.449219,2207.57575
7589.445313,2207.574739
7590.449219,2207.576255
7591.449219,2207.574739
7592.449219,2207.574402
7593.445313,2207.575918
7594.449219,2207.57356
7595.449219,2207.575581
7596.449219,2207.57676
7597.449219,2207.575076
7598.449219,2207.574402
7599.449219,2207.575918
7600.449219,2207.574234
7601.445313,2207.57676
7602.449219,2207.577097
7603.449219,2207.574402
7604.449219,2207.577434
7605.449219,2207.573897
7606.449219,2207.574065
7607.449219,2207.573897
7608.449219,2207.573897
7609.453125,2207.57356
7610.453125,2207.574065
7611.453125,2207.574065
7612.449219,2207.578613
7613.449219,2207.57356
7614.449219,2207.57676
7615.449219,2207.574571
7616.449219,2207.574402
7617.453125,2207.574739
7618.453125,2207.575076
7619.449219,2207.573392
7620.453125,2207.574065
7621.453125,2207.575413
7622.457031,2207.576255
7623.457031,2207.574739
7624.453125,2207.572381
7625.457031,2207.575076
7626.457031,2207.57575
7627.457031,2207.573392
7628.457031,2207.571708
7629.453125,2207.57356
7630.453125,2207.575581
7631.453125,2207.575918
7632.453125,2207.575918
7633.453125,2207.575413
7634.453125,2207.574571
7635.457031,2207.574908
7636.457031,2207.574234
7637.457031,2207.576929
7638.453125,2207.572886
7639.457031,2207.575413
7640.453125,2207.57356
7641.453125,2207.575581
7642.453125,2207.574571
7643.457031,2207.574739
7644.453125,2207.575413
7645.453125,2207.573223
7646.457031,2207.574739
7647.457031,2207.571708
7648.457031,2207.576086
7649.457031,2207.576255
7650.457031,2207.574571
7651.453125,2207.576086
7652.457031,2207.57575
7653.457031,2207.574402
7654.457031,2207.576086
7655.457031,2207.573897
7656.457031,2207.575413
7657.457031,2207.573392
7658.457031,2207.575413
7659.457031,2207.575076
7660.457031,2207.573392
7661.457031,2207.574065
7662.460938,2207.574908
7663.460938,2207.576255
7664.460938,2207.573223
7665.460938,2207.574908
7666.457031,2207.575413
7667.460938,2207.575076
7668.457031,2207.576086
7669.460938,2207.575581
7670.460938,2207.574908
7671.460938,2207.574234
7672.460938,2207.575581
7673.460938,2207.57356
7674.460938,2207.57356
7675.464844,2207.575076
7676.464844,2207.572213
7677.464844,2207.57356
7678.464844,2207.575413
7679.464844,2207.574739
7680.464844,2207.576423
7681.464844,2207.576255
7682.464844,2207.576255
7683.46875,2207.576929
7684.464844,2207.575581
7685.46875,2207.573897
7686.46875,2207.574739
7687.46875,2207.574234
7688.46875,2207.574571
7689.46875,2207.57575
7690.46875,2207.574402
7691.472656,2207.573055
7692.46875,2207.572886
7693.46875,2207.574571
7694.46875,2207.57356
7695.472656,2207.572886
7696.472656,2207.574402
7697.472656,2207.575076
7698.472656,2207.574571
7699.472656,2207.573392
7700.472656,2207.574234
7701.472656,2207.574065
7702.476563,2207.572718
7703.476563,2207.57356
7704.476563,2207.572381
7705.476563,2207.57356
7706.476563,2207.575918
7707.480469,2207.575918
7708.480469,2207.573897
7709.480469,2207.574908
7710.480469,2207.57356
7711.480469,2207.57356
7712.476563,2207.574739
7713.476563,2207.57676
7714.480469,2207.574234
7715.480469,2207.57575
7716.476563,2207.57356
7717.480469,2207.575076
7718.480469,2207.574402
7719.480469,2207.574234
7720.480469,2207.57356
7721.476563,2207.571539
7722.480469,2207.573392
7723.480469,2207.571371
7724.480469,2207.573392
7725.480469,2207.574739
7726.476563,2207.57356
7727.476563,2207.571876
7728.476563,2207.573392
7729.480469,2207.57575
7730.480469,2207.57356
7731.480469,2207.574571
7732.480469,2207.57356
7733.476563,2207.574571
7734.480469,2207.572718
7735.484375,2207.572886
7736.480469,2207.574739
7737.480469,2207.574402
7738.480469,2207.572044
7739.480469,2207.575413
7740.480469,2207.574739
7741.480469,2207.575413
7742.480469,2207.573897
7743.480469,2207.57356
7744.480469,2207.574571
7745.480469,2207.57356
7746.480469,2207.572213
7747.480469,2207.571708
7748.484375,2207.573223
7749.484375,2207.572044
7750.484375,2207.573223
7751.484375,2207.573392
7752.484375,2207.571034
7753.484375,2207.570023
7754.484375,2207.571708
7755.488281,2207.573392
7756.488281,2207.570023
7757.488281,2207.574402
7758.488281,2207.570697
7759.484375,2207.572213
7760.484375,2207.573392
7761.488281,2207.572886
7762.488281,2207.571539
7763.488281,2207.590907
7764.488281,2207.571371
7765.488281,2207.575918
7766.488281,2207.571371
7767.488281,2207.57356
7768.488281,2207.573392
7769.488281,2207.574739
7770.488281,2207.572886
7771.492188,2207.572044
7772.488281,2207.572381
7773.492188,2207.572044
7774.492188,2207.572381
7775.496094,2207.57356
7776.492188,2207.57356
7777.492188,2207.57356
7778.492188,2207.57356
7779.496094,2207.572381
7780.492188,2207.572044
7781.492188,2207.573055
7782.492188,2207.572381
7783.492188,2207.571708
7784.496094,2207.574234
7785.496094,2207.573055
7786.496094,2207.57356
7787.492188,2207.575581
7788.496094,2207.574739
7789.496094,2207.574739
7790.496094,2207.575581
7791.496094,2207.576086
7792.492188,2207.57356
7793.492188,2207.573055
7794.496094,2207.575581
7795.496094,2207.576086
7796.496094,2207.574739
7797.496094,2207.575076
7798.496094,2207.572718
7799.496094,2207.574571
7800.496094,2207.572213
7801.496094,2207.575581
7802.496094,2207.572381
7803.5,2207.571034
7804.496094,2207.574739
7805.496094,2207.571708
7806.496094,2207.574908
7807.496094,2207.572381
7808.496094,2207.574065
7809.5,2207.57356
7810.5,2207.57356
7811.5,2207.574571
7812.496094,2207.573223
7813.5,2207.573055
7814.5,2207.571876
7815.5,2207.574739
7816.5,2207.574739
7817.496094,2207.57575
7818.5,2207.574571
7819.5,2207.574234
7820.496094,2207.573897
7821.5,2207.57356
7822.496094,2207.574571
7823.496094,2207.574739
7824.496094,2207.57356
7825.5,2207.57575
7826.5,2207.573392
7827.5,2207.56615
7828.5,2207.573897
7829.5,2207.565981
7830.5,2207.571371
7831.5,2207.576423
7832.5,2207.574402
7833.503906,2207.573223
7834.5,2207.574234
7835.503906,2207.573897
7836.503906,2207.573223
7837.5,2207.574402
7838.5,2207.573055
7839.503906,2207.571876
7840.503906,2207.572718
7841.5,2207.572886
7842.503906,2207.573392
7843.503906,2207.572886
7844.503906,2207.574402
7845.503906,2207.574739
7846.503906,2207.575413
7847.503906,2207.571371
7848.503906,2207.57356
7849.503906,2207.574065
7850.503906,2207.573897
7851.503906,2207.574065
7852.503906,2207.573392
7853.503906,2207.574739
7854.503906,2207.575918
7855.503906,2207.572213
7856.503906,2207.572044
7857.503906,2207.573392
7858.503906,2207.573223
7859.507813,2207.571708
7860.503906,2207.574908
7861.503906,2207.576086
7862.503906,2207.573223
7863.507813,2207.576255
7864.507813,2207.574234
7865.507813,2207.575581
7866.507813,2207.578781
7867.507813,2207.575413
7868.507813,2207.572213
7869.507813,2207.572886
7870.503906,2207.563118
7871.507813,2207.572213
7872.507813,2207.572718
7873.507813,2207.570865
7874.507813,2207.573897
7875.507813,2207.573055
7876.507813,2207.57356
7877.507813,2207.57356
7878.507813,2207.574908
7879.511719,2207.576423
7880.507813,2207.584507
7881.507813,2207.572044
7882.507813,2207.573392
7883.507813,2207.574234
7884.507813,2207.572213
7885.507813,2207.573223
7886.507813,2207.572381
7887.507813,2207.573392
7888.511719,2207.573055
7889.507813,2207.572718
7890.511719,2207.572381
7891.507813,2207.574234
7892.507813,2207.573223
7893.507813,2207.573392
7894.511719,2207.570023
7895.507813,2207.572718
7896.507813,2207.570529
7897.507813,2207.572213
7898.511719,2207.574065
7899.507813,2207.574234
7900.507813,2207.574908
7901.511719,2207.573897
7902.511719,2207.574065
7903.511719,2207.574234
7904.511719,2207.576086
7905.507813,2207.568171
7906.511719,2207.572044
7907.511719,2207.575076
7908.511719,2207.574571
7909.515625,2207.573055
7910.511719,2207.560423
7911.515625,2207.57356
7912.515625,2207.573055
7913.515625,2207.573055
7914.511719,2207.572886
7915.511719,2207.572213
7916.515625,2207.574065
7917.515625,2207.574234
7918.511719,2207.572718
7919.515625,2207.575413
7920.515625,2207.571876
7921.515625,2207.571539
7922.511719,2207.570529
7923.511719,2207.572213
7924.515625,2207.571539
7925.515625,2207.556213
7926.515625,2207.573392
7927.515625,2207.573223
7928.515625,2207.560087
7929.515625,2207.573055
7930.515625,2207.572718
7931.515625,2207.573392
7932.515625,2207.574571
7933.515625,2207.573392
7934.519531,2207.574065
7935.519531,2207.573055
7936.519531,2207.571876
7937.519531,2207.569518
7938.519531,2207.575076
7939.519531,2207.571034
7940.523438,2207.574402
7941.519531,2207.574234
7942.519531,2207.572718
7943.519531,2207.571034
7944.519531,2207.572886
7945.519531,2207.574739
7946.523438,2207.572044
7947.519531,2207.573392
7948.519531,2207.601855
7949.519531,2207.572718
7950.523438,2207.57356
7951.519531,2207.573223
7952.519531,2207.573055
7953.523438,2207.570697
7954.523438,2207.571876
7955.523438,2207.57356
7956.523438,2207.57356
7957.523438,2207.572886
7958.523438,2207.573392
7959.523438,2207.57356
7960.523438,2207.574065
7961.523438,2207.574065
7962.519531,2207.574908
7963.523438,2207.573055
7964.523438,2207.572718
7965.523438,2207.569855
7966.523438,2207.57356
7967.523438,2207.574908
7968.523438,2207.571539
7969.523438,2207.57356
7970.523438,2207.574908
7971.523438,2207.573223
7972.523438,2207.57356
7973.527344,2207.576086
7974.527344,2207.574571
7975.527344,2207.57356
7976.523438,2207.57356
7977.523438,2207.574739
7978.523438,2207.571708
7979.527344,2207.572381
7980.527344,2207.576255
7981.527344,2207.572381
7982.527344,2207.57356
7983.527344,2207.573055
7984.527344,2207.570192
7985.527344,2207.574234
7986.527344,2207.555708
7987.527344,2207.58956
7988.523438,2207.565981
7989.527344,2207.578276
7990.527344,2207.55756
7991.527344,2207.570529
7992.523438,2207.561939
7993.527344,2207.561602
7994.527344,2207.573055
7995.527344,2207.580971
7996.527344,2207.596465
7997.53125,2207.610781
7998.53125,2207.57356
7999.527344,2207.567665
8000.53125,2207.571371
8001.527344,2207.571876
8002.527344,2207.560592
8003.53125,2207.571876
8004.53125,2207.56615
8005.527344,2207.561939
8006.53125,2207.573055
8007.53125,2207.570865
8008.53125,2207.574402
8009.53125,2207.569013
8010.535156,2207.550992
8011.535156,2207.575076
8012.53125,2207.570865
8013.53125,2207.573897
8014.535156,2207.562613
8015.53125,2207.566992
8016.535156,2207.573897
8017.535156,2207.571539
8018.535156,2207.571371
8019.535156,2207.569855
8020.53125,2207.575076
8021.53125,2207.570529
8022.535156,2207.570865
8023.53125,2207.571371
8024.535156,2207.570023
8025.535156,2207.570023
8026.539063,2207.571539
8027.535156,2207.569181
8028.535156,2207.570529
8029.535156,2207.571034
8030.535156,2207.572044
8031.539063,2207.574065
8032.535156,2207.571708
8033.539063,2207.571034
8034.539063,2207.570865
8035.535156,2207.569855
8036.539063,2207.56935
8037.539063,2207.56935
8038.539063,2207.572718
8039.539063,2207.586528
8040.539063,2207.571876
8041.542969,2207.572381
8042.539063,2207.571034
8043.542969,2207.573392
8044.539063,2207.571034
8045.542969,2207.571371
8046.542969,2207.573055
8047.542969,2207.570865
8048.542969,2207.571876
8049.542969,2207.572381
8050.539063,2207.570697
8051.542969,2207.572381
8052.542969,2207.572886
8053.542969,2207.573392
8054.546875,2207.574065
8055.542969,2207.571034
8056.546875,2207.571371
8057.546875,2207.572213
8058.546875,2207.572044
8059.546875,2207.570865
8060.546875,2207.569181
8061.546875,2207.555539
8062.546875,2207.569518
8063.546875,2207.57036
8064.550781,2207.572044
8065.546875,2207.570529
8066.546875,2207.574234
8067.546875,2207.572044
8068.550781,2207.572886
8069.550781,2207.571539
8070.550781,2207.570023
8071.550781,2207.572381
8072.550781,2207.570865
8073.554688,2207.572718
8074.550781,2207.572718
8075.550781,2207.571876
8076.554688,2207.57356
8077.550781,2207.572213
8078.554688,2207.607581
8079.554688,2207.558571
8080.554688,2207.573392
8081.554688,2207.571034
8082.554688,2207.573055
8083.554688,2207.575076
8084.554688,2207.574402
8085.554688,2207.574234
8086.554688,2207.573392
8087.554688,2207.574739
8088.554688,2207.597644
8089.554688,2207.573055
8090.554688,2207.572044
8091.558594,2207.573223
8092.554688,2207.572213
8093.558594,2207.571034
8094.554688,2207.573223
8095.554688,2207.569518
8096.554688,2207.571371
8097.554688,2207.572213
8098.554688,2207.570192
8099.554688,2207.572213
8100.554688,2207.571708
8101.558594,2207.572381
8102.554688,2207.571708
8103.554688,2207.570192
8104.558594,2207.571371
8105.554688,2207.573223
8106.554688,2207.569855
8107.558594,2207.571708
8108.554688,2207.570697
8109.558594,2207.573055
8110.558594,2207.573223
8111.558594,2207.604718
8112.554688,2207.571034
8113.558594,2207.573055
8114.554688,2207.572044
8115.558594,2207.57356
8116.558594,2207.574234
8117.558594,2207.571876
8118.554688,2207.570023
8119.558594,2207.572213
8120.558594,2207.570023
8121.558594,2207.570865
8122.558594,2207.572213
8123.554688,2207.569518
8124.558594,2207.571876
8125.558594,2207.569181
8126.558594,2207.571708
8127.558594,2207.569518
8128.5625,2207.571708
8129.5625,2207.571876
8130.5625,2207.572718
8131.558594,2207.571876
8132.5625,2207.572718
8133.5625,2207.57356
8134.558594,2207.573223
8135.5625,2207.571539
8136.5625,2207.572718
8137.5625,2207.572886
8138.5625,2207.572213
8139.558594,2207.571539
8140.5625,2207.570697
8141.5625,2207.572718
8142.5625,2207.571034
8143.5625,2207.569855
8144.5625,2207.569518
8145.5625,2207.569013
8146.5625,2207.570865
8147.566406,2207.572044
8148.5625,2207.572886
8149.566406,2207.570865
8150.5625,2207.571034
8151.5625,2207.571539
8152.566406,2207.571371
8153.566406,2207.570697
8154.566406,2207.569855
8155.566406,2207.572381
8156.5625,2207.56935
8157.566406,2207.570865
8158.5625,2207.57036
8159.5625,2207.571034
8160.566406,2207.570865
8161.566406,2207.571708
8162.566406,2207.569855
8163.566406,2207.569855
8164.566406,2207.571034
8165.566406,2207.571876
8166.566406,2207.570865
8167.566406,2207.57036
8168.5625,2207.570023
8169.566406,2207.57356
8170.566406,2207.571371
8171.566406,2207.573055
8172.566406,2207.571034
8173.566406,2207.571708
8174.566406,2207.569518
8175.566406,2207.571876
8176.566406,2207.570697
8177.566406,2207.572886
8178.566406,2207.572213
8179.570313,2207.571034
8180.570313,2207.570697
8181.566406,2207.571539
8182.570313,2207.57356
8183.570313,2207.572213
8184.570313,2207.570865
8185.566406,2207.571708
8186.566406,2207.570023
8187.570313,2207.57356
8188.566406,2207.571371
8189.566406,2207.571371
8190.566406,2207.572213
8191.570313,2207.572718
8192.570313,2207.572886
8193.570313,2207.571876
8194.570313,2207.572381
8195.570313,2207.571708
8196.570313,2207.573055
8197.570313,2207.573055
8198.574219,2207.574065
8199.570313,2207.57356
8200.570313,2207.571371
8201.570313,2207.571876
8202.570313,2207.572381
8203.574219,2207.569181
8204.574219,2207.57036
8205.570313,2207.570697
8206.574219,2207.570865
8207.574219,2207.570865
8208.574219,2207.571371
8209.574219,2207.570192
8210.570313,2207.570865
8211.574219,2207.570529
8212.574219,2207.571876
8213.574219,2207.572044
8214.574219,2207.568002
8215.574219,2207.569181
8216.574219,2207.571539
8217.574219,2207.571876
8218.574219,2207.568508
8219.574219,2207.570865
8220.574219,2207.571708
8221.574219,2207.568844
8222.574219,2207.572044
8223.574219,2207.570023
8224.578125,2207.570697
8225.574219,2207.570697
8226.574219,2207.569855
8227.574219,2207.571371
8228.574219,2207.568171
8229.574219,2207.569181
8230.574219,2207.570192
8231.578125,2207.571708
8232.578125,2207.571371
8233.578125,2207.571371
8234.578125,2207.569855
8235.578125,2207.569181
8236.578125,2207.570529
8237.574219,2207.571876
8238.578125,2207.571539
8239.578125,2207.569518
8240.578125,2207.570529
8241.578125,2207.570023
8242.578125,2207.568508
8243.574219,2207.571371
8244.578125,2207.571034
8245.578125,2207.569181
8246.578125,2207.571034
8247.578125,2207.570865
8248.578125,2207.570529
8249.578125,2207.571371
8250.578125,2207.571708
8251.578125,2207.571708
8252.578125,2207.571034
8253.578125,2207.570697
8254.578125,2207.570865
8255.578125,2207.571876
8256.582031,2207.571708
8257.578125,2207.570697
8258.578125,2207.569855
8259.582031,2207.570697
8260.582031,2207.572381
8261.582031,2207.572886
8262.582031,2207.572381
8263.582031,2207.57356
8264.582031,2207.571876
8265.582031,2207.573055
8266.582031,2207.571034
8267.585938,2207.570023
8268.582031,2207.573392
8269.582031,2207.571708
8270.582031,2207.568844
8271.582031,2207.571708
8272.585938,2207.572213
8273.585938,2207.572044
8274.585938,2207.572213
8275.582031,2207.57356
8276.582031,2207.574234
8277.582031,2207.573223
8278.585938,2207.570529
8279.585938,2207.572044
8280.585938,2207.570192
8281.585938,2207.569013
8282.582031,2207.56935
8283.582031,2207.570697
8284.585938,2207.569013
8285.585938,2207.570192
8286.585938,2207.570697
8287.585938,2207.571034
8288.585938,2207.571371
8289.585938,2207.571539
8290.585938,2207.570865
8291.585938,2207.57036
8292.589844,2207.571539
8293.585938,2207.571539
8294.589844,2207.572044
8295.589844,2207.57356
8296.589844,2207.570529
8297.589844,2207.568508
8298.589844,2207.57036
8299.589844,2207.570023
8300.589844,2207.571371
8301.589844,2207.571708
8302.59375,2207.567834
8303.589844,2207.570529
8304.589844,2207.569181
8305.589844,2207.569855
8306.59375,2207.570192
8307.589844,2207.57036
8308.589844,2207.572044
8309.589844,2207.571708
8310.589844,2207.571539
8311.589844,2207.571876
8312.589844,2207.571371
8313.59375,2207.571371
8314.589844,2207.573055
8315.59375,2207.568676
8316.589844,2207.570529
8317.59375,2207.572044
8318.589844,2207.573055
8319.59375,2207.571539
8320.59375,2207.571876
8321.589844,2207.570529
8322.59375,2207.569855
8323.589844,2207.569855
8324.589844,2207.570529
8325.589844,2207.571539
8326.589844,2207.571371
8327.589844,2207.570697
8328.589844,2207.57036
8329.59375,2207.571708
8330.59375,2207.57036
8331.589844,2207.57036
8332.59375,2207.571708
8333.59375,2207.569013
8334.59375,2207.571539
8335.59375,2207.572718
8336.59375,2207.570192
8337.59375,2207.573055
8338.59375,2207.571034
8339.59375,2207.569855
8340.597656,2207.56935
8341.59375,2207.56935
8342.59375,2207.571708
8343.59375,2207.571034
8344.59375,2207.569518
8345.59375,2207.570697
8346.59375,2207.569181
8347.59375,2207.56935
8348.597656,2207.572044
8349.597656,2207.571034
8350.597656,2207.569013
8351.597656,2207.569013
8352.597656,2207.570529
8353.597656,2207.570023
8354.597656,2207.571371
8355.597656,2207.572213
8356.597656,2207.568002
8357.597656,2207.570865
8358.597656,2207.56935
8359.597656,2207.572381
8360.597656,2207.571034
8361.597656,2207.571539
8362.597656,2207.570192
8363.597656,2207.571034
8364.597656,2207.571539
8365.597656,2207.570697
8366.597656,2207.571371
8367.597656,2207.572213
8368.597656,2207.57356
8369.597656,2207.571876
8370.597656,2207.570192
8371.601563,2207.570023
8372.601563,2207.571539
8373.597656,2207.571371
8374.597656,2207.572381
8375.601563,2207.570023
8376.597656,2207.568844
8377.597656,2207.570865
8378.597656,2207.570192
8379.601563,2207.571034
8380.601563,2207.569518
8381.601563,2207.570529
8382.601563,2207.569855
8383.601563,2207.569013
8384.601563,2207.570697
8385.601563,2207.570697
8386.601563,2207.56935
8387.601563,2207.570529
8388.601563,2207.569855
8389.605469,2207.569518
8390.601563,2207.569855
8391.601563,2207.570865
8392.601563,2207.569855
8393.601563,2207.568002
8394.601563,2207.571034
8395.605469,2207.570697
8396.601563,2207.569013
8397.601563,2207.570697
8398.601563,2207.569855
8399.601563,2207.571371
8400.605469,2207.56935
8401.601563,2207.568676
8402.601563,2207.570192
8403.601563,2207.569855
8404.605469,2207.568508
8405.601563,2207.567329
8406.601563,2207.568844
8407.601563,2207.567665
8408.605469,2207.571371
8409.605469,2207.568676
8410.601563,2207.569855
8411.605469,2207.56935
8412.601563,2207.569855
8413.605469,2207.569855
8414.601563,2207.569855
8415.601563,2207.568844
8416.601563,2207.568676
8417.605469,2207.569181
8418.605469,2207.570697
8419.605469,2207.570023
8420.605469,2207.572718
8421.605469,2207.571371
8422.605469,2207.57036
8423.605469,2207.572213
8424.605469,2207.571034
8425.605469,2207.570023
8426.605469,2207.571034
8427.605469,2207.571371
8428.605469,2207.570529
8429.605469,2207.571708
8430.605469,2207.569013
8431.609375,2207.56935
8432.605469,2207.568676
8433.605469,2207.569013
8434.605469,2207.571539
8435.605469,2207.570865
8436.605469,2207.573223
8437.605469,2207.572718
8438.605469,2207.568844
8439.605469,2207.57036
8440.605469,2207.571371
8441.605469,2207.572213
8442.605469,2207.574065
8443.605469,2207.571539
8444.609375,2207.571034
8445.609375,2207.570192
8446.605469,2207.570865
8447.605469,2207.568676
8448.605469,2207.569855
8449.605469,2207.568844
8450.609375,2207.568844
8451.609375,2207.57036
8452.605469,2207.567497
8453.609375,2207.568171
8454.609375,2207.568508
8455.609375,2207.568508
8456.609375,2207.566655
8457.609375,2207.569518
8458.613281,2207.571539
8459.613281,2207.571876
8460.613281,2207.570529
8461.613281,2207.570529
8462.613281,2207.57036
8463.613281,2207.570865
8464.613281,2207.57036
8465.613281,2207.571539
8466.613281,2207.572213
8467.613281,2207.572044
8468.613281,2207.570529
8469.617188,2207.570529
8470.613281,2207.572718
8471.613281,2207.570865
8472.617188,2207.568508
8473.613281,2207.570023
8474.613281,2207.568002
8475.617188,2207.571539
8476.613281,2207.569855
8477.617188,2207.568676
8478.613281,2207.56935
8479.613281,2207.567497
8480.613281,2207.570192
8481.617188,2207.569013
8482.613281,2207.568508
8483.613281,2207.571876
8484.613281,2207.569518
8485.613281,2207.569181
8486.613281,2207.567497
8487.613281,2207.570865
8488.613281,2207.568676
8489.617188,2207.568002
8490.613281,2207.568676
8491.617188,2207.569855
8492.613281,2207.568676
8493.613281,2207.570023
8494.613281,2207.570865
8495.613281,2207.569855
8496.617188,2207.570697
8497.617188,2207.570697
8498.617188,2207.57036
8499.617188,2207.56935
8500.617188,2207.571876
8501.613281,2207.572213
8502.613281,2207.569518
8503.617188,2207.56935
8504.617188,2207.567834
8505.617188,2207.570023
8506.617188,2207.570023
8507.621094,2207.57036
8508.617188,2207.569518
8509.617188,2207.568844
8510.621094,2207.569181
8511.617188,2207.568508
8512.617188,2207.570697
8513.617188,2207.567834
8514.621094,2207.56935
8515.617188,2207.570192
8516.617188,2207.57036
8517.617188,2207.57036
8518.617188,2207.568676
8519.617188,2207.570865
8520.617188,2207.570192
8521.617188,2207.571034
8522.621094,2207.569855
8523.617188,2207.570529
8524.617188,2207.570865
8525.621094,2207.570529
8526.621094,2207.567665
8527.617188,2207.570529
8528.617188,2207.570023
8529.617188,2207.56935
8530.617188,2207.571034
8531.621094,2207.571371
8532.617188,2207.570192
8533.621094,2207.567329
8534.621094,2207.570192
8535.621094,2207.568508
8536.621094,2207.569855
8537.617188,2207.571034
8538.621094,2207.569855
8539.621094,2207.570529
8540.621094,2207.56935
8541.621094,2207.570192
8542.621094,2207.571371
8543.621094,2207.569181
8544.621094,2207.568844
8545.621094,2207.57036
8546.621094,2207.569181
8547.621094,2207.568508
8548.621094,2207.57036
8549.621094,2207.57036
8550.621094,2207.568844
8551.621094,2207.569013
8552.621094,2207.569855
8553.621094,2207.57036
8554.621094,2207.570023
8555.625,2207.569518
8556.625,2207.567834
8557.625,2207.56935
8558.621094,2207.568844
8559.625,2207.568676
8560.621094,2207.568676
8561.625,2207.567665
8562.625,2207.569181
8563.625,2207.568002
8564.625,2207.569518
8565.625,2207.56935
8566.625,2207.56935
8567.625,2207.569855
8568.625,2207.569855
8569.625,2207.570529
8570.625,2207.569013
8571.625,2207.569855
8572.625,2207.569518
8573.625,2207.570697
8574.625,2207.570192
8575.625,2207.568844
8576.628906,2207.568171
8577.628906,2207.568676
8578.628906,2207.569181
8579.625,2207.570529
8580.628906,2207.569518
8581.628906,2207.568844
8582.628906,2207.569855
8583.628906,2207.56935
8584.628906,2207.57036
8585.628906,2207.567329
8586.628906,2207.568844
8587.628906,2207.567329
8588.628906,2207.57036
8589.628906,2207.566655
8590.628906,2207.569518
8591.628906,2207.570023
8592.628906,2207.568508
8593.628906,2207.568508
8594.628906,2207.57036
8595.628906,2207.572213
8596.628906,2207.56935
8597.628906,2207.569013
8598.628906,2207.569181
8599.628906,2207.570192
8600.628906,2207.567329
8601.628906,2207.569855
8602.628906,2207.573392
8603.628906,2207.571876
8604.632813,2207.569518
8605.632813,2207.570192
8606.632813,2207.569181
8607.632813,2207.569518
8608.628906,2207.571371
8609.632813,2207.569855
8610.632813,2207.568676
8611.632813,2207.566655
8612.632813,2207.570529
8613.632813,2207.568676
8614.632813,2207.570865
8615.632813,2207.567665
8616.632813,2207.570192
8617.636719,2207.568508
8618.632813,2207.569013
8619.636719,2207.568844
8620.636719,2207.568002
8621.636719,2207.570023
8622.636719,2207.569855
8623.636719,2207.569181
8624.632813,2207.571371
8625.636719,2207.569518
8626.636719,2207.570865
8627.636719,2207.569181
8628.636719,2207.568002
8629.636719,2207.569855
8630.636719,2207.56935
8631.636719,2207.569013
8632.636719,2207.565981
8633.636719,2207.569013
8634.636719,2207.568676
8635.636719,2207.567497
8636.632813,2207.568676
8637.636719,2207.568676
8638.636719,2207.567497
8639.636719,2207.567834
8640.636719,2207.568002
8641.636719,2207.570023
8642.632813,2207.566487
8643.636719,2207.569181
8644.636719,2207.569013
8645.636719,2207.569181
8646.640625,2207.568844
8647.640625,2207.567834
8648.636719,2207.569518
8649.636719,2207.570192
8650.640625,2207.568844
8651.640625,2207.569013
8652.636719,2207.566487
8653.636719,2207.571539
8654.640625,2207.56716
8655.640625,2207.568676
8656.640625,2207.569518
8657.636719,2207.569181
8658.636719,2207.566655
8659.636719,2207.56716
8660.640625,2207.568508
8661.640625,2207.56716
8662.640625,2207.567329
8663.640625,2207.568171
8664.640625,2207.568844
8665.644531,2207.568844
8666.644531,2207.568171
8667.644531,2207.568171
8668.644531,2207.570865
8669.644531,2207.570192
8670.644531,2207.570023
8671.644531,2207.572718
8672.644531,2207.569518
8673.648438,2207.570865
8674.648438,2207.569518
8675.648438,2207.568171
8676.648438,2207.569518
8677.648438,2207.568508
8678.648438,2207.569181
8679.648438,2207.569518
8680.648438,2207.569013
8681.652344,2207.57036
8682.652344,2207.56716
8683.652344,2207.57036
8684.652344,2207.570192
8685.652344,2207.569181
8686.648438,2207.568844
8687.652344,2207.568844
8688.652344,2207.568844
8689.652344,2207.57036
8690.65625,2207.568508
8691.65625,2207.564634
8692.65625,2207.568171
8693.65625,2207.569181
8694.652344,2207.570192
8695.652344,2207.569855
8696.652344,2207.569855
8697.65625,2207.569855
8698.65625,2207.569518
8699.65625,2207.571876
8700.65625,2207.571034
8701.660156,2207.571539
8702.660156,2207.570865
8703.65625,2207.570865
8704.660156,2207.565813
8705.65625,2207.568844
8706.660156,2207.570023
8707.660156,2207.566992
8708.664063,2207.569181
8709.660156,2207.570023
8710.660156,2207.568508
8711.660156,2207.571034
8712.664063,2207.568002
8713.660156,2207.568676
8714.664063,2207.565981
8715.660156,2207.567497
8716.660156,2207.569518
8717.660156,2207.56935
8718.664063,2207.566487
8719.660156,2207.566487
8720.664063,2207.566992
8721.664063,2207.568844
8722.660156,2207.569518
8723.664063,2207.569855
8724.660156,2207.566487
8725.664063,2207.570529
8726.660156,2207.570192
8727.664063,2207.570023
8728.664063,2207.57036
8729.664063,2207.565981
8730.664063,2207.566992
8731.664063,2207.567497
8732.664063,2207.568002
8733.664063,2207.567834
8734.664063,2207.569013
8735.667969,2207.568508
8736.664063,2207.569013
8737.667969,2207.566487
8738.664063,2207.569013
8739.664063,2207.566655
8740.667969,2207.569855
8741.667969,2207.57036
8742.667969,2207.567665
8743.667969,2207.569181
8744.667969,2207.568844
8745.667969,2207.569855
8746.667969,2207.569855
8747.667969,2207.568002
8748.667969,2207.567497
8749.667969,2207.568844
8750.671875,2207.569855
8751.671875,2207.566992
8752.671875,2207.570192
8753.667969,2207.567497
8754.667969,2207.567497
8755.671875,2207.56935
8756.671875,2207.568002
8757.671875,2207.568002
8758.671875,2207.56716
8759.671875,2207.56935
8760.675781,2207.567665
8761.675781,2207.569181
8762.675781,2207.570192
8763.675781,2207.569013
8764.675781,2207.568508
8765.675781,2207.568844
8766.675781,2207.570192
8767.675781,2207.570865
8768.675781,2207.567834
8769.675781,2207.570023
8770.675781,2207.567834
8771.679688,2207.565476
8772.679688,2207.565981
8773.675781,2207.566318
8774.679688,2207.566487
8775.679688,2207.564971
8776.675781,2207.567329
8777.679688,2207.566487
8778.679688,2207.570023
8779.679688,2207.567834
8780.679688,2207.568844
8781.679688,2207.56935
8782.683594,2207.568002
8783.679688,2207.568002
8784.683594,2207.568508
8785.679688,2207.565813
8786.679688,2207.568676
8787.679688,2207.56935
8788.679688,2207.570865
8789.683594,2207.568844
8790.683594,2207.572213
8791.679688,2207.568844
8792.683594,2207.570023
8793.683594,2207.569181
8794.683594,2207.567834
8795.683594,2207.570023
8796.683594,2207.569855
8797.683594,2207.569518
8798.6875,2207.568844
8799.6875,2207.566487
8800.6875,2207.567665
8801.6875,2207.569181
8802.6875,2207.568676
8803.683594,2207.56935
8804.6875,2207.566655
8805.6875,2207.56716
8806.6875,2207.568508
8807.6875,2207.57036
8808.6875,2207.570192
8809.6875,2207.572044
8810.6875,2207.570529
8811.6875,2207.569855
8812.6875,2207.569181
8813.6875,2207.568676
8814.691406,2207.569013
8815.6875,2207.571539
8816.691406,2207.569855
8817.691406,2207.570192
8818.691406,2207.571708
8819.691406,2207.569855
8820.695313,2207.569518
8821.691406,2207.568171
8822.691406,2207.569518
8823.695313,2207.570697
8824.691406,2207.568171
8825.695313,2207.570529
8826.695313,2207.568002
8827.695313,2207.567329
8828.695313,2207.570023
8829.695313,2207.571371
8830.695313,2207.57036
8831.699219,2207.571371
8832.699219,2207.569013
8833.695313,2207.570023
8834.695313,2207.568676
8835.695313,2207.567834
8836.699219,2207.570865
8837.695313,2207.568676
8838.695313,2207.570529
8839.699219,2207.56935
8840.695313,2207.570023
8841.695313,2207.56716
8842.699219,2207.569181
8843.695313,2207.570529
8844.699219,2207.566992
8845.699219,2207.568171
8846.695313,2207.568844
8847.699219,2207.570697
8848.695313,2207.568676
8849.699219,2207.567834
8850.699219,2207.56935
8851.699219,2207.570697
8852.695313,2207.568171
8853.699219,2207.56935
8854.699219,2207.570529
8855.699219,2207.567497
8856.699219,2207.568676
8857.699219,2207.567497
8858.699219,2207.567497
8859.699219,2207.568676
8860.699219,2207.570023
8861.699219,2207.570192
8862.699219,2207.569855
8863.699219,2207.569013
8864.699219,2207.567329
8865.699219,2207.569181
8866.699219,2207.567329
8867.699219,2207.568676
8868.699219,2207.568676
8869.699219,2207.568508
8870.699219,2207.566487
8871.699219,2207.569855
8872.699219,2207.569518
8873.699219,2207.568508
8874.699219,2207.567834
8875.699219,2207.569013
8876.699219,2207.57036
8877.699219,2207.566992
8878.703125,2207.567497
8879.703125,2207.56935
8880.699219,2207.566487
8881.703125,2207.566487
8882.703125,2207.567329
8883.703125,2207.56615
8884.703125,2207.567834
8885.703125,2207.568508
8886.703125,2207.568002
8887.703125,2207.567834
8888.703125,2207.570865
8889.703125,2207.567665
8890.703125,2207.566487
8891.703125,2207.567329
8892.703125,2207.566487
8893.703125,2207.570529
8894.703125,2207.567665
8895.703125,2207.568171
8896.703125,2207.568508
8897.703125,2207.56935
8898.703125,2207.56615
8899.703125,2207.569518
8900.703125,2207.565813
8901.707031,2207.566992
8902.707031,2207.566655
8903.707031,2207.568844
8904.707031,2207.567329
8905.707031,2207.566487
8906.707031,2207.569518
8907.707031,2207.569855
8908.707031,2207.569181
8909.707031,2207.569181
8910.707031,2207.568171
8911.707031,2207.569013
8912.707031,2207.568171
8913.710938,2207.568508
8914.707031,2207.567665
8915.710938,2207.568508
8916.707031,2207.568002
8917.707031,2207.567329
8918.710938,2207.567497
8919.707031,2207.569855
8920.707031,2207.56716
8921.710938,2207.567497
8922.710938,2207.567329
8923.710938,2207.56935
8924.710938,2207.567329
8925.710938,2207.56716
8926.710938,2207.567497
8927.710938,2207.567834
8928.707031,2207.56935
8929.707031,2207.567665
8930.710938,2207.568002
8931.710938,2207.568676
8932.710938,2207.57036
8933.710938,2207.568508
8934.710938,2207.568676
8935.710938,2207.566992
8936.710938,2207.566992
8937.707031,2207.56615
8938.710938,2207.56716
8939.710938,2207.567665
8940.710938,2207.56716
8941.710938,2207.569181
8942.710938,2207.569013
8943.710938,2207.569518
8944.710938,2207.568676
8945.710938,2207.571876
8946.714844,2207.569855
8947.714844,2207.569181
8948.710938,2207.569013
8949.710938,2207.568844
8950.714844,2207.571034
8951.710938,2207.568508
8952.714844,2207.566655
8953.714844,2207.570865
8954.710938,2207.570865
8955.714844,2207.569181
8956.714844,2207.568508
8957.714844,2207.567497
8958.714844,2207.567834
8959.714844,2207.568508
8960.714844,2207.569013
8961.714844,2207.568508
8962.714844,2207.569855
8963.714844,2207.566487
8964.714844,2207.566655
8965.714844,2207.567834
8966.714844,2207.56935
8967.714844,2207.57036
8968.714844,2207.568508
8969.714844,2207.569518
8970.71875,2207.565476
8971.714844,2207.567497
8972.714844,2207.566655
8973.714844,2207.568002
8974.71875,2207.566318
8975.71875,2207.566655
8976.71875,2207.568508
8977.714844,2207.566992
8978.714844,2207.565981
8979.71875,2207.567497
8980.714844,2207.567665
8981.714844,2207.567665
8982.714844,2207.566992
8983.71875,2207.56716
8984.71875,2207.568171
8985.71875,2207.566318
8986.71875,2207.568508
8987.71875,2207.569855
8988.71875,2207.568002
8989.71875,2207.568508
8990.71875,2207.568676
8991.71875,2207.568002
8992.71875,2207.568002
8993.71875,2207.568508
8994.722656,2207.566655
8995.71875,2207.568171
8996.71875,2207.567497
8997.71875,2207.569855
8998.71875,2207.56935
8999.71875,2207.566992
9000.722656,2207.568171
9001.722656,2207.567665
9002.722656,2207.568508
9003.71875,2207.56716
9004.71875,2207.568508
9005.71875,2207.567834
9006.722656,2207.565476
9007.71875,2207.566487
9008.722656,2207.568844
9009.722656,2207.565476
9010.722656,2207.567329
9011.722656,2207.567329
9012.722656,2207.568508
9013.722656,2207.56615
9014.722656,2207.567497
9015.722656,2207.567329
9016.722656,2207.568171
9017.722656,2207.570023
9018.722656,2207.567497
9019.722656,2207.570192
9020.722656,2207.568171
9021.722656,2207.567665
9022.722656,2207.568676
9023.722656,2207.56935
9024.722656,2207.568676
9025.722656,2207.568508
9026.722656,2207.568002
9027.722656,2207.568844
9028.726563,2207.568002
9029.722656,2207.567665
9030.722656,2207.567665
9031.722656,2207.566992
9032.722656,2207.566655
9033.722656,2207.566487
9034.722656,2207.570192
9035.722656,2207.566318
9036.722656,2207.567497
9037.722656,2207.567665
9038.722656,2207.568844
9039.722656,2207.568508
9040.726563,2207.567834
9041.722656,2207.568171
9042.726563,2207.567497
9043.722656,2207.568844
9044.722656,2207.567834
9045.726563,2207.566655
9046.722656,2207.571371
9047.726563,2207.57036
9048.726563,2207.569855
9049.726563,2207.566992
9050.726563,2207.566992
9051.726563,2207.567329
9052.726563,2207.567665
9053.726563,2207.568508
9054.726563,2207.565981
9055.730469,2207.569013
9056.726563,2207.568508
9057.726563,2207.566487
9058.726563,2207.566487
9059.730469,2207.565981
9060.726563,2207.566992
9061.726563,2207.564634
9062.726563,2207.566487
9063.730469,2207.566318
9064.730469,2207.565813
9065.726563,2207.566992
9066.730469,2207.564971
9067.726563,2207.566655
9068.730469,2207.567497
9069.730469,2207.567329
9070.730469,2207.568844
9071.730469,2207.569181
9072.730469,2207.567329
9073.730469,2207.568002
9074.730469,2207.56716
9075.730469,2207.569013
9076.730469,2207.56716
9077.730469,2207.567497
9078.730469,2207.566992
9079.730469,2207.566655
9080.734375,2207.567665
9081.734375,2207.569013
9082.730469,2207.566992
9083.730469,2207.56716
9084.730469,2207.568844
9085.734375,2207.568676
9086.730469,2207.569518
9087.734375,2207.567497
9088.734375,2207.567329
9089.730469,2207.566318
9090.734375,2207.568844
9091.730469,2207.566318
9092.734375,2207.567665
9093.734375,2207.568002
9094.734375,2207.568844
9095.734375,2207.56935
9096.734375,2207.566487
9097.734375,2207.567329
9098.734375,2207.567497
9099.734375,2207.56935
9100.734375,2207.56716
9101.734375,2207.567834
9102.734375,2207.567834
9103.734375,2207.57036
9104.730469,2207.566655
9105.734375,2207.566655
9106.734375,2207.568002
9107.734375,2207.567665
9108.734375,2207.565981
9109.734375,2207.566655
9110.734375,2207.566487
9111.734375,2207.567329
9112.738281,2207.569013
9113.734375,2207.567665
9114.734375,2207.568508
9115.738281,2207.568844
9116.734375,2207.565476
9117.738281,2207.567329
9118.738281,2207.567497
9119.734375,2207.567665
9120.734375,2207.566992
9121.738281,2207.570023
9122.738281,2207.566487
9123.738281,2207.566487
9124.738281,2207.566655
9125.738281,2207.566992
9126.738281,2207.568002
9127.738281,2207.566992
9128.738281,2207.567834
9129.738281,2207.567497
9130.738281,2207.56716
9131.738281,2207.567497
9132.738281,2207.566655
9133.742188,2207.564297
9134.742188,2207.566318
9135.742188,2207.56615
9136.738281,2207.566318
9137.742188,2207.568508
9138.742188,2207.567497
9139.742188,2207.569013
9140.742188,2207.566487
9141.742188,2207.566487
9142.742188,2207.56615
9143.746094,2207.567665
9144.746094,2207.566487
9145.742188,2207.567834
9146.742188,2207.566487
9147.746094,2207.568508
9148.746094,2207.568171
9149.746094,2207.569181
9150.746094,2207.568676
9151.746094,2207.567834
9152.742188,2207.566992
9153.746094,2207.569181
9154.746094,2207.568508
9155.746094,2207.567834
9156.746094,2207.565308
9157.75,2207.568676
9158.746094,2207.566655
9159.746094,2207.567834
9160.75,2207.565981
9161.746094,2207.566655
9162.746094,2207.567497
9163.75,2207.567834
9164.75,2207.566655
9165.75,2207.56716
9166.75,2207.567329
9167.75,2207.565308
9168.75,2207.566318
9169.75,2207.568171
9170.75,2207.567665
9171.753906,2207.568676
9172.75,2207.566655
9173.753906,2207.567665
9174.75,2207.567665
9175.75,2207.567497
9176.75,2207.567329
9177.753906,2207.56396
9178.75,2207.568171
9179.75,2207.566318
9180.75,2207.566318
9181.75,2207.566487
9182.753906,2207.565981
9183.753906,2207.567665
9184.753906,2207.567497
9185.753906,2207.566487
9186.75,2207.566318
9187.753906,2207.567497
9188.753906,2207.56615
9189.753906,2207.566992
9190.753906,2207.566487
9191.753906,2207.565813
9192.75,2207.568002
9193.753906,2207.56716
9194.753906,2207.565813
9195.753906,2207.567665
9196.753906,2207.567329
9197.753906,2207.568002
9198.75,2207.56716
9199.75,2207.566655
9200.75,2207.568676
9201.753906,2207.566318
9202.753906,2207.568676
9203.753906,2207.565813
9204.753906,2207.566992
9205.757813,2207.568171
9206.757813,2207.566655
9207.757813,2207.566318
9208.753906,2207.565476
9209.757813,2207.565981
9210.753906,2207.565476
9211.757813,2207.56716
9212.757813,2207.566318
9213.757813,2207.565476
9214.757813,2207.565476
9215.757813,2207.568508
9216.757813,2207.565981
9217.757813,2207.567329
9218.757813,2207.568002
9219.757813,2207.567329
9220.757813,2207.567834
9221.757813,2207.566655
9222.757813,2207.565813
9223.757813,2207.56716
9224.761719,2207.566655
9225.757813,2207.565813
9226.757813,2207.566318
9227.757813,2207.566487
9228.757813,2207.56615
9229.757813,2207.565981
9230.761719,2207.565813
9231.757813,2207.567665
9232.761719,2207.565813
9233.761719,2207.565981
9234.761719,2207.567834
9235.761719,2207.567834
9236.761719,2207.56615
9237.761719,2207.566487
9238.761719,2207.569013
9239.765625,2207.566487
9240.761719,2207.566318
9241.761719,2207.564634
9242.761719,2207.566487
9243.761719,2207.566487
9244.761719,2207.566487
9245.761719,2207.56716
9246.765625,2207.566655
9247.765625,2207.567834
9248.765625,2207.56716
9249.761719,2207.566487
9250.761719,2207.566487
9251.765625,2207.567329
9252.765625,2207.56716
9253.765625,2207.568171
9254.765625,2207.56615
9255.765625,2207.566655
9256.765625,2207.566487
9257.765625,2207.566487
9258.769531,2207.568508
9259.765625,2207.566992
9260.765625,2207.566487
9261.765625,2207.568171
9262.769531,2207.565308
9263.765625,2207.567497
9264.769531,2207.566992
9265.765625,2207.564297
9266.765625,2207.564802
9267.769531,2207.56615
9268.765625,2207.564466
9269.765625,2207.56615
9270.765625,2207.568171
9271.769531,2207.565813
9272.769531,2207.567497
9273.769531,2207.56716
9274.765625,2207.565813
9275.769531,2207.568171
9276.765625,2207.566487
9277.765625,2207.56716
9278.765625,2207.566655
9279.765625,2207.567329
9280.765625,2207.565981
9281.769531,2207.567497
9282.769531,2207.566318
9283.769531,2207.565981
9284.769531,2207.566992
9285.769531,2207.56716
9286.769531,2207.567834
9287.769531,2207.566318
9288.769531,2207.565981
9289.769531,2207.56935
9290.769531,2207.566318
9291.769531,2207.565813
9292.769531,2207.56615
9293.769531,2207.566655
9294.773438,2207.566655
9295.773438,2207.567329
9296.773438,2207.565981
9297.773438,2207.568002
9298.773438,2207.566487
9299.773438,2207.567497
9300.777344,2207.564971
9301.777344,2207.567834
9302.773438,2207.565981
9303.777344,2207.566992
9304.773438,2207.56935
9305.773438,2207.566318
9306.773438,2207.566318
9307.773438,2207.56716
9308.777344,2207.565981
9309.773438,2207.565139
9310.777344,2207.567665
9311.773438,2207.564466
9312.773438,2207.565476
9313.773438,2207.566318
9314.777344,2207.56716
9315.777344,2207.565308
9316.777344,2207.565813
9317.777344,2207.568002
9318.773438,2207.563623
9319.773438,2207.568508
9320.777344,2207.566487
9321.777344,2207.565476
9322.777344,2207.565139
9323.777344,2207.565476
9324.777344,2207.564971
9325.777344,2207.565813
9326.777344,2207.566318
9327.777344,2207.565813
9328.78125,2207.567665
9329.777344,2207.56716
9330.78125,2207.565813
9331.777344,2207.566487
9332.777344,2207.569181
9333.777344,2207.569518
9334.777344,2207.565813
9335.78125,2207.566487
9336.78125,2207.567834
9337.777344,2207.56716
9338.78125,2207.566992
9339.777344,2207.568676
9340.777344,2207.566487
9341.78125,2207.570697
9342.78125,2207.569855
9343.777344,2207.56935
9344.78125,2207.566487
9345.78125,2207.567497
9346.78125,2207.567834
9347.78125,2207.566992
9348.78125,2207.567329
9349.78125,2207.56716
9350.78125,2207.56716
9351.78125,2207.566487
9352.78125,2207.565476
9353.78125,2207.568676
9354.78125,2207.566487
9355.78125,2207.566487
9356.78125,2207.568002
9357.78125,2207.566318
9358.78125,2207.566992
9359.78125,2207.567497
9360.78125,2207.567497
9361.78125,2207.566992
9362.78125,2207.566318
9363.78125,2207.569181
9364.78125,2207.567834
9365.78125,2207.569013
9366.78125,2207.568171
9367.785156,2207.567834
9368.78125,2207.566655
9369.78125,2207.571034
9370.785156,2207.57036
9371.78125,2207.56615
9372.785156,2207.566487
9373.785156,2207.568508
9374.785156,2207.56716
9375.785156,2207.570192
9376.785156,2207.569518
9377.785156,2207.567665
9378.78125,2207.567329
9379.785156,2207.56716
9380.785156,2207.566655
9381.785156,2207.565476
9382.789063,2207.566992
9383.789063,2207.566992
9384.785156,2207.567329
9385.785156,2207.56716
9386.785156,2207.56615
9387.785156,2207.566487
9388.789063,2207.56615
9389.785156,2207.567329
9390.785156,2207.567497
9391.789063,2207.565813
9392.789063,2207.565981
9393.789063,2207.568171
9394.789063,2207.566655
9395.789063,2207.567834
9396.789063,2207.565981
9397.789063,2207.565981
9398.789063,2207.566992
9399.789063,2207.566318
9400.789063,2207.566318
9401.792969,2207.566487
9402.789063,2207.56615
9403.792969,2207.564466
9404.792969,2207.566318
9405.792969,2207.565981
9406.792969,2207.567834
9407.792969,2207.56396
9408.792969,2207.566655
9409.792969,2207.567665
9410.792969,2207.565981
9411.796875,2207.565308
9412.792969,2207.56716
9413.792969,2207.566487
9414.792969,2207.564971
9415.796875,2207.565981
9416.792969,2207.566318
9417.796875,2207.565813
9418.792969,2207.566487
9419.796875,2207.565981
9420.796875,2207.565476
9421.796875,2207.565981
9422.796875,2207.566655
9423.796875,2207.568171
9424.796875,2207.566655
9425.796875,2207.564971
9426.796875,2207.565981
9427.796875,2207.564802
9428.796875,2207.564297
9429.796875,2207.566487
9430.796875,2207.56716
9431.796875,2207.56716
9432.796875,2207.569181
9433.800781,2207.564634
9434.796875,2207.56615
9435.796875,2207.566655
9436.800781,2207.56615
9437.796875,2207.56716
9438.796875,2207.566655
9439.796875,2207.568676
9440.796875,2207.565981
9441.800781,2207.566487
9442.800781,2207.566318
9443.800781,2207.567665
9444.796875,2207.569181
9445.800781,2207.566992
9446.796875,2207.567665
9447.800781,2207.567497
9448.800781,2207.566487
9449.796875,2207.56615
9450.796875,2207.565139
9451.796875,2207.56716
9452.800781,2207.566487
9453.800781,2207.565813
9454.800781,2207.566318
9455.800781,2207.566318
9456.800781,2207.566992
9457.800781,2207.566992
9458.800781,2207.56716
9459.804688,2207.563118
9460.800781,2207.566487
9461.804688,2207.56716
9462.804688,2207.566992
9463.800781,2207.566318
9464.804688,2207.566487
9465.804688,2207.566992
9466.804688,2207.565476
9467.800781,2207.565476
9468.800781,2207.567329
9469.804688,2207.565139
9470.800781,2207.565476
9471.804688,2207.56716
9472.804688,2207.568171
9473.804688,2207.565981
9474.804688,2207.566487
9475.804688,2207.566487
9476.804688,2207.566318
9477.804688,2207.566487
9478.804688,2207.566487
9479.804688,2207.567329
9480.804688,2207.568002
9481.804688,2207.565139
9482.808594,2207.568002
9483.804688,2207.565981
9484.808594,2207.567834
9485.804688,2207.564971
9486.808594,2207.566318
9487.804688,2207.56396
9488.804688,2207.567329
9489.804688,2207.566487
9490.808594,2207.565981
9491.808594,2207.569855
9492.808594,2207.566318
9493.808594,2207.569013
9494.808594,2207.568676
9495.808594,2207.566487
9496.808594,2207.568002
9497.808594,2207.569518
9498.808594,2207.567665
9499.808594,2207.565981
9500.808594,2207.565981
9501.808594,2207.566318
9502.808594,2207.567329
9503.808594,2207.569181
9504.808594,2207.568002
9505.808594,2207.567497
9506.808594,2207.569013
9507.808594,2207.56935
9508.808594,2207.566655
9509.808594,2207.564971
9510.804688,2207.56716
9511.808594,2207.565476
9512.8125,2207.566487
9513.808594,2207.566992
9514.808594,2207.566655
9515.808594,2207.566487
9516.8125,2207.567497
9517.8125,2207.568508
9518.8125,2207.568002
9519.808594,2207.567834
9520.808594,2207.567497
9521.8125,2207.566487
9522.8125,2207.566487
9523.8125,2207.568171
9524.808594,2207.566992
9525.8125,2207.566655
9526.8125,2207.568171
9527.8125,2207.56716
9528.8125,2207.566992
9529.8125,2207.567834
9530.8125,2207.566655
9531.8125,2207.566487
9532.816406,2207.566487
9533.816406,2207.56716
9534.8125,2207.566655
9535.816406,2207.566992
9536.8125,2207.566318
9537.816406,2207.566655
9538.816406,2207.567665
9539.816406,2207.565308
9540.816406,2207.567834
9541.816406,2207.566992
9542.816406,2207.568002
9543.816406,2207.566655
9544.816406,2207.567665
9545.816406,2207.567329
9546.816406,2207.56716
9547.816406,2207.569855
9548.820313,2207.566487
9549.816406,2207.566487
9550.820313,2207.566487
9551.816406,2207.567497
9552.816406,2207.567497
9553.820313,2207.568002
9554.820313,2207.56396
9555.820313,2207.566318
9556.820313,2207.567665
9557.820313,2207.56716
9558.824219,2207.569855
9559.824219,2207.567329
9560.824219,2207.567665
9561.824219,2207.567834
9562.824219,2207.569855
9563.824219,2207.568171
9564.828125,2207.565813
9565.824219,2207.564297
9566.828125,2207.56615
9567.824219,2207.566992
9568.824219,2207.566318
9569.824219,2207.567329
9570.828125,2207.566655
9571.828125,2207.564802
9572.828125,2207.567834
9573.828125,2207.565308
9574.828125,2207.567497
9575.828125,2207.56935
9576.828125,2207.56716
9577.828125,2207.567329
9578.828125,2207.56615
9579.828125,2207.567329
9580.828125,2207.565308
9581.832031,2207.566487
9582.832031,2207.565308
9583.828125,2207.566318
9584.832031,2207.566487
9585.832031,2207.565308
9586.832031,2207.566318
9587.832031,2207.565981
9588.832031,2207.565476
9589.832031,2207.566487
9590.832031,2207.564802
9591.832031,2207.568844
9592.832031,2207.567329
9593.832031,2207.567665
9594.832031,2207.566992
9595.835938,2207.570023
9596.835938,2207.565813
9597.835938,2207.567329
9598.832031,2207.566487
9599.832031,2207.56615
9600.832031,2207.56615
9601.832031,2207.566655
9602.835938,2207.56615
9603.835938,2207.566487
9604.835938,2207.564634
9605.835938,2207.565813
9606.835938,2207.565813
9607.832031,2207.566655
9608.835938,2207.566487
9609.832031,2207.565308
9610.835938,2207.566318
9611.832031,2207.566318
9612.835938,2207.565981
9613.839844,2207.566655
9614.835938,2207.567497
9615.839844,2207.56615
9616.835938,2207.567329
9617.835938,2207.566655
9618.835938,2207.566487
9619.835938,2207.56716
9620.835938,2207.567497
9621.839844,2207.567497
9622.839844,2207.566487
9623.839844,2207.564971
9624.839844,2207.56615
9625.839844,2207.565813
9626.839844,2207.564634
9627.835938,2207.568002
9628.839844,2207.56615
9629.839844,2207.566318
9630.839844,2207.565813
9631.84375,2207.565981
9632.839844,2207.567329
9633.839844,2207.56716
9634.839844,2207.566655
9635.839844,2207.565813
9636.839844,2207.566487
9637.84375,2207.565981
9638.84375,2207.566992
9639.84375,2207.564971
9640.84375,2207.569013
9641.839844,2207.565813
9642.84375,2207.566318
9643.84375,2207.566318
9644.839844,2207.56615
9645.84375,2207.565308
9646.84375,2207.565813
9647.84375,2207.564802
9648.839844,2207.566487
9649.84375,2207.564466
9650.84375,2207.56716
9651.84375,2207.563623
9652.84375,2207.564971
9653.84375,2207.565476
9654.84375,2207.566487
9655.84375,2207.566487
9656.84375,2207.564466
9657.84375,2207.566992
9658.84375,2207.565813
9659.84375,2207.564297
9660.84375,2207.566318
9661.84375,2207.56716
9662.847656,2207.565813
9663.84375,2207.564971
9664.84375,2207.56615
9665.847656,2207.564971
9666.847656,2207.566487
9667.847656,2207.564971
9668.847656,2207.565981
9669.847656,2207.566655
9670.847656,2207.565813
9671.847656,2207.566487
9672.847656,2207.565813
9673.851563,2207.567329
9674.847656,2207.565308
9675.847656,2207.566318
9676.847656,2207.565476
9677.847656,2207.564802
9678.847656,2207.566318
9679.847656,2207.568676
9680.851563,2207.566487
9681.851563,2207.566992
9682.851563,2207.56716
9683.851563,2207.570023
9684.851563,2207.566318
9685.851563,2207.565813
9686.851563,2207.565813
9687.851563,2207.568171
9688.855469,2207.566992
9689.851563,2207.56615
9690.851563,2207.565813
9691.851563,2207.566992
9692.851563,2207.567834
9693.851563,2207.567497
9694.851563,2207.564971
9695.851563,2207.56716
9696.851563,2207.568171
9697.851563,2207.565981
9698.851563,2207.56615
9699.851563,2207.564971
9700.855469,2207.565139
9701.855469,2207.565476
9702.855469,2207.568844
9703.851563,2207.564971
9704.851563,2207.565981
9705.855469,2207.56295
9706.855469,2207.565476
9707.855469,2207.564802
9708.855469,2207.565139
9709.855469,2207.566487
9710.855469,2207.563118
9711.855469,2207.563792
9712.855469,2207.565476
9713.851563,2207.567665
9714.855469,2207.564802
9715.855469,2207.569013
9716.855469,2207.566318
9717.855469,2207.56615
9718.859375,2207.567665
9719.855469,2207.56615
9720.855469,2207.565139
9721.859375,2207.567497
9722.859375,2207.568171
9723.855469,2207.566487
9724.859375,2207.567497
9725.855469,2207.564634
9726.855469,2207.565476
9727.855469,2207.562613
9728.859375,2207.567497
9729.859375,2207.566655
9730.859375,2207.566992
9731.859375,2207.565981
9732.859375,2207.565476
9733.859375,2207.565981
9734.859375,2207.563455
9735.859375,2207.564634
9736.859375,2207.565813
9737.859375,2207.563792
9738.859375,2207.567497
9739.859375,2207.565139
9740.859375,2207.565813
9741.863281,2207.564802
9742.859375,2207.56615
9743.859375,2207.565139
9744.859375,2207.565813
9745.863281,2207.564297
9746.859375,2207.563792
9747.863281,2207.564802
9748.859375,2207.566487
9749.863281,2207.565476
9750.863281,2207.563792
9751.863281,2207.565981
9752.863281,2207.566655
9753.863281,2207.567665
9754.863281,2207.566318
9755.863281,2207.56935
9756.863281,2207.564634
9757.863281,2207.565981
9758.867188,2207.566318
9759.863281,2207.565476
9760.863281,2207.566992
9761.863281,2207.566318
9762.863281,2207.566487
9763.863281,2207.565813
9764.867188,2207.566318
9765.867188,2207.56615
9766.867188,2207.564971
9767.863281,2207.567834
9768.867188,2207.56716
9769.863281,2207.565476
9770.867188,2207.566655
9771.867188,2207.563623
9772.867188,2207.565139
9773.867188,2207.565139
9774.867188,2207.568171
9775.867188,2207.563792
9776.867188,2207.565813
9777.871094,2207.566487
9778.867188,2207.565476
9779.871094,2207.565476
9780.871094,2207.565981
9781.867188,2207.565813
9782.867188,2207.565813
9783.867188,2207.565813
9784.867188,2207.564802
9785.871094,2207.565139
9786.871094,2207.565476
9787.871094,2207.56396
9788.871094,2207.566318
9789.871094,2207.565139
9790.871094,2207.566487
9791.871094,2207.566487
9792.875,2207.566992
9793.875,2207.56615
9794.871094,2207.56716
9795.875,2207.566655
9796.871094,2207.568002
9797.875,2207.567497
9798.871094,2207.566487
9799.871094,2207.565981
9800.871094,2207.565476
9801.875,2207.565813
9802.875,2207.566487
9803.875,2207.566487
9804.878906,2207.564971
9805.875,2207.565813
9806.875,2207.566487
9807.878906,2207.565476
9808.875,2207.565308
9809.875,2207.565981
9810.875,2207.566655
9811.875,2207.565139
9812.878906,2207.56615
9813.878906,2207.567834
9814.878906,2207.568844
9815.875,2207.567834
9816.875,2207.568844
9817.878906,2207.567497
9818.878906,2207.567329
9819.878906,2207.568844
9820.878906,2207.57036
9821.878906,2207.567665
9822.878906,2207.566318
9823.875,2207.566487
9824.878906,2207.566487
9825.878906,2207.565981
9826.878906,2207.566318
9827.875,2207.566655
9828.878906,2207.565981
9829.875,2207.567834
9830.878906,2207.564971
9831.878906,2207.563623
9832.878906,2207.567497
9833.878906,2207.568002
9834.878906,2207.567665
9835.878906,2207.565813
9836.878906,2207.565139
9837.878906,2207.566487
9838.878906,2207.565476
9839.882813,2207.567329
9840.882813,2207.566487
9841.878906,2207.567665
9842.878906,2207.564802
9843.878906,2207.566992
9844.878906,2207.566655
9845.878906,2207.565308
9846.878906,2207.564466
9847.878906,2207.563792
9848.878906,2207.565981
9849.878906,2207.564971
9850.882813,2207.566655
9851.882813,2207.566487
9852.882813,2207.566318
9853.882813,2207.56716
9854.882813,2207.566318
9855.882813,2207.56716
9856.882813,2207.566487
9857.886719,2207.565476
9858.882813,2207.568508
9859.886719,2207.567497
9860.886719,2207.567329
9861.882813,2207.565476
9862.886719,2207.565476
9863.886719,2207.564634
9864.886719,2207.566487
9865.886719,2207.566992
9866.886719,2207.565308
9867.886719,2207.567497
9868.886719,2207.564297
9869.886719,2207.567329
9870.886719,2207.566655
9871.886719,2207.564802
9872.886719,2207.565139
9873.890625,2207.566655
9874.886719,2207.565476
9875.886719,2207.564971
9876.886719,2207.565308
9877.886719,2207.56615
9878.890625,2207.564634
9879.890625,2207.566655
9880.890625,2207.56615
9881.890625,2207.56716
9882.890625,2207.564466
9883.890625,2207.563623
9884.894531,2207.565139
9885.894531,2207.566487
9886.894531,2207.56615
9887.894531,2207.565813
9888.894531,2207.566487
9889.894531,2207.565813
9890.894531,2207.566487
9891.894531,2207.566655
9892.894531,2207.565981
9893.898438,2207.566318
9894.894531,2207.565476
9895.898438,2207.565981
9896.898438,2207.565308
9897.898438,2207.56615
9898.898438,2207.56716
9899.898438,2207.565813
9900.898438,2207.567329
9901.898438,2207.565476
9902.898438,2207.566487
9903.898438,2207.56615
9904.898438,2207.567497
9905.898438,2207.565981
9906.898438,2207.566992
9907.898438,2207.566655
9908.898438,2207.565308
9909.898438,2207.565476
9910.898438,2207.564634
9911.898438,2207.566655
9912.898438,2207.56396
9913.898438,2207.564634
9914.898438,2207.565981
9915.898438,2207.566487
9916.898438,2207.566487
9917.898438,2207.564971
9918.898438,2207.56716
9919.898438,2207.565476
9920.902344,2207.566318
9921.902344,2207.56615
9922.898438,2207.564297
9923.898438,2207.566992
9924.898438,2207.56716
9925.898438,2207.565308
9926.898438,2207.566487
9927.898438,2207.566992
9928.902344,2207.565981
9929.902344,2207.565308
9930.902344,2207.567665
9931.898438,2207.566487
9932.898438,2207.565476
9933.898438,2207.566487
9934.898438,2207.566655
9935.898438,2207.566318
9936.902344,2207.566487
9937.902344,2207.56615
9938.902344,2207.565139
9939.898438,2207.563287
9940.902344,2207.563287
9941.898438,2207.564971
9942.902344,2207.564466
9943.902344,2207.566318
9944.902344,2207.56615
9945.902344,2207.567665
9946.902344,2207.565813
9947.902344,2207.565308
9948.902344,2207.566487
9949.902344,2207.568002
9950.902344,2207.565308
9951.90625,2207.565308
9952.902344,2207.566487
9953.90625,2207.56396
9954.902344,2207.564971
9955.90625,2207.565476
9956.90625,2207.565139
9957.90625,2207.564634
9958.90625,2207.564297
9959.90625,2207.566487
9960.90625,2207.56716
9961.90625,2207.567329
9962.90625,2207.566992
9963.90625,2207.565981
9964.90625,2207.56396
9965.90625,2207.564971
9966.90625,2207.564802
9967.90625,2207.566487
9968.90625,2207.565813
9969.90625,2207.564971
9970.90625,2207.56615
9971.910156,2207.564634
9972.910156,2207.566487
9973.910156,2207.56615
9974.90625,2207.564466
9975.910156,2207.567329
9976.910156,2207.566487
9977.910156,2207.564466
9978.910156,2207.566318
9979.910156,2207.564971
9980.910156,2207.566655
9981.910156,2207.565476
9982.910156,2207.566655
9983.910156,2207.565308
9984.914063,2207.565476
9985.914063,2207.566992
9986.910156,2207.564466
9987.910156,2207.566487
9988.914063,2207.565308
9989.914063,2207.563623
9990.910156,2207.564802
9991.910156,2207.565139
9992.914063,2207.565476
9993.914063,2207.565981
9994.910156,2207.56716
9995.914063,2207.567497
9996.914063,2207.567834
9997.914063,2207.565308
9998.914063,2207.567329
9999.914063,2207.566655
10000.91406,2207.566992
10001.91406,2207.568171
10002.91406,2207.56716
10003.91406,2207.565813
10004.91406,2207.568508
10005.91406,2207.566318
10006.91406,2207.56615
10007.91406,2207.565308
10008.91406,2207.566318
10009.91406,2207.566992
10010.91406,2207.567665
10011.91797,2207.566487
10012.91406,2207.566655
10013.91797,2207.568002
10014.91406,2207.56716
10015.91406,2207.566487
10016.91406,2207.565813
10017.91406,2207.56615
10018.91797,2207.56615
10019.91406,2207.567834
10020.91797,2207.565308
10021.91406,2207.565139
10022.91797,2207.564466
10023.91797,2207.566318
10024.91797,2207.566992
10025.91797,2207.566487
10026.91797,2207.566487
10027.91797,2207.566655
10028.91797,2207.564971
10029.92188,2207.565981
10030.91797,2207.565476
10031.92188,2207.566318
10032.91797,2207.566318
10033.91797,2207.566992
10034.92188,2207.566992
10035.92188,2207.563118
10036.91797,2207.565476
10037.92188,2207.563792
10038.92188,2207.566655
10039.92188,2207.566318
10040.92188,2207.563287
10041.92188,2207.56716
10042.92578,2207.565813
10043.92188,2207.565308
10044.92188,2207.56396
10045.92578,2207.564634
10046.92578,2207.56615
10047.92188,2207.564466
10048.92188,2207.565813
10049.92578,2207.565813
10050.92188,2207.565813
10051.92188,2207.566487
10052.92578,2207.564802
10053.92578,2207.564634
10054.92578,2207.563792
10055.92578,2207.563455
10056.92578,2207.565139
10057.92578,2207.56615
10058.92578,2207.564297
10059.92578,2207.563287
10060.92578,2207.565139
10061.92969,2207.566318
10062.92578,2207.564466
10063.92578,2207.565476
10064.92578,2207.566655
10065.92969,2207.565476
10066.92969,2207.565981
10067.92969,2207.567329
10068.92969,2207.565813
10069.92969,2207.56615
10070.92969,2207.566318
10071.92969,2207.564971
10072.92969,2207.565981
10073.93359,2207.564634
10074.92969,2207.565476
10075.92969,2207.564802
10076.93359,2207.566655
10077.93359,2207.56615
10078.93359,2207.565139
10079.93359,2207.563792
10080.93359,2207.566318
10081.92969,2207.565813
10082.93359,2207.564297
10083.93359,2207.564297
10084.93359,2207.563118
10085.93359,2207.566655
10086.93359,2207.566487
10087.9375,2207.566487
10088.93359,2207.566992
10089.93359,2207.566992
10090.9375,2207.565139
10091.93359,2207.565981
10092.9375,2207.565981
10093.9375,2207.56396
10094.9375,2207.566487
10095.9375,2207.564971
10096.9375,2207.564634
10097.9375,2207.565308
10098.9375,2207.565308
10099.9375,2207.565308
10100.94141,2207.565308
10101.9375,2207.564802
10102.9375,2207.56396
10103.94141,2207.563623
10104.94141,2207.565813
10105.94141,2207.56295
10106.94141,2207.565476
10107.94141,2207.565476
10108.94141,2207.565813
10109.94141,2207.564802
10110.94141,2207.564634
10111.94141,2207.563118
10112.94531,2207.565476
10113.94531,2207.563287
10114.94531,2207.566318
10115.94531,2207.565139
10116.94922,2207.565981
10117.94531,2207.565476
10118.94531,2207.564802
10119.94531,2207.564971
10120.94531,2207.565308
10121.94531,2207.566487
10122.94922,2207.564971
10123.94922,2207.565308
10124.94531,2207.564971
10125.94922,2207.565308
10126.94922,2207.565139
10127.94922,2207.563623
10128.94922,2207.56615
10129.94922,2207.56615
10130.94922,2207.565981
10131.94922,2207.566487
10132.94922,2207.565308
10133.94922,2207.566655
10134.94922,2207.566318
10135.94922,2207.56615
10136.94922,2207.566992
10137.95313,2207.566655
10138.95313,2207.567329
10139.95313,2207.56716
10140.95313,2207.565813
10141.95313,2207.566487
10142.95703,2207.564634
10143.95703,2207.566487
10144.95703,2207.567329
10145.95703,2207.566318
10146.95703,2207.567497
10147.95703,2207.566655
10148.95703,2207.565476
10149.95703,2207.566318
10150.96094,2207.566487
10151.96094,2207.565981
10152.96094,2207.566992
10153.96094,2207.565139
10154.96094,2207.566487
10155.96094,2207.566992
10156.96094,2207.567665
10157.96484,2207.567497
10158.96484,2207.567665
10159.96484,2207.567329
10160.96484,2207.56716
10161.96094,2207.568171
10162.96484,2207.566318
10163.96875,2207.564466
10164.96875,2207.565476
10165.96875,2207.566487
10166.96875,2207.564466
10167.96484,2207.566992
10168.96875,2207.566487
10169.96875,2207.564634
10170.96484,2207.566487
10171.96484,2207.56615
10172.96875,2207.565476
10173.96875,2207.565476
10174.96875,2207.564634
10175.96875,2207.564971
10176.96875,2207.565308
10177.97266,2207.56615
10178.96875,2207.563287
10179.97266,2207.56396
10180.96875,2207.564971
10181.97266,2207.565476
10182.96875,2207.566487
10183.97266,2207.564634
10184.97266,2207.56295
10185.97266,2207.564802
10186.97266,2207.566318
10187.97266,2207.565308
10188.97266,2207.565476
10189.97266,2207.563792
10190.97266,2207.564802
10191.97266,2207.565476
10192.97266,2207.563792
10193.97656,2207.565139
10194.97656,2207.565476
10195.97656,2207.565476
10196.97266,2207.564634
10197.97266,2207.565813
10198.97266,2207.565813
10199.97266,2207.567665
10200.97266,2207.564802
10201.97266,2207.56396
10202.97656,2207.565981
10203.97266,2207.564634
10204.97656,2207.567329
10205.97656,2207.568002
10206.97656,2207.565981
10207.97656,2207.565476
10208.97656,2207.56295
10209.97656,2207.565981
10210.97656,2207.564297
10211.97266,2207.562444
10212.97656,2207.567497
10213.97656,2207.566318
10214.97656,2207.566655
10215.97656,2207.562276
10216.97656,2207.566992
10217.97656,2207.565813
10218.97656,2207.565813
10219.98047,2207.565813
10220.97656,2207.56396
10221.97656,2207.568002
10222.97656,2207.566318
10223.97656,2207.56615
10224.97656,2207.565981
10225.97656,2207.566487
10226.97656,2207.564802
10227.98047,2207.56615
10228.97656,2207.566487
10229.97656,2207.565476
10230.98047,2207.566487
10231.98047,2207.566318
10232.98047,2207.566487
10233.98047,2207.565139
10234.98047,2207.564971
10235.98047,2207.564802
10236.98047,2207.564634
10237.98047,2207.565476
10238.98047,2207.568002
10239.98438,2207.564297
10240.98438,2207.56615
10241.98438,2207.564802
10242.98438,2207.563623
10243.98438,2207.564971
10244.98438,2207.565813
10245.98828,2207.564466
10246.98438,2207.564634
10247.98438,2207.564466
10248.98438,2207.56716
10249.98438,2207.566318
10250.98438,2207.566992
10251.98438,2207.566318
10252.98828,2207.567329
10253.98828,2207.566487
10254.98438,2207.567329
10255.98438,2207.565813
10256.98438,2207.564634
10257.98438,2207.566487
10258.98438,2207.564971
10259.98828,2207.56615
10260.98828,2207.565981
10261.98828,2207.566655
10262.98828,2207.565139
10263.98828,2207.564971
10264.98828,2207.564802
10265.98828,2207.566487
10266.98828,2207.567665
10267.98828,2207.56615
10268.99219,2207.564297
10269.99219,2207.565308
10270.99219,2207.565139
10271.99219,2207.566487
10272.99609,2207.565981
10273.99609,2207.565981
10274.99219,2207.565308
10275.99219,2207.565139
10276.99219,2207.565476
10277.99609,2207.565476
10278.99219,2207.56615
10279.99609,2207.565139
10280.99609,2207.564466
10281.99609,2207.56615
10282.99609,2207.564297
10283.99609,2207.565139
10284.99609,2207.565981
10285.99609,2207.564297
10286.99609,2207.561771
10287.99609,2207.565139
10288.99609,2207.565476
10290,2207.566318
10291,2207.565981
10292,2207.565981
10292.99609,2207.565813
10294,2207.566655
10295,2207.567665
10295.99609,2207.565981
10296.99609,2207.564802
10297.99609,2207.565813
10298.99609,2207.564466
10299.99609,2207.564297
10301,2207.56615
10301.99609,2207.565476
10303,2207.563118
10303.99609,2207.562276
10304.99609,2207.565981
10306,2207.565139
10306.99609,2207.564802
10308,2207.566487
10308.99609,2207.565813
10309.99609,2207.566992
10310.99609,2207.56615
10312,2207.565813
10312.99609,2207.565139
10314,2207.565476
10314.99609,2207.565981
10316,2207.566318
10317,2207.565308
10318,2207.565813
10319,2207.564802
10320,2207.566487
10321,2207.563792
10322,2207.564297
10323.00391,2207.565308
10324,2207.565139
10325.00391,2207.568002
10326,2207.565981
10327,2207.566487
10328,2207.566318
10329.00391,2207.567329
10330.00391,2207.567329
10331.00391,2207.566487
10332.00391,2207.565139
10333.00391,2207.565308
10334.00781,2207.564802
10335.00391,2207.565139
10336.00391,2207.564466
10337.00781,2207.564466
10338.00391,2207.564466
10339.00391,2207.561939
10340.00781,2207.565139
10341.00391,2207.564634
10342.00391,2207.563623
10343.00781,2207.565308
10344.00781,2207.562613
10345.00781,2207.561266
10346.00781,2207.56295
10347.00781,2207.563455
10348.00391,2207.566487
10349.00391,2207.56396
10350.00781,2207.564971
10351.00391,2207.565981
10352.00781,2207.563455
10353.00781,2207.564802
10354.01172,2207.564297
10355.00781,2207.563623
10356.00781,2207.563118
10357.00781,2207.564297
10358.00781,2207.565308
10359.00781,2207.562276
10360.00781,2207.565476
10361.00781,2207.565476
10362.01172,2207.565308
10363.00781,2207.564297
10364.00781,2207.563792
10365.00781,2207.56396
10366.00781,2207.564971
10367.00781,2207.564971
10368.00781,2207.564971
10369.01172,2207.56615
10370.01172,2207.56396
10371.00781,2207.566487
10372.01172,2207.568002
10373.00781,2207.565308
10374.01172,2207.564802
10375.01172,2207.564634
10376.00781,2207.564466
10377.01172,2207.566318
10378.01172,2207.566487
10379.01172,2207.565981
10380.00781,2207.565981
10381.01172,2207.564297
10382.01172,2207.56615
10383.00781,2207.563792
10384.01172,2207.563118
10385.01172,2207.565308
10386.01172,2207.565476
10387.01172,2207.565981
10388.01172,2207.565813
10389.01172,2207.565476
10390.01172,2207.563287
10391.01172,2207.566487
10392.01172,2207.565139
10393.01172,2207.566487
10394.01172,2207.565981
10395.01172,2207.565476
10396.01172,2207.566487
10397.01172,2207.56615
10398.01172,2207.565476
10399.01172,2207.565476
10400.01172,2207.56615
10401.01172,2207.564971
10402.01172,2207.564466
10403.01172,2207.564971
10404.01563,2207.563792
10405.01172,2207.566318
10406.01172,2207.564802
10407.01172,2207.564297
10408.01172,2207.565139
10409.01563,2207.565139
10410.01172,2207.565813
10411.01563,2207.56396
10412.01563,2207.566318
10413.01563,2207.566487
10414.01172,2207.566487
10415.01563,2207.564971
10416.01172,2207.566318
10417.01563,2207.565813
10418.01563,2207.565139
10419.01563,2207.566992
10420.01563,2207.565813
10421.01563,2207.565981
10422.01563,2207.566655
10423.01953,2207.565308
10424.01563,2207.56615
10425.01953,2207.564971
10426.01953,2207.565308
10427.01953,2207.563792
10428.01953,2207.565813
10429.01953,2207.564297
10430.01953,2207.565308
10431.01953,2207.565476
10432.01953,2207.565813
10433.01953,2207.565308
10434.01953,2207.564802
10435.01953,2207.563118
10436.01953,2207.566487
10437.01953,2207.564802
10438.01953,2207.565308
10439.01953,2207.565981
10440.01953,2207.566487
10441.01953,2207.563623
10442.01953,2207.56615
10443.01953,2207.565476
10444.01953,2207.563623
10445.01953,2207.564466
10446.01953,2207.564802
10447.01953,2207.565308
10448.02344,2207.565308
10449.02344,2207.565476
10450.01953,2207.565981
10451.01953,2207.564466
10452.02344,2207.563623
10453.02344,2207.564297
10454.01953,2207.564634
10455.01953,2207.564971
10456.01953,2207.563118
10457.01953,2207.565308
10458.02344,2207.565981
10459.02344,2207.564634
10460.02344,2207.565981
10461.01953,2207.56615
10462.02344,2207.566487
10463.02344,2207.566318
10464.02344,2207.565813
10465.02344,2207.566655
10466.02344,2207.566318
10467.02344,2207.565308
10468.02344,2207.56716
10469.02344,2207.566487
10470.02344,2207.56396
10471.02344,2207.566992
10472.02734,2207.565139
10473.02344,2207.564971
10474.02344,2207.565981
10475.02734,2207.565139
10476.02344,2207.564466
10477.02734,2207.565476
10478.02734,2207.565981
10479.02734,2207.562444
10480.02734,2207.563118
10481.02734,2207.564297
10482.02734,2207.563455
10483.02734,2207.565308
10484.02734,2207.565139
10485.02734,2207.564971
10486.02734,2207.564971
10487.02734,2207.564971
10488.02734,2207.562444
10489.02734,2207.563792
10490.02734,2207.56716
10491.02734,2207.565308
10492.03125,2207.567834
10493.03125,2207.565813
10494.02734,2207.56615
10495.02734,2207.565813
10496.02734,2207.565139
10497.03125,2207.564297
10498.03125,2207.565813
10499.03125,2207.565139
10500.03125,2207.566318
10501.03125,2207.563623
10502.03125,2207.565981
10503.03125,2207.564802
10504.03125,2207.568508
10505.03516,2207.564466
10506.03125,2207.564971
10507.03125,2207.565813
10508.03125,2207.56396
10509.03125,2207.565139
10510.03125,2207.566318
10511.03125,2207.566487
10512.03125,2207.566655
10513.03125,2207.56396
10514.03125,2207.567497
10515.03125,2207.565308
10516.03516,2207.565981
10517.03516,2207.564466
10518.03516,2207.565308
10519.03516,2207.563455
10520.03516,2207.564802
10521.03516,2207.564634
10522.03516,2207.56295
10523.03516,2207.565476
10524.03516,2207.564802
10525.03516,2207.564634
10526.03516,2207.566318
10527.03516,2207.565813
10528.03516,2207.564971
10529.03516,2207.56396
10530.03516,2207.565476
10531.03516,2207.564297
10532.03516,2207.566318
10533.03516,2207.565476
10534.03516,2207.565308
10535.03516,2207.566487
10536.03516,2207.564971
10537.03516,2207.564466
10538.03516,2207.565981
10539.03516,2207.565476
10540.03516,2207.566487
10541.03516,2207.565308
10542.03516,2207.564466
10543.03516,2207.56615
10544.03516,2207.56716
10545.03516,2207.564802
10546.03516,2207.566655
10547.03516,2207.565308
10548.03516,2207.564297
10549.03516,2207.564634
10550.03516,2207.566318
10551.03516,2207.564634
10552.03516,2207.567329
10553.03516,2207.564971
10554.03516,2207.56615
10555.03516,2207.566487
10556.03516,2207.565476
10557.03516,2207.565476
10558.03516,2207.564466
10559.03516,2207.564971
10560.03906,2207.564971
10561.03516,2207.564634
10562.03906,2207.564466
10563.03516,2207.564971
10564.03516,2207.567329
10565.03906,2207.565813
10566.03906,2207.564466
10567.03906,2207.566992
10568.03906,2207.565476
10569.03906,2207.564802
10570.03516,2207.564466
10571.03516,2207.56615
10572.03906,2207.564802
10573.03516,2207.565813
10574.03906,2207.56615
10575.03516,2207.564634
10576.03516,2207.564971
10577.03906,2207.566655
10578.03906,2207.566318
10579.03906,2207.563623
10580.03906,2207.566318
10581.03906,2207.565476
10582.03906,2207.565139
10583.03906,2207.566655
10584.03906,2207.565308
10585.03906,2207.566655
10586.03906,2207.56615
10587.04297,2207.566655
10588.03906,2207.565476
10589.03906,2207.564466
10590.03906,2207.564802
10591.04297,2207.566655
10592.04297,2207.563455
10593.04297,2207.565981
10594.04297,2207.563792
10595.04297,2207.564297
10596.04297,2207.565981
10597.04297,2207.565139
10598.04297,2207.566487
10599.04688,2207.565139
10600.04688,2207.565308
10601.04688,2207.565981
10602.04688,2207.565139
10603.04688,2207.564802
10604.04688,2207.564634
10605.05078,2207.565308
10606.05078,2207.563792
10607.05078,2207.566318
10608.04688,2207.56615
10609.05078,2207.565813
10610.05078,2207.567497
10611.05078,2207.568002
10612.05078,2207.568676
10613.05078,2207.566487
10614.05078,2207.565981
10615.05078,2207.565476
10616.05078,2207.565981
10617.05078,2207.567497
10618.05078,2207.56716
10619.05078,2207.56615
10620.05078,2207.564971
10621.05469,2207.566487
10622.05078,2207.566318
10623.05078,2207.565981
10624.05078,2207.565813
10625.05078,2207.565139
10626.05469,2207.564466
10627.05078,2207.563792
10628.05078,2207.565476
10629.05469,2207.565981
10630.05078,2207.564971
10631.05078,2207.56396
10632.05078,2207.566655
10633.05078,2207.565308
10634.05469,2207.564634
10635.05469,2207.566487
10636.05469,2207.567665
10637.05469,2207.565981
10638.05469,2207.565981
10639.05469,2207.564802
10640.05469,2207.565981
10641.05469,2207.567329
10642.05469,2207.565139
10643.05859,2207.566487
10644.05469,2207.566487
10645.05469,2207.565476
10646.05469,2207.565981
10647.05469,2207.566487
10648.05469,2207.565139
10649.05469,2207.566655
10650.05469,2207.566992
10651.05859,2207.565139
10652.05469,2207.566655
10653.05469,2207.565981
10654.05469,2207.565139
10655.05469,2207.564634
10656.05469,2207.566992
10657.05859,2207.567497
10658.05859,2207.56716
10659.05859,2207.564971
10660.05859,2207.567329
10661.05859,2207.56615
10662.05859,2207.566655
10663.0625,2207.566487
10664.0625,2207.565981
10665.05859,2207.565476
10666.05859,2207.567329
10667.05859,2207.567329
10668.05859,2207.564466
10669.05859,2207.564634
10670.05859,2207.567834
10671.0625,2207.566318
10672.05859,2207.566318
10673.0625,2207.565813
10674.05859,2207.565813
10675.05859,2207.56615
10676.05859,2207.567329
10677.0625,2207.56716
10678.0625,2207.564634
10679.05859,2207.563118
10680.0625,2207.565476
10681.05859,2207.564297
10682.05859,2207.565308
10683.05859,2207.563287
10684.05859,2207.565476
10685.0625,2207.565476
10686.05859,2207.565139
10687.05859,2207.563118
10688.0625,2207.56615
10689.05859,2207.562613
10690.0625,2207.563792
10691.05859,2207.564802
10692.05859,2207.563792
10693.05859,2207.564466
10694.05859,2207.566655
10695.0625,2207.564297
10696.0625,2207.565981
10697.0625,2207.564466
10698.0625,2207.563792
10699.0625,2207.565308
10700.0625,2207.564971
10701.0625,2207.56615
10702.0625,2207.565813
10703.06641,2207.566992
10704.0625,2207.564297
10705.0625,2207.566487
10706.0625,2207.56615
10707.0625,2207.56295
10708.06641,2207.565476
10709.0625,2207.566655
10710.0625,2207.567665
10711.06641,2207.566487
10712.0625,2207.565813
10713.0625,2207.565476
10714.06641,2207.566655
10715.0625,2207.566992
10716.06641,2207.565981
10717.06641,2207.565308
10718.0625,2207.566487
10719.06641,2207.563623
10720.06641,2207.565139
10721.06641,2207.564802
10722.06641,2207.563623
10723.06641,2207.565813
10724.0625,2207.567329
10725.06641,2207.567665
10726.06641,2207.566992
10727.06641,2207.566318
10728.06641,2207.564802
10729.06641,2207.566992
10730.07031,2207.565813
10731.06641,2207.56615
10732.07031,2207.563623
10733.07031,2207.566487
10734.06641,2207.565476
10735.06641,2207.56396
10736.06641,2207.566318
10737.06641,2207.565139
10738.07031,2207.564466
10739.06641,2207.566655
10740.07031,2207.568171
10741.06641,2207.567665
10742.07031,2207.565476
10743.07031,2207.566487
10744.06641,2207.567665
10745.07031,2207.565813
10746.07031,2207.564634
10747.07031,2207.567329
10748.07031,2207.565139
10749.07031,2207.56615
10750.07031,2207.566487
10751.07031,2207.564802
10752.07422,2207.564971
10753.07031,2207.569013
10754.07031,2207.565139
10755.07031,2207.565981
10756.07031,2207.56615
10757.07031,2207.565308
10758.07031,2207.565139
10759.07031,2207.564634
10760.07031,2207.565813
10761.07031,2207.564802
10762.07422,2207.565139
10763.07031,2207.564634
10764.07031,2207.565476
10765.07031,2207.56396
10766.07031,2207.564297
10767.07422,2207.564802
10768.07031,2207.565981
10769.07422,2207.564971
10770.07422,2207.565308
10771.07422,2207.56615
10772.07422,2207.565476
10773.07422,2207.566487
10774.07422,2207.564971
10775.07422,2207.565813
10776.07422,2207.567329
10777.07422,2207.565981
10778.07422,2207.565813
10779.07422,2207.56396
10780.07422,2207.565308
10781.07813,2207.565139
10782.07422,2207.565139
10783.07422,2207.563623
10784.07422,2207.566655
10785.07422,2207.565308
10786.07422,2207.56295
10787.07422,2207.563623
10788.07422,2207.564466
10789.07813,2207.565308
10790.07813,2207.564802
10791.07422,2207.565139
10792.07813,2207.564971
10793.07422,2207.565813
10794.07422,2207.565981
10795.07422,2207.566655
10796.07422,2207.566318
10797.07422,2207.565139
10798.07422,2207.563623
10799.07422,2207.565308
10800.07422,2207.563623
10801.07813,2207.565476
10802.07813,2207.565981
10803.07813,2207.565981
10804.07813,2207.565308
10805.07813,2207.566318
10806.07813,2207.565308
10807.08203,2207.566487
10808.07813,2207.565139
10809.07813,2207.565813
10810.07813,2207.566487
10811.08203,2207.562108
10812.08203,2207.564466
10813.08203,2207.563287
10814.08203,2207.566655
10815.08203,2207.564971
10816.08203,2207.563623
10817.08203,2207.565813
10818.08203,2207.565476
10819.08203,2207.563792
10820.08203,2207.565308
10821.08203,2207.563792
10822.08203,2207.565981
10823.08203,2207.563287
10824.08594,2207.566487
10825.08203,2207.564297
10826.08203,2207.565476
10827.08203,2207.56615
10828.08594,2207.563118
10829.08203,2207.56615
10830.08203,2207.56396
10831.08594,2207.564466
10832.08203,2207.564971
10833.08203,2207.563455
10834.08594,2207.564297
10835.08594,2207.566655
10836.08594,2207.566487
10837.08594,2207.565308
10838.08594,2207.566992
10839.08594,2207.564634
10840.08594,2207.564802
10841.08594,2207.563792
10842.08984,2207.56396
10843.08984,2207.564802
10844.08984,2207.564802
10845.08984,2207.565813
10846.08594,2207.564634
10847.08984,2207.566487
10848.08984,2207.565476
10849.08984,2207.564971
10850.08984,2207.566655
10851.08984,2207.565139
10852.08984,2207.564802
10853.08984,2207.564802
10854.09375,2207.564466
10855.08984,2207.564802
10856.09375,2207.566318
10857.08984,2207.565813
10858.08984,2207.566487
10859.09375,2207.565139
10860.08984,2207.564634
10861.08984,2207.566487
10862.08984,2207.564971
10863.08984,2207.564971
10864.08984,2207.565813
10865.09375,2207.563118
10866.09375,2207.566318
10867.08984,2207.565476
10868.08984,2207.566487
10869.09375,2207.565476
10870.09375,2207.566487
10871.09375,2207.566487
10872.08984,2207.565139
10873.08984,2207.564971
10874.09375,2207.564466
10875.09375,2207.567329
10876.09375,2207.56716
10877.09375,2207.565813
10878.09375,2207.56615
10879.09375,2207.564971
10880.09375,2207.563118
10881.09375,2207.564634
10882.09375,2207.565981
10883.09375,2207.56615
10884.09375,2207.565981
10885.09375,2207.565476
10886.09375,2207.566487
10887.09375,2207.565139
10888.08984,2207.563455
10889.09375,2207.563455
10890.09375,2207.564297
10891.09375,2207.565308
10892.09375,2207.565476
10893.09375,2207.56615
10894.09375,2207.56716
10895.09375,2207.566655
10896.09766,2207.564971
10897.09766,2207.56716
10898.09766,2207.568002
10899.09375,2207.563455
10900.09766,2207.565981
10901.09766,2207.564634
10902.09766,2207.564634
10903.09766,2207.567834
10904.09766,2207.563287
10905.09766,2207.566992
10906.09766,2207.566318
10907.09375,2207.567665
10908.09766,2207.565813
10909.09766,2207.565476
10910.09766,2207.566487
10911.09766,2207.56716
10912.09766,2207.564802
10913.09766,2207.565308
10914.09766,2207.565308
10915.09766,2207.56716
10916.09766,2207.564971
10917.09766,2207.566318
10918.09766,2207.566318
10919.10156,2207.565139
10920.09766,2207.563623
10921.10156,2207.565981
10922.09766,2207.56396
10923.10156,2207.567834
10924.09766,2207.564466
10925.10156,2207.566487
10926.10156,2207.56396
10927.10156,2207.565813
10928.10156,2207.567665
10929.10156,2207.56396
10930.10156,2207.565139
10931.10156,2207.564971
10932.10156,2207.564971
10933.10156,2207.565139
10934.10156,2207.565308
10935.10156,2207.56615
10936.10156,2207.567329
10937.10156,2207.568508
10938.10156,2207.565476
10939.10156,2207.56716
10940.10156,2207.567497
10941.10547,2207.565308
10942.10547,2207.565476
10943.10547,2207.565813
10944.10547,2207.565476
10945.10156,2207.565476
10946.10547,2207.56716
10947.10547,2207.567497
10948.10156,2207.565476
10949.10547,2207.566487
10950.10547,2207.565308
10951.10547,2207.56716
10952.10547,2207.567665
10953.10547,2207.566487
10954.10547,2207.565139
10955.10547,2207.566655
10956.10547,2207.566655
10957.10547,2207.565476
10958.10547,2207.564971
10959.10547,2207.565476
10960.10547,2207.564971
10961.10547,2207.567665
10962.10156,2207.566992
10963.10547,2207.56615
10964.10547,2207.565981
10965.10938,2207.564297
10966.10547,2207.564802
10967.10938,2207.565813
10968.10938,2207.56615
10969.10938,2207.564971
10970.10547,2207.56716
10971.10547,2207.565476
10972.10547,2207.566487
10973.10547,2207.56716
10974.10938,2207.566655
10975.10938,2207.566487
10976.10938,2207.565476
10977.10938,2207.563623
10978.10938,2207.565476
10979.10938,2207.565981
10980.10938,2207.563455
10981.10938,2207.565139
10982.10938,2207.567497
10983.10938,2207.565308
10984.10938,2207.563287
10985.10938,2207.564971
10986.10938,2207.564634
10987.10938,2207.563623
10988.10938,2207.56295
10989.10938,2207.566487
10990.10938,2207.565981
10991.10938,2207.56396
10992.10938,2207.564802
10993.10938,2207.564802
10994.10938,2207.564466
10995.10938,2207.564971
10996.10938,2207.564634
10997.10938,2207.564802
10998.10938,2207.566992
10999.10938,2207.563118
11000.11328,2207.565476
11001.10938,2207.563792
11002.10938,2207.563118
11003.11328,2207.565308
11004.11328,2207.564802
11005.11328,2207.563792
11006.10938,2207.564634
11007.11328,2207.564634
11008.11328,2207.563792
11009.11328,2207.564466
11010.11328,2207.56396
11011.11328,2207.565981
11012.11719,2207.562444
11013.11328,2207.564802
11014.11328,2207.566487
11015.11328,2207.562444
11016.11328,2207.563118
11017.11328,2207.565476
11018.11328,2207.56396
11019.11328,2207.565981
11020.11719,2207.565139
11021.11328,2207.562613
11022.11719,2207.565813
11023.11328,2207.564297
11024.11328,2207.564297
11025.11328,2207.564297
11026.11328,2207.565981
11027.11328,2207.564634
11028.11328,2207.563792
11029.11328,2207.564466
11030.11328,2207.564634
11031.11719,2207.563455
11032.11328,2207.564971
11033.11328,2207.565308
11034.11328,2207.563287
11035.11328,2207.565139
11036.11719,2207.564466
11037.11719,2207.566487
11038.11719,2207.563623
11039.11328,2207.565476
11040.11719,2207.563118
11041.11719,2207.564466
11042.11719,2207.56295
11043.11719,2207.564466
11044.11719,2207.565308
11045.11328,2207.568508
11046.11328,2207.565813
11047.11719,2207.564634
11048.11719,2207.564466
11049.11719,2207.563623
11050.11719,2207.56396
11051.11719,2207.56295
11052.11719,2207.563623
11053.11719,2207.56396
11054.11719,2207.564634
11055.11719,2207.565813
11056.11719,2207.56295
11057.11719,2207.563118
11058.11719,2207.56396
11059.11719,2207.563792
11060.11719,2207.564802
11061.11719,2207.564466
11062.11719,2207.56295
11063.12109,2207.565476
11064.11719,2207.566487
11065.11719,2207.56716
11066.11719,2207.565813
11067.11719,2207.565476
11068.11719,2207.564466
11069.12109,2207.564297
11070.12109,2207.564466
11071.12109,2207.566487
11072.12109,2207.566318
11073.12109,2207.564297
11074.12109,2207.567497
11075.12109,2207.563455
11076.12109,2207.564297
11077.125,2207.566487
11078.12109,2207.563792
11079.12109,2207.565139
11080.12109,2207.566992
11081.125,2207.566318
11082.125,2207.561939
11083.12109,2207.565813
11084.125,2207.564466
11085.125,2207.564634
11086.12109,2207.564802
11087.12109,2207.564466
11088.125,2207.564971
11089.125,2207.563623
11090.12109,2207.566487
11091.125,2207.563118
11092.125,2207.565308
11093.125,2207.563455
11094.125,2207.565813
11095.125,2207.56615
11096.125,2207.564634
11097.12109,2207.565813
11098.125,2207.565139
11099.125,2207.563623
11100.125,2207.56396
11101.125,2207.566487
11102.125,2207.563792
11103.125,2207.564466
11104.125,2207.564466
11105.125,2207.564297
11106.125,2207.563118
11107.125,2207.564466
11108.125,2207.563118
11109.125,2207.564802
11110.125,2207.565813
11111.125,2207.563792
11112.125,2207.563287
11113.125,2207.564634
11114.125,2207.566487
11115.125,2207.56396
11116.12891,2207.564634
11117.12891,2207.563623
11118.12891,2207.565813
11119.125,2207.56295
11120.12891,2207.564634
11121.125,2207.56396
11122.12891,2207.565139
11123.12891,2207.563287
11124.12891,2207.565476
11125.12891,2207.565813
11126.12891,2207.564297
11127.12891,2207.564466
11128.125,2207.564297
11129.12891,2207.565813
11130.12891,2207.563623
11131.13281,2207.567497
11132.12891,2207.566318
11133.13281,2207.564802
11134.13281,2207.563792
11135.13281,2207.563792
11136.12891,2207.564802
11137.13281,2207.564802
11138.12891,2207.56615
11139.13281,2207.56396
11140.12891,2207.564802
11141.13281,2207.563623
11142.13281,2207.564971
11143.13281,2207.565813
11144.13281,2207.56295
11145.13281,2207.562276
11146.12891,2207.564466
11147.13281,2207.564466
11148.13281,2207.564466
11149.13281,2207.564971
11150.13281,2207.565139
11151.13281,2207.563118
11152.13281,2207.565813
11153.13281,2207.564466
11154.13281,2207.564634
11155.13281,2207.565981
11156.13672,2207.564802
11157.13672,2207.565813
11158.13672,2207.564297
11159.13281,2207.564802
11160.13281,2207.563455
11161.13672,2207.564971
11162.13281,2207.564297
11163.13672,2207.564971
11164.13281,2207.565139
11165.13672,2207.564466
11166.13672,2207.563623
11167.13672,2207.564971
11168.13672,2207.563623
11169.14063,2207.565139
11170.14063,2207.564297
11171.13672,2207.564466
11172.13672,2207.564466
11173.13672,2207.564802
11174.13672,2207.567329
11175.13672,2207.566487
11176.14063,2207.566487
11177.14063,2207.565139
11178.14063,2207.564802
11179.14063,2207.56716
11180.14063,2207.564466
11181.14453,2207.56396
11182.14063,2207.565308
11183.14063,2207.566992
11184.14063,2207.564802
11185.14063,2207.565813
11186.14063,2207.565476
11187.14063,2207.564802
11188.14453,2207.565308
11189.14063,2207.565981
11190.14453,2207.56295
11191.14063,2207.564466
11192.14063,2207.564634
11193.14063,2207.56396
11194.14063,2207.563118
11195.14063,2207.565981
11196.14453,2207.565308
11197.14063,2207.563118
11198.14063,2207.564297
11199.14063,2207.56396
11200.14453,2207.564634
11201.14063,2207.564802
11202.14063,2207.56396
11203.14063,2207.563118
11204.14453,2207.56396
11205.14063,2207.56396
11206.14063,2207.564971
11207.14453,2207.564297
11208.14453,2207.564971
11209.14453,2207.565813
11210.14453,2207.564971
11211.14453,2207.564297
11212.14844,2207.565308
11213.14453,2207.564634
11214.14453,2207.565139
11215.14453,2207.564802
11216.14453,2207.56295
11217.14453,2207.565308
11218.14453,2207.564802
11219.14453,2207.564971
11220.14453,2207.56295
11221.14453,2207.565308
11222.14844,2207.564466
11223.14453,2207.565981
11224.14453,2207.563455
11225.14453,2207.563287
11226.14453,2207.564466
11227.14453,2207.56396
11228.14453,2207.565813
11229.14453,2207.56295
11230.14453,2207.565981
11231.14844,2207.565981
11232.14844,2207.564466
11233.14844,2207.564466
11234.14844,2207.564802
11235.14844,2207.56396
11236.15234,2207.566487
11237.15234,2207.56396
11238.15234,2207.564297
11239.15234,2207.565476
11240.15625,2207.566318
11241.15625,2207.564634
11242.15625,2207.565308
11243.16016,2207.56396
11244.15625,2207.564971
11245.15625,2207.564802
11246.15625,2207.565476
11247.15625,2207.565981
11248.15625,2207.565476
11249.16016,2207.564466
11250.15625,2207.564971
11251.16016,2207.565813
11252.16016,2207.566655
11253.15625,2207.566318
11254.15625,2207.566655
11255.16016,2207.566992
11256.16016,2207.568171
11257.16016,2207.56615
11258.16016,2207.565308
11259.16016,2207.567665
11260.16016,2207.564297
11261.16016,2207.565139
11262.16016,2207.565813
11263.15625,2207.564802
11264.15625,2207.566318
11265.16016,2207.564802
11266.15625,2207.564802
11267.16016,2207.564297
11268.16016,2207.564971
11269.15625,2207.565476
11270.16016,2207.564802
11271.16016,2207.56615
11272.16016,2207.565981
11273.16016,2207.564971
11274.16016,2207.563792
11275.16016,2207.565813
11276.16016,2207.56396
11277.16016,2207.565813
11278.16016,2207.566318
11279.16016,2207.566487
11280.16016,2207.565476
11281.16406,2207.563287
11282.16016,2207.56396
11283.16016,2207.565476
11284.16406,2207.566487
11285.16406,2207.565981
11286.16406,2207.565308
11287.16406,2207.564802
11288.16406,2207.565139
11289.16406,2207.564634
11290.16797,2207.565476
11291.16406,2207.564466
11292.16406,2207.566487
11293.16406,2207.565476
11294.16797,2207.562276
11295.16797,2207.56396
11296.16406,2207.563792
11297.16406,2207.565308
11298.16406,2207.564634
11299.16406,2207.563623
11300.16797,2207.564466
11301.16797,2207.563623
11302.16406,2207.564466
11303.16406,2207.564802
11304.16797,2207.563623
11305.16797,2207.565476
11306.16797,2207.566487
11307.16797,2207.564634
11308.16797,2207.565139
11309.16797,2207.564971
11310.16797,2207.568171
11311.16797,2207.565476
11312.16797,2207.567497
11313.16797,2207.566655
11314.16797,2207.563792
11315.17188,2207.564466
11316.16797,2207.563287
11317.16797,2207.563287
11318.16797,2207.564466
11319.16797,2207.563792
11320.16797,2207.564971
11321.16797,2207.561939
11322.16797,2207.563792
11323.16797,2207.563118
11324.17188,2207.565981
11325.17188,2207.562613
11326.17188,2207.564634
11327.17188,2207.564802
11328.17188,2207.562444
11329.17188,2207.564634
11330.17188,2207.564971
11331.16797,2207.564297
11332.17188,2207.564634
11333.17188,2207.563287
11334.17188,2207.564971
11335.17188,2207.56396
11336.17188,2207.564297
11337.17578,2207.563792
11338.17188,2207.56396
11339.17188,2207.563287
11340.17188,2207.564466
11341.17188,2207.563623
11342.17188,2207.564971
11343.17188,2207.562444
11344.17188,2207.56295
11345.17188,2207.56396
11346.17188,2207.563455
11347.17578,2207.565981
11348.17578,2207.564971
11349.17578,2207.564466
11350.17969,2207.561939
11351.17578,2207.562276
11352.17578,2207.56396
11353.17969,2207.564466
11354.17969,2207.56295
11355.17578,2207.564802
11356.17969,2207.564802
11357.17578,2207.562108
11358.17578,2207.563287
11359.17969,2207.564971
11360.17969,2207.564634
11361.17969,2207.565308
11362.17969,2207.564971
11363.17969,2207.563792
11364.17578,2207.565139
11365.17969,2207.564634
11366.17969,2207.564466
11367.17578,2207.564297
11368.17969,2207.563455
11369.17969,2207.566487
11370.17969,2207.56396
11371.17969,2207.563287
11372.18359,2207.564971
11373.17969,2207.564297
11374.18359,2207.56396
11375.18359,2207.566487
11376.18359,2207.56396
11377.18359,2207.564634
11378.18359,2207.566992
11379.1875,2207.56716
11380.18359,2207.564802
11381.18359,2207.56396
11382.18359,2207.563623
11383.18359,2207.564634
11384.18359,2207.563455
11385.1875,2207.563118
11386.18359,2207.56396
11387.18359,2207.563792
11388.1875,2207.563455
11389.1875,2207.561939
11390.1875,2207.563287
11391.1875,2207.564634
11392.1875,2207.566487
11393.1875,2207.56396
11394.19141,2207.564297
11395.1875,2207.564466
11396.1875,2207.564802
11397.19141,2207.565813
11398.1875,2207.56716
11399.1875,2207.565981
11400.1875,2207.564466
11401.1875,2207.564971
11402.1875,2207.564634
11403.1875,2207.564466
11404.1875,2207.564634
11405.1875,2207.564802
11406.19141,2207.565308
11407.19141,2207.568676
11408.19141,2207.565981
11409.1875,2207.565139
11410.19141,2207.564802
11411.19141,2207.562613
11412.19141,2207.56615
11413.19141,2207.565813
11414.19141,2207.564466
11415.19141,2207.565308
11416.19141,2207.563792
11417.19141,2207.563118
11418.19141,2207.562276
11419.19141,2207.562613
11420.19531,2207.56396
11421.19531,2207.56396
11422.19141,2207.565476
11423.19141,2207.564466
11424.19141,2207.56295
11425.19141,2207.561939
11426.19531,2207.563623
11427.19141,2207.564634
11428.19141,2207.564802
11429.19141,2207.567329
11430.19531,2207.563455
11431.19531,2207.561602
11432.19531,2207.56396
11433.19531,2207.564971
11434.19531,2207.565476
11435.19531,2207.566318
11436.19531,2207.564297
11437.19531,2207.564971
11438.19531,2207.564802
11439.19531,2207.564466
11440.19531,2207.564802
11441.19531,2207.565476
11442.19531,2207.565476
11443.19531,2207.564971
11444.19531,2207.566487
11445.19531,2207.566655
11446.19531,2207.563287
11447.19531,2207.566487
11448.19531,2207.563623
11449.19531,2207.564802
11450.19531,2207.564802
11451.19531,2207.562444
11452.19531,2207.566992
11453.19531,2207.567329
11454.19922,2207.567329
11455.19922,2207.565981
11456.19922,2207.566487
11457.19922,2207.565813
11458.19922,2207.566992
11459.19922,2207.565813
11460.19922,2207.564971
11461.19922,2207.564297
11462.19922,2207.565813
11463.19922,2207.56716
11464.19922,2207.56615
11465.19922,2207.564971
11466.19922,2207.565308
11467.19922,2207.566487
11468.19922,2207.566318
11469.19922,2207.565308
11470.19922,2207.564466
11471.19922,2207.566487
11472.19922,2207.565813
11473.19922,2207.563623
11474.19922,2207.565308
11475.19922,2207.563792
11476.19922,2207.566992
11477.19922,2207.563792
11478.19922,2207.565813
11479.19922,2207.564466
11480.19922,2207.564466
11481.20313,2207.566318
11482.19922,2207.563118
11483.20313,2207.56396
11484.19922,2207.567665
11485.20313,2207.565139
11486.20313,2207.56396
11487.20313,2207.564634
11488.20313,2207.56396
11489.20313,2207.564466
11490.20313,2207.565308
11491.20313,2207.565813
11492.20313,2207.563118
11493.20703,2207.564634
11494.20703,2207.564802
11495.20703,2207.56396
11496.20703,2207.566487
11497.20313,2207.564297
11498.20703,2207.563623
11499.20703,2207.562108
11500.20313,2207.564634
11501.20703,2207.564297
11502.20703,2207.564971
11503.20313,2207.565308
11504.20703,2207.56396
11505.21094,2207.564297
11506.20703,2207.564466
11507.21094,2207.56396
11508.21094,2207.562276
11509.21094,2207.563455
11510.21094,2207.564297
11511.21094,2207.561771
11512.21094,2207.560929
11513.21094,2207.563118
11514.21094,2207.563118
11515.21094,2207.56396
11516.21094,2207.563287
11517.21094,2207.562108
11518.21484,2207.562444
11519.21094,2207.563623
11520.21094,2207.562108
11521.21484,2207.561602
11522.21094,2207.564802
11523.21094,2207.563287
11524.21094,2207.56396
11525.21484,2207.562108
11526.21484,2207.561771
11527.21484,2207.564466
11528.21484,2207.563623
11529.21484,2207.564971
11530.21484,2207.563287
11531.21875,2207.564297
11532.21484,2207.564634
11533.21875,2207.565981
11534.21484,2207.56396
11535.21875,2207.564802
11536.21875,2207.563792
11537.21875,2207.564297
11538.21875,2207.564634
11539.21875,2207.564297
11540.21875,2207.564466
11541.21875,2207.563287
11542.21875,2207.563118
11543.22266,2207.562276
11544.22266,2207.562276
11545.21875,2207.564634
11546.21875,2207.565139
11547.22266,2207.56396
11548.22266,2207.564297
11549.21875,2207.565476
11550.22266,2207.56295
11551.22266,2207.563118
11552.22266,2207.563792
11553.22266,2207.562108
11554.22266,2207.565308
11555.22656,2207.564634
11556.22266,2207.562276
11557.22656,2207.564971
11558.22656,2207.563792
11559.22656,2207.561939
11560.22656,2207.563287
11561.22656,2207.564466
11562.22656,2207.563455
11563.22656,2207.563792
11564.22656,2207.564971
11565.22656,2207.563623
11566.22656,2207.562613
11567.22656,2207.564634
11568.22656,2207.563792
11569.22656,2207.564802
11570.22656,2207.565476
11571.22656,2207.564297
11572.22656,2207.564971
11573.22656,2207.563455
11574.22656,2207.564971
11575.22656,2207.562613
11576.22656,2207.563287
11577.22656,2207.563623
11578.22656,2207.562444
11579.22656,2207.563623
11580.22656,2207.563623
11581.22656,2207.564297
11582.22656,2207.564297
11583.22656,2207.564297
11584.22656,2207.563623
11585.22656,2207.56396
11586.22656,2207.562613
11587.22656,2207.564634
11588.22656,2207.56396
11589.23047,2207.564297
11590.22656,2207.563287
11591.22656,2207.564297
11592.22656,2207.563792
11593.22656,2207.563623
11594.22656,2207.564971
11595.22656,2207.565981
11596.22656,2207.565981
11597.22656,2207.564802
11598.22656,2207.565308
11599.22656,2207.565308
11600.22656,2207.564297
11601.22656,2207.563792
11602.22656,2207.563287
11603.22656,2207.564466
11604.22656,2207.564802
11605.23047,2207.565813
11606.23047,2207.563455
11607.23047,2207.563118
11608.23047,2207.563623
11609.23438,2207.564297
11610.23438,2207.564634
11611.23438,2207.562444
11612.23438,2207.565308
11613.23438,2207.565139
11614.23438,2207.564297
11615.23828,2207.56716
11616.23828,2207.566655
11617.23828,2207.563792
11618.23828,2207.56615
11619.23828,2207.565813
11620.23828,2207.562444
11621.23828,2207.565308
11622.23828,2207.565813
11623.23828,2207.564971
11624.24219,2207.564634
11625.23828,2207.566992
11626.23828,2207.563287
11627.24219,2207.565813
11628.23828,2207.564802
11629.24219,2207.56396
11630.24219,2207.565308
11631.24219,2207.564466
11632.24219,2207.563792
11633.24219,2207.561939
11634.24219,2207.564297
11635.24219,2207.564297
11636.24219,2207.564802
11637.24219,2207.564466
11638.24219,2207.564297
11639.24219,2207.56396
11640.24219,2207.565813
11641.24219,2207.563455
11642.24219,2207.564971
11643.24219,2207.563287
11644.24609,2207.565476
11645.24219,2207.564297
11646.24219,2207.564297
11647.24219,2207.56396
11648.24609,2207.563623
11649.24219,2207.563455
11650.24609,2207.564971
11651.24609,2207.564466
11652.24219,2207.563792
11653.24609,2207.564466
11654.24609,2207.565308
11655.24609,2207.564634
11656.24609,2207.56396
11657.24609,2207.564634
11658.24609,2207.564297
11659.24609,2207.564971
11660.24609,2207.565139
11661.24609,2207.563792
11662.24609,2207.562276
11663.24609,2207.565308
11664.24609,2207.56615
11665.25,2207.563118
11666.24609,2207.565813
11667.25,2207.565813
11668.24609,2207.564634
11669.24609,2207.564466
11670.25,2207.563455
11671.25,2207.565813
11672.25,2207.56615
11673.24609,2207.564802
11674.25,2207.56396
11675.24609,2207.565139
11676.24609,2207.564466
11677.24609,2207.565308
11678.24609,2207.564297
11679.24609,2207.565139
11680.24609,2207.564466
11681.25,2207.565308
11682.25,2207.565139
11683.25,2207.566318
11684.24609,2207.56396
11685.25,2207.566655
11686.25,2207.565476
11687.25,2207.564297
11688.25,2207.565308
11689.25,2207.565981
11690.25,2207.565476
11691.25,2207.564634
11692.25,2207.564297
11693.25,2207.563118
11694.25,2207.562108
11695.25,2207.564466
11696.25,2207.562108
11697.25,2207.564297
11698.25,2207.56396
11699.25391,2207.564297
11700.25391,2207.562276
11701.25,2207.564971
11702.25,2207.565308
11703.25,2207.563792
11704.25,2207.565476
11705.25,2207.56295
11706.25,2207.565308
11707.25,2207.566318
11708.25391,2207.56396
11709.25391,2207.565981
11710.25391,2207.564802
11711.25391,2207.564634
11712.25391,2207.564634
11713.25391,2207.56396
11714.25391,2207.564634
11715.25391,2207.564802
11716.25391,2207.56396
11717.25391,2207.564634
11718.25391,2207.565476
11719.25391,2207.565981
11720.25391,2207.564634
11721.25781,2207.568002
11722.25391,2207.56615
11723.25781,2207.563287
11724.25781,2207.56615
11725.25781,2207.565981
11726.25781,2207.56396
11727.25781,2207.565308
11728.25781,2207.567497
11729.25781,2207.565139
11730.25781,2207.56295
11731.25781,2207.564466
11732.25781,2207.565813
11733.25781,2207.565476
11734.25781,2207.564297
11735.25781,2207.565139
11736.25781,2207.565981
11737.25781,2207.56396
11738.25781,2207.565813
11739.25781,2207.564634
11740.25781,2207.565813
11741.25781,2207.566487
11742.25781,2207.565813
11743.25781,2207.565476
11744.25781,2207.565139
11745.25781,2207.565308
11746.25781,2207.564634
11747.25781,2207.565981
11748.25781,2207.564634
11749.25781,2207.562108
11750.26172,2207.563792
11751.26172,2207.564297
11752.25781,2207.564971
11753.25781,2207.564634
11754.25781,2207.565981
11755.25781,2207.565476
11756.26172,2207.563623
11757.26172,2207.56716
11758.26172,2207.565139
11759.26172,2207.565308
11760.26172,2207.565308
11761.26172,2207.562613
11762.26172,2207.563792
11763.26172,2207.566318
11764.26172,2207.56396
11765.26172,2207.563118
11766.26172,2207.564634
11767.26172,2207.564971
11768.26172,2207.562613
11769.26172,2207.563623
11770.26172,2207.565308
11771.26172,2207.564297
11772.26563,2207.564634
11773.26563,2207.565813
11774.26563,2207.563623
11775.26172,2207.564802
11776.26172,2207.562276
11777.26563,2207.563792
11778.26172,2207.563455
11779.26172,2207.563118
11780.26563,2207.563118
11781.26172,2207.562444
11782.26172,2207.566487
11783.26172,2207.563455
11784.26172,2207.564634
11785.26172,2207.563287
11786.26563,2207.562444
11787.26563,2207.563623
11788.26172,2207.564466
11789.26172,2207.563792
11790.26563,2207.561939
11791.26172,2207.563455
11792.26172,2207.563792
11793.26172,2207.565981
11794.26172,2207.564802
11795.26563,2207.565813
11796.26563,2207.565139
11797.26172,2207.564634
11798.26172,2207.56295
11799.26563,2207.563623
11800.26563,2207.563792
11801.26563,2207.563623
11802.26172,2207.563455
11803.26172,2207.564634
11804.26563,2207.56396
11805.26563,2207.565981
11806.26953,2207.564634
11807.26563,2207.56295
11808.26563,2207.563792
11809.26563,2207.563118
11810.26953,2207.563623
11811.26563,2207.565139
11812.26563,2207.563455
11813.26563,2207.56615
11814.26953,2207.564297
11815.26563,2207.562444
11816.26563,2207.564971
11817.26953,2207.563623
11818.26953,2207.563287
11819.26953,2207.564971
11820.26953,2207.562276
11821.26953,2207.564971
11822.26953,2207.564634
11823.26953,2207.564297
11824.26953,2207.564802
11825.26953,2207.563623
11826.26953,2207.56396
11827.26953,2207.564802
11828.27344,2207.563792
11829.27344,2207.564466
11830.27344,2207.564971
11831.27344,2207.56295
11832.27344,2207.563623
11833.26953,2207.563287
11834.27344,2207.564802
11835.27344,2207.56396
11836.27344,2207.564297
11837.27344,2207.564971
11838.27344,2207.563118
11839.27344,2207.563623
11840.27344,2207.564466
11841.27344,2207.564466
11842.27344,2207.563623
11843.27734,2207.564971
11844.27344,2207.562276
11845.27734,2207.563623
11846.27734,2207.563455
11847.27734,2207.56396
11848.27734,2207.563118
11849.27734,2207.563623
11850.28125,2207.56396
11851.27734,2207.565476
11852.27734,2207.565308
11853.28125,2207.56396
11854.27734,2207.562108
11855.28125,2207.564466
11856.28125,2207.563623
11857.28125,2207.56295
11858.28125,2207.563792
11859.28125,2207.564466
11860.28125,2207.564971
11861.28125,2207.565476
11862.27734,2207.56396
11863.28125,2207.564634
11864.28125,2207.56396
11865.28125,2207.565476
11866.28125,2207.563623
11867.27734,2207.563118
11868.28125,2207.563118
11869.28125,2207.564634
11870.28125,2207.566318
11871.28125,2207.564297
11872.28516,2207.563118
11873.28125,2207.565476
11874.28125,2207.563623
11875.28516,2207.564971
11876.28125,2207.567329
11877.28125,2207.56396
11878.28125,2207.564971
11879.28125,2207.56396
11880.28125,2207.564297
11881.28125,2207.564802
11882.28125,2207.563623
11883.28125,2207.563792
11884.28125,2207.566487
11885.28516,2207.564634
11886.28516,2207.56396
11887.28516,2207.563455
11888.28516,2207.564297
11889.28516,2207.562276
11890.28125,2207.564634
11891.28516,2207.56396
11892.28125,2207.564297
11893.28516,2207.561266
11894.28516,2207.56396
11895.28516,2207.561771
11896.28516,2207.563792
11897.28516,2207.56295
11898.28516,2207.563623
11899.28516,2207.564297
11900.28516,2207.565139
11901.28516,2207.563792
11902.28516,2207.56295
11903.28516,2207.563623
11904.28516,2207.563118
11905.28516,2207.563623
11906.28906,2207.563623
11907.28516,2207.565476
11908.28906,2207.565813
11909.28516,2207.564971
11910.28516,2207.56396
11911.28516,2207.56396
11912.28516,2207.563792
11913.28906,2207.564971
11914.28516,2207.563623
11915.28516,2207.564297
11916.28906,2207.563118
11917.28906,2207.56396
11918.28906,2207.563792
11919.28906,2207.564802
11920.28906,2207.564634
11921.28906,2207.564802
11922.28906,2207.564802
11923.28906,2207.564634
11924.28906,2207.564802
11925.28906,2207.565308
11926.29297,2207.565308
11927.28906,2207.564297
11928.29297,2207.565476
11929.29297,2207.562108
11930.29688,2207.564466
11931.29297,2207.565476
11932.29297,2207.565476
11933.29297,2207.56396
11934.29297,2207.564971
11935.29297,2207.565308
11936.29297,2207.564634
11937.29297,2207.564971
11938.29297,2207.564971
11939.29297,2207.564466
11940.29297,2207.564634
11941.29297,2207.565139
11942.29297,2207.563118
11943.29297,2207.565308
11944.29297,2207.565981
11945.29297,2207.56396
11946.29297,2207.564466
11947.29688,2207.564466
11948.29297,2207.565813
11949.29688,2207.565139
11950.29297,2207.563455
11951.29688,2207.564297
11952.29297,2207.564634
11953.29297,2207.56396
11954.29297,2207.56396
11955.29297,2207.565981
11956.29297,2207.564971
11957.29688,2207.563118
11958.29297,2207.565813
11959.29688,2207.563287
11960.29688,2207.565139
11961.29688,2207.564802
11962.29688,2207.566487
11963.29688,2207.563623
11964.29688,2207.564466
11965.29688,2207.564971
11966.29688,2207.563287
11967.29688,2207.563118
11968.29688,2207.563455
11969.30078,2207.564466
11970.30078,2207.564634
11971.30078,2207.566318
11972.30078,2207.56615
11973.30078,2207.565308
11974.30078,2207.565139
11975.30078,2207.563287
11976.30078,2207.565981
11977.30078,2207.565981
11978.30078,2207.564971
11979.30078,2207.563792
11980.29688,2207.563455
11981.30078,2207.563455
11982.30078,2207.564466
11983.30078,2207.563287
11984.30078,2207.565813
11985.30078,2207.563792
11986.30078,2207.564802
11987.30078,2207.564634
11988.30078,2207.565308
11989.30469,2207.564971
11990.30078,2207.563287
11991.30078,2207.565308
11992.30078,2207.563455
11993.30078,2207.565308
11994.30469,2207.564297
11995.30078,2207.563287
11996.30469,2207.56396
11997.30469,2207.565308
11998.30469,2207.563623
11999.30469,2207.565139
12000.30469,2207.564971
12001.30078,2207.566318
12002.30469,2207.562613
12003.30469,2207.561939
12004.30469,2207.561939
12005.30469,2207.562276
12006.30469,2207.563118
12007.30469,2207.562108
12008.30469,2207.565308
12009.30469,2207.564634
12010.30469,2207.56295
12011.30469,2207.564634
12012.30859,2207.562613
12013.30469,2207.565476
12014.30469,2207.564802
12015.30469,2207.563287
12016.30469,2207.563287
12017.30469,2207.564634
12018.30859,2207.564466
12019.30469,2207.566655
12020.30469,2207.563287
12021.30469,2207.566487
12022.30469,2207.564971
12023.30469,2207.566487
12024.30469,2207.564297
12025.30859,2207.563792
12026.30859,2207.564297
12027.30859,2207.565139
12028.30469,2207.564466
12029.30469,2207.565308
12030.30859,2207.564297
12031.30859,2207.564802
12032.30859,2207.564971
12033.30469,2207.565813
12034.30859,2207.565139
12035.30859,2207.562276
12036.30859,2207.562276
12037.30859,2207.563623
12038.30859,2207.562613
12039.30859,2207.564466
12040.30859,2207.564466
12041.30859,2207.564634
12042.30469,2207.560929
12043.30859,2207.563118
12044.30859,2207.565476
12045.30859,2207.565139
12046.30859,2207.564466
12047.30859,2207.563455
12048.30859,2207.564297
12049.30859,2207.564971
12050.30469,2207.56396
12051.30859,2207.565308
12052.30859,2207.565308
12053.30859,2207.564297
12054.30859,2207.563118
12055.30859,2207.564802
12056.30859,2207.564634
12057.30859,2207.565308
12058.30859,2207.563792
12059.30859,2207.563118
12060.3125,2207.564634
12061.3125,2207.564634
12062.3125,2207.56396
12063.3125,2207.563623
12064.3125,2207.562444
12065.30859,2207.56396
12066.30859,2207.564466
12067.3125,2207.563623
12068.3125,2207.563455
12069.3125,2207.563118
12070.3125,2207.563792
12071.3125,2207.564634
12072.3125,2207.563118
12073.3125,2207.563623
12074.3125,2207.564466
12075.3125,2207.563792
12076.3125,2207.563792
12077.3125,2207.565476
12078.31641,2207.564971
12079.31641,2207.564466
12080.31641,2207.565813
12081.3125,2207.564802
12082.31641,2207.565308
12083.3125,2207.564802
12084.31641,2207.564297
12085.31641,2207.563455
12086.31641,2207.562276
12087.31641,2207.565476
12088.31641,2207.563287
12089.31641,2207.563623
12090.3125,2207.56396
12091.31641,2207.564466
12092.31641,2207.564297
12093.3125,2207.563455
12094.31641,2207.564971
12095.31641,2207.563623
12096.31641,2207.564634
12097.31641,2207.564802
12098.31641,2207.562444
12099.31641,2207.563455
12100.31641,2207.56295
12101.32031,2207.562613
12102.31641,2207.563792
12103.31641,2207.56396
12104.31641,2207.564802
12105.31641,2207.564297
12106.31641,2207.564466
12107.31641,2207.564634
12108.31641,2207.564466
12109.31641,2207.564466
12110.31641,2207.564971
12111.31641,2207.564634
12112.31641,2207.565476
12113.31641,2207.565476
12114.31641,2207.564466
12115.31641,2207.56396
12116.31641,2207.564634
12117.31641,2207.565813
12118.31641,2207.563118
12119.31641,2207.564634
12120.31641,2207.566487
12121.31641,2207.565813
12122.31641,2207.564634
12123.31641,2207.565476
12124.31641,2207.566487
12125.31641,2207.566992
12126.31641,2207.564297
12127.32031,2207.564802
12128.31641,2207.564971
12129.32031,2207.565308
12130.32031,2207.566318
12131.32031,2207.564634
12132.31641,2207.56396
12133.31641,2207.565139
12134.32031,2207.564971
12135.32031,2207.563792
12136.32031,2207.562613
12137.32031,2207.563623
12138.32031,2207.564634
12139.32031,2207.564297
12140.32031,2207.56295
12141.32031,2207.564634
12142.32422,2207.565139
12143.32031,2207.564466
12144.32031,2207.56716
12145.32031,2207.564802
12146.32031,2207.563623
12147.32031,2207.56396
12148.32422,2207.563287
12149.32031,2207.563623
12150.32422,2207.563792
12151.32422,2207.565139
12152.32422,2207.564466
12153.32422,2207.56295
12154.32422,2207.564466
12155.32422,2207.563792
12156.32422,2207.56396
12157.32813,2207.563118
12158.32422,2207.564802
12159.32422,2207.564634
12160.32422,2207.564297
12161.32422,2207.561602
12162.32422,2207.565308
12163.32422,2207.565308
12164.32813,2207.564297
12165.32813,2207.565308
12166.32813,2207.564466
12167.32422,2207.565139
12168.32422,2207.564971
12169.32813,2207.565813
12170.32813,2207.563792
12171.32813,2207.56295
12172.32422,2207.56295
12173.32813,2207.563623
12174.32813,2207.564971
12175.33203,2207.564802
12176.33203,2207.562108
12177.32813,2207.564971
12178.32813,2207.562613
12179.33203,2207.563455
12180.32813,2207.564297
12181.33203,2207.562108
12182.33203,2207.564971
12183.32813,2207.564802
12184.32813,2207.563623
12185.33203,2207.565476
12186.33203,2207.563287
12187.32813,2207.563455
12188.33203,2207.56295
12189.32813,2207.562444
12190.32813,2207.565981
12191.33203,2207.564297
12192.32813,2207.565139
12193.32813,2207.564297
12194.32813,2207.564466
12195.33203,2207.564634
12196.32813,2207.565476
12197.33203,2207.56396
12198.32813,2207.563623
12199.33203,2207.562444
12200.33203,2207.564297
12201.32813,2207.563792
12202.33203,2207.563792
12203.33203,2207.564297
12204.33203,2207.564634
12205.33203,2207.563118
12206.32813,2207.563792
12207.33203,2207.563792
12208.32813,2207.563623
12209.33203,2207.565813
12210.33203,2207.564297
12211.32813,2207.56615
12212.33203,2207.565476
12213.33203,2207.565476
12214.33203,2207.565813
12215.33203,2207.564971
12216.33203,2207.565813
12217.33203,2207.563455
12218.33203,2207.562276
12219.33594,2207.566487
12220.33594,2207.562444
12221.33594,2207.562444
12222.33594,2207.56396
12223.33594,2207.56295
12224.33594,2207.563792
12225.33594,2207.561771
12226.33594,2207.564971
12227.33984,2207.564297
12228.33984,2207.563455
12229.33594,2207.563792
12230.33984,2207.564297
12231.33984,2207.565476
12232.33594,2207.562444
12233.33984,2207.562108
12234.33984,2207.564802
12235.33984,2207.563287
12236.33594,2207.563455
12237.33984,2207.56396
12238.33984,2207.564971
12239.33984,2207.564971
12240.34375,2207.564802
12241.34375,2207.565308
12242.34375,2207.565139
12243.33984,2207.564297
12244.34375,2207.563455
12245.34375,2207.56396
12246.34375,2207.563287
12247.34375,2207.565308
12248.33984,2207.564971
12249.33984,2207.563623
12250.34375,2207.565476
12251.34766,2207.565308
12252.34375,2207.564634
12253.34375,2207.563118
12254.34766,2207.564971
12255.34766,2207.56295
12256.34766,2207.565139
12257.34766,2207.565308
12258.34375,2207.564634
12259.34766,2207.563623
12260.34766,2207.563455
12261.34766,2207.563792
12262.34766,2207.565139
12263.34766,2207.564297
12264.34766,2207.565308
12265.34766,2207.563792
12266.34766,2207.562276
12267.34766,2207.56295
12268.34766,2207.564634
12269.34766,2207.56295
12270.34766,2207.562108
12271.34766,2207.56295
12272.34766,2207.562108
12273.34766,2207.563792
12274.35156,2207.564297
12275.34766,2207.56396
12276.34766,2207.563455
12277.34766,2207.562444
12278.34766,2207.563287
12279.35156,2207.563623
12280.34766,2207.563118
12281.35156,2207.563455
12282.35156,2207.562444
12283.35156,2207.562276
12284.35156,2207.563287
12285.35156,2207.562276
12286.35156,2207.562276
12287.35156,2207.55975
12288.35547,2207.563455
12289.35156,2207.564297
12290.35156,2207.562613
12291.35156,2207.564802
12292.35547,2207.563118
12293.35547,2207.56295
12294.35547,2207.563118
12295.35547,2207.56295
12296.35547,2207.563287
12297.35156,2207.564971
12298.35547,2207.563287
12299.35547,2207.562613
12300.35547,2207.564802
12301.35938,2207.565981
12302.35547,2207.56396
12303.35547,2207.563792
12304.35938,2207.565308
12305.35938,2207.564466
12306.35547,2207.564802
12307.35938,2207.563623
12308.35547,2207.565308
12309.35547,2207.563118
12310.35938,2207.564971
12311.35938,2207.56396
12312.35547,2207.562613
12313.35938,2207.563455
12314.35547,2207.564297
12315.35938,2207.563792
12316.35938,2207.563118
12317.35938,2207.564971
12318.35938,2207.565139
12319.35938,2207.56396
12320.35938,2207.563118
12321.36328,2207.564802
12322.35938,2207.56396
12323.36328,2207.564466
12324.36328,2207.565813
12325.35938,2207.56396
12326.35938,2207.565813
12327.36328,2207.56615
12328.36328,2207.562276
12329.36328,2207.564466
12330.35938,2207.564634
12331.36328,2207.566487
12332.36328,2207.564971
12333.36328,2207.563792
12334.35938,2207.566487
12335.36328,2207.563455
12336.36328,2207.565813
12337.36328,2207.565813
12338.36328,2207.565308
12339.36328,2207.56396
12340.36328,2207.565476
12341.36328,2207.565139
12342.36328,2207.564634
12343.36328,2207.566992
12344.36328,2207.565981
12345.36328,2207.563455
12346.36328,2207.565981
12347.36328,2207.565476
12348.36328,2207.56396
12349.36328,2207.56396
12350.36328,2207.565476
12351.36328,2207.563792
12352.36328,2207.564971
12353.36328,2207.564297
12354.36328,2207.566487
12355.36719,2207.564466
12356.36719,2207.564466
12357.36719,2207.565139
12358.36328,2207.566318
12359.36719,2207.565139
12360.36328,2207.563792
12361.36328,2207.564971
12362.36328,2207.565139
12363.36719,2207.563287
12364.36719,2207.564634
12365.36719,2207.565139
12366.36719,2207.563792
12367.36719,2207.56396
12368.36719,2207.564466
12369.37109,2207.56396
12370.37109,2207.564802
12371.37109,2207.565139
12372.37109,2207.564466
12373.37109,2207.564971
12374.37109,2207.562276
12375.37109,2207.564297
12376.37109,2207.563792
12377.37109,2207.564297
12378.37109,2207.564802
12379.37109,2207.565139
12380.375,2207.563287
12381.375,2207.563623
12382.375,2207.563623
12383.37109,2207.562613
12384.375,2207.563623
12385.375,2207.565308
12386.375,2207.565308
12387.37891,2207.564802
12388.375,2207.56615
12389.37891,2207.561771
12390.37891,2207.562613
12391.37891,2207.563623
12392.37891,2207.561939
12393.38281,2207.563287
12394.38281,2207.56295
12395.37891,2207.563455
12396.38281,2207.563287
12397.38281,2207.563118
12398.38281,2207.563455
12399.38281,2207.56295
12400.38281,2207.564466
12401.38281,2207.564297
12402.38281,2207.561939
12403.38281,2207.562276
12404.38281,2207.564634
12405.38281,2207.564802
12406.38281,2207.564634
12407.38281,2207.563118
12408.38281,2207.562108
12409.38281,2207.56396
12410.38672,2207.56396
12411.38672,2207.564297
12412.38672,2207.563623
12413.38672,2207.565139
12414.38672,2207.563287
12415.38672,2207.564802
12416.38672,2207.563455
12417.38672,2207.564297
12418.38672,2207.563118
12419.38672,2207.565139
12420.38672,2207.564802
12421.38672,2207.564971
12422.38672,2207.565139
12423.38672,2207.564297
12424.38281,2207.563792
12425.38672,2207.564802
12426.38672,2207.562613
12427.38672,2207.562613
12428.38672,2207.563792
12429.38672,2207.564971
12430.38672,2207.563118
12431.38672,2207.565476
12432.38672,2207.565476
12433.38672,2207.565139
12434.38672,2207.562444
12435.38672,2207.56396
12436.38672,2207.563792
12437.38672,2207.56396
12438.38672,2207.564466
12439.38672,2207.565308
12440.38672,2207.563623
12441.38672,2207.562276
12442.39063,2207.563792
12443.39063,2207.565981
12444.38672,2207.564634
12445.38672,2207.563792
12446.39063,2207.563287
12447.39063,2207.564466
12448.38672,2207.563623
12449.39063,2207.563118
12450.39063,2207.563287
12451.38672,2207.561939
12452.39063,2207.562613
12453.39063,2207.562108
12454.39063,2207.564466
12455.39063,2207.564802
12456.39063,2207.56396
12457.39063,2207.563455
12458.39063,2207.562613
12459.39063,2207.564802
12460.39063,2207.563287
12461.39063,2207.564802
12462.39063,2207.564466
12463.39063,2207.564466
12464.39063,2207.563455
12465.39063,2207.565308
12466.39063,2207.564634
12467.39063,2207.56396
12468.39063,2207.561097
12469.39063,2207.563623
12470.39063,2207.564802
12471.39063,2207.563455
12472.39063,2207.563287
12473.39063,2207.563287
12474.39063,2207.562444
12475.39063,2207.56396
12476.39453,2207.564634
12477.39063,2207.563287
12478.39063,2207.564466
12479.39453,2207.562108
12480.39063,2207.563792
12481.39453,2207.56295
12482.39453,2207.562444
12483.39453,2207.561939
12484.39453,2207.564297
12485.39453,2207.565308
12486.39063,2207.564466
12487.39453,2207.563792
12488.39453,2207.563287
12489.39453,2207.563287
12490.39453,2207.563623
12491.39063,2207.566487
12492.39453,2207.565308
12493.39453,2207.565981
12494.39453,2207.564634
12495.39453,2207.563623
12496.39453,2207.563623
12497.39453,2207.564971
12498.39453,2207.565308
12499.39453,2207.563623
12500.39453,2207.565308
12501.39844,2207.56396
12502.39844,2207.562444
12503.39844,2207.563792
12504.39844,2207.564971
12505.39453,2207.56396
12506.39844,2207.563455
12507.39453,2207.56396
12508.39844,2207.564297
12509.39844,2207.564802
12510.39844,2207.565308
12511.40234,2207.565476
12512.39844,2207.564971
12513.39844,2207.564971
12514.39844,2207.564297
12515.40234,2207.565476
12516.40234,2207.561097
12517.40234,2207.566318
12518.40234,2207.564634
12519.40234,2207.563118
12520.40234,2207.564634
12521.40234,2207.564466
12522.39844,2207.563118
12523.40234,2207.564971
12524.40234,2207.564297
12525.40234,2207.564971
12526.39844,2207.564466
12527.40234,2207.564971
12528.40234,2207.564802
12529.40234,2207.564802
12530.40234,2207.564466
12531.40234,2207.563792
12532.40234,2207.564466
12533.40234,2207.563623
12534.40234,2207.564802
12535.40625,2207.564466
12536.40234,2207.562108
12537.40234,2207.564466
12538.40234,2207.565476
12539.40625,2207.56615
12540.40234,2207.563287
12541.40234,2207.564634
12542.40234,2207.564802
12543.40625,2207.564802
12544.40234,2207.564634
12545.40234,2207.565476
12546.40234,2207.56615
12547.40234,2207.564971
12548.40234,2207.565308
12549.40625,2207.563118
12550.40234,2207.564971
12551.40234,2207.56295
12552.40234,2207.563792
12553.40234,2207.563455
12554.40625,2207.564802
12555.40625,2207.564466
12556.40234,2207.565308
12557.40625,2207.564634
12558.40234,2207.565308
12559.40234,2207.564634
12560.40234,2207.56396
12561.40234,2207.565308
12562.40625,2207.564971
12563.40234,2207.564466
12564.40625,2207.566487
12565.40625,2207.566487
12566.40625,2207.565813
12567.40625,2207.567497
12568.40625,2207.56396
12569.40625,2207.565476
12570.40625,2207.56615
12571.40625,2207.565139
12572.40625,2207.564297
12573.40625,2207.564971
12574.40625,2207.564971
12575.41016,2207.564802
12576.40625,2207.562276
12577.40625,2207.563455
12578.40625,2207.56295
12579.40625,2207.563623
12580.40625,2207.56295
12581.41016,2207.564297
12582.41016,2207.562276
12583.40625,2207.564466
12584.40625,2207.564802
12585.40625,2207.564634
12586.40625,2207.565981
12587.41016,2207.564634
12588.41016,2207.563287
12589.41016,2207.563792
12590.41016,2207.563792
12591.41016,2207.563287
12592.41016,2207.564297
12593.41016,2207.565308
12594.41016,2207.561097
12595.41016,2207.56396
12596.41016,2207.566318
12597.41016,2207.565813
12598.41016,2207.564971
12599.41406,2207.563118
12600.41406,2207.565476
12601.41406,2207.565308
12602.41406,2207.56615
12603.41406,2207.566487
12604.41406,2207.564802
12605.41406,2207.565813
12606.41797,2207.564802
12607.41406,2207.565308
12608.41406,2207.564297
12609.41406,2207.564297
12610.41406,2207.564634
12611.41406,2207.565308
12612.41797,2207.564297
12613.41406,2207.565981
12614.41406,2207.565476
12615.41406,2207.564802
12616.41406,2207.565813
12617.41797,2207.565476
12618.41797,2207.566318
12619.41797,2207.564297
12620.42188,2207.56295
12621.41797,2207.562108
12622.41797,2207.562613
12623.41797,2207.562444
12624.41797,2207.563792
12625.41797,2207.563118
12626.42188,2207.56396
12627.42188,2207.562444
12628.41797,2207.565308
12629.41797,2207.564297
12630.42188,2207.564297
12631.42188,2207.56396
12632.41797,2207.564802
12633.42188,2207.563118
12634.41797,2207.562613
12635.42188,2207.56396
12636.42188,2207.564297
12637.41797,2207.561771
12638.41797,2207.564297
12639.42188,2207.564971
12640.41797,2207.56295
12641.41797,2207.563792
12642.42188,2207.563118
12643.42188,2207.564802
12644.42188,2207.564971
12645.42188,2207.563287
12646.42188,2207.563623
12647.42578,2207.564634
12648.42578,2207.564297
12649.42578,2207.56295
12650.42578,2207.562613
12651.42578,2207.562276
12652.42578,2207.563792
12653.42578,2207.564297
12654.42578,2207.56396
12655.42578,2207.564634
12656.42578,2207.564634
12657.42578,2207.564466
12658.42578,2207.562444
12659.42578,2207.563118
12660.42969,2207.564802
12661.42969,2207.564634
12662.42578,2207.564971
12663.42578,2207.563118
12664.42578,2207.565476
12665.42969,2207.566487
12666.42578,2207.565476
12667.42578,2207.564971
12668.42969,2207.564802
12669.42969,2207.564802
12670.42969,2207.565981
12671.42969,2207.56396
12672.42969,2207.564634
12673.42969,2207.563118
12674.42969,2207.563792
12675.42969,2207.564466
12676.42969,2207.564466
12677.42969,2207.564634
12678.42969,2207.563623
12679.42969,2207.564971
12680.42578,2207.561939
12681.42969,2207.563118
12682.42969,2207.564466
12683.42969,2207.563455
12684.42969,2207.563623
12685.42969,2207.56396
12686.42969,2207.56396
12687.42969,2207.56396
12688.42969,2207.563792
12689.42578,2207.565139
12690.42578,2207.565139
12691.42578,2207.56295
12692.42969,2207.56396
12693.42969,2207.564297
12694.42969,2207.563623
12695.42969,2207.564634
12696.42578,2207.563118
12697.42969,2207.563455
12698.42969,2207.565813
12699.42969,2207.563118
12700.42969,2207.564802
12701.42969,2207.564634
12702.42969,2207.564634
12703.42969,2207.56396
12704.42969,2207.563623
12705.42969,2207.564634
12706.42969,2207.564634
12707.42969,2207.565981
12708.43359,2207.564802
12709.43359,2207.566318
12710.42969,2207.564634
12711.42969,2207.565139
12712.42969,2207.563623
12713.42969,2207.564634
12714.42969,2207.56615
12715.43359,2207.565139
12716.43359,2207.566487
12717.43359,2207.565813
12718.42969,2207.563792
12719.42969,2207.564971
12720.43359,2207.565476
12721.43359,2207.565308
12722.43359,2207.564297
12723.43359,2207.563792
12724.43359,2207.563287
12725.42969,2207.565139
12726.43359,2207.563287
12727.42969,2207.565308
12728.43359,2207.565139
12729.43359,2207.56396
12730.43359,2207.565139
12731.43359,2207.563287
12732.43359,2207.565308
12733.43359,2207.564466
12734.4375,2207.563287
12735.4375,2207.564466
12736.4375,2207.56295
12737.4375,2207.564297
12738.4375,2207.564971
12739.43359,2207.56396
12740.4375,2207.564297
12741.4375,2207.564802
12742.43359,2207.563455
12743.43359,2207.563623
12744.43359,2207.565308
12745.4375,2207.565813
12746.4375,2207.564466
12747.4375,2207.566487
12748.4375,2207.565139
12749.4375,2207.564802
12750.4375,2207.564634
12751.44141,2207.564971
12752.44141,2207.562276
12753.44141,2207.563792
12754.44141,2207.56396
12755.4375,2207.563623
12756.4375,2207.563287
12757.44141,2207.56396
12758.44141,2207.564466
12759.44141,2207.563287
12760.44141,2207.563287
12761.44141,2207.563287
12762.44141,2207.56615
12763.44141,2207.566992
12764.44141,2207.56716
12765.44141,2207.563792
12766.44141,2207.56295
12767.44531,2207.56615
12768.44531,2207.565308
12769.44531,2207.565813
12770.44531,2207.563623
12771.44531,2207.563118
12772.44531,2207.563623
12773.44531,2207.565981
12774.44531,2207.56295
12775.44531,2207.564802
12776.44922,2207.564297
12777.44922,2207.563623
12778.44922,2207.565139
12779.44922,2207.564634
12780.44922,2207.564297
12781.44922,2207.564971
12782.44922,2207.564466
12783.44922,2207.566318
12784.45313,2207.564466
12785.44922,2207.566318
12786.44922,2207.567329
12787.45313,2207.566318
12788.44922,2207.56396
12789.45313,2207.564802
12790.45313,2207.565139
12791.45313,2207.564466
12792.45313,2207.564466
12793.45313,2207.566318
12794.45313,2207.564802
12795.45313,2207.563118
12796.45313,2207.562276
12797.45703,2207.562613
12798.45313,2207.566318
12799.45703,2207.563623
12800.45313,2207.564634
12801.45313,2207.566487
12802.45703,2207.564634
12803.45703,2207.564634
12804.45313,2207.566487
12805.45703,2207.562444
12806.45703,2207.563287
12807.45313,2207.562444
12808.45313,2207.56396
12809.45703,2207.562276
12810.45703,2207.56396
12811.45703,2207.562108
12812.45313,2207.562276
12813.45703,2207.565139
12814.45703,2207.564971
12815.45703,2207.564466
12816.45703,2207.564466
12817.45703,2207.563792
12818.45703,2207.565813
12819.46094,2207.565139
12820.45703,2207.563623
12821.45703,2207.565476
12822.45703,2207.565308
12823.45703,2207.564634
12824.45703,2207.563455
12825.45703,2207.562444
12826.46094,2207.56396
12827.45703,2207.564297
12828.46094,2207.563792
12829.46094,2207.562108
12830.45703,2207.563287
12831.46094,2207.563287
12832.46094,2207.563455
12833.46094,2207.566487
12834.46094,2207.564297
12835.46094,2207.566487
12836.46094,2207.563287
12837.46094,2207.565139
12838.46094,2207.564634
12839.46094,2207.563455
12840.46094,2207.564634
12841.46094,2207.565813
12842.46094,2207.565308
12843.46484,2207.564297
12844.46094,2207.564802
12845.46094,2207.561097
12846.46484,2207.563792
12847.46094,2207.563623
12848.46094,2207.56615
12849.46094,2207.563118
12850.46094,2207.563287
12851.46484,2207.565981
12852.46484,2207.56615
12853.46484,2207.565139
12854.46094,2207.56396
12855.46094,2207.563623
12856.46094,2207.563623
12857.46484,2207.564297
12858.46484,2207.563623
12859.46484,2207.564971
12860.46484,2207.564971
12861.46484,2207.563623
12862.46484,2207.56396
12863.46484,2207.563455
12864.46875,2207.563623
12865.46484,2207.562276
12866.46484,2207.563455
12867.46875,2207.564466
12868.46875,2207.56396
12869.46484,2207.56295
12870.46875,2207.564802
12871.46875,2207.562444
12872.46875,2207.563455
12873.46875,2207.563792
12874.46875,2207.564971
12875.46484,2207.565139
12876.46875,2207.563287
12877.47266,2207.560255
12878.46875,2207.564634
12879.47266,2207.563455
12880.47266,2207.56396
12881.47266,2207.564297
12882.47266,2207.564971
12883.47266,2207.565981
12884.47266,2207.564802
12885.47266,2207.565139
12886.47266,2207.564297
12887.47266,2207.564297
12888.47266,2207.565476
12889.47266,2207.564297
12890.47266,2207.563792
12891.46875,2207.564971
12892.47266,2207.564297
12893.47266,2207.566318
12894.47656,2207.565139
12895.47266,2207.564634
12896.47656,2207.56396
12897.47656,2207.56396
12898.47656,2207.56295
12899.47656,2207.563287
12900.47656,2207.563118
12901.47656,2207.566655
12902.47656,2207.566487
12903.47656,2207.562613
12904.47656,2207.56295
12905.47656,2207.564802
12906.47656,2207.564634
12907.48047,2207.564802
12908.47656,2207.563118
12909.47656,2207.563118
12910.47656,2207.564466
12911.48047,2207.563455
12912.47656,2207.563287
12913.47656,2207.564466
12914.48047,2207.563455
12915.48047,2207.564466
12916.48047,2207.565139
12917.48047,2207.56396
12918.48047,2207.563287
12919.48047,2207.561939
12920.48047,2207.563455
12921.47656,2207.563455
12922.48047,2207.563287
12923.48047,2207.564297
12924.48047,2207.565476
12925.48047,2207.563455
12926.48047,2207.563623
12927.48047,2207.56615
12928.48047,2207.566992
12929.48047,2207.56396
12930.48047,2207.563455
12931.48047,2207.563287
12932.48047,2207.564971
12933.48047,2207.565139
12934.48047,2207.565813
12935.48047,2207.564297
12936.48047,2207.56396
12937.48047,2207.564971
12938.48047,2207.564802
12939.48047,2207.565476
12940.48047,2207.560929
12941.48047,2207.564634
12942.48047,2207.56396
12943.48047,2207.563623
12944.48047,2207.56396
12945.48047,2207.563792
12946.48438,2207.564297
12947.48047,2207.563792
12948.48047,2207.564466
12949.48438,2207.563792
12950.48047,2207.564297
12951.48047,2207.564297
12952.48047,2207.564971
12953.48047,2207.564802
12954.48047,2207.564634
12955.48047,2207.564802
12956.48047,2207.56396
12957.48047,2207.565476
12958.48047,2207.562108
12959.48047,2207.56295
12960.48047,2207.562276
12961.48047,2207.562613
12962.48047,2207.56396
12963.48047,2207.564297
12964.48047,2207.563287
12965.48047,2207.562276
12966.48047,2207.563623
12967.48047,2207.563287
12968.48047,2207.56615
12969.48047,2207.564802
12970.48438,2207.563287
12971.48438,2207.56396
12972.48438,2207.563287
12973.48438,2207.563623
12974.48438,2207.561939
12975.48828,2207.563792
12976.48438,2207.565308
12977.48438,2207.564971
12978.48438,2207.565139
12979.48828,2207.56396
12980.48828,2207.563118
12981.48828,2207.564466
12982.48828,2207.564971
12983.48828,2207.564634
12984.48828,2207.563118
12985.48828,2207.564634
12986.48828,2207.563623
12987.48828,2207.562276
12988.48828,2207.564297
12989.48828,2207.564466
12990.48828,2207.56295
12991.48828,2207.564297
12992.48828,2207.563118
12993.48828,2207.563287
12994.49219,2207.562108
12995.48828,2207.561771
12996.48828,2207.563455
12997.48828,2207.56295
12998.48828,2207.561771
12999.48828,2207.561939
13000.49219,2207.562108
13001.48828,2207.562613
13002.49219,2207.564466
13003.49219,2207.562276
13004.49219,2207.563792
13005.48828,2207.562613
13006.49219,2207.563455
13007.49219,2207.563623
13008.48828,2207.562444
13009.49219,2207.565813
13010.49219,2207.561939
13011.49219,2207.565139
13012.49219,2207.562613
13013.49609,2207.562444
13014.49609,2207.561266
13015.49609,2207.563455
13016.49609,2207.562444
13017.49609,2207.563118
13018.49219,2207.562276
13019.49219,2207.564971
13020.49609,2207.563287
13021.49609,2207.562276
13022.49219,2207.561266
13023.49609,2207.56295
13024.49609,2207.561266
13025.49219,2207.561771
13026.49609,2207.562276
13027.49609,2207.564634
13028.49609,2207.564297
13029.49609,2207.562444
13030.49609,2207.563792
13031.49609,2207.566318
13032.49609,2207.562444
13033.49609,2207.563455
13034.49609,2207.565308
13035.49609,2207.564802
13036.49609,2207.564297
13037.49609,2207.56396
13038.5,2207.563623
13039.49609,2207.566318
13040.49609,2207.564297
13041.49609,2207.565476
13042.49609,2207.564802
13043.5,2207.563455
13044.49609,2207.564971
13045.5,2207.563792
13046.49609,2207.564634
13047.49609,2207.56295
13048.5,2207.565308
13049.5,2207.564466
13050.5,2207.564297
13051.5,2207.563792
13052.5,2207.562444
13053.5,2207.566318
13054.5,2207.56295
13055.5,2207.564971
13056.5,2207.563455
13057.5,2207.564971
13058.50391,2207.565981
13059.50391,2207.565476
13060.50391,2207.564297
13061.50391,2207.56396
13062.50391,2207.563792
13063.50391,2207.566318
13064.50391,2207.564802
13065.50391,2207.563792
13066.50781,2207.56716
13067.50781,2207.564802
13068.50781,2207.56615
13069.50781,2207.564634
13070.50781,2207.565139
13071.50781,2207.563623
13072.50781,2207.563792
13073.50781,2207.563792
13074.50781,2207.564802
13075.51172,2207.565981
13076.50781,2207.565308
13077.50781,2207.565476
13078.50781,2207.564802
13079.50781,2207.564466
13080.50781,2207.565308
13081.51172,2207.564971
13082.50781,2207.564802
13083.50781,2207.564297
13084.51172,2207.562444
13085.50781,2207.565308
13086.51172,2207.565308
13087.50781,2207.563118
13088.51172,2207.564297
13089.51172,2207.563623
13090.50781,2207.564297
13091.50781,2207.563623
13092.51172,2207.564466
13093.51172,2207.565981
13094.51172,2207.565813
13095.51172,2207.56615
13096.51172,2207.565139
13097.51172,2207.564634
13098.51172,2207.563118
13099.51172,2207.56396
13100.50781,2207.565981
13101.51172,2207.563792
13102.51172,2207.567665
13103.51172,2207.565308
13104.51172,2207.565476
13105.51172,2207.564971
13106.51172,2207.565308
13107.51172,2207.563287
13108.51172,2207.564802
13109.51172,2207.564634
13110.51172,2207.564466
13111.51563,2207.56396
13112.51563,2207.56396
13113.51563,2207.565813
13114.51563,2207.564971
13115.51563,2207.565813
13116.51563,2207.564634
13117.51563,2207.566992
13118.51563,2207.564466
13119.51563,2207.564297
13120.51563,2207.564634
13121.51563,2207.565308
13122.51563,2207.564634
13123.51563,2207.563455
13124.51953,2207.564297
13125.51563,2207.563287
13126.51563,2207.563287
13127.51563,2207.566318
13128.51563,2207.565981
13129.51953,2207.564634
13130.51953,2207.565139
13131.51953,2207.564466
13132.51563,2207.56615
13133.51563,2207.563118
13134.51953,2207.564634
13135.51953,2207.564466
13136.51953,2207.56295
13137.51953,2207.564802
13138.51953,2207.564297
13139.51953,2207.563287
13140.51953,2207.564802
13141.51953,2207.563792
13142.51953,2207.56295
13143.51953,2207.565139
13144.52344,2207.563287
13145.52344,2207.56295
13146.52344,2207.563118
13147.51953,2207.56396
13148.52344,2207.563623
13149.51953,2207.564297
13150.51953,2207.565139
13151.51953,2207.562444
13152.52344,2207.564466
13153.52344,2207.563287
13154.52344,2207.564634
13155.51953,2207.563792
13156.52344,2207.56396
13157.52734,2207.563792
13158.52344,2207.563623
13159.52344,2207.563623
13160.52734,2207.562613
13161.52734,2207.563118
13162.52734,2207.563455
13163.52734,2207.562276
13164.52734,2207.562444
13165.52734,2207.562613
13166.53125,2207.563287
13167.53125,2207.562276
13168.52734,2207.562444
13169.52734,2207.563792
13170.53125,2207.562444
13171.52734,2207.564971
13172.53125,2207.563455
13173.52734,2207.562276
13174.52734,2207.563287
13175.52734,2207.563792
13176.53125,2207.565139
13177.52734,2207.563287
13178.53125,2207.563792
13179.53516,2207.564971
13180.53125,2207.564297
13181.53125,2207.56295
13182.53125,2207.562276
13183.53125,2207.562276
13184.53125,2207.563455
13185.53125,2207.561602
13186.53125,2207.563287
13187.53125,2207.563455
13188.53125,2207.563623
13189.53125,2207.563792
13190.53125,2207.564971
13191.53125,2207.565308
13192.53125,2207.564971
13193.53125,2207.56396
13194.53125,2207.564802
13195.53125,2207.564297
13196.53516,2207.563792
13197.53516,2207.564297
13198.53516,2207.564297
13199.53516,2207.562613
13200.53516,2207.563455
13201.53516,2207.563118
13202.53516,2207.562108
13203.53516,2207.562444
13204.53516,2207.56396
13205.53516,2207.562613
13206.53516,2207.56396
13207.53516,2207.562108
13208.53516,2207.56295
13209.53516,2207.563623
13210.53906,2207.56396
13211.53516,2207.565139
13212.53906,2207.564634
13213.53906,2207.564802
13214.53906,2207.56396
13215.53906,2207.563623
13216.53906,2207.56295
13217.53516,2207.564297
13218.53906,2207.565139
13219.53516,2207.563623
13220.53906,2207.564297
13221.53906,2207.564634
13222.53906,2207.562613
13223.53906,2207.562613
13224.53906,2207.564466
13225.54297,2207.563455
13226.53906,2207.56396
13227.53906,2207.564634
13228.53906,2207.562613
13229.53906,2207.562613
13230.53906,2207.56295
13231.53906,2207.562276
13232.53906,2207.563287
13233.53906,2207.562613
13234.53906,2207.563287
13235.53906,2207.565813
13236.53906,2207.565476
13237.54297,2207.564634
13238.53906,2207.563287
13239.54297,2207.564634
13240.53906,2207.563455
13241.53906,2207.565981
13242.53906,2207.565308
13243.53906,2207.562276
13244.54297,2207.563623
13245.54297,2207.562276
13246.54297,2207.56615
13247.53906,2207.562108
13248.54297,2207.563287
13249.54297,2207.56295
13250.54297,2207.563623
13251.54297,2207.564971
13252.54297,2207.564466
13253.54297,2207.565476
13254.54297,2207.563792
13255.54297,2207.563118
13256.54688,2207.563118
13257.54688,2207.564802
13258.54688,2207.566318
13259.54688,2207.563455
13260.54688,2207.564971
13261.54688,2207.565813
13262.55078,2207.565981
13263.54688,2207.565308
13264.54688,2207.564971
13265.55078,2207.563623
13266.55078,2207.562276
13267.55078,2207.563118
13268.55078,2207.564466
13269.54688,2207.563792
13270.55078,2207.564802
13271.55078,2207.563623
13272.55078,2207.563455
13273.55078,2207.563623
13274.55078,2207.562444
13275.55078,2207.562613
13276.55078,2207.564466
13277.55078,2207.564297
13278.55078,2207.563287
13279.55078,2207.563287
13280.55078,2207.563623
13281.55078,2207.563455
13282.55078,2207.564634
13283.55078,2207.564802
13284.55078,2207.564802
13285.55078,2207.562613
13286.55078,2207.564971
13287.55078,2207.564634
13288.55078,2207.565139
13289.55078,2207.563792
13290.55078,2207.563623
13291.55078,2207.564297
13292.55078,2207.565981
13293.55469,2207.563287
13294.55469,2207.565139
13295.55469,2207.56295
13296.55469,2207.563287
13297.55469,2207.564802
13298.55469,2207.564634
13299.55469,2207.565476
13300.55859,2207.563455
13301.55469,2207.564971
13302.55469,2207.565981
13303.55469,2207.564802
13304.55859,2207.564802
13305.55859,2207.561602
13306.55859,2207.56396
13307.5625,2207.562444
13308.55859,2207.561602
13309.55859,2207.564802
13310.55859,2207.563287
13311.55859,2207.564802
13312.55859,2207.563623
13313.55859,2207.563792
13314.5625,2207.563118
13315.56641,2207.564634
13316.5625,2207.564466
13317.56641,2207.565139
13318.5625,2207.564971
13319.5625,2207.565139
13320.5625,2207.564634
13321.5625,2207.561771
13322.5625,2207.563455
13323.5625,2207.563287
13324.56641,2207.563118
13325.56641,2207.563118
13326.56641,2207.563118
13327.56641,2207.564297
13328.56641,2207.563455
13329.56641,2207.562276
13330.56641,2207.565476
13331.56641,2207.564802
13332.56641,2207.565308
13333.56641,2207.564297
13334.57031,2207.563118
13335.57031,2207.560255
13336.57031,2207.565139
13337.57031,2207.562613
13338.57031,2207.563118
13339.57422,2207.563792
13340.57031,2207.563792
13341.57422,2207.56295
13342.57422,2207.563792
13343.57422,2207.563792
13344.57031,2207.564634
13345.57422,2207.563118
13346.57031,2207.563455
13347.57422,2207.564634
13348.57422,2207.563287
13349.57422,2207.564297
13350.57422,2207.561602
13351.57422,2207.561771
13352.57422,2207.562613
13353.57422,2207.564802
13354.57422,2207.563287
13355.57813,2207.563792
13356.57422,2207.56295
13357.57813,2207.564971
13358.57813,2207.563287
13359.57813,2207.565308
13360.57813,2207.562613
13361.57813,2207.565139
13362.57813,2207.562613
13363.57422,2207.564297
13364.57422,2207.563455
13365.57813,2207.564802
13366.57422,2207.561939
13367.57422,2207.56396
13368.57813,2207.56396
13369.57422,2207.563623
13370.57422,2207.563118
13371.57422,2207.56295
13372.57422,2207.563287
13373.57813,2207.561602
13374.57813,2207.561266
13375.57422,2207.563287
13376.57813,2207.564971
13377.57813,2207.565308
13378.57422,2207.564634
13379.57813,2207.563623
13380.57422,2207.561771
13381.57813,2207.563623
13382.57422,2207.565139
13383.57422,2207.563455
13384.57422,2207.565139
13385.57813,2207.56396
13386.57422,2207.562276
13387.57813,2207.564466
13388.57813,2207.564466
13389.57813,2207.565139
13390.57422,2207.564466
13391.57813,2207.563623
13392.57813,2207.56396
13393.57422,2207.565981
13394.57422,2207.564297
13395.57422,2207.564466
13396.57813,2207.563623
13397.57422,2207.564802
13398.57422,2207.564634
13399.57422,2207.564297
13400.57813,2207.561771
13401.57813,2207.561097
13402.57422,2207.56396
13403.57813,2207.562108
13404.57813,2207.560592
13405.57422,2207.563287
13406.57813,2207.56076
13407.57813,2207.56295
13408.57813,2207.565308
13409.57813,2207.563792
13410.58203,2207.561939
13411.57813,2207.565139
13412.57813,2207.564297
13413.57813,2207.563792
13414.58203,2207.563287
13415.58203,2207.56295
13416.57813,2207.563455
13417.58203,2207.564466
13418.58203,2207.562108
13419.58203,2207.565476
13420.58203,2207.564802
13421.58203,2207.563287
13422.58203,2207.563792
13423.58203,2207.562108
13424.58203,2207.563118
13425.58203,2207.564634
13426.58203,2207.561939
13427.58203,2207.562276
13428.58203,2207.563455
13429.58203,2207.562276
13430.58203,2207.562276
13431.58594,2207.562108
13432.58594,2207.565476
13433.58203,2207.564634
13434.58203,2207.563287
13435.58594,2207.565813
13436.58594,2207.562444
13437.58984,2207.561939
13438.58594,2207.56396
13439.58594,2207.563792
13440.58984,2207.564297
13441.58594,2207.562613
13442.58984,2207.562108
13443.58984,2207.564634
13444.58984,2207.56396
13445.59375,2207.56396
13446.58984,2207.563623
13447.59375,2207.56076
13448.58984,2207.564466
13449.59375,2207.564971
13450.59375,2207.562108
13451.58984,2207.564297
13452.59375,2207.563118
13453.59375,2207.56396
13454.59375,2207.563118
13455.59375,2207.562108
13456.59375,2207.563287
13457.59375,2207.561939
13458.59375,2207.564634
13459.59375,2207.564802
13460.59375,2207.563623
13461.59766,2207.56396
13462.59375,2207.565813
13463.59766,2207.565139
13464.59766,2207.564297
13465.59766,2207.564634
13466.59766,2207.56396
13467.59766,2207.563455
13468.59766,2207.562444
13469.59766,2207.562444
13470.59375,2207.563287
13471.59766,2207.561266
13472.59766,2207.563287
13473.59766,2207.561266
13474.59375,2207.564971
13475.59766,2207.565308
13476.59766,2207.562108
13477.59766,2207.565139
13478.59766,2207.563118
13479.59766,2207.56396
13480.59766,2207.56295
13481.59766,2207.563792
13482.59766,2207.562108
13483.59766,2207.562444
13484.60156,2207.563792
13485.60156,2207.561266
13486.59766,2207.56295
13487.59766,2207.563792
13488.60156,2207.562444
13489.59766,2207.564634
13490.59766,2207.56396
13491.60156,2207.56396
13492.59766,2207.564466
13493.59766,2207.563792
13494.60156,2207.56396
13495.60156,2207.565139
13496.60156,2207.565139
13497.59766,2207.565308
13498.60156,2207.565476
13499.60156,2207.564634
13500.59766,2207.56396
13501.60156,2207.565308
13502.60156,2207.562444
13503.60547,2207.563792
13504.60156,2207.564802
13505.60156,2207.564971
13506.60547,2207.564802
13507.60156,2207.565308
13508.60547,2207.564971
13509.60156,2207.564971
13510.60156,2207.563623
13511.60547,2207.564466
13512.60156,2207.56396
13513.60547,2207.563623
13514.60547,2207.564802
13515.60547,2207.564971
13516.60547,2207.564802
13517.60547,2207.564971
13518.60547,2207.564634
13519.60547,2207.563287
13520.60547,2207.563287
13521.60547,2207.563623
13522.60938,2207.56295
13523.60547,2207.563792
13524.60547,2207.563623
13525.60938,2207.563623
13526.60938,2207.565308
13527.60938,2207.563455
13528.60547,2207.565139
13529.60547,2207.564297
13530.60938,2207.563792
13531.60938,2207.565476
13532.60938,2207.566487
13533.60938,2207.562613
13534.60938,2207.563287
13535.60938,2207.56295
13536.60938,2207.561939
13537.60938,2207.564466
13538.60938,2207.563118
13539.61328,2207.564802
13540.61328,2207.56295
13541.60938,2207.56396
13542.61328,2207.565308
13543.61328,2207.565308
13544.60938,2207.561097
13545.61328,2207.562108
13546.61328,2207.563623
13547.61328,2207.563623
13548.61328,2207.56615
13549.61328,2207.56396
13550.61328,2207.563623
13551.61328,2207.564297
13552.61328,2207.562276
13553.61328,2207.563118
13554.61328,2207.564802
13555.61328,2207.564466
13556.61328,2207.563792
13557.61719,2207.565139
13558.61328,2207.564802
13559.61328,2207.564466
13560.61328,2207.564297
13561.61719,2207.565139
13562.61719,2207.563118
13563.61719,2207.563455
13564.62109,2207.565813
13565.61719,2207.564802
13566.62109,2207.564466
13567.62109,2207.563792
13568.61719,2207.562444
13569.62109,2207.564802
13570.62109,2207.564634
13571.62109,2207.564634
13572.62109,2207.565981
13573.625,2207.566318
13574.62109,2207.566318
13575.625,2207.565813
13576.625,2207.564634
13577.62109,2207.566655
13578.625,2207.565981
13579.62109,2207.564634
13580.625,2207.564466
13581.625,2207.563118
13582.625,2207.563287
13583.625,2207.563792
13584.625,2207.56396
13585.625,2207.564466
13586.625,2207.564634
13587.62891,2207.56396
13588.62891,2207.565813
13589.62891,2207.563623
13590.62891,2207.564297
13591.62891,2207.565813
13592.62891,2207.563287
13593.63281,2207.565139
13594.63281,2207.564466
13595.63281,2207.563623
13596.63281,2207.564466
13597.63281,2207.566487
13598.63281,2207.564971
13599.63281,2207.563623
13600.63281,2207.56295
13601.63281,2207.563792
13602.63672,2207.563118
13603.63281,2207.563792
13604.63281,2207.563623
13605.63281,2207.56396
13606.63281,2207.563623
13607.63281,2207.56396
13608.63281,2207.563455
13609.63281,2207.564297
13610.63281,2207.56396
13611.63281,2207.564297
13612.63672,2207.564466
13613.63281,2207.564634
13614.63672,2207.565308
13615.63281,2207.564466
13616.63672,2207.565476
13617.63672,2207.564634
13618.63672,2207.563792
13619.63672,2207.563455
13620.64063,2207.564634
13621.63672,2207.563455
13622.63672,2207.56295
13623.63672,2207.564466
13624.63672,2207.563792
13625.64063,2207.56295
13626.64063,2207.563792
13627.64063,2207.564802
13628.64063,2207.565308
13629.64063,2207.564297
13630.64063,2207.564634
13631.64063,2207.565139
13632.64063,2207.563623
13633.63672,2207.564971
13634.63672,2207.56295
13635.64063,2207.56295
13636.64063,2207.562444
13637.64063,2207.563455
13638.64063,2207.563287
13639.64063,2207.564297
13640.64063,2207.563287
13641.64063,2207.564466
13642.64063,2207.564802
13643.64063,2207.56615
13644.64063,2207.56295
13645.64063,2207.562108
13646.64063,2207.563792
13647.64063,2207.56295
13648.64063,2207.56295
13649.64063,2207.562444
13650.64453,2207.563287
13651.64063,2207.56396
13652.64063,2207.564297
13653.64063,2207.566487
13654.64063,2207.564802
13655.64063,2207.564466
13656.64063,2207.563792
13657.64063,2207.56615
13658.64063,2207.564466
13659.64063,2207.563623
13660.64453,2207.564634
13661.64453,2207.563623
13662.64063,2207.563792
13663.64453,2207.563792
13664.64453,2207.563287
13665.64453,2207.564297
13666.64063,2207.564971
13667.64453,2207.565139
13668.64453,2207.562613
13669.64453,2207.565139
13670.64453,2207.564297
13671.64453,2207.562444
13672.64453,2207.563792
13673.64453,2207.564466
13674.64453,2207.564297
13675.64453,2207.563118
13676.64844,2207.565981
13677.64453,2207.564297
13678.64453,2207.562276
13679.64453,2207.561266
13680.64453,2207.563455
13681.64453,2207.562613
13682.64453,2207.56396
13683.64453,2207.563792
13684.64453,2207.563118
13685.64844,2207.564971
13686.64453,2207.565139
13687.64844,2207.56615
13688.64453,2207.565308
13689.64844,2207.564297
13690.64844,2207.565139
13691.64453,2207.564634
13692.64844,2207.563287
13693.64844,2207.566487
13694.64844,2207.564971
13695.64844,2207.565139
13696.64844,2207.564634
13697.65234,2207.565139
13698.65234,2207.565308
13699.64844,2207.563455
13700.64844,2207.56396
13701.64844,2207.563455
13702.65234,2207.563118
13703.64844,2207.564466
13704.65234,2207.563792
13705.65234,2207.56396
13706.65234,2207.56396
13707.65234,2207.56396
13708.65234,2207.563623
13709.65234,2207.564634
13710.65234,2207.562444
13711.65234,2207.565308
13712.65234,2207.562613
13713.64844,2207.564466
13714.65234,2207.565308
13715.65234,2207.562276
13716.65234,2207.562276
13717.64844,2207.563455
13718.65234,2207.562613
13719.65234,2207.564297
13720.65234,2207.563455
13721.65234,2207.563287
13722.65234,2207.56295
13723.65234,2207.561771
13724.65234,2207.562613
13725.65625,2207.564466
13726.65234,2207.561939
13727.65234,2207.563792
13728.65234,2207.562276
13729.65234,2207.56295
13730.65234,2207.56396
13731.65234,2207.564634
13732.65234,2207.562108
13733.65234,2207.562276
13734.65234,2207.562108
13735.65234,2207.560423
13736.65625,2207.562276
13737.65625,2207.563455
13738.65234,2207.561939
13739.65234,2207.56295
13740.65625,2207.562444
13741.65625,2207.56295
13742.65625,2207.561771
13743.65625,2207.561939
13744.65625,2207.562613
13745.65625,2207.563287
13746.66016,2207.561771
13747.65625,2207.56396
13748.65625,2207.563118
13749.65625,2207.56295
13750.66016,2207.562613
13751.65625,2207.565139
13752.66016,2207.564634
13753.66016,2207.563623
13754.65625,2207.56396
13755.65625,2207.565813
13756.66016,2207.563287
13757.66016,2207.564971
13758.65625,2207.56295
13759.66016,2207.562444
13760.65625,2207.563792
13761.65625,2207.563118
13762.65625,2207.563455
13763.66016,2207.565308
13764.66016,2207.563623
13765.65625,2207.56396
13766.65625,2207.563792
13767.66016,2207.564802
13768.66016,2207.563287
13769.66016,2207.563792
13770.66016,2207.564971
13771.66016,2207.562444
13772.66016,2207.564466
13773.66016,2207.562613
13774.66016,2207.564466
13775.66406,2207.56295
13776.66016,2207.562108
13777.66016,2207.565139
13778.66016,2207.563792
13779.66016,2207.563287
13780.66016,2207.564802
13781.66016,2207.565308
13782.66016,2207.564971
13783.66406,2207.563287
13784.66406,2207.563623
13785.66406,2207.563287
13786.66406,2207.563792
13787.66406,2207.563287
13788.66406,2207.563792
13789.66406,2207.563287
13790.66406,2207.563792
13791.66406,2207.564802
13792.66406,2207.563455
13793.66406,2207.563455
13794.66406,2207.563792
13795.66406,2207.563623
13796.66406,2207.563118
13797.66406,2207.565139
13798.66406,2207.563792
13799.66406,2207.56295
13800.66797,2207.561771
13801.66406,2207.563287
13802.66797,2207.562276
13803.66797,2207.563623
13804.66797,2207.565813
13805.66797,2207.564971
13806.66406,2207.564297
13807.66797,2207.563792
13808.66406,2207.563287
13809.66797,2207.566487
13810.66406,2207.566487
13811.66797,2207.564634
13812.66797,2207.565139
13813.66797,2207.564802
13814.66797,2207.564802
13815.66797,2207.565813
13816.66797,2207.565308
13817.66797,2207.566318
13818.67188,2207.564802
13819.66797,2207.564634
13820.66797,2207.564297
13821.66797,2207.56615
13822.67188,2207.564634
13823.67188,2207.564634
13824.67188,2207.564634
13825.67188,2207.564802
13826.67188,2207.563118
13827.67188,2207.563287
13828.67188,2207.565981
13829.67188,2207.564466
13830.67188,2207.563455
13831.67188,2207.565476
13832.67188,2207.56295
13833.67578,2207.563118
13834.67188,2207.563455
13835.67578,2207.562613
13836.67578,2207.564971
13837.67578,2207.563455
13838.67188,2207.564634
13839.67188,2207.562613
13840.67188,2207.563455
13841.67188,2207.563118
13842.67188,2207.563623
13843.67188,2207.564297
13844.67188,2207.564466
13845.67578,2207.564466
13846.67188,2207.56396
13847.67578,2207.561939
13848.67578,2207.563623
13849.67188,2207.563623
13850.67578,2207.564297
13851.67188,2207.564634
13852.67578,2207.564297
13853.67578,2207.56396
13854.67578,2207.565813
13855.67578,2207.56396
13856.67188,2207.562108
13857.67188,2207.563118
13858.67188,2207.561939
13859.67188,2207.56295
13860.67578,2207.562444
13861.67188,2207.563287
13862.67578,2207.561939
13863.67578,2207.561602
13864.67578,2207.563792
13865.67578,2207.563792
13866.67578,2207.562276
13867.67578,2207.563118
13868.67578,2207.562276
13869.67578,2207.564466
13870.67578,2207.563455
13871.67578,2207.561939
13872.67578,2207.561939
13873.67969,2207.563118
13874.67578,2207.563455
13875.67578,2207.564634
13876.67969,2207.562444
13877.67969,2207.561771
13878.67969,2207.564297
13879.67969,2207.560929
13880.68359,2207.562108
13881.67969,2207.560087
13882.68359,2207.562444
13883.67969,2207.56295
13884.68359,2207.563455
13885.68359,2207.562108
13886.68359,2207.563118
13887.68359,2207.561097
13888.68359,2207.562108
13889.68359,2207.563623
13890.68359,2207.562613
13891.6875,2207.56076
13892.68359,2207.562276
13893.6875,2207.56295
13894.6875,2207.563455
13895.6875,2207.562108
13896.6875,2207.563455
13897.6875,2207.564634
13898.6875,2207.562108
13899.69141,2207.562613
13900.6875,2207.56396
13901.6875,2207.563792
13902.69141,2207.563455
13903.69141,2207.562108
13904.69141,2207.560592
13905.69141,2207.560929
13906.69141,2207.563455
13907.69141,2207.563287
13908.69531,2207.56396
13909.69141,2207.565308
13910.69141,2207.563455
13911.69141,2207.561939
13912.69531,2207.562108
13913.69531,2207.562444
13914.69531,2207.563287
13915.69531,2207.561602
13916.69141,2207.562276
13917.69531,2207.563455
13918.69531,2207.563623
13919.69531,2207.563118
13920.69531,2207.564297
13921.69531,2207.563118
13922.69531,2207.563287
13923.69531,2207.564297
13924.69922,2207.563118
13925.69922,2207.565813
13926.69922,2207.563118
13927.69922,2207.560929
13928.69922,2207.564466
13929.69922,2207.563455
13930.69922,2207.561939
13931.69531,2207.563455
13932.69922,2207.563118
13933.69922,2207.565139
13934.69922,2207.563118
13935.69922,2207.565476
13936.69922,2207.563623
13937.69922,2207.564634
13938.70313,2207.565813
13939.70313,2207.565308
13940.70703,2207.564971
13941.70313,2207.56396
13942.70313,2207.563118
13943.70313,2207.562444
13944.70313,2207.561939
13945.70313,2207.56396
13946.70313,2207.56295
13947.70313,2207.560592
13948.70703,2207.560929
13949.70313,2207.561602
13950.70313,2207.563118
13951.70313,2207.564971
13952.70703,2207.56396
13953.70703,2207.562444
13954.70313,2207.563623
13955.70313,2207.563623
13956.70313,2207.564297
13957.70313,2207.563623
13958.70703,2207.562444
13959.70313,2207.564802
13960.70703,2207.565308
13961.70313,2207.564297
13962.70313,2207.563792
13963.70703,2207.563287
13964.70703,2207.564297
13965.70313,2207.564802
13966.70703,2207.563287
13967.70313,2207.563792
13968.70313,2207.565139
13969.70703,2207.561939
13970.70703,2207.563287
13971.70703,2207.562444
13972.70703,2207.563287
13973.70703,2207.563455
13974.70703,2207.564971
13975.70703,2207.563792
13976.70703,2207.563623
13977.70703,2207.564297
13978.70703,2207.562276
13979.71094,2207.565813
13980.71094,2207.563792
13981.70703,2207.565308
13982.71094,2207.562613
13983.70703,2207.564466
13984.71094,2207.563118
13985.70703,2207.564802
13986.71094,2207.56295
13987.71094,2207.56615
13988.70703,2207.564634
13989.70703,2207.564297
13990.71094,2207.563455
13991.71094,2207.564297
13992.71094,2207.564971
13993.70703,2207.563623
13994.71094,2207.56295
13995.71094,2207.563287
13996.70703,2207.563118
13997.71094,2207.56396
13998.71094,2207.565139
13999.71094,2207.56396
14000.71094,2207.561771
14001.71094,2207.562276
14002.70703,2207.56295
14003.71094,2207.562444
14004.71094,2207.563118
14005.71094,2207.561602
14006.71094,2207.56396
14007.71094,2207.563287
14008.71094,2207.565308
14009.71484,2207.564802
14010.71094,2207.56396
14011.71094,2207.562444
14012.71484,2207.56396
14013.71094,2207.563792
14014.71094,2207.562613
14015.71484,2207.561602
14016.71484,2207.562108
14017.71094,2207.563287
14018.71484,2207.564634
14019.71094,2207.563792
14020.71094,2207.561771
14021.71094,2207.563455
14022.71484,2207.563455
14023.71484,2207.561097
14024.71484,2207.563792
14025.71484,2207.562613
14026.71484,2207.561602
14027.71484,2207.562444
14028.71094,2207.564634
14029.71094,2207.561602
14030.71484,2207.562108
14031.71094,2207.562108
14032.71484,2207.562276
14033.71484,2207.56396
14034.71484,2207.562444
14035.71094,2207.563792
14036.71094,2207.563455
14037.71484,2207.563792
14038.71875,2207.562444
14039.71875,2207.56396
14040.71875,2207.563455
14041.71875,2207.562613
14042.71484,2207.562108
14043.71875,2207.56396
14044.71875,2207.563455
14045.71875,2207.56295
14046.71875,2207.562276
14047.71484,2207.562613
14048.71875,2207.562613
14049.71875,2207.563792
14050.71875,2207.563455
14051.71875,2207.563792
14052.71875,2207.564297
14053.71875,2207.56295
14054.71875,2207.561771
14055.71875,2207.561602
14056.71875,2207.563118
14057.72266,2207.561602
14058.71875,2207.561602
14059.72266,2207.561602
14060.71875,2207.56295
14061.72266,2207.562276
14062.72266,2207.563623
14063.71875,2207.562613
14064.71875,2207.563287
14065.72266,2207.566318
14066.72266,2207.564971
14067.72266,2207.56295
14068.72266,2207.562108
14069.71875,2207.56295
14070.72266,2207.563118
14071.72266,2207.562444
14072.72266,2207.55975
14073.71875,2207.563792
14074.72266,2207.563118
14075.72266,2207.564297
14076.72266,2207.55975
14077.72266,2207.564802
14078.72266,2207.559413
14079.72266,2207.562276
14080.72266,2207.563792
14081.72266,2207.561771
14082.72266,2207.562108
14083.72656,2207.562276
14084.72266,2207.563287
14085.72656,2207.562276
14086.72266,2207.564634
14087.72656,2207.563623
14088.72656,2207.561939
14089.72656,2207.562276
14090.72656,2207.562108
14091.72266,2207.563118
14092.72266,2207.562444
14093.72656,2207.563118
14094.72656,2207.561097
14095.73047,2207.561602
14096.72656,2207.563287
14097.72656,2207.561939
14098.72656,2207.565813
14099.72656,2207.563623
14100.72656,2207.566318
14101.72656,2207.565308
14102.72656,2207.564802
14103.72656,2207.562444
14104.72656,2207.56295
14105.72656,2207.562276
14106.72656,2207.562108
14107.72656,2207.564634
14108.72656,2207.564297
14109.72656,2207.565139
14110.72656,2207.564634
14111.72656,2207.562613
14112.72656,2207.564297
14113.72656,2207.563623
14114.73047,2207.56396
14115.73047,2207.561771
14116.73047,2207.562613
14117.73047,2207.565308
14118.73047,2207.563455
14119.73047,2207.563623
14120.73438,2207.565813
14121.73438,2207.56295
14122.73047,2207.563792
14123.73438,2207.563623
14124.73438,2207.564634
14125.73438,2207.564802
14126.73828,2207.562444
14127.73828,2207.563792
14128.73828,2207.563623
14129.73828,2207.565981
14130.73828,2207.56396
14131.73828,2207.563287
14132.73828,2207.562108
14133.73828,2207.563287
14134.74219,2207.564466
14135.74219,2207.564802
14136.74219,2207.565308
14137.74219,2207.564971
14138.74219,2207.564634
14139.74219,2207.562613
14140.74219,2207.563455
14141.74609,2207.56295
14142.74219,2207.564466
14143.74609,2207.565139
14144.74609,2207.564634
14145.74609,2207.563118
14146.74609,2207.563623
14147.74609,2207.562444
14148.74609,2207.566487
14149.74609,2207.564971
14150.74609,2207.56396
14151.74609,2207.565981
14152.74609,2207.563623
14153.74609,2207.564802
14154.75,2207.565813
14155.74609,2207.565476
14156.74609,2207.566487
14157.74609,2207.563792
14158.74609,2207.563287
14159.74609,2207.564297
14160.75,2207.563118
14161.74609,2207.563287
14162.74609,2207.563792
14163.74609,2207.563623
14164.74609,2207.56396
14165.74609,2207.564297
14166.74609,2207.563792
14167.75,2207.562276
14168.75,2207.562613
14169.75,2207.563623
14170.74609,2207.560929
14171.74609,2207.561939
14172.75,2207.561939
14173.74609,2207.562613
14174.75,2207.563287
14175.74609,2207.563118
14176.75,2207.564971
14177.75,2207.565139
14178.74609,2207.563118
14179.75,2207.564297
14180.75,2207.564971
14181.75391,2207.562108
14182.75391,2207.561602
14183.75391,2207.561602
14184.75391,2207.56295
14185.75391,2207.563118
14186.75391,2207.562276
14187.75391,2207.562108
14188.75391,2207.564297
14189.75781,2207.562108
14190.75391,2207.563287
14191.75391,2207.56396
14192.75391,2207.563455
14193.75391,2207.565476
14194.75391,2207.565813
14195.75781,2207.56396
14196.75781,2207.564297
14197.75781,2207.564466
14198.75781,2207.563792
14199.75781,2207.564466
14200.75391,2207.561939
14201.75781,2207.565308
14202.75781,2207.563455
14203.75781,2207.564634
14204.75781,2207.564297
14205.75781,2207.564297
14206.75781,2207.564466
14207.76172,2207.563623
14208.76172,2207.563623
14209.76172,2207.564802
14210.75781,2207.565476
14211.76172,2207.563623
14212.76172,2207.563287
14213.76172,2207.564802
14214.76172,2207.562276
14215.76172,2207.561097
14216.76172,2207.562276
14217.76172,2207.563792
14218.76172,2207.56396
14219.76172,2207.563118
14220.76563,2207.562276
14221.76563,2207.563287
14222.76563,2207.562613
14223.76563,2207.561939
14224.76563,2207.564297
14225.76563,2207.56396
14226.76563,2207.563455
14227.76563,2207.563287
14228.76563,2207.565308
14229.76563,2207.56295
14230.76563,2207.563623
14231.76563,2207.561602
14232.76563,2207.562444
14233.76953,2207.561602
14234.76563,2207.56295
14235.76953,2207.563287
14236.76953,2207.563287
14237.76953,2207.565139
14238.76953,2207.564802
14239.76953,2207.564971
14240.76953,2207.565476
14241.76953,2207.563623
14242.77344,2207.565308
14243.76953,2207.56615
14244.76953,2207.565308
14245.77344,2207.564802
14246.77344,2207.564297
14247.76953,2207.56396
14248.77344,2207.564466
14249.77344,2207.564802
14250.76953,2207.565813
14251.77344,2207.563287
14252.77344,2207.56295
14253.77344,2207.56295
14254.77344,2207.562444
14255.77344,2207.563455
14256.77344,2207.562444
14257.77344,2207.565476
14258.77344,2207.565308
14259.77344,2207.564802
14260.77344,2207.564802
14261.77344,2207.563792
14262.77344,2207.563287
14263.77734,2207.564634
14264.77734,2207.562108
14265.77734,2207.565139
14266.77734,2207.566318
14267.78125,2207.564466
14268.77734,2207.564297
14269.77734,2207.564971
14270.77734,2207.563287
14271.77734,2207.565308
14272.77734,2207.565476
14273.77734,2207.564297
14274.77734,2207.565813
14275.78125,2207.561266
14276.77734,2207.562276
14277.78125,2207.563792
14278.77734,2207.562613
14279.78125,2207.562444
14280.78125,2207.563623
14281.77734,2207.56396
14282.78125,2207.564971
14283.78125,2207.562276
14284.78125,2207.562613
14285.78125,2207.564297
14286.78125,2207.565476
14287.78125,2207.563118
14288.78125,2207.563287
14289.78125,2207.563118
14290.78125,2207.56396
14291.78125,2207.564466
14292.78125,2207.56295
14293.78125,2207.564466
14294.78516,2207.563287
14295.78125,2207.563287
14296.78125,2207.564634
14297.78125,2207.565308
14298.78125,2207.56615
14299.78516,2207.56615
14300.78516,2207.566487
14301.78125,2207.56396
14302.78516,2207.564634
14303.78516,2207.565139
14304.78516,2207.564971
14305.78125,2207.563792
14306.78516,2207.56396
14307.78125,2207.56295
14308.78516,2207.563287
14309.78516,2207.564466
14310.78516,2207.565813
14311.78516,2207.563118
14312.78516,2207.563623
14313.78516,2207.561771
14314.78516,2207.563623
14315.78516,2207.563792
14316.78906,2207.561097
14317.78516,2207.565308
14318.78516,2207.563623
14319.78906,2207.564466
14320.78516,2207.562276
14321.78516,2207.562613
14322.78906,2207.56396
14323.78906,2207.562444
14324.78906,2207.56295
14325.78906,2207.562613
14326.78906,2207.565139
14327.78906,2207.562444
14328.78906,2207.56076
14329.78906,2207.561602
14330.78906,2207.56396
14331.78906,2207.564634
14332.78906,2207.562276
14333.78906,2207.565308
14334.78906,2207.562276
14335.79297,2207.562444
14336.78906,2207.565308
14337.79297,2207.56076
14338.79297,2207.564634
14339.79297,2207.563287
14340.78906,2207.563623
14341.79297,2207.564634
14342.79297,2207.563455
14343.79297,2207.565139
14344.79688,2207.56396
14345.79297,2207.564971
14346.79297,2207.564971
14347.79297,2207.563287
14348.79297,2207.563287
14349.79297,2207.56295
14350.79297,2207.56295
14351.79297,2207.563287
14352.79297,2207.564466
14353.79297,2207.563118
14354.79297,2207.564297
14355.79297,2207.56716
14356.79688,2207.56396
14357.79297,2207.564971
14358.79297,2207.563118
14359.79688,2207.56615
14360.79688,2207.565476
14361.79688,2207.561266
14362.79688,2207.564297
14363.79688,2207.564971
14364.79688,2207.560423
14365.79688,2207.563623
14366.79688,2207.56295
14367.79688,2207.565139
14368.79297,2207.564971
14369.79688,2207.562276
14370.79688,2207.564466
14371.79688,2207.564297
14372.79688,2207.564297
14373.79688,2207.564297
14374.79688,2207.560592
14375.79688,2207.563623
14376.79688,2207.563792
14377.79688,2207.565476
14378.79688,2207.562444
14379.79688,2207.562613
14380.79688,2207.564297
14381.79688,2207.563287
14382.80078,2207.563623
14383.80078,2207.564634
14384.80078,2207.563455
14385.79688,2207.56295
14386.79688,2207.564466
14387.80078,2207.562444
14388.80078,2207.564297
14389.79688,2207.565476
14390.79688,2207.56396
14391.80078,2207.56396
14392.80078,2207.564297
14393.79688,2207.563118
14394.80078,2207.563287
14395.79688,2207.564634
14396.80078,2207.563118
14397.80078,2207.563118
14398.80078,2207.561939
14399.80078,2207.560592
14400.80078,2207.561771
14401.80078,2207.564466
14402.80078,2207.562276
14403.80078,2207.562613
14404.80469,2207.561266
14405.80469,2207.562276
14406.80469,2207.564466
14407.80078,2207.563623
14408.80469,2207.561771
14409.80469,2207.564297
14410.80469,2207.56076
14411.80469,2207.561266
14412.80469,2207.562444
14413.80469,2207.565476
14414.80469,2207.565139
14415.80469,2207.563287
14416.80469,2207.564971
14417.80469,2207.565981
14418.80859,2207.564297
14419.80469,2207.56076
14420.80859,2207.563455
14421.80859,2207.56295
14422.80859,2207.56396
14423.80859,2207.564466
14424.80859,2207.565308
14425.8125,2207.563118
14426.80859,2207.562444
14427.80859,2207.562444
14428.8125,2207.565139
14429.8125,2207.56396
14430.8125,2207.562613
14431.8125,2207.564466
14432.8125,2207.564297
14433.8125,2207.564971
14434.8125,2207.563792
14435.80859,2207.563118
14436.8125,2207.561771
14437.8125,2207.565476
14438.8125,2207.564466
14439.8125,2207.562444
14440.8125,2207.565981
14441.8125,2207.562444
14442.81641,2207.562613
14443.8125,2207.564466
14444.8125,2207.561266
14445.8125,2207.564634
14446.8125,2207.561266
14447.8125,2207.562613
14448.81641,2207.56295
14449.8125,2207.564466
14450.81641,2207.563118
14451.81641,2207.563287
14452.81641,2207.563623
14453.81641,2207.563118
14454.82031,2207.563118
14455.82031,2207.563623
14456.82031,2207.56396
14457.82031,2207.562444
14458.82031,2207.561266
14459.82031,2207.561602
14460.82031,2207.562613
14461.82031,2207.563623
14462.82031,2207.563455
14463.82031,2207.563118
14464.82031,2207.561602
14465.82031,2207.563455
14466.82031,2207.56295
14467.82422,2207.560423
14468.82031,2207.562613
14469.82031,2207.563118
14470.82422,2207.562276
14471.82422,2207.563455
14472.82422,2207.562276
14473.82422,2207.560929
14474.82422,2207.564971
14475.82422,2207.56295
14476.82422,2207.56396
14477.82422,2207.564634
14478.82422,2207.563623
14479.82422,2207.564297
14480.82422,2207.564634
14481.82422,2207.564971
14482.82422,2207.56396
14483.82422,2207.564971
14484.82813,2207.564466
14485.82422,2207.564634
14486.82422,2207.565139
14487.82813,2207.563118
14488.82813,2207.565476
14489.82422,2207.564466
14490.82422,2207.564466
14491.82813,2207.564466
14492.82813,2207.564297
14493.82422,2207.564634
14494.82813,2207.564802
14495.82422,2207.564466
14496.82422,2207.564466
14497.82813,2207.563118
14498.82813,2207.563623
14499.82813,2207.564802
14500.82813,2207.564297
14501.82813,2207.563118
14502.82813,2207.56396
14503.82813,2207.566655
14504.82422,2207.56396
14505.82813,2207.564297
14506.82813,2207.56716
14507.82813,2207.564971
14508.82813,2207.563792
14509.82813,2207.564297
14510.82813,2207.562276
14511.82813,2207.56295
14512.82813,2207.563623
14513.82813,2207.566318
14514.82422,2207.564297
14515.82813,2207.562444
14516.82813,2207.564971
14517.82813,2207.565813
14518.82813,2207.563287
14519.82813,2207.561602
14520.82813,2207.564634
14521.82813,2207.564466
14522.82813,2207.56396
14523.83203,2207.561939
14524.83203,2207.562108
14525.83203,2207.562444
14526.83203,2207.563455
14527.83203,2207.564802
14528.83594,2207.560929
14529.83203,2207.565139
14530.83203,2207.564634
14531.83203,2207.564971
14532.83203,2207.563792
14533.83594,2207.561939
14534.83594,2207.56295
14535.83594,2207.564297
14536.83594,2207.562108
14537.83203,2207.563118
14538.83203,2207.563792
14539.83594,2207.563455
14540.83594,2207.564297
14541.83594,2207.56295
14542.83594,2207.562444
14543.83594,2207.561939
14544.83594,2207.561939
14545.83594,2207.562108
14546.83594,2207.562613
14547.83594,2207.563287
14548.83594,2207.565139
14549.83594,2207.565813
14550.83594,2207.565813
14551.83594,2207.56615
14552.83594,2207.565139
14553.83594,2207.564802
14554.83594,2207.564297
14555.83594,2207.565139
14556.83594,2207.563792
14557.83594,2207.565813
14558.83984,2207.563792
14559.83594,2207.564297
14560.83594,2207.56295
14561.83594,2207.564634
14562.83984,2207.56396
14563.83594,2207.562444
14564.83984,2207.564971
14565.83984,2207.563118
14566.83984,2207.563455
14567.83984,2207.563792
14568.83984,2207.564802
14569.84375,2207.561266
14570.83984,2207.563118
14571.84375,2207.562276
14572.84375,2207.563118
14573.84375,2207.564634
14574.84375,2207.565139
14575.83984,2207.564297
14576.83984,2207.564634
14577.84375,2207.565981
14578.84375,2207.562613
14579.84375,2207.564466
14580.84375,2207.56396
14581.84375,2207.563287
14582.84375,2207.562444
14583.84375,2207.564971
14584.84375,2207.563623
14585.84375,2207.56396
14586.84766,2207.564634
14587.84766,2207.565139
14588.84766,2207.564634
14589.84766,2207.56396
14590.84766,2207.563792
14591.84766,2207.564634
14592.84766,2207.56396
14593.84766,2207.564466
14594.85156,2207.561602
14595.84766,2207.564297
14596.84766,2207.563623
14597.84766,2207.563792
14598.84766,2207.564297
14599.84766,2207.56396
14600.84766,2207.562444
14601.84766,2207.561939
14602.84766,2207.563287
14603.85156,2207.563118
14604.84766,2207.563455
14605.85156,2207.561939
14606.84766,2207.561771
14607.84766,2207.562276
14608.84766,2207.564634
14609.84766,2207.565139
14610.85156,2207.562613
14611.85156,2207.563118
14612.85156,2207.564634
14613.85156,2207.562276
14614.85156,2207.563623
14615.85156,2207.563118
14616.85156,2207.562613
14617.85156,2207.563455
14618.85156,2207.564297
14619.85156,2207.563792
14620.85547,2207.563623
14621.85156,2207.563792
14622.85156,2207.562444
14623.85156,2207.562108
14624.85156,2207.563118
14625.85156,2207.564297
14626.85156,2207.563455
14627.85156,2207.560592
14628.85547,2207.563287
14629.85156,2207.563792
14630.85547,2207.564466
14631.85547,2207.56295
14632.85547,2207.562276
14633.85547,2207.563792
14634.85547,2207.558402
14635.85547,2207.563287
14636.85547,2207.56076
14637.85547,2207.563287
14638.85938,2207.564634
14639.85938,2207.561266
14640.85547,2207.56396
14641.85938,2207.562444
14642.85547,2207.563623
14643.85547,2207.563287
14644.85547,2207.563623
14645.85938,2207.563623
14646.85547,2207.563792
14647.85938,2207.563623
14648.85547,2207.564802
14649.85547,2207.56295
14650.85938,2207.562444
14651.85938,2207.563287
14652.85938,2207.56396
14653.85938,2207.563792
14654.85938,2207.562613
14655.85938,2207.563455
14656.85938,2207.561266
14657.85938,2207.563287
14658.85938,2207.562276
14659.86328,2207.564802
14660.86328,2207.564971
14661.85938,2207.563792
14662.86328,2207.562108
14663.86328,2207.563118
14664.86328,2207.56295
14665.86328,2207.563792
14666.86328,2207.564634
14667.85938,2207.563792
14668.85938,2207.55975
14669.86328,2207.562108
14670.86328,2207.563623
14671.85938,2207.562444
14672.86328,2207.561771
14673.86328,2207.56295
14674.86328,2207.563455
14675.86328,2207.565308
14676.86328,2207.564297
14677.86719,2207.564466
14678.86328,2207.565308
14679.86328,2207.565813
14680.86719,2207.564634
14681.86328,2207.563287
14682.86328,2207.563623
14683.86719,2207.563455
14684.86328,2207.563287
14685.86328,2207.565139
14686.86719,2207.563623
14687.86328,2207.563455
14688.86719,2207.564634
14689.86719,2207.562276
14690.86719,2207.564634
14691.86719,2207.56295
14692.86719,2207.565813
14693.86719,2207.563623
14694.86719,2207.565981
14695.86719,2207.563287
14696.87109,2207.564802
14697.86719,2207.561097
14698.87109,2207.562108
14699.87109,2207.563792
14700.87109,2207.563455
14701.87109,2207.563792
14702.87109,2207.562613
14703.87109,2207.561939
14704.87109,2207.563623
14705.875,2207.562276
14706.87109,2207.562108
14707.87109,2207.563118
14708.87109,2207.562444
14709.875,2207.562444
14710.87109,2207.560929
14711.87109,2207.561939
14712.87109,2207.561602
14713.87109,2207.562613
14714.87109,2207.562613
14715.87109,2207.565981
14716.875,2207.563455
14717.875,2207.563455
14718.875,2207.563287
14719.87109,2207.562108
14720.87109,2207.562276
14721.875,2207.561602
14722.875,2207.562108
14723.875,2207.562444
14724.875,2207.563792
14725.875,2207.56396
14726.875,2207.563455
14727.875,2207.562444
14728.875,2207.562613
14729.87109,2207.563623
14730.875,2207.564297
14731.875,2207.562108
14732.875,2207.564802
14733.875,2207.563287
14734.875,2207.564971
14735.875,2207.563455
14736.875,2207.562613
14737.87891,2207.564634
14738.87891,2207.564297
14739.875,2207.564971
14740.875,2207.563287
14741.87891,2207.562108
14742.87891,2207.564802
14743.87891,2207.565308
14744.87891,2207.561939
14745.875,2207.560423
14746.875,2207.561266
14747.87891,2207.563623
14748.87891,2207.563455
14749.87891,2207.564634
14750.87891,2207.563118
14751.87891,2207.561602
14752.87891,2207.564802
14753.88281,2207.562613
14754.87891,2207.562613
14755.87891,2207.561266
14756.87891,2207.561602
14757.88281,2207.564466
14758.88281,2207.564634
14759.88281,2207.564634
14760.88281,2207.563287
14761.88281,2207.56295
14762.88281,2207.564802
14763.88281,2207.563455
14764.88281,2207.563287
14765.88281,2207.564297
14766.88281,2207.564466
14767.88672,2207.562444
14768.88281,2207.561939
14769.88281,2207.564971
14770.88672,2207.565308
14771.88672,2207.562276
14772.88672,2207.562444
14773.88281,2207.56396
14774.88672,2207.563792
14775.88672,2207.564466
14776.88672,2207.56396
14777.88672,2207.564297
14778.88672,2207.562276
14779.89063,2207.560929
14780.88672,2207.563792
14781.88672,2207.564634
14782.89063,2207.564297
14783.89063,2207.564297
14784.89063,2207.563118
14785.89063,2207.563792
14786.89063,2207.562276
14787.89453,2207.560255
14788.89063,2207.561939
14789.89453,2207.560255
14790.89063,2207.562613
14791.89453,2207.561602
14792.89453,2207.560255
14793.89453,2207.563118
14794.89063,2207.563792
14795.89453,2207.560423
14796.89453,2207.561097
14797.89063,2207.561939
14798.89453,2207.56295
14799.89063,2207.562613
14800.89453,2207.560929
14801.89453,2207.563792
14802.89453,2207.561939
14803.89453,2207.564466
14804.89453,2207.560929
14805.89453,2207.563792
14806.89453,2207.563623
14807.89453,2207.564297
14808.89453,2207.565139
14809.89453,2207.563455
14810.89453,2207.562613
14811.89453,2207.563792
14812.89453,2207.565476
14813.89453,2207.565308
14814.89453,2207.563792
14815.89453,2207.56396
14816.89453,2207.562613
14817.89453,2207.563623
14818.89453,2207.562108
14819.89453,2207.563287
14820.89453,2207.564971
14821.89453,2207.561097
14822.89453,2207.564297
14823.89453,2207.563792
14824.89453,2207.563623
14825.89844,2207.563623
14826.89844,2207.562613
14827.89844,2207.563623
14828.89844,2207.56396
14829.89844,2207.564466
14830.89844,2207.564634
14831.90234,2207.564634
14832.90234,2207.564297
14833.90234,2207.564971
14834.89844,2207.563455
14835.90234,2207.56615
14836.90234,2207.561771
14837.90234,2207.565139
14838.90234,2207.562276
14839.90234,2207.563455
14840.90234,2207.565308
14841.90234,2207.563118
14842.90234,2207.56396
14843.90234,2207.563287
14844.90234,2207.561602
14845.90234,2207.563623
14846.90234,2207.563287
14847.90234,2207.563623
14848.90625,2207.563287
14849.90625,2207.565139
14850.90234,2207.561771
14851.90625,2207.565139
14852.90625,2207.56295
14853.90234,2207.56295
14854.90625,2207.562108
14855.90625,2207.560929
14856.90234,2207.562108
14857.90625,2207.562444
14858.90625,2207.561771
14859.90234,2207.56295
14860.90625,2207.560255
14861.90625,2207.561266
14862.90625,2207.562108
14863.90625,2207.561939
14864.90625,2207.561266
14865.90625,2207.561266
14866.91016,2207.563118
14867.91016,2207.561266
14868.91016,2207.561939
14869.90625,2207.561939
14870.90625,2207.561602
14871.90625,2207.560929
14872.90625,2207.564297
14873.91016,2207.563455
14874.90625,2207.562444
14875.90625,2207.56396
14876.90625,2207.560423
14877.91016,2207.563623
14878.90625,2207.563287
14879.91016,2207.564466
14880.91016,2207.563455
14881.90625,2207.563792
14882.91016,2207.561939
14883.91016,2207.563623
14884.91016,2207.562276
14885.91016,2207.561097
14886.91016,2207.561939
14887.91016,2207.564802
14888.90625,2207.563792
14889.91016,2207.56396
14890.91016,2207.565139
14891.91016,2207.565139
14892.91016,2207.565139
14893.91016,2207.562613
14894.91016,2207.563792
14895.91406,2207.565308
14896.91406,2207.564971
14897.91016,2207.564297
14898.91016,2207.564802
14899.91016,2207.564971
14900.91406,2207.56396
14901.91406,2207.565476
14902.91016,2207.564634
14903.91406,2207.562613
14904.91406,2207.563118
14905.91406,2207.562444
14906.91016,2207.564297
14907.91016,2207.564634
14908.91406,2207.563118
14909.91406,2207.565308
14910.91406,2207.564466
14911.91016,2207.564634
14912.91406,2207.562444
14913.91406,2207.562276
14914.91406,2207.561939
14915.91406,2207.564297
14916.91406,2207.564466
14917.91406,2207.563118
14918.91797,2207.561097
14919.91406,2207.56396
14920.91406,2207.565308
14921.91797,2207.564634
14922.91406,2207.562613
14923.91406,2207.565308
14924.91406,2207.563792
14925.91406,2207.56396
14926.91797,2207.560929
14927.91797,2207.56295
14928.91797,2207.563455
14929.91406,2207.563792
14930.91797,2207.56396
14931.91797,2207.56295
14932.91797,2207.563623
14933.91797,2207.562108
14934.91797,2207.564971
14935.91797,2207.560423
14936.91797,2207.563118
14937.91797,2207.561939
14938.91406,2207.563118
14939.91797,2207.563455
14940.91406,2207.562108
14941.91797,2207.562613
14942.91797,2207.563287
14943.91797,2207.562276
14944.91797,2207.562276
14945.91797,2207.564466
14946.91797,2207.560929
14947.91797,2207.562444
14948.91797,2207.562613
14949.91797,2207.561602
14950.91797,2207.563623
14951.91797,2207.56295
14952.91797,2207.562444
14953.91797,2207.562613
14954.91797,2207.560423
14955.91797,2207.561939
14956.91797,2207.561771
14957.91797,2207.562613
14958.91797,2207.562444
14959.91797,2207.563287
14960.92188,2207.562276
14961.91797,2207.561939
14962.91797,2207.562613
14963.91797,2207.563455
14964.91797,2207.560929
14965.91797,2207.562613
14966.91797,2207.561939
14967.91797,2207.562444
14968.91797,2207.563792
14969.91797,2207.562276
14970.91797,2207.563623
14971.92188,2207.564297
14972.92188,2207.561771
14973.92188,2207.56396
14974.91797,2207.562276
14975.91797,2207.561097
14976.91797,2207.564802
14977.91797,2207.562276
14978.91797,2207.566318
14979.91797,2207.563792
14980.91797,2207.564466
14981.91797,2207.564634
14982.92188,2207.564802
14983.91797,2207.563455
14984.92188,2207.562108
14985.91797,2207.562444
14986.91797,2207.568508
14987.91797,2207.563118
14988.92188,2207.564466
14989.92188,2207.562276
14990.91797,2207.563287
14991.92188,2207.56295
14992.92188,2207.563287
14993.92188,2207.562444
14994.91797,2207.56295
14995.91797,2207.564634
14996.92188,2207.563287
14997.92188,2207.565813
14998.92188,2207.564466
14999.92188,2207.564297
15000.92188,2207.565139
15001.92188,2207.563455
15002.92188,2207.563623
15003.92188,2207.565139
15004.92188,2207.564466
15005.92188,2207.565308
15006.92188,2207.56396
15007.92188,2207.563623
15008.92578,2207.56295
15009.92188,2207.562276
15010.92188,2207.564297
15011.92188,2207.561602
15012.92188,2207.564634
15013.92188,2207.563118
15014.92188,2207.565139
15015.92578,2207.561771
15016.92188,2207.562613
15017.92578,2207.562613
15018.92188,2207.562613
15019.92578,2207.563623
15020.92188,2207.562276
15021.92188,2207.563287
15022.92578,2207.562613
15023.92578,2207.56396
15024.92188,2207.560929
15025.92188,2207.563623
15026.92188,2207.562276
15027.92578,2207.564634
15028.92578,2207.563455
15029.92578,2207.563287
15030.92578,2207.561771
15031.92578,2207.563792
15032.92578,2207.563287
15033.92969,2207.563118
15034.92578,2207.561266
15035.92969,2207.562613
15036.92578,2207.564466
15037.92578,2207.561771
15038.92969,2207.564297
15039.92578,2207.562444
15040.92578,2207.562276
15041.92969,2207.563287
15042.92969,2207.563118
15043.92578,2207.564802
15044.92578,2207.563118
15045.92578,2207.563792
15046.92578,2207.563118
15047.92969,2207.56295
15048.92969,2207.56396
15049.92969,2207.563118
15050.92969,2207.564297
15051.92969,2207.563792
15052.92969,2207.563455
15053.92969,2207.562276
15054.92969,2207.56295
15055.92969,2207.56295
15056.93359,2207.56396
15057.92969,2207.565139
15058.93359,2207.564971
15059.93359,2207.56295
15060.93359,2207.563287
15061.92969,2207.564466
15062.93359,2207.565139
15063.92969,2207.56396
15064.93359,2207.561771
15065.93359,2207.563287
15066.92969,2207.562444
15067.93359,2207.561771
15068.92969,2207.563623
15069.93359,2207.562276
15070.92969,2207.562276
15071.93359,2207.561266
15072.93359,2207.561266
15073.93359,2207.560087
15074.92969,2207.562613
15075.93359,2207.563623
15076.93359,2207.564634
15077.93359,2207.563455
15078.93359,2207.563455
15079.93359,2207.562108
15080.93359,2207.563792
15081.93359,2207.564297
15082.93359,2207.563455
15083.93359,2207.563792
15084.93359,2207.561939
15085.9375,2207.563118
15086.9375,2207.56396
15087.9375,2207.563287
15088.9375,2207.562276
15089.9375,2207.562108
15090.9375,2207.561939
15091.9375,2207.56295
15092.9375,2207.559581
15093.9375,2207.563118
15094.9375,2207.564634
15095.9375,2207.563287
15096.93359,2207.563792
15097.9375,2207.565476
15098.9375,2207.564802
15099.9375,2207.563792
15100.9375,2207.565308
15101.9375,2207.562108
15102.9375,2207.561939
15103.9375,2207.56396
15104.9375,2207.561097
15105.9375,2207.560929
15106.9375,2207.562444
15107.9375,2207.563287
15108.9375,2207.564634
15109.9375,2207.565476
15110.9375,2207.563623
15111.9375,2207.562444
15112.9375,2207.563623
15113.9375,2207.56295
15114.9375,2207.561266
15115.9375,2207.562613
15116.9375,2207.56076
15117.9375,2207.562613
15118.9375,2207.563623
15119.9375,2207.563792
15120.94141,2207.563623
15121.9375,2207.563623
15122.94141,2207.561602
15123.94141,2207.564634
15124.94531,2207.562613
15125.94141,2207.563118
15126.94141,2207.564802
15127.94531,2207.565813
15128.94531,2207.563455
15129.94531,2207.564297
15130.94531,2207.562108
15131.94531,2207.565308
15132.94531,2207.563287
15133.94531,2207.562613
15134.94531,2207.563623
15135.94531,2207.563118
15136.94531,2207.562613
15137.94531,2207.560929
15138.94922,2207.563792
15139.94922,2207.560929
15140.94531,2207.563623
15141.94922,2207.562276
15142.94531,2207.561266
15143.94531,2207.565476
15144.94922,2207.562444
15145.94922,2207.563792
15146.94922,2207.564297
15147.94922,2207.563623
15148.94922,2207.563287
15149.95313,2207.562276
15150.94922,2207.56295
15151.94922,2207.56295
15152.95313,2207.56076
15153.95313,2207.561939
15154.95313,2207.563287
15155.95703,2207.562276
15156.95313,2207.563455
15157.95313,2207.560592
15158.95313,2207.562108
15159.95703,2207.563118
15160.95313,2207.562444
15161.95703,2207.56396
15162.95313,2207.564634
15163.95313,2207.56396
15164.95313,2207.565476
15165.95313,2207.562444
15166.95703,2207.56295
15167.95703,2207.563792
15168.95703,2207.563792
15169.95313,2207.561771
15170.95703,2207.564466
15171.95703,2207.563792
15172.95703,2207.563287
15173.95703,2207.560423
15174.95703,2207.563287
15175.95703,2207.564634
15176.95703,2207.564466
15177.95703,2207.563118
15178.95703,2207.560592
15179.96094,2207.563623
15180.96094,2207.560929
15181.95703,2207.563287
15182.95703,2207.563792
15183.95703,2207.563792
15184.96094,2207.565139
15185.96094,2207.565981
15186.95703,2207.564634
15187.96094,2207.564802
15188.96094,2207.563455
15189.96094,2207.563455
15190.95703,2207.562613
15191.96094,2207.56615
15192.95703,2207.563118
15193.96094,2207.562108
15194.96094,2207.563118
15195.95703,2207.563792
15196.95703,2207.563118
15197.96094,2207.563287
15198.95703,2207.56295
15199.96094,2207.561602
15200.96094,2207.563623
15201.96094,2207.563287
15202.96094,2207.563792
15203.96094,2207.564466
15204.96094,2207.563118
15205.96094,2207.564971
15206.96094,2207.563287
15207.96094,2207.563792
15208.96094,2207.564297
15209.96484,2207.562276
15210.96094,2207.562108
15211.96094,2207.563792
15212.96094,2207.563455
15213.96094,2207.563287
15214.96094,2207.562444
15215.96484,2207.562276
15216.96094,2207.563623
15217.96094,2207.56396
15218.96094,2207.56396
15219.96094,2207.564466
15220.96484,2207.56295
15221.96484,2207.561939
15222.96094,2207.564634
15223.96094,2207.563792
15224.96484,2207.563287
15225.96484,2207.561097
15226.96094,2207.561602
15227.96094,2207.563287
15228.96484,2207.562108
15229.96094,2207.563455
15230.96484,2207.563623
15231.96484,2207.563455
15232.96484,2207.563118
15233.96484,2207.563792
15234.96484,2207.56396
15235.96484,2207.561939
15236.96484,2207.564802
15237.96484,2207.562613
15238.96484,2207.562108
15239.96484,2207.562444
15240.96484,2207.562108
15241.96875,2207.563792
15242.96484,2207.563287
15243.96484,2207.562444
15244.96484,2207.56396
15245.96484,2207.564466
15246.96484,2207.564297
15247.96484,2207.56295
15248.96484,2207.562444
15249.96484,2207.563792
15250.96484,2207.562444
15251.96484,2207.56396
15252.96484,2207.56396
15253.96484,2207.564802
15254.96484,2207.563455
15255.96484,2207.563118
15256.96484,2207.56396
15257.96484,2207.562613
15258.96484,2207.562613
15259.96875,2207.563455
15260.96875,2207.564297
15261.96484,2207.564802
15262.96875,2207.563623
15263.96484,2207.563118
15264.96875,2207.561602
15265.96875,2207.564297
15266.96484,2207.564297
15267.96875,2207.563287
15268.96484,2207.560929
15269.96875,2207.563623
15270.96875,2207.563118
15271.96484,2207.56295
15272.96875,2207.564466
15273.96875,2207.563623
15274.96875,2207.564466
15275.96875,2207.563623
15276.96484,2207.563792
15277.96875,2207.562276
15278.96875,2207.561602
15279.96875,2207.561266
15280.96875,2207.561602
15281.96875,2207.561939
15282.96875,2207.563455
15283.96875,2207.563623
15284.96875,2207.564802
15285.96875,2207.563455
15286.96875,2207.561771
15287.96875,2207.565139
15288.96875,2207.561939
15289.96875,2207.564297
15290.96875,2207.564297
15291.96875,2207.563287
15292.97266,2207.561939
15293.96875,2207.563455
15294.96875,2207.565308
15295.96875,2207.562444
15296.97266,2207.562613
15297.97266,2207.56295
15298.96875,2207.562108
15299.96875,2207.56295
15300.96875,2207.562108
15301.96875,2207.562108
15302.97266,2207.561939
15303.96875,2207.563287
15304.96875,2207.561266
15305.96875,2207.562613
15306.97266,2207.563623
15307.97266,2207.56396
15308.96875,2207.56295
15309.96875,2207.56615
15310.97266,2207.562613
15311.97266,2207.562108
15312.97266,2207.562613
15313.97656,2207.560087
15314.97266,2207.562444
15315.97656,2207.563118
15316.97656,2207.562444
15317.97656,2207.563287
15318.97656,2207.563287
15319.97656,2207.564297
15320.97656,2207.562613
15321.97656,2207.564297
15322.97656,2207.56396
15323.97656,2207.564466
15324.97656,2207.565308
15325.98047,2207.56396
15326.97656,2207.56396
15327.97656,2207.562276
15328.98047,2207.563287
15329.98047,2207.56295
15330.98047,2207.56295
15331.98047,2207.565476
15332.98047,2207.565476
15333.98047,2207.563623
15334.98047,2207.56396
15335.98047,2207.563287
15336.98047,2207.562444
15337.98438,2207.563287
15338.98438,2207.564634
15339.98438,2207.564466
15340.98438,2207.563623
15341.98438,2207.565139
15342.98438,2207.563455
15343.98438,2207.56295
15344.98828,2207.563287
15345.98828,2207.564634
15346.98438,2207.563623
15347.98438,2207.565813
15348.98438,2207.564634
15349.98438,2207.564466
15350.98438,2207.562108
15351.98438,2207.566487
15352.98438,2207.565476
15353.98438,2207.564297
15354.98828,2207.565981
15355.98828,2207.565139
15356.98828,2207.56396
15357.98438,2207.563623
15358.98828,2207.561602
15359.98828,2207.563287
15360.98828,2207.560929
15361.98828,2207.564466
15362.98828,2207.564802
15363.98828,2207.564466
15364.98828,2207.563792
15365.98828,2207.564971
15366.98828,2207.565139
15367.98828,2207.562613
15368.98828,2207.56396
15369.98828,2207.564466
15370.99219,2207.561602
15371.98828,2207.562276
15372.99219,2207.563792
15373.99219,2207.56396
15374.98828,2207.565476
15375.99219,2207.564634
15376.98828,2207.56295
15377.98828,2207.563287
15378.99219,2207.565813
15379.98828,2207.565308
15380.99219,2207.563287
15381.99219,2207.563623
15382.99219,2207.560592
15383.99219,2207.562276
15384.99219,2207.563287
15385.99219,2207.561771
15386.99219,2207.564802
15387.99609,2207.562613
15388.99609,2207.565308
15389.99609,2207.564466
15390.99219,2207.564971
15391.99219,2207.563792
15392.99609,2207.562444
15393.99609,2207.563455
15394.99609,2207.56295
15396,2207.56295
15396.99609,2207.563792
15397.99609,2207.563792
15399,2207.564297
15399.99609,2207.563792
15400.99609,2207.56396
15401.99609,2207.561939
15403,2207.56295
15404,2207.563792
15405,2207.563118
15406,2207.561939
15407,2207.562444
15408,2207.564297
15409.00391,2207.563118
15410.00391,2207.563118
15411.00391,2207.56396
15412.00391,2207.563455
15413.00391,2207.565308
15414.00391,2207.562108
15415,2207.562108
15416.00391,2207.563792
15417.00391,2207.562444
15418.00391,2207.560592
15419.00391,2207.563792
15420.00781,2207.559581
15421.00391,2207.561939
15422.00781,2207.562444
15423.00781,2207.563118
15424.00391,2207.56396
15425.00781,2207.562444
15426.00781,2207.561939
15427.00781,2207.563118
15428.00781,2207.561097
15429.00781,2207.564971
15430.00781,2207.563287
15431.00781,2207.564297
15432.00391,2207.562613
15433.00391,2207.560929
15434.00781,2207.562444
15435.00781,2207.56396
15436.00781,2207.56396
15437.00391,2207.565981
15438.00781,2207.563455
15439.00781,2207.562444
15440.00781,2207.562444
15441.00781,2207.562613
15442.00391,2207.56295
15443.00781,2207.56396
15444.00391,2207.564466
15445.00781,2207.561939
15446.00781,2207.56396
15447.00781,2207.562613
15448.00781,2207.561097
15449.00391,2207.563792
15450.00781,2207.563287
15451.00781,2207.563623
15452.00781,2207.56396
15453.00781,2207.563287
15454.00781,2207.564802
15455.00781,2207.566318
15456.00781,2207.562613
15457.00781,2207.564802
15458.00781,2207.564466
15459.00781,2207.563623
15460.00781,2207.565813
15461.00781,2207.564297
15462.00781,2207.564297
15463.00781,2207.563287
15464.00781,2207.564297
15465.00781,2207.563792
15466.00781,2207.56295
15467.00781,2207.564971
15468.00781,2207.563623
15469.00781,2207.56076
15470.00781,2207.563792
15471.00781,2207.564466
15472.00781,2207.562276
15473.00781,2207.564971
15474.00781,2207.56295
15475.00781,2207.564971
15476.00781,2207.564466
15477.00781,2207.564466
15478.00781,2207.562276
15479.00781,2207.565308
15480.00781,2207.563455
15481.00781,2207.563287
15482.01172,2207.563455
15483.00781,2207.56076
15484.00781,2207.562108
15485.00781,2207.559581
15486.00781,2207.561097
15487.00781,2207.56076
15488.00781,2207.560423
15489.00781,2207.561097
15490.00781,2207.562613
15491.00781,2207.56295
15492.00781,2207.565308
15493.01172,2207.563118
15494.01172,2207.563287
15495.01172,2207.561939
15496.01172,2207.562444
15497.01172,2207.563623
15498.01172,2207.565476
15499.01172,2207.563623
15500.00781,2207.564466
15501.01172,2207.56396
15502.01172,2207.562108
15503.01172,2207.563623
15504.01172,2207.56396
15505.01172,2207.564297
15506.01172,2207.564297
15507.01172,2207.561771
15508.01172,2207.565139
15509.01172,2207.563287
15510.01172,2207.563287
15511.01172,2207.562276
15512.01563,2207.562613
15513.01172,2207.563118
15514.01172,2207.563623
15515.01172,2207.563118
15516.01172,2207.563792
15517.01172,2207.564802
15518.01172,2207.56396
15519.01563,2207.563623
15520.01172,2207.565308
15521.01172,2207.562613
15522.01172,2207.563792
15523.01172,2207.561939
15524.01172,2207.564802
15525.01563,2207.564971
15526.01172,2207.56295
15527.01172,2207.563287
15528.01563,2207.564297
15529.01172,2207.562276
15530.01172,2207.564971
15531.01172,2207.563623
15532.01563,2207.563455
15533.01172,2207.562613
15534.01172,2207.562108
15535.01172,2207.56295
15536.01563,2207.562108
15537.01172,2207.563455
15538.01172,2207.56295
15539.01172,2207.562276
15540.01563,2207.563118
15541.01563,2207.563455
15542.01172,2207.564634
15543.01563,2207.563792
15544.01172,2207.563118
15545.01172,2207.561939
15546.01563,2207.561939
15547.01563,2207.563623
15548.01172,2207.562444
15549.01172,2207.561939
15550.01563,2207.56295
15551.01172,2207.563623
15552.01563,2207.565139
15553.01563,2207.562108
15554.01563,2207.562444
15555.01172,2207.562276
15556.01563,2207.562276
15557.01172,2207.562613
15558.01563,2207.561266
15559.01563,2207.562108
15560.01563,2207.560929
15561.01172,2207.562108
15562.01172,2207.563455
15563.01563,2207.562613
15564.01563,2207.561771
15565.01563,2207.561602
15566.01563,2207.564297
15567.01563,2207.563118
15568.01953,2207.562108
15569.01563,2207.563623
15570.01563,2207.563118
15571.01563,2207.564466
15572.01563,2207.562108
15573.01563,2207.564634
15574.01563,2207.561097
15575.01563,2207.561266
15576.01563,2207.562276
15577.01563,2207.563455
15578.01563,2207.56295
15579.01953,2207.562276
15580.01563,2207.56295
15581.01563,2207.562444
15582.01953,2207.563792
15583.01563,2207.563455
15584.01953,2207.563118
15585.01563,2207.561097
15586.01563,2207.563623
15587.01563,2207.561097
15588.01953,2207.563287
15589.01563,2207.561266
15590.01563,2207.561266
15591.01953,2207.562276
15592.01563,2207.561939
15593.01563,2207.561771
15594.01563,2207.563287
15595.01563,2207.562613
15596.01953,2207.562108
15597.01953,2207.561771
15598.01563,2207.56076
15599.01563,2207.560423
15600.01563,2207.562444
15601.01953,2207.562444
15602.01563,2207.561939
15603.01953,2207.563792
15604.01953,2207.560423
15605.01953,2207.560423
15606.01563,2207.562276
15607.01563,2207.56076
15608.01953,2207.563118
15609.01563,2207.561602
15610.01563,2207.558571
15611.01953,2207.561939
15612.01563,2207.563287
15613.01953,2207.564971
15614.01953,2207.563455
15615.01953,2207.56295
15616.01953,2207.564634
15617.01953,2207.563792
15618.01953,2207.563455
15619.01953,2207.561266
15620.01953,2207.563792
15621.01953,2207.565308
15622.02344,2207.563792
15623.02344,2207.562444
15624.02344,2207.562108
15625.02344,2207.563455
15626.02344,2207.562613
15627.02344,2207.562613
15628.02344,2207.562276
15629.02344,2207.563792
15630.02344,2207.565139
15631.02734,2207.563792
15632.02734,2207.561602
15633.02734,2207.562108
15634.02734,2207.564466
15635.02734,2207.562276
15636.02734,2207.564297
15637.02734,2207.563792
15638.02734,2207.561771
15639.02734,2207.565476
15640.02734,2207.563455
15641.02734,2207.563118
15642.02734,2207.562276
15643.02734,2207.562613
15644.02734,2207.56396
15645.02734,2207.561771
15646.02734,2207.563792
15647.03125,2207.562444
15648.03125,2207.563118
15649.03125,2207.561602
15650.03125,2207.563792
15651.03125,2207.56396
15652.03125,2207.562444
15653.03125,2207.56396
15654.03125,2207.56295
15655.03125,2207.564802
15656.03125,2207.563792
15657.03125,2207.565139
15658.03125,2207.565308
15659.03125,2207.56295
15660.03125,2207.564802
15661.03125,2207.56396
15662.03516,2207.564297
15663.03125,2207.56076
15664.03125,2207.563118
15665.03125,2207.563455
15666.03516,2207.563287
15667.03125,2207.564466
15668.03125,2207.561771
15669.03125,2207.56396
15670.03125,2207.561266
15671.03125,2207.564802
15672.03125,2207.563792
15673.03516,2207.563287
15674.03516,2207.564297
15675.03516,2207.564297
15676.03516,2207.564297
15677.03516,2207.564297
15678.03516,2207.565139
15679.03516,2207.563455
15680.03516,2207.564634
15681.03516,2207.564971
15682.03516,2207.562276
15683.03516,2207.564634
15684.03516,2207.563623
15685.03516,2207.563118
15686.03516,2207.564297
15687.03516,2207.564634
15688.03906,2207.562613
15689.03906,2207.563118
15690.03516,2207.562108
15691.03516,2207.56396
15692.03906,2207.563118
15693.03906,2207.56396
15694.03906,2207.563287
15695.03906,2207.563118
15696.03906,2207.561939
15697.04297,2207.563792
15698.03906,2207.56396
15699.03906,2207.56396
15700.03906,2207.565139
15701.04297,2207.56396
15702.04297,2207.562276
15703.03906,2207.56396
15704.03906,2207.564466
15705.03906,2207.564466
15706.04297,2207.562276
15707.04297,2207.564634
15708.03906,2207.564297
15709.04297,2207.563287
15710.03906,2207.562444
15711.03906,2207.560087
15712.04688,2207.562444
15713.04297,2207.562276
15714.04297,2207.563792
15715.04297,2207.565308
15716.04297,2207.563118
15717.04297,2207.563455
15718.04297,2207.562108
15719.04688,2207.563118
15720.04688,2207.564297
15721.04688,2207.563455
15722.04297,2207.562444
15723.04297,2207.565139
15724.04297,2207.564297
15725.04297,2207.562444
15726.04688,2207.565308
15727.04297,2207.56295
15728.04688,2207.565139
15729.04688,2207.563623
15730.04688,2207.564297
15731.04688,2207.565139
15732.04688,2207.564971
15733.04688,2207.564466
15734.04688,2207.563455
15735.04688,2207.56295
15736.05078,2207.562613
15737.04688,2207.56396
15738.04688,2207.562613
15739.04688,2207.563118
15740.04688,2207.564634
15741.04688,2207.562444
15742.05078,2207.563623
15743.04688,2207.56295
15744.05078,2207.561097
15745.05078,2207.564802
15746.05078,2207.562613
15747.05078,2207.561771
15748.05078,2207.56295
15749.05078,2207.563455
15750.05078,2207.564466
15751.05469,2207.563792
15752.05078,2207.561266
15753.05078,2207.564297
15754.05469,2207.563792
15755.05469,2207.561771
15756.05469,2207.562613
15757.05469,2207.563287
15758.05469,2207.56295
15759.05859,2207.564971
15760.05469,2207.564802
15761.05469,2207.563455
15762.05469,2207.562444
15763.05859,2207.563118
15764.05469,2207.561266
15765.05859,2207.561771
15766.05859,2207.56396
15767.05859,2207.560592
15768.05859,2207.562444
15769.05859,2207.561266
15770.0625,2207.563792
15771.05859,2207.562613
15772.05859,2207.563455
15773.0625,2207.561939
15774.0625,2207.563118
15775.0625,2207.561939
15776.0625,2207.564466
15777.0625,2207.563287
15778.0625,2207.562444
15779.0625,2207.562108
15780.0625,2207.562613
15781.0625,2207.561097
15782.0625,2207.562108
15783.0625,2207.563455
15784.06641,2207.563623
15785.06641,2207.560592
15786.06641,2207.563792
15787.06641,2207.562108
15788.0625,2207.562444
15789.06641,2207.562613
15790.06641,2207.56615
15791.06641,2207.561939
15792.06641,2207.564297
15793.06641,2207.562613
15794.06641,2207.563455
15795.06641,2207.562613
15796.06641,2207.560929
15797.06641,2207.563623
15798.07031,2207.561097
15799.06641,2207.565476
15800.06641,2207.564297
15801.06641,2207.563792
15802.07031,2207.563455
15803.07031,2207.563455
15804.06641,2207.564971
15805.07031,2207.563455
15806.06641,2207.562444
15807.07031,2207.563623
15808.07031,2207.56295
15809.07031,2207.561602
15810.07031,2207.563792
15811.07031,2207.564297
15812.07031,2207.564971
15813.07031,2207.564802
15814.07031,2207.564466
15815.06641,2207.564297
15816.07031,2207.565813
15817.07031,2207.56396
15818.07031,2207.564971
15819.07031,2207.56295
15820.07031,2207.565813
15821.07031,2207.565139
15822.07031,2207.562613
15823.07031,2207.565981
15824.07031,2207.565813
15825.07031,2207.563118
15826.07031,2207.563623
15827.07031,2207.563455
15828.07031,2207.564634
15829.07031,2207.563287
15830.07031,2207.564466
15831.07031,2207.562613
15832.07031,2207.564971
15833.07031,2207.563455
15834.07031,2207.563792
15835.07031,2207.563792
15836.07031,2207.562276
15837.07031,2207.563792
15838.07031,2207.565139
15839.07031,2207.564802
15840.07031,2207.562444
15841.07031,2207.561602
15842.07031,2207.562613
15843.07031,2207.562108
15844.07422,2207.561771
15845.07422,2207.562444
15846.07422,2207.562613
15847.07422,2207.563455
15848.07422,2207.56295
15849.07422,2207.562613
15850.07422,2207.563623
15851.07813,2207.562108
15852.07422,2207.563287
15853.07813,2207.563118
15854.07813,2207.56396
15855.07813,2207.562444
15856.07813,2207.563118
15857.07813,2207.562276
15858.07813,2207.563623
15859.07813,2207.560929
15860.07813,2207.562613
15861.07813,2207.562276
15862.07813,2207.562613
15863.07813,2207.561266
15864.08203,2207.561266
15865.07813,2207.563792
15866.07813,2207.563623
15867.07813,2207.564466
15868.07813,2207.56396
15869.08203,2207.563455
15870.08203,2207.564297
15871.08203,2207.564971
15872.08203,2207.563455
15873.08203,2207.563623
15874.08203,2207.562613
15875.08203,2207.562108
15876.08594,2207.562276
15877.08594,2207.562444
15878.08594,2207.56295
15879.08594,2207.56396
15880.08594,2207.563287
15881.08594,2207.562613
15882.08594,2207.562444
15883.08594,2207.565308
15884.08594,2207.563455
15885.08984,2207.564634
15886.08984,2207.562444
15887.08984,2207.56295
15888.08594,2207.562444
15889.08594,2207.562613
15890.08984,2207.563118
15891.08984,2207.563455
15892.08984,2207.565308
15893.08984,2207.562613
15894.08984,2207.564971
15895.08984,2207.565308
15896.08984,2207.563455
15897.08984,2207.563792
15898.09375,2207.564297
15899.08984,2207.562444
15900.09375,2207.563287
15901.09375,2207.563287
15902.08984,2207.562276
15903.09375,2207.564297
15904.09375,2207.563623
15905.08984,2207.561266
15906.09766,2207.561939
15907.09375,2207.561602
15908.09375,2207.563455
15909.09375,2207.563792
15910.09375,2207.564297
15911.09375,2207.562276
15912.09375,2207.562108
15913.09375,2207.563455
15914.09375,2207.564297
15915.09375,2207.55975
15916.09375,2207.564802
15917.09375,2207.563118
15918.09766,2207.562444
15919.09766,2207.562613
15920.09766,2207.563623
15921.09375,2207.563287
15922.09766,2207.563455
15923.09375,2207.563623
15924.09375,2207.564634
15925.09766,2207.562108
15926.09766,2207.561939
15927.09766,2207.563792
15928.09375,2207.564297
15929.09375,2207.563287
15930.09766,2207.564466
15931.09766,2207.56295
15932.09766,2207.563118
15933.10156,2207.563287
15934.09766,2207.562108
15935.09766,2207.562276
15936.09766,2207.564634
15937.09766,2207.562613
15938.09766,2207.563455
15939.09766,2207.562444
15940.09766,2207.561939
15941.10156,2207.561602
15942.10156,2207.562276
15943.09766,2207.563792
15944.09766,2207.56396
15945.10156,2207.562108
15946.09766,2207.565813
15947.09766,2207.561602
15948.10156,2207.560087
15949.10156,2207.563455
15950.10156,2207.561602
15951.10156,2207.56295
15952.10156,2207.563455
15953.10547,2207.564297
15954.10547,2207.564297
15955.10156,2207.56295
15956.10156,2207.560423
15957.10156,2207.562108
15958.10547,2207.564634
15959.10156,2207.563118
15960.10156,2207.565139
15961.10547,2207.563623
15962.10547,2207.564802
15963.10156,2207.563623
15964.10547,2207.564971
15965.10156,2207.563118
15966.10547,2207.565813
15967.10547,2207.563455
15968.10547,2207.56396
15969.10547,2207.564466
15970.10547,2207.563623
15971.10547,2207.560423
15972.10547,2207.564634
15973.10547,2207.564466
15974.10547,2207.566318
15975.10547,2207.566487
15976.10547,2207.563118
15977.10938,2207.563792
15978.10547,2207.56396
15979.10547,2207.565981
15980.10938,2207.565308
15981.10547,2207.56396
15982.10938,2207.564971
15983.10938,2207.564634
15984.10938,2207.565308
15985.10938,2207.567497
15986.10938,2207.563455
15987.10938,2207.562108
15988.10938,2207.564634
15989.10938,2207.565139
15990.10938,2207.563623
15991.10938,2207.562613
15992.10938,2207.563455
15993.10938,2207.560929
15994.10938,2207.563623
15995.10938,2207.563287
15996.10938,2207.56295
15997.10938,2207.563287
15998.10938,2207.563623
15999.11328,2207.564802
16000.11328,2207.563792
16001.10938,2207.563455
16002.11328,2207.563623
16003.10938,2207.565813
16004.10938,2207.565139
16005.10938,2207.563455
16006.10938,2207.563623
16007.10938,2207.564634
16008.10938,2207.56396
16009.10938,2207.562108
16010.10938,2207.561771
16011.11328,2207.563792
16012.11328,2207.563623
16013.11328,2207.56396
16014.11328,2207.563118
16015.11328,2207.563287
16016.11719,2207.561939
16017.11328,2207.565308
16018.11719,2207.563792
16019.11719,2207.563455
16020.11719,2207.564466
16021.11328,2207.563792
16022.11328,2207.56396
16023.11719,2207.562613
16024.11328,2207.562108
16025.11719,2207.563287
16026.11719,2207.561771
16027.11719,2207.561097
16028.11328,2207.563118
16029.11719,2207.56295
16030.11719,2207.562108
16031.11719,2207.56295
16032.11719,2207.561266
16033.11719,2207.562613
16034.11328,2207.563623
16035.11719,2207.562108
16036.11719,2207.564802
16037.11719,2207.561939
16038.11719,2207.560255
16039.11719,2207.562108
16040.11719,2207.563792
16041.12109,2207.564802
16042.11719,2207.561939
16043.11719,2207.561939
16044.11719,2207.563287
16045.11719,2207.565139
16046.11719,2207.562613
16047.11719,2207.56396
16048.11719,2207.563792
16049.11719,2207.563623
16050.11719,2207.565813
16051.11719,2207.564466
16052.11719,2207.562444
16053.11719,2207.56396
16054.11719,2207.564297
16055.11719,2207.563455
16056.11719,2207.561266
16057.11719,2207.563792
16058.11719,2207.563623
16059.11719,2207.564634
16060.12109,2207.563455
16061.11719,2207.563623
16062.11719,2207.563118
16063.12109,2207.562444
16064.11719,2207.561602
16065.12109,2207.565308
16066.11719,2207.564971
16067.12109,2207.56396
16068.12109,2207.564297
16069.12109,2207.563287
16070.12109,2207.564466
16071.12109,2207.56295
16072.12109,2207.562613
16073.12109,2207.563455
16074.12109,2207.561771
16075.12109,2207.562108
16076.12109,2207.562276
16077.12109,2207.562613
16078.125,2207.560929
16079.125,2207.562276
16080.125,2207.561771
16081.125,2207.560423
16082.125,2207.560423
16083.125,2207.562276
16084.125,2207.564634
16085.125,2207.563118
16086.125,2207.563792
16087.12109,2207.561602
16088.125,2207.56076
16089.125,2207.562444
16090.125,2207.561602
16091.125,2207.561939
16092.125,2207.56295
16093.12109,2207.56295
16094.125,2207.563455
16095.125,2207.564297
16096.125,2207.561266
16097.125,2207.562613
16098.125,2207.563792
16099.125,2207.564466
16100.125,2207.564971
16101.12891,2207.563287
16102.12891,2207.561771
16103.12891,2207.562613
16104.12891,2207.561602
16105.12891,2207.564634
16106.12891,2207.563623
16107.12891,2207.561939
16108.12891,2207.563623
16109.12891,2207.564297
16110.12891,2207.561097
16111.12891,2207.561939
16112.12891,2207.564802
16113.12891,2207.563455
16114.12891,2207.561939
16115.12891,2207.563792
16116.12891,2207.563623
16117.12891,2207.561939
16118.12891,2207.561266
16119.13281,2207.562108
16120.12891,2207.562276
16121.13281,2207.561771
16122.13281,2207.561602
16123.13281,2207.562613
16124.12891,2207.564466
16125.13281,2207.562108
16126.13281,2207.561602
16127.13672,2207.564297
16128.13281,2207.562613
16129.13281,2207.563455
16130.13672,2207.56295
16131.13672,2207.563455
16132.13672,2207.561266
16133.13672,2207.563623
16134.13672,2207.56295
16135.13672,2207.563287
16136.13672,2207.56295
16137.13672,2207.56295
16138.13672,2207.560592
16139.13672,2207.563455
16140.13672,2207.563455
16141.13672,2207.562444
16142.14063,2207.561771
16143.13672,2207.560423
16144.13672,2207.56396
16145.13672,2207.562444
16146.14063,2207.563118
16147.13672,2207.564971
16148.13672,2207.563118
16149.14063,2207.563118
16150.13672,2207.563118
16151.14063,2207.562613
16152.14063,2207.561939
16153.14063,2207.562276
16154.14063,2207.56295
16155.14063,2207.562108
16156.14063,2207.562613
16157.14063,2207.562444
16158.14063,2207.562108
16159.14063,2207.56076
16160.14063,2207.563118
16161.14063,2207.562613
16162.14063,2207.563623
16163.14063,2207.563118
16164.14063,2207.562444
16165.14063,2207.563455
16166.14453,2207.563792
16167.14063,2207.562444
16168.14453,2207.562444
16169.14453,2207.563792
16170.14063,2207.563455
16171.14453,2207.562108
16172.14453,2207.562276
16173.14063,2207.562276
16174.14063,2207.563118
16175.14063,2207.561602
16176.14453,2207.562276
16177.14063,2207.562276
16178.14453,2207.563792
16179.14453,2207.562613
16180.14453,2207.564297
16181.14453,2207.562444
16182.14453,2207.564802
16183.14453,2207.563118
16184.14063,2207.564971
16185.14453,2207.563623
16186.14453,2207.563118
16187.14453,2207.564466
16188.14453,2207.562444
16189.14453,2207.564634
16190.14453,2207.563118
16191.14453,2207.562444
16192.14453,2207.563792
16193.14844,2207.563792
16194.14844,2207.563455
16195.14844,2207.562276
16196.14453,2207.563118
16197.14453,2207.565139
16198.14844,2207.562444
16199.14844,2207.562613
16200.14844,2207.562613
16201.14844,2207.562276
16202.14844,2207.562444
16203.14844,2207.564634
16204.14844,2207.563455
16205.14844,2207.56076
16206.14844,2207.563455
16207.14844,2207.562444
16208.14844,2207.562444
16209.14844,2207.562444
16210.14844,2207.562276
16211.14844,2207.561097
16212.14844,2207.561602
16213.14844,2207.563623
16214.15234,2207.563287
16215.15234,2207.562108
16216.15234,2207.562444
16217.15234,2207.564802
16218.15234,2207.562276
16219.15234,2207.563287
16220.15234,2207.562108
16221.15234,2207.56295
16222.15234,2207.563287
16223.15234,2207.56295
16224.15234,2207.56295
16225.15625,2207.561602
16226.15234,2207.562613
16227.15234,2207.56396
16228.15234,2207.562613
16229.15625,2207.562613
16230.15625,2207.56295
16231.15234,2207.564634
16232.15625,2207.563623
16233.15625,2207.563792
16234.15234,2207.561939
16235.15625,2207.563118
16236.15625,2207.564802
16237.15625,2207.563623
16238.15625,2207.562444
16239.15625,2207.562276
16240.15625,2207.563623
16241.15625,2207.563792
16242.15625,2207.562108
16243.15625,2207.562276
16244.15625,2207.562108
16245.15625,2207.562444
16246.15234,2207.561939
16247.15625,2207.56295
16248.15625,2207.563623
16249.15625,2207.563455
16250.15625,2207.563287
16251.15625,2207.562613
16252.15625,2207.562613
16253.15625,2207.562444
16254.16016,2207.563118
16255.15625,2207.563623
16256.15625,2207.560255
16257.16016,2207.56295
16258.16016,2207.56295
16259.16016,2207.565813
16260.16016,2207.56295
16261.16016,2207.563118
16262.16016,2207.56396
16263.16016,2207.563792
16264.16016,2207.563287
16265.16016,2207.561097
16266.16016,2207.563792
16267.16016,2207.563287
16268.16016,2207.564802
16269.16016,2207.562444
16270.16406,2207.563792
16271.16406,2207.563287
16272.16016,2207.563792
16273.16406,2207.562444
16274.16406,2207.563455
16275.16406,2207.56396
16276.16406,2207.561602
16277.16406,2207.562444
16278.16406,2207.562108
16279.16797,2207.56295
16280.16797,2207.562613
16281.16406,2207.564802
16282.16406,2207.562444
16283.16406,2207.561771
16284.16406,2207.563287
16285.16406,2207.56295
16286.16406,2207.563118
16287.16797,2207.562276
16288.16406,2207.562444
16289.16406,2207.563792
16290.16406,2207.562444
16291.16406,2207.563287
16292.16797,2207.562108
16293.16406,2207.563118
16294.16406,2207.563118
16295.16406,2207.56396
16296.16406,2207.564466
16297.16797,2207.562613
16298.16797,2207.564971
16299.16406,2207.562613
16300.16797,2207.562444
16301.16406,2207.564297
16302.16797,2207.563792
16303.16797,2207.563287
16304.16406,2207.562613
16305.16797,2207.564802
16306.16797,2207.564466
16307.16797,2207.56615
16308.16797,2207.563792
16309.16406,2207.563287
16310.16797,2207.561939
16311.16797,2207.564634
16312.16797,2207.56396
16313.16406,2207.561266
16314.16406,2207.562108
16315.16797,2207.562276
16316.16797,2207.563623
16317.17188,2207.561602
16318.16797,2207.562108
16319.17188,2207.561939
16320.17188,2207.563287
16321.17188,2207.564466
16322.16797,2207.56295
16323.17188,2207.562613
16324.17188,2207.56396
16325.16797,2207.56396
16326.16797,2207.56396
16327.16797,2207.562613
16328.16797,2207.565139
16329.17188,2207.565308
16330.16797,2207.562613
16331.16797,2207.56396
16332.16797,2207.56716
16333.17188,2207.566487
16334.17188,2207.562444
16335.16797,2207.561939
16336.17188,2207.560929
16337.17188,2207.563623
16338.17188,2207.562613
16339.16797,2207.562276
16340.17188,2207.564971
16341.17188,2207.564466
16342.17188,2207.562108
16343.17188,2207.563118
16344.17188,2207.563792
16345.17188,2207.562613
16346.17188,2207.563792
16347.17578,2207.563792
16348.17188,2207.562444
16349.17578,2207.56396
16350.17578,2207.563287
16351.17578,2207.565139
16352.17578,2207.565139
16353.17578,2207.564466
16354.17578,2207.565813
16355.17578,2207.563455
16356.17578,2207.564802
16357.17578,2207.562276
16358.17578,2207.564466
16359.17578,2207.562613
16360.17578,2207.562444
16361.17578,2207.562613
16362.17578,2207.563287
16363.17578,2207.562444
16364.17578,2207.564297
16365.17969,2207.56295
16366.17969,2207.562276
16367.17578,2207.564466
16368.17578,2207.563792
16369.17969,2207.562108
16370.17969,2207.563287
16371.17578,2207.56295
16372.17578,2207.564971
16373.17578,2207.561939
16374.17969,2207.562108
16375.17969,2207.562108
16376.17969,2207.562444
16377.17969,2207.564634
16378.17969,2207.563118
16379.17578,2207.561602
16380.17969,2207.564634
16381.17578,2207.561266
16382.17969,2207.562444
16383.17969,2207.561939
16384.17969,2207.561771
16385.17969,2207.563623
16386.17969,2207.562276
16387.17969,2207.563287
16388.17969,2207.563455
16389.17969,2207.562108
16390.17969,2207.563623
16391.17969,2207.562613
16392.17969,2207.563118
16393.17578,2207.564466
16394.17969,2207.562108
16395.17969,2207.56396
16396.17969,2207.56076
16397.17578,2207.562444
16398.17969,2207.562613
16399.17969,2207.563287
16400.17969,2207.563455
16401.17969,2207.561602
16402.17969,2207.56396
16403.17969,2207.565139
16404.17578,2207.563455
16405.17969,2207.564297
16406.17969,2207.564297
16407.17969,2207.564634
16408.17969,2207.564634
16409.17969,2207.562613
16410.17969,2207.560929
16411.18359,2207.563623
16412.17969,2207.562444
16413.18359,2207.55975
16414.17969,2207.562108
16415.17969,2207.561097
16416.17969,2207.563455
16417.17969,2207.561771
16418.17969,2207.562444
16419.18359,2207.563455
16420.17969,2207.564297
16421.18359,2207.562444
16422.17969,2207.562444
16423.17969,2207.561602
16424.17969,2207.560255
16425.18359,2207.562613
16426.18359,2207.562108
16427.18359,2207.562613
16428.18359,2207.563455
16429.18359,2207.563287
16430.1875,2207.564297
16431.18359,2207.562276
16432.18359,2207.563623
16433.18359,2207.564466
16434.18359,2207.563287
16435.18359,2207.562276
16436.18359,2207.563287
16437.18359,2207.563287
16438.18359,2207.563455
16439.1875,2207.561266
16440.1875,2207.562108
16441.18359,2207.563287
16442.18359,2207.564297
16443.18359,2207.563623
16444.18359,2207.562444
16445.18359,2207.561939
16446.18359,2207.563792
16447.1875,2207.563118
16448.1875,2207.563455
16449.1875,2207.562276
16450.18359,2207.563623
16451.1875,2207.56396
16452.1875,2207.562613
16453.1875,2207.564297
16454.1875,2207.561602
16455.1875,2207.562613
16456.1875,2207.565139
16457.1875,2207.563792
16458.1875,2207.561771
16459.1875,2207.564466
16460.1875,2207.562444
16461.1875,2207.563792
16462.1875,2207.563792
16463.1875,2207.562444
16464.19141,2207.562108
16465.19141,2207.562276
16466.19141,2207.561266
16467.1875,2207.561771
16468.1875,2207.561771
16469.19141,2207.563455
16470.19141,2207.561939
16471.19141,2207.561771
16472.19141,2207.56295
16473.19141,2207.562108
16474.19141,2207.563455
16475.19141,2207.563287
16476.19531,2207.564634
16477.19531,2207.563792
16478.19141,2207.564466
16479.19531,2207.563792
16480.19531,2207.562444
16481.19531,2207.564466
16482.19531,2207.56396
16483.19531,2207.565139
16484.19531,2207.563118
16485.19531,2207.56295
16486.19531,2207.563792
16487.19922,2207.562444
16488.19531,2207.564466
16489.19531,2207.562613
16490.19922,2207.563287
16491.19531,2207.563287
16492.19922,2207.56295
16493.19531,2207.563623
16494.19922,2207.563118
16495.19922,2207.563792
16496.19922,2207.563118
16497.19531,2207.564297
16498.19922,2207.563455
16499.19531,2207.563287
16500.19922,2207.563792
16501.19922,2207.563287
16502.19922,2207.56295
16503.19922,2207.562613
16504.19922,2207.563623
16505.19922,2207.562613
16506.19922,2207.564634
16507.19922,2207.564634
16508.19922,2207.564971
16509.19922,2207.564971
16510.19922,2207.564634
16511.19922,2207.56396
16512.19922,2207.563118
16513.19922,2207.562444
16514.19922,2207.564634
16515.19922,2207.562444
16516.19922,2207.561771
16517.19922,2207.562276
16518.20313,2207.562108
16519.19922,2207.564466
16520.19922,2207.56295
16521.19922,2207.56295
16522.19922,2207.56396
16523.19922,2207.562444
16524.19922,2207.563792
16525.20313,2207.564297
16526.19922,2207.564971
16527.19922,2207.563623
16528.20313,2207.56396
16529.20313,2207.563287
16530.20313,2207.564971
16531.20313,2207.563118
16532.19922,2207.563287
16533.20313,2207.564466
16534.20313,2207.563287
16535.20313,2207.561939
16536.20313,2207.56396
16537.20313,2207.563623
16538.19922,2207.562613
16539.20313,2207.565139
16540.19922,2207.564466
16541.20313,2207.565139
16542.20313,2207.562108
16543.20313,2207.562108
16544.20313,2207.563455
16545.19922,2207.563287
16546.20313,2207.562276
16547.20313,2207.561939
16548.20313,2207.564971
16549.20313,2207.563118
16550.20313,2207.563118
16551.20313,2207.562108
16552.20313,2207.561771
16553.20313,2207.561771
16554.20313,2207.565139
16555.20313,2207.563287
16556.20313,2207.56396
16557.20313,2207.562444
16558.20313,2207.562276
16559.20313,2207.563287
16560.20313,2207.563623
16561.20313,2207.564297
16562.20313,2207.564466
16563.20313,2207.56396
16564.20313,2207.56295
16565.20313,2207.563792
16566.20703,2207.562613
16567.20313,2207.563287
16568.20313,2207.563623
16569.20703,2207.564297
16570.20703,2207.563118
16571.20703,2207.563118
16572.20703,2207.562444
16573.20703,2207.561771
16574.20703,2207.563455
16575.20703,2207.56295
16576.20703,2207.563118
16577.20703,2207.561939
16578.20703,2207.56076
16579.20703,2207.563287
16580.20703,2207.565139
16581.20703,2207.563455
16582.20703,2207.56396
16583.21094,2207.563623
16584.21094,2207.561939
16585.20703,2207.563623
16586.21094,2207.56396
16587.21094,2207.563287
16588.20703,2207.565139
16589.20703,2207.563623
16590.20703,2207.562613
16591.20703,2207.562276
16592.20703,2207.564297
16593.21094,2207.564297
16594.20703,2207.563623
16595.20703,2207.564466
16596.20703,2207.565476
16597.20703,2207.562276
16598.21094,2207.563623
16599.21094,2207.564802
16600.21094,2207.563287
16601.21094,2207.563287
16602.20703,2207.564802
16603.20703,2207.56295
16604.21094,2207.564297
16605.21094,2207.56295
16606.21094,2207.562613
16607.21094,2207.564297
16608.21094,2207.563455
16609.21094,2207.563623
16610.21094,2207.565308
16611.21484,2207.563623
16612.21094,2207.564466
16613.21094,2207.564802
16614.21094,2207.563118
16615.21484,2207.564802
16616.21484,2207.56396
16617.21484,2207.563455
16618.21094,2207.563118
16619.21484,2207.563118
16620.21484,2207.563287
16621.21484,2207.564297
16622.21484,2207.562276
16623.21484,2207.563287
16624.21484,2207.56396
16625.21484,2207.561771
16626.21484,2207.562276
16627.21484,2207.561097
16628.21875,2207.563792
16629.21875,2207.562276
16630.21875,2207.563623
16631.21875,2207.563623
16632.21875,2207.562613
16633.21875,2207.561771
16634.21875,2207.56295
16635.22266,2207.562276
16636.21875,2207.562108
16637.21875,2207.562613
16638.21875,2207.55975
16639.21875,2207.562276
16640.22266,2207.56076
16641.22266,2207.562613
16642.22266,2207.561939
16643.22266,2207.565813
16644.22266,2207.561266
16645.22266,2207.563287
16646.22266,2207.564634
16647.22266,2207.563455
16648.22266,2207.56615
16649.22656,2207.565476
16650.22266,2207.564634
16651.22266,2207.564466
16652.22266,2207.563792
16653.22266,2207.564297
16654.22266,2207.564971
16655.22266,2207.563455
16656.22266,2207.566487
16657.22266,2207.564466
16658.22266,2207.564466
16659.22266,2207.56295
16660.22266,2207.562276
16661.22266,2207.563792
16662.22266,2207.562444
16663.22266,2207.56076
16664.22656,2207.562444
16665.22266,2207.562444
16666.22266,2207.561602
16667.22266,2207.56295
16668.22656,2207.561939
16669.22656,2207.561771
16670.22656,2207.563118
16671.22656,2207.563118
16672.22656,2207.561266
16673.22656,2207.564634
16674.22656,2207.564466
16675.23047,2207.562276
16676.23047,2207.563623
16677.22656,2207.562276
16678.23047,2207.562108
16679.23047,2207.56295
16680.23047,2207.563623
16681.23047,2207.56396
16682.23047,2207.562613
16683.23047,2207.561939
16684.23047,2207.564466
16685.23047,2207.563455
16686.23047,2207.563792
16687.23047,2207.564297
16688.23047,2207.564634
16689.23438,2207.562613
16690.23438,2207.563792
16691.23047,2207.562108
16692.23047,2207.563623
16693.23047,2207.56396
16694.23047,2207.563287
16695.23047,2207.562444
16696.23047,2207.564466
16697.23047,2207.562444
16698.23438,2207.563455
16699.23438,2207.562108
16700.23047,2207.565813
16701.23047,2207.56295
16702.23438,2207.564971
16703.23438,2207.56295
16704.23438,2207.561602
16705.23047,2207.563623
16706.23047,2207.561602
16707.23438,2207.561266
16708.23438,2207.562108
16709.23438,2207.562444
16710.23438,2207.563287
16711.23438,2207.560423
16712.23438,2207.56295
16713.23438,2207.562613
16714.23438,2207.561266
16715.23438,2207.560929
16716.23438,2207.560255
16717.23828,2207.560423
16718.23438,2207.562613
16719.23438,2207.563455
16720.23438,2207.563455
16721.23828,2207.563455
16722.23828,2207.560255
16723.23828,2207.562276
16724.23438,2207.562108
16725.23828,2207.561097
16726.23828,2207.564297
16727.23438,2207.562444
16728.23438,2207.563455
16729.23438,2207.56396
16730.23828,2207.563287
16731.23828,2207.562444
16732.24219,2207.563118
16733.23828,2207.563287
16734.23828,2207.563118
16735.23828,2207.56295
16736.23828,2207.560929
16737.23828,2207.563623
16738.23828,2207.563455
16739.23828,2207.561939
16740.23828,2207.562108
16741.23828,2207.561602
16742.23828,2207.56295
16743.23828,2207.563455
16744.23828,2207.56396
16745.23828,2207.561266
16746.23828,2207.565476
16747.23828,2207.562613
16748.23828,2207.561602
16749.23828,2207.563455
16750.23828,2207.563287
16751.23828,2207.561602
16752.23828,2207.562444
16753.23828,2207.56295
16754.24219,2207.561939
16755.23828,2207.563455
16756.23828,2207.563287
16757.23828,2207.562276
16758.23828,2207.564466
16759.23828,2207.563287
16760.24219,2207.563792
16761.23828,2207.562613
16762.24219,2207.564297
16763.23828,2207.563287
16764.24219,2207.562276
16765.24219,2207.561939
16766.24219,2207.562613
16767.24219,2207.563287
16768.24219,2207.562444
16769.24219,2207.562444
16770.24219,2207.564634
16771.24219,2207.564634
16772.24219,2207.562108
16773.24219,2207.562613
16774.24219,2207.564971
16775.24219,2207.561602
16776.24219,2207.562444
16777.24219,2207.560423
16778.24219,2207.561939
16779.24609,2207.563623
16780.24609,2207.563118
16781.24609,2207.563623
16782.24609,2207.563118
16783.24219,2207.561097
16784.24609,2207.563623
16785.24609,2207.562444
16786.24609,2207.562108
16787.24609,2207.558571
16788.25,2207.562613
16789.24609,2207.561097
16790.24609,2207.560592
16791.24609,2207.561266
16792.24609,2207.562276
16793.24609,2207.560592
16794.24609,2207.561939
16795.24609,2207.561266
16796.25,2207.56295
16797.24609,2207.562613
16798.24609,2207.563792
16799.24609,2207.563118
16800.24609,2207.563455
16801.25,2207.564297
16802.25,2207.56295
16803.24609,2207.563287
16804.25,2207.563455
16805.25,2207.563118
16806.25,2207.564971
16807.25,2207.563792
16808.25,2207.56396
16809.25,2207.563287
16810.25,2207.562108
16811.25391,2207.56396
16812.25,2207.56396
16813.25,2207.561602
16814.25,2207.563792
16815.25,2207.564297
16816.25,2207.562444
16817.25,2207.564634
16818.25,2207.562613
16819.25,2207.563792
16820.25,2207.562444
16821.25391,2207.563623
16822.25391,2207.563623
16823.25391,2207.565813
16824.25,2207.563623
16825.25,2207.564297
16826.25,2207.564802
16827.25,2207.562444
16828.25,2207.563118
16829.25391,2207.563623
16830.25391,2207.562108
16831.25391,2207.563455
16832.25391,2207.562613
16833.25391,2207.563792
16834.25391,2207.562108
16835.25391,2207.561771
16836.25391,2207.563287
16837.25391,2207.562108
16838.25391,2207.562276
16839.25391,2207.562108
16840.25391,2207.561771
16841.25781,2207.562444
16842.25391,2207.563287
16843.26172,2207.564634
16844.25781,2207.562613
16845.25781,2207.563287
16846.25781,2207.563118
16847.25781,2207.561097
16848.25781,2207.56396
16849.25781,2207.56295
16850.25781,2207.564634
16851.26172,2207.561602
16852.25781,2207.560929
16853.25781,2207.561939
16854.26172,2207.562613
16855.26172,2207.563792
16856.26172,2207.562108
16857.26172,2207.560929
16858.26172,2207.564297
16859.26172,2207.562613
16860.26172,2207.561097
16861.26172,2207.563287
16862.26172,2207.563287
16863.26563,2207.562276
16864.26563,2207.563118
16865.26172,2207.563792
16866.26563,2207.56076
16867.26172,2207.562444
16868.26172,2207.562613
16869.26563,2207.562613
16870.26563,2207.561602
16871.26172,2207.561939
16872.26172,2207.563287
16873.26563,2207.563287
16874.26172,2207.562613
16875.26172,2207.562108
16876.26172,2207.563792
16877.26563,2207.560929
16878.26172,2207.562276
16879.26563,2207.563118
16880.26172,2207.562276
16881.26172,2207.563118
16882.26563,2207.563118
16883.26172,2207.563118
16884.26563,2207.56295
16885.26563,2207.561602
16886.26172,2207.562613
16887.26172,2207.563287
16888.26563,2207.563118
16889.26563,2207.563118
16890.26563,2207.563455
16891.26563,2207.563118
16892.26563,2207.563623
16893.26563,2207.562613
16894.26563,2207.562613
16895.26953,2207.563287
16896.26953,2207.562108
16897.26563,2207.563118
16898.26563,2207.561771
16899.26953,2207.563287
16900.26953,2207.562276
16901.26953,2207.564634
16902.26953,2207.564466
16903.26953,2207.564634
16904.26953,2207.562613
16905.26953,2207.563118
16906.26953,2207.56396
16907.26953,2207.562276
16908.26953,2207.563118
16909.26953,2207.564297
16910.27344,2207.565308
16911.27344,2207.563623
16912.27344,2207.56295
16913.27344,2207.562108
16914.27344,2207.563287
16915.27344,2207.564297
16916.27344,2207.562444
16917.27344,2207.563118
16918.27344,2207.563287
16919.27344,2207.564634
16920.27344,2207.564802
16921.27344,2207.565308
16922.27344,2207.562613
16923.27344,2207.565476
16924.27344,2207.561939
16925.27734,2207.563455
16926.27344,2207.562276
16927.27344,2207.565139
16928.27344,2207.562613
16929.27734,2207.561939
16930.27344,2207.56295
16931.27344,2207.565139
16932.27734,2207.563792
16933.27344,2207.563118
16934.27734,2207.564466
16935.27344,2207.562276
16936.27734,2207.56396
16937.27344,2207.564634
16938.27344,2207.562276
16939.27344,2207.565981
16940.27344,2207.563118
16941.27734,2207.564466
16942.27734,2207.562444
16943.27344,2207.563118
16944.27344,2207.563623
16945.27734,2207.563118
16946.27344,2207.563792
16947.27734,2207.563118
16948.27734,2207.562276
16949.27734,2207.563118
16950.27734,2207.56295
16951.27734,2207.561602
16952.27734,2207.561771
16953.27734,2207.56295
16954.27734,2207.562276
16955.27734,2207.563287
16956.27734,2207.565139
16957.27734,2207.562444
16958.28125,2207.564971
16959.27734,2207.562444
16960.27734,2207.561602
16961.27734,2207.562613
16962.28125,2207.56295
16963.27734,2207.561771
16964.27734,2207.561771
16965.28125,2207.564802
16966.28125,2207.565139
16967.27734,2207.563792
16968.27734,2207.563455
16969.28125,2207.56396
16970.28125,2207.561939
16971.28125,2207.56396
16972.28516,2207.562444
16973.28125,2207.56076
16974.28125,2207.563287
16975.28125,2207.564466
16976.28125,2207.562276
16977.28125,2207.562108
16978.28125,2207.56295
16979.28125,2207.562613
16980.28125,2207.563792
16981.28125,2207.563287
16982.28125,2207.563118
16983.28516,2207.562108
16984.28516,2207.561939
16985.28125,2207.562444
16986.28516,2207.562613
16987.28125,2207.564634
16988.28125,2207.562276
16989.28125,2207.56295
16990.28516,2207.562108
16991.28125,2207.562444
16992.28516,2207.561097
16993.28125,2207.562276
16994.28125,2207.561771
16995.28516,2207.563623
16996.28125,2207.561097
16997.28125,2207.56295
16998.28516,2207.562444
16999.28125,2207.561939
17000.28125,2207.560423
17001.28516,2207.561939
17002.28125,2207.562276
17003.28516,2207.563623
17004.28516,2207.56295
17005.28516,2207.563792
17006.28516,2207.562276
17007.28516,2207.565308
17008.28516,2207.563623
17009.28516,2207.563792
17010.28516,2207.561602
17011.28516,2207.564297
17012.28516,2207.561097
17013.28516,2207.563455
17014.28516,2207.562613
17015.28516,2207.563118
17016.28906,2207.564297
17017.28516,2207.564802
17018.28516,2207.56396
17019.28516,2207.56295
17020.28516,2207.563455
17021.28906,2207.564297
17022.28906,2207.563118
17023.28906,2207.562613
17024.28516,2207.563287
17025.28516,2207.563623
17026.28906,2207.563623
17027.28516,2207.563792
17028.28906,2207.563287
17029.28906,2207.564297
17030.28906,2207.564971
17031.28516,2207.56295
17032.28906,2207.561771
17033.28516,2207.562276
17034.28906,2207.563455
17035.28906,2207.562613
17036.28906,2207.562108
17037.28906,2207.562276
17038.28906,2207.563118
17039.28516,2207.562444
17040.28906,2207.564634
17041.28906,2207.563623
17042.28906,2207.560929
17043.28906,2207.561771
17044.28906,2207.562613
17045.28906,2207.562108
17046.28906,2207.56295
17047.29297,2207.564634
17048.29297,2207.564802
17049.29297,2207.563455
17050.29297,2207.565308
17051.29297,2207.563623
17052.28906,2207.565308
17053.28906,2207.563792
17054.28906,2207.563623
17055.29297,2207.564297
17056.28906,2207.563792
17057.29297,2207.563287
17058.29297,2207.563623
17059.29297,2207.562444
17060.29297,2207.563455
17061.29297,2207.56295
17062.29297,2207.561771
17063.29297,2207.561939
17064.29297,2207.561097
17065.29297,2207.563792
17066.29297,2207.56396
17067.29297,2207.564971
17068.29297,2207.563623
17069.29297,2207.563287
17070.29297,2207.564297
17071.29297,2207.56396
17072.29688,2207.563455
17073.29297,2207.563287
17074.29297,2207.563455
17075.29688,2207.563792
17076.29688,2207.565139
17077.29297,2207.562444
17078.29297,2207.56396
17079.29297,2207.564466
17080.29297,2207.56295
17081.29297,2207.561939
17082.29297,2207.561939
17083.29297,2207.562613
17084.29297,2207.564802
17085.29297,2207.563118
17086.29297,2207.562108
17087.29688,2207.562276
17088.29297,2207.561939
17089.29297,2207.563455
17090.29688,2207.562444
17091.29688,2207.562444
17092.29688,2207.562613
17093.29688,2207.56295
17094.29688,2207.561097
17095.29297,2207.563118
17096.29688,2207.563287
17097.29688,2207.563455
17098.29297,2207.563623
17099.29688,2207.563623
17100.29688,2207.561097
17101.29688,2207.561939
17102.29688,2207.563623
17103.29688,2207.565139
17104.29688,2207.564971
17105.29688,2207.562108
17106.29688,2207.563455
17107.29688,2207.563118
17108.29688,2207.563623
17109.29688,2207.564634
17110.29688,2207.563623
17111.29688,2207.563792
17112.29688,2207.561771
17113.29688,2207.563287
17114.29688,2207.564971
17115.29688,2207.564971
17116.29688,2207.564802
17117.29688,2207.562108
17118.29688,2207.56295
17119.29688,2207.563118
17120.29688,2207.563287
17121.30078,2207.562613
17122.30078,2207.56295
17123.29688,2207.563118
17124.29688,2207.562444
17125.30078,2207.56396
17126.30078,2207.563287
17127.30078,2207.563623
17128.29688,2207.565308
17129.29688,2207.561602
17130.29688,2207.562276
17131.30078,2207.56396
17132.30078,2207.563118
17133.30078,2207.563792
17134.30078,2207.564297
17135.30078,2207.562444
17136.30078,2207.563623
17137.30078,2207.560423
17138.30078,2207.563118
17139.30078,2207.56295
17140.30078,2207.561771
17141.30469,2207.562444
17142.30078,2207.562276
17143.30078,2207.56295
17144.30469,2207.563455
17145.30469,2207.564297
17146.30469,2207.562276
17147.30469,2207.560929
17148.30469,2207.563455
17149.30469,2207.562276
17150.30469,2207.561097
17151.30469,2207.564466
17152.30469,2207.563118
17153.30469,2207.563455
17154.30859,2207.56295
17155.30469,2207.564466
17156.30859,2207.563623
17157.30469,2207.564297
17158.30859,2207.565813
17159.30859,2207.562444
17160.30859,2207.563118
17161.30469,2207.563455
17162.30469,2207.563792
17163.30469,2207.56295
17164.30469,2207.562444
17165.30859,2207.565139
17166.30859,2207.56396
17167.30859,2207.56295
17168.30859,2207.564297
17169.30859,2207.562613
17170.30859,2207.56295
17171.3125,2207.561939
17172.30859,2207.564634
17173.3125,2207.561602
17174.3125,2207.563287
17175.30859,2207.563455
17176.3125,2207.560255
17177.30859,2207.564971
17178.30859,2207.564971
17179.3125,2207.562276
17180.30859,2207.560929
17181.3125,2207.562444
17182.30859,2207.561939
17183.30859,2207.563623
17184.3125,2207.563455
17185.30859,2207.562276
17186.3125,2207.563287
17187.3125,2207.564466
17188.3125,2207.562108
17189.3125,2207.563118
17190.3125,2207.564297
17191.30859,2207.562108
17192.3125,2207.563455
17193.3125,2207.561939
17194.3125,2207.563792
17195.3125,2207.562613
17196.3125,2207.56076
17197.3125,2207.562613
17198.3125,2207.561939
17199.3125,2207.561097
17200.3125,2207.56396
17201.3125,2207.562108
17202.3125,2207.563118
17203.3125,2207.560929
17204.3125,2207.561266
17205.3125,2207.562444
17206.3125,2207.564802
17207.3125,2207.562613
17208.3125,2207.563792
17209.31641,2207.56076
17210.31641,2207.562444
17211.31641,2207.563455
17212.31641,2207.563118
17213.31641,2207.563118
17214.32031,2207.56295
17215.31641,2207.562444
17216.32031,2207.56396
17217.31641,2207.562108
17218.32031,2207.561939
17219.31641,2207.56396
17220.31641,2207.562444
17221.31641,2207.562108
17222.31641,2207.56076
17223.32031,2207.56295
17224.31641,2207.563118
17225.31641,2207.563287
17226.32031,2207.563118
17227.32031,2207.562444
17228.32031,2207.562613
17229.32031,2207.563455
17230.32031,2207.564466
17231.32031,2207.562276
17232.32031,2207.564297
17233.32422,2207.56295
17234.32422,2207.56076
17235.32422,2207.563792
17236.32422,2207.564297
17237.32422,2207.563287
17238.32422,2207.562444
17239.32422,2207.562444
17240.32813,2207.562444
17241.32422,2207.563623
17242.32422,2207.563623
17243.32813,2207.562108
17244.32813,2207.56076
17245.32813,2207.562613
17246.32813,2207.560087
17247.33203,2207.563455
17248.32813,2207.562444
17249.32813,2207.561771
17250.32813,2207.561939
17251.32813,2207.564802
17252.33203,2207.563118
17253.33203,2207.562613
17254.32813,2207.562444
17255.33203,2207.561771
17256.32813,2207.563623
17257.33203,2207.564297
17258.32813,2207.561939
17259.33203,2207.564634
17260.32813,2207.562613
17261.33203,2207.563118
17262.33203,2207.56396
17263.33203,2207.56295
17264.33203,2207.563455
17265.33203,2207.561602
17266.33203,2207.562444
17267.33203,2207.56295
17268.32813,2207.564297
17269.33203,2207.562108
17270.32813,2207.563118
17271.33203,2207.561602
17272.33203,2207.56396
17273.32813,2207.564297
17274.33203,2207.55975
17275.33203,2207.562444
17276.33203,2207.562444
17277.33203,2207.564466
17278.33203,2207.563287
17279.33594,2207.565139
17280.33203,2207.564802
17281.33594,2207.562444
17282.33203,2207.560423
17283.33594,2207.56295
17284.33203,2207.562613
17285.33203,2207.563623
17286.33594,2207.563118
17287.33203,2207.564297
17288.33594,2207.56396
17289.33203,2207.563118
17290.33203,2207.562276
17291.33594,2207.561602
17292.33203,2207.562444
17293.33594,2207.562613
17294.33203,2207.563287
17295.33203,2207.563623
17296.33594,2207.563287
17297.33594,2207.56396
17298.33594,2207.56295
17299.33594,2207.562613
17300.33594,2207.563287
17301.33203,2207.563623
17302.33594,2207.564802
17303.33203,2207.562444
17304.33594,2207.564297
17305.33594,2207.565308
17306.33594,2207.562276
17307.33203,2207.564802
17308.33594,2207.562276
17309.33594,2207.561939
17310.33594,2207.565308
17311.33594,2207.564802
17312.33594,2207.561602
17313.33594,2207.561266
17314.33594,2207.56076
17315.33594,2207.562444
17316.33594,2207.563623
17317.33594,2207.56295
17318.33594,2207.560423
17319.33594,2207.561771
17320.33594,2207.561939
17321.33594,2207.560929
17322.33594,2207.561939
17323.33984,2207.561266
17324.33984,2207.561771
17325.33984,2207.561939
17326.33984,2207.562276
17327.33984,2207.562613
17328.33984,2207.562613
17329.33984,2207.565308
17330.33984,2207.561939
17331.33984,2207.563623
17332.33984,2207.561097
17333.33984,2207.563118
17334.33984,2207.562108
17335.33984,2207.562613
17336.33984,2207.56295
17337.33984,2207.562276
17338.33984,2207.562613
17339.33984,2207.563287
17340.33984,2207.564466
17341.33984,2207.563623
17342.33984,2207.563455
17343.33984,2207.561602
17344.33984,2207.563118
17345.33984,2207.564634
17346.33984,2207.562613
17347.33984,2207.564466
17348.34375,2207.561097
17349.33984,2207.562613
17350.34375,2207.563455
17351.34375,2207.562276
17352.34375,2207.56295
17353.34375,2207.561939
17354.34375,2207.563118
17355.34375,2207.562108
17356.34375,2207.56295
17357.34375,2207.561602
17358.34375,2207.563287
17359.34375,2207.562276
17360.34375,2207.562276
17361.34375,2207.56295
17362.34766,2207.563118
17363.34375,2207.561771
17364.34766,2207.565139
17365.34375,2207.562276
17366.34375,2207.563792
17367.34375,2207.563287
17368.34375,2207.564297
17369.34375,2207.562108
17370.34375,2207.561771
17371.34375,2207.562276
17372.34375,2207.560087
17373.34766,2207.561771
17374.34375,2207.56295
17375.34375,2207.56295
17376.34766,2207.563118
17377.34375,2207.562108
17378.34375,2207.56295
17379.34375,2207.564634
17380.34375,2207.56295
17381.34375,2207.56295
17382.34766,2207.56295
17383.34766,2207.565139
17384.34375,2207.563455
17385.34766,2207.563623
17386.34766,2207.56295
17387.34766,2207.56396
17388.34766,2207.564802
17389.34375,2207.564466
17390.34766,2207.563287
17391.34766,2207.564634
17392.34766,2207.56295
17393.34766,2207.564466
17394.34766,2207.562444
17395.34766,2207.562444
17396.35156,2207.562444
17397.34766,2207.563287
17398.34766,2207.562444
17399.35156,2207.560929
17400.34766,2207.563287
17401.35156,2207.562444
17402.35156,2207.565308
17403.34766,2207.561602
17404.34766,2207.563287
17405.35156,2207.564297
17406.35156,2207.564466
17407.35156,2207.563623
17408.35547,2207.563792
17409.35156,2207.563118
17410.35156,2207.561939
17411.35156,2207.562444
17412.35156,2207.561939
17413.35156,2207.562613
17414.35156,2207.563287
17415.35156,2207.56396
17416.35156,2207.56295
17417.35156,2207.563118
17418.35156,2207.563287
17419.35156,2207.562276
17420.35156,2207.564297
17421.35156,2207.563118
17422.35547,2207.561771
17423.35547,2207.561097
17424.35156,2207.563792
17425.35547,2207.561939
17426.35547,2207.564802
17427.35547,2207.562276
17428.35547,2207.561266
17429.35547,2207.563287
17430.35547,2207.562108
17431.35547,2207.563792
17432.35547,2207.562108
17433.35938,2207.562444
17434.35938,2207.563623
17435.35938,2207.560255
17436.35938,2207.562444
17437.35547,2207.564466
17438.35938,2207.56295
17439.35938,2207.562613
17440.35938,2207.563623
17441.35938,2207.564297
17442.35938,2207.563287
17443.35938,2207.561771
17444.35938,2207.56295
17445.35938,2207.563118
17446.35938,2207.561939
17447.36328,2207.563455
17448.36328,2207.562613
17449.35938,2207.563287
17450.36328,2207.563623
17451.36328,2207.563287
17452.36328,2207.562444
17453.36719,2207.563792
17454.36719,2207.56295
17455.36719,2207.561266
17456.36328,2207.563455
17457.36719,2207.561771
17458.36328,2207.562108
17459.36328,2207.560929
17460.36328,2207.563287
17461.36719,2207.564466
17462.36719,2207.561939
17463.36328,2207.563623
17464.36328,2207.561939
17465.36719,2207.562276
17466.36719,2207.561771
17467.36719,2207.560929
17468.37109,2207.563287
17469.37109,2207.563623
17470.37109,2207.56396
17471.37109,2207.562444
17472.37109,2207.561771
17473.36719,2207.560592
17474.37109,2207.56076
17475.37109,2207.561266
17476.37109,2207.560592
17477.37109,2207.562276
17478.36719,2207.56295
17479.36719,2207.562108
17480.37109,2207.563455
17481.37109,2207.562276
17482.37109,2207.563118
17483.37109,2207.563118
17484.37109,2207.563118
17485.37109,2207.564297
17486.37109,2207.565476
17487.37109,2207.564297
17488.375,2207.562613
17489.37109,2207.563455
17490.37109,2207.563287
17491.37109,2207.563623
17492.375,2207.562108
17493.37109,2207.565981
17494.375,2207.564297
17495.37109,2207.564634
17496.375,2207.56295
17497.375,2207.563455
17498.375,2207.562444
17499.375,2207.56396
17500.375,2207.566487
17501.375,2207.563455
17502.37891,2207.56396
17503.375,2207.564802
17504.37891,2207.565981
17505.37891,2207.562108
17506.37891,2207.56295
17507.37891,2207.563118
17508.37891,2207.560592
17509.37891,2207.563455
17510.37891,2207.563792
17511.37891,2207.560929
17512.37891,2207.562613
17513.37891,2207.564634
17514.37891,2207.56295
17515.37891,2207.564297
17516.37891,2207.565981
17517.37891,2207.562613
17518.37891,2207.563623
17519.37891,2207.563623
17520.38281,2207.565139
17521.37891,2207.563455
17522.38281,2207.562108
17523.38281,2207.56295
17524.38281,2207.565813
17525.37891,2207.561097
17526.37891,2207.563455
17527.38281,2207.563623
17528.38281,2207.56295
17529.38281,2207.564802
17530.38281,2207.563287
17531.38281,2207.564466
17532.38281,2207.564297
17533.38281,2207.562276
17534.38281,2207.563287
17535.38281,2207.563287
17536.38281,2207.56295
17537.38281,2207.564297
17538.38281,2207.561266
17539.38281,2207.563287
17540.38281,2207.560929
17541.38672,2207.563287
17542.38672,2207.562108
17543.38672,2207.563455
17544.38672,2207.564297
17545.38672,2207.562108
17546.38672,2207.563455
17547.39063,2207.564297
17548.38672,2207.565476
17549.38672,2207.563287
17550.39063,2207.563455
17551.39063,2207.564466
17552.39063,2207.56396
17553.39063,2207.565139
17554.39063,2207.564466
17555.39063,2207.563623
17556.39453,2207.563287
17557.39063,2207.565139
17558.39453,2207.564466
17559.39063,2207.563455
17560.39453,2207.562108
17561.39063,2207.562276
17562.39063,2207.562613
17563.39453,2207.563623
17564.39453,2207.562108
17565.39453,2207.562444
17566.39453,2207.563118
17567.39453,2207.562444
17568.39453,2207.564634
17569.39453,2207.562444
17570.39453,2207.564466
17571.39453,2207.563792
17572.39453,2207.56295
17573.39453,2207.564466
17574.39453,2207.563792
17575.39453,2207.565308
17576.39453,2207.564297
17577.39453,2207.565981
17578.39453,2207.563455
17579.39844,2207.564634
17580.39453,2207.561771
17581.39453,2207.564297
17582.39453,2207.56396
17583.39453,2207.562444
17584.39453,2207.56295
17585.39453,2207.564634
17586.39453,2207.563287
17587.39844,2207.565139
17588.39453,2207.564802
17589.39453,2207.563623
17590.39453,2207.55975
17591.39453,2207.563623
17592.39844,2207.565476
17593.39844,2207.564802
17594.39453,2207.562108
17595.39844,2207.564466
17596.39844,2207.563287
17597.39844,2207.562276
17598.39844,2207.562108
17599.39453,2207.565308
17600.39844,2207.564466
17601.39453,2207.564297
17602.39844,2207.564802
17603.39844,2207.563623
17604.39453,2207.565139
17605.39844,2207.564466
17606.39453,2207.564971
17607.39844,2207.563287
17608.39844,2207.562444
17609.39844,2207.564297
17610.39453,2207.563792
17611.39844,2207.56295
17612.39844,2207.563455
17613.39844,2207.561602
17614.39844,2207.564297
17615.40234,2207.564634
17616.40234,2207.56295
17617.39844,2207.565476
17618.40234,2207.564634
17619.39844,2207.563792
17620.39844,2207.564466
17621.40234,2207.562613
17622.40234,2207.564971
17623.40234,2207.564971
17624.40234,2207.564297
17625.40234,2207.564297
17626.40234,2207.562108
17627.40234,2207.56396
17628.40234,2207.563118
17629.40234,2207.564634
17630.40625,2207.563455
17631.40625,2207.564297
17632.40625,2207.565476
17633.40625,2207.565139
17634.40625,2207.566487
17635.40625,2207.564971
17636.40625,2207.56295
17637.40625,2207.563118
17638.40625,2207.563287
17639.40625,2207.56396
17640.40625,2207.562276
17641.41016,2207.564466
17642.40625,2207.563623
17643.40625,2207.562444
17644.40625,2207.562613
17645.40625,2207.564971
17646.40625,2207.563792
17647.40625,2207.56295
17648.40625,2207.562444
17649.40625,2207.563118
17650.40625,2207.565139
17651.41016,2207.56396
17652.41016,2207.563623
17653.41016,2207.564802
17654.41016,2207.562613
17655.41016,2207.563118
17656.41406,2207.564297
17657.41406,2207.565308
17658.41406,2207.563455
17659.41406,2207.564634
17660.41406,2207.563118
17661.41406,2207.561266
17662.41406,2207.562276
17663.41406,2207.561939
17664.41797,2207.562276
17665.41797,2207.562613
17666.41797,2207.563287
17667.41797,2207.562444
17668.41797,2207.561771
17669.41797,2207.563287
17670.41797,2207.563287
17671.41797,2207.562613
17672.41797,2207.562444
17673.41797,2207.561602
17674.41797,2207.563792
17675.41797,2207.562276
17676.41797,2207.564466
17677.41797,2207.564634
17678.41797,2207.561602
17679.42188,2207.562444
17680.41797,2207.562276
17681.41797,2207.561602
17682.41797,2207.563455
17683.42188,2207.563118
17684.41797,2207.563623
17685.41797,2207.561266
17686.42188,2207.562444
17687.42188,2207.562444
17688.41797,2207.563792
17689.42188,2207.563455
17690.42188,2207.564297
17691.42188,2207.563455
17692.42188,2207.564634
17693.42188,2207.563287
17694.42188,2207.564802
17695.42188,2207.56396
17696.42188,2207.564971
17697.42188,2207.563792
17698.42578,2207.565139
17699.42188,2207.564297
17700.42578,2207.562444
17701.42188,2207.563623
17702.42188,2207.564971
17703.42188,2207.564297
17704.42188,2207.561939
17705.42578,2207.564297
17706.42578,2207.56396
17707.42578,2207.563118
17708.42578,2207.563623
17709.42578,2207.564634
17710.42578,2207.56396
17711.42578,2207.563623
17712.42578,2207.564802
17713.42578,2207.562613
17714.42578,2207.564297
17715.42578,2207.562444
17716.42578,2207.563623
17717.42969,2207.563455
17718.42969,2207.564297
17719.42969,2207.56295
17720.42578,2207.563287
17721.42578,2207.56396
17722.42969,2207.562613
17723.42578,2207.563623
17724.42578,2207.56396
17725.42578,2207.563287
17726.42578,2207.563623
17727.42969,2207.560423
17728.42969,2207.563118
17729.42578,2207.563118
17730.42969,2207.563623
17731.42969,2207.56076
17732.42578,2207.563792
17733.42969,2207.561602
17734.42969,2207.561939
17735.42969,2207.563287
17736.42969,2207.563287
17737.42969,2207.563118
17738.42578,2207.56295
17739.42969,2207.561602
17740.42969,2207.562444
17741.42969,2207.563118
17742.42969,2207.561602
17743.42969,2207.563623
17744.42969,2207.563623
17745.42969,2207.563455
17746.42969,2207.563287
17747.42969,2207.563455
17748.42969,2207.564634
17749.42969,2207.564971
17750.42969,2207.564971
17751.42578,2207.56396
17752.42969,2207.563455
17753.42969,2207.565813
17754.42969,2207.564802
17755.42969,2207.562613
17756.42969,2207.565476
17757.42969,2207.565308
17758.42969,2207.564802
17759.42969,2207.568002
17760.42969,2207.564466
17761.42969,2207.563118
17762.42969,2207.563792
17763.42969,2207.56396
17764.42969,2207.563623
17765.42969,2207.564802
17766.43359,2207.56396
17767.42969,2207.56295
17768.42969,2207.564802
17769.42969,2207.562276
17770.43359,2207.563118
17771.43359,2207.562276
17772.42969,2207.562108
17773.43359,2207.562108
17774.42969,2207.564466
17775.42969,2207.560255
17776.43359,2207.563287
17777.42969,2207.563455
17778.43359,2207.564466
17779.42969,2207.56396
17780.42969,2207.563623
17781.43359,2207.563287
17782.43359,2207.56396
17783.43359,2207.563118
17784.42969,2207.562276
17785.43359,2207.560592
17786.43359,2207.561939
17787.43359,2207.56076
17788.43359,2207.560423
17789.43359,2207.562613
17790.43359,2207.561939
17791.43359,2207.563623
17792.43359,2207.562276
17793.43359,2207.562444
17794.43359,2207.561771
17795.43359,2207.561939
17796.4375,2207.562613
17797.43359,2207.562276
17798.4375,2207.56396
17799.43359,2207.563118
17800.43359,2207.559581
17801.43359,2207.561771
17802.43359,2207.561939
17803.4375,2207.563118
17804.4375,2207.563118
17805.43359,2207.563455
17806.4375,2207.563455
17807.4375,2207.563118
17808.4375,2207.562108
17809.4375,2207.562276
17810.44141,2207.564466
17811.4375,2207.562108
17812.4375,2207.56295
17813.44141,2207.56295
17814.4375,2207.564971
17815.4375,2207.564466
17816.44141,2207.56396
17817.44141,2207.563287
17818.44141,2207.56396
17819.4375,2207.562613
17820.44141,2207.562108
17821.44141,2207.563623
17822.4375,2207.563287
17823.44141,2207.560592
17824.44141,2207.560423
17825.4375,2207.560087
17826.44141,2207.563118
17827.44141,2207.56396
17828.44141,2207.563287
17829.44141,2207.563792
17830.44531,2207.562613
17831.4375,2207.563623
17832.44141,2207.561266
17833.44141,2207.561266
17834.44141,2207.565981
17835.4375,2207.562108
17836.44141,2207.564634
17837.44141,2207.561939
17838.44141,2207.562613
17839.44141,2207.565139
17840.44141,2207.562613
17841.44141,2207.56396
17842.44531,2207.563455
17843.44531,2207.564297
17844.44531,2207.562444
17845.44531,2207.563623
17846.44531,2207.563792
17847.44531,2207.563287
17848.44531,2207.561771
17849.44531,2207.563792
17850.44531,2207.565476
17851.44531,2207.562613
17852.44531,2207.565139
17853.44531,2207.565139
17854.44531,2207.564971
17855.44531,2207.565476
17856.44141,2207.563792
17857.44531,2207.564466
17858.44531,2207.563792
17859.44531,2207.562108
17860.44531,2207.565139
17861.44531,2207.565308
17862.44531,2207.564971
17863.44531,2207.565308
17864.44531,2207.565981
17865.44531,2207.566487
17866.44531,2207.565981
17867.44531,2207.566318
17868.44531,2207.564297
17869.44922,2207.564802
17870.44531,2207.56396
17871.44531,2207.56295
17872.44922,2207.564634
17873.44922,2207.564466
17874.44922,2207.562444
17875.44922,2207.563623
17876.44922,2207.565813
17877.44922,2207.562276
17878.44922,2207.562276
17879.44922,2207.564297
17880.44922,2207.563287
17881.44922,2207.562276
17882.44922,2207.563287
17883.44922,2207.56295
17884.45313,2207.56396
17885.45313,2207.563455
17886.45313,2207.562276
17887.45313,2207.563287
17888.45313,2207.56396
17889.45313,2207.563792
17890.44922,2207.564802
17891.45313,2207.564297
17892.45313,2207.563455
17893.45703,2207.563118
17894.45703,2207.562613
17895.45703,2207.563118
17896.45313,2207.561771
17897.45703,2207.56295
17898.45313,2207.563287
17899.45313,2207.561939
17900.45703,2207.562613
17901.45703,2207.565139
17902.45703,2207.563623
17903.45703,2207.563287
17904.45313,2207.563623
17905.45313,2207.56396
17906.45313,2207.563455
17907.45703,2207.563623
17908.45703,2207.565139
17909.45703,2207.563792
17910.45313,2207.563118
17911.45313,2207.562613
17912.45703,2207.564634
17913.45703,2207.563792
17914.45703,2207.56396
17915.45703,2207.563287
17916.45703,2207.561939
17917.45703,2207.561602
17918.45703,2207.561602
17919.45703,2207.560929
17920.45703,2207.561266
17921.46094,2207.561771
17922.46094,2207.560592
17923.45703,2207.561602
17924.46484,2207.56076
17925.46094,2207.564297
17926.46094,2207.562444
17927.46094,2207.562276
17928.46484,2207.563287
17929.46484,2207.565139
17930.46484,2207.563792
17931.46484,2207.561771
17932.46484,2207.56295
17933.46484,2207.562613
17934.46875,2207.562108
17935.46484,2207.563623
17936.46484,2207.564802
17937.46484,2207.564802
17938.46484,2207.562108
17939.46484,2207.563792
17940.46875,2207.562444
17941.46875,2207.563287
17942.46875,2207.563623
17943.46875,2207.563623
17944.46875,2207.564297
17945.46875,2207.562108
17946.46875,2207.562276
17947.47266,2207.562613
17948.47266,2207.56076
17949.47266,2207.561771
17950.47266,2207.561266
17951.47266,2207.560423
17952.47266,2207.561939
17953.47656,2207.558571
17954.47656,2207.559581
17955.47656,2207.561939
17956.48047,2207.563287
17957.48047,2207.562613
17958.47656,2207.56076
17959.48047,2207.562444
17960.47656,2207.561266
17961.48047,2207.56295
17962.48047,2207.561771
17963.48047,2207.562108
17964.48047,2207.562276
17965.48047,2207.562444
17966.48047,2207.562444
17967.48438,2207.562108
17968.48047,2207.562613
17969.48047,2207.562613
17970.48438,2207.563118
17971.48438,2207.561266
17972.48047,2207.561939
17973.48438,2207.562276
17974.48438,2207.561266
17975.48438,2207.561602
17976.48438,2207.562276
17977.48438,2207.563455
17978.48047,2207.562444
17979.48438,2207.56295
17980.48438,2207.56396
17981.48438,2207.563287
17982.48438,2207.563623
17983.48438,2207.56396
17984.48438,2207.563287
17985.48438,2207.563792
17986.48438,2207.562276
17987.48438,2207.564634
17988.48438,2207.563792
17989.48438,2207.563287
17990.48438,2207.56396
17991.48438,2207.564802
17992.48438,2207.563287
17993.48047,2207.564297
17994.48438,2207.564634
17995.48438,2207.562444
17996.48438,2207.563118
17997.48438,2207.562276
17998.48438,2207.564466
17999.48438,2207.562613
18000.48438,2207.562276
18001.48438,2207.561097
18002.48438,2207.56076
18003.48438,2207.560592
18004.48438,2207.561939
18005.48828,2207.562613
18006.48438,2207.561939
18007.48438,2207.564971
18008.48438,2207.561266
18009.48438,2207.562444
18010.48438,2207.56295
18011.48438,2207.564634
18012.48438,2207.565139
18013.48438,2207.563118
18014.48438,2207.561602
18015.48438,2207.56396
18016.48438,2207.564466
18017.48828,2207.562276
18018.48828,2207.563287
18019.48828,2207.562276
18020.48828,2207.562613
18021.48828,2207.56396
18022.48828,2207.563455
18023.48828,2207.562276
18024.48828,2207.56295
18025.48828,2207.563792
18026.49219,2207.563455
18027.49219,2207.561602
18028.48828,2207.559581
18029.48828,2207.561939
18030.49219,2207.561771
18031.49219,2207.561097
18032.49219,2207.563623
18033.49219,2207.562613
18034.49219,2207.563118
18035.49219,2207.563287
18036.49219,2207.563118
18037.49219,2207.56295
18038.49609,2207.56076
18039.49609,2207.562444
18040.49609,2207.562444
18041.49609,2207.562276
18042.49609,2207.561939
18043.49609,2207.562444
18044.49609,2207.564466
18045.49609,2207.563792
18046.49609,2207.562276
18047.49609,2207.56295
18048.49609,2207.563455
18049.49609,2207.564466
18050.5,2207.565476
18051.5,2207.563118
18052.5,2207.562108
18053.5,2207.562613
18054.5,2207.563455
18055.5,2207.563623
18056.49609,2207.563455
18057.49609,2207.564971
18058.49609,2207.562108
18059.5,2207.561097
18060.5,2207.563287
18061.5,2207.563792
18062.5,2207.561939
18063.5,2207.563455
18064.5,2207.561097
18065.5,2207.563455
18066.5,2207.561939
18067.5,2207.561771
18068.5,2207.561939
18069.5,2207.563623
18070.5,2207.565813
18071.5,2207.563118
18072.5,2207.562444
18073.5,2207.560592
18074.5,2207.564297
18075.5,2207.562444
18076.5,2207.561266
18077.5,2207.564297
18078.5,2207.563118
18079.5,2207.563623
18080.5,2207.561266
18081.5,2207.561602
18082.5,2207.563118
18083.5,2207.563118
18084.5,2207.562444
18085.5,2207.56295
18086.5,2207.561939
18087.5,2207.561266
18088.5,2207.561097
18089.5,2207.56396
18090.5,2207.564297
18091.5,2207.561939
18092.50391,2207.564297
18093.5,2207.564466
18094.5,2207.559581
18095.50391,2207.562613
18096.50391,2207.563118
18097.5,2207.565308
18098.5,2207.564297
18099.5,2207.563623
18100.50391,2207.563623
18101.50391,2207.562108
18102.5,2207.563623
18103.5,2207.563287
18104.50391,2207.563455
18105.50391,2207.562613
18106.5,2207.563455
18107.50391,2207.563792
18108.50391,2207.563792
18109.50391,2207.564466
18110.50391,2207.562444
18111.5,2207.56295
18112.50391,2207.562108
18113.50391,2207.56396
18114.50391,2207.562444
18115.50391,2207.562108
18116.50391,2207.563287
18117.50391,2207.562276
18118.50391,2207.562276
18119.50391,2207.561939
18120.50391,2207.563118
18121.50391,2207.562613
18122.50391,2207.562444
18123.50391,2207.562108
18124.50391,2207.560929
18125.50391,2207.561266
18126.50391,2207.561602
18127.50781,2207.561602
18128.50781,2207.562276
18129.50391,2207.56076
18130.50391,2207.561097
18131.50781,2207.56076
18132.50391,2207.560087
18133.50781,2207.561771
18134.50781,2207.56295
18135.50781,2207.563455
18136.50781,2207.562276
18137.50781,2207.56295
18138.50781,2207.56295
18139.50781,2207.56076
18140.50781,2207.562444
18141.50781,2207.562613
18142.50781,2207.561939
18143.50781,2207.563287
18144.50781,2207.564297
18145.50781,2207.562108
18146.50781,2207.561602
18147.50781,2207.563455
18148.50781,2207.563623
18149.50781,2207.56295
18150.51172,2207.561939
18151.50781,2207.563118
18152.51172,2207.563623
18153.50781,2207.562276
18154.51172,2207.562444
18155.51172,2207.561939
18156.51172,2207.560255
18157.51172,2207.563287
18158.51172,2207.561097
18159.51172,2207.561939
18160.51172,2207.562108
18161.51172,2207.563118
18162.51172,2207.563287
18163.51172,2207.562613
18164.51172,2207.561097
18165.51172,2207.562444
18166.51172,2207.562613
18167.51172,2207.562613
18168.51172,2207.565813
18169.51172,2207.561602
18170.51172,2207.564466
18171.51172,2207.563118
18172.51172,2207.56396
18173.51172,2207.56076
18174.51172,2207.563792
18175.51563,2207.562613
18176.51172,2207.563792
18177.51563,2207.562108
18178.51172,2207.563118
18179.51172,2207.564802
18180.51172,2207.565308
18181.51172,2207.563287
18182.51172,2207.565476
18183.51563,2207.562444
18184.51172,2207.56396
18185.51172,2207.562276
18186.51563,2207.562444
18187.51563,2207.564297
18188.51563,2207.55975
18189.51563,2207.563792
18190.51563,2207.564297
18191.51563,2207.564297
18192.51563,2207.562108
18193.51172,2207.561266
18194.51563,2207.562613
18195.51563,2207.562108
18196.51563,2207.563623
18197.51563,2207.562444
18198.51563,2207.561602
18199.51563,2207.561097
18200.51563,2207.561266
18201.51563,2207.563623
18202.51563,2207.562276
18203.51563,2207.562613
18204.51563,2207.564634
18205.51563,2207.563455
18206.51563,2207.565308
18207.51563,2207.562613
18208.51563,2207.561771
18209.51563,2207.560423
18210.51563,2207.564634
18211.51563,2207.561266
18212.51563,2207.561939
18213.51953,2207.561771
18214.51563,2207.562108
18215.51563,2207.562276
18216.51563,2207.562108
18217.51563,2207.562444
18218.51563,2207.565139
18219.51563,2207.56295
18220.51563,2207.564297
18221.51563,2207.56076
18222.51563,2207.562276
18223.51953,2207.564297
18224.51953,2207.562613
18225.51953,2207.561939
18226.51953,2207.561266
18227.51953,2207.560592
18228.51953,2207.561939
18229.51953,2207.563623
18230.51563,2207.560423
18231.51563,2207.561266
18232.51953,2207.563455
18233.51953,2207.563455
18234.51953,2207.56076
18235.51953,2207.562444
18236.51953,2207.56396
18237.51953,2207.564297
18238.51953,2207.563287
18239.51953,2207.560423
18240.51953,2207.563455
18241.51953,2207.564466
18242.51953,2207.563118
18243.51953,2207.562613
18244.52344,2207.561097
18245.52344,2207.563118
18246.52344,2207.562444
18247.52344,2207.564634
18248.52344,2207.562108
18249.52344,2207.564634
18250.52344,2207.564971
18251.52344,2207.563287
18252.52344,2207.563287
18253.52344,2207.563455
18254.52344,2207.561266
18255.52344,2207.562613
18256.51953,2207.563455
18257.52344,2207.560087
18258.52344,2207.562108
18259.52344,2207.56396
18260.52344,2207.562276
18261.51953,2207.563118
18262.52344,2207.56295
18263.52344,2207.564634
18264.52344,2207.561602
18265.52344,2207.561602
18266.52344,2207.560592
18267.52344,2207.56295
18268.52344,2207.56076
18269.52734,2207.563118
18270.52734,2207.561266
18271.52344,2207.563455
18272.52344,2207.562108
18273.52344,2207.561771
18274.52344,2207.563118
18275.52734,2207.563623
18276.52734,2207.564466
18277.52734,2207.563118
18278.52734,2207.562613
18279.52734,2207.559581
18280.52734,2207.563623
18281.53125,2207.563623
18282.52734,2207.564297
18283.52734,2207.561771
18284.52734,2207.562444
18285.52734,2207.56396
18286.53125,2207.561939
18287.52734,2207.563792
18288.52734,2207.563118
18289.53125,2207.563455
18290.53125,2207.562444
18291.53125,2207.563623
18292.52734,2207.563455
18293.52734,2207.563287
18294.52734,2207.565813
18295.52734,2207.565308
18296.53125,2207.563623
18297.52734,2207.562108
18298.53125,2207.564971
18299.53125,2207.56295
18300.53125,2207.563118
18301.53516,2207.561771
18302.53516,2207.564466
18303.53125,2207.563623
18304.53125,2207.560929
18305.53516,2207.561771
18306.53516,2207.563792
18307.53516,2207.564297
18308.53516,2207.560592
18309.53516,2207.56295
18310.53516,2207.563792
18311.53516,2207.563623
18312.53906,2207.563623
18313.53516,2207.563455
18314.53516,2207.561939
18315.53516,2207.563455
18316.53516,2207.562276
18317.53516,2207.562276
18318.53516,2207.562613
18319.53516,2207.561939
18320.53516,2207.561097
18321.53906,2207.563455
18322.53516,2207.56396
18323.53516,2207.564634
18324.53516,2207.561771
18325.53516,2207.562108
18326.53906,2207.563792
18327.53906,2207.561266
18328.53516,2207.561266
18329.53906,2207.562613
18330.53906,2207.56295
18331.53906,2207.563455
18332.53906,2207.563455
18333.53906,2207.56396
18334.53516,2207.564297
18335.53516,2207.56295
18336.53906,2207.561939
18337.53906,2207.561097
18338.53906,2207.563287
18339.53906,2207.56295
18340.53906,2207.56396
18341.53906,2207.560929
18342.53516,2207.561097
18343.53906,2207.563455
18344.53906,2207.564466
18345.53906,2207.563287
18346.53906,2207.564466
18347.53906,2207.56295
18348.53906,2207.563792
18349.54297,2207.561939
18350.54297,2207.562444
18351.54297,2207.562444
18352.54297,2207.563623
18353.54297,2207.563118
18354.54297,2207.564634
18355.54297,2207.563118
18356.54297,2207.563455
18357.54297,2207.564466
18358.54297,2207.56396
18359.54297,2207.564802
18360.54297,2207.56396
18361.54297,2207.561939
18362.54297,2207.562613
18363.54297,2207.562613
18364.54297,2207.56076
18365.54297,2207.560255
18366.54297,2207.561771
18367.54297,2207.561771
18368.54297,2207.564802
18369.54297,2207.565308
18370.54297,2207.561602
18371.54297,2207.564971
18372.54297,2207.563287
18373.54688,2207.563623
18374.54297,2207.562108
18375.54688,2207.562276
18376.54297,2207.563623
18377.54688,2207.565308
18378.54688,2207.562276
18379.54688,2207.562108
18380.54688,2207.561602
18381.54688,2207.562444
18382.54688,2207.566487
18383.54688,2207.563792
18384.54688,2207.563118
18385.54688,2207.563287
18386.54688,2207.561771
18387.54688,2207.561939
18388.54688,2207.561939
18389.54688,2207.562444
18390.54688,2207.562276
18391.54688,2207.56295
18392.54688,2207.564802
18393.54688,2207.561771
18394.54688,2207.563118
18395.54688,2207.563118
18396.54688,2207.564802
18397.55078,2207.564297
18398.55078,2207.563792
18399.54688,2207.564634
18400.54688,2207.560592
18401.54688,2207.563455
18402.54688,2207.561939
18403.55078,2207.561602
18404.54688,2207.56396
18405.54688,2207.562276
18406.54688,2207.563118
18407.54688,2207.564971
18408.55078,2207.56396
18409.54688,2207.564297
18410.54688,2207.565308
18411.54688,2207.563623
18412.55078,2207.563287
18413.54688,2207.563287
18414.54688,2207.564971
18415.55078,2207.562613
18416.55078,2207.563118
18417.55078,2207.562276
18418.55078,2207.561771
18419.55078,2207.562613
18420.55078,2207.562613
18421.55078,2207.562108
18422.55078,2207.562108
18423.55078,2207.565308
18424.55078,2207.562613
18425.55078,2207.561602
18426.55078,2207.562444
18427.55078,2207.560929
18428.55078,2207.563287
18429.55078,2207.562444
18430.55469,2207.562108
18431.55078,2207.563455
18432.55078,2207.563623
18433.55469,2207.564297
18434.55469,2207.562613
18435.55469,2207.561097
18436.55078,2207.562613
18437.55469,2207.562276
18438.55469,2207.560592
18439.55469,2207.564634
18440.55469,2207.562276
18441.55469,2207.560423
18442.55469,2207.561939
18443.55469,2207.55975
18444.55469,2207.563118
18445.55469,2207.562444
18446.55469,2207.562613
18447.55469,2207.561602
18448.55469,2207.563623
18449.55469,2207.562276
18450.55469,2207.562276
18451.55469,2207.564971
18452.55469,2207.562613
18453.55469,2207.56396
18454.55469,2207.562444
18455.55469,2207.564802
18456.55469,2207.56396
18457.55469,2207.561266
18458.55859,2207.562613
18459.55469,2207.562276
18460.55859,2207.562613
18461.55859,2207.563287
18462.55859,2207.565308
18463.55859,2207.562444
18464.55859,2207.561771
18465.55859,2207.561266
18466.55859,2207.562108
18467.55859,2207.563287
18468.55859,2207.565139
18469.5625,2207.562444
18470.55859,2207.563287
18471.5625,2207.565813
18472.55859,2207.562108
18473.5625,2207.559581
18474.5625,2207.563792
18475.55859,2207.563792
18476.55859,2207.563118
18477.5625,2207.563455
18478.5625,2207.563792
18479.5625,2207.562444
18480.5625,2207.562276
18481.5625,2207.563118
18482.5625,2207.562444
18483.5625,2207.562276
18484.5625,2207.561771
18485.5625,2207.562276
18486.5625,2207.561602
18487.56641,2207.564634
18488.5625,2207.56396
18489.56641,2207.562108
18490.5625,2207.562276
18491.5625,2207.561097
18492.5625,2207.563623
18493.5625,2207.563792
18494.5625,2207.560592
18495.5625,2207.56295
18496.56641,2207.56295
18497.5625,2207.561097
18498.56641,2207.561771
18499.5625,2207.562276
18500.5625,2207.561939
18501.56641,2207.561266
18502.56641,2207.563792
18503.56641,2207.562108
18504.56641,2207.561266
18505.56641,2207.561939
18506.56641,2207.564971
18507.56641,2207.560592
18508.56641,2207.560255
18509.56641,2207.563118
18510.56641,2207.563792
18511.56641,2207.563118
18512.56641,2207.56615
18513.56641,2207.562613
18514.56641,2207.565981
18515.56641,2207.564297
18516.56641,2207.563118
18517.56641,2207.562276
18518.57031,2207.561939
18519.56641,2207.56295
18520.56641,2207.563287
18521.56641,2207.561097
18522.57031,2207.565308
18523.56641,2207.56396
18524.56641,2207.56076
18525.57031,2207.563287
18526.57031,2207.564466
18527.57031,2207.563118
18528.57031,2207.562613
18529.57031,2207.564802
18530.57031,2207.562444
18531.57031,2207.562613
18532.57031,2207.563118
18533.57031,2207.561602
18534.57031,2207.563623
18535.57031,2207.563623
18536.57031,2207.562613
18537.57031,2207.561771
18538.57031,2207.56396
18539.57031,2207.564634
18540.57031,2207.563287
18541.57422,2207.563118
18542.57031,2207.565813
18543.57031,2207.563118
18544.57031,2207.564297
18545.57031,2207.562444
18546.57422,2207.562444
18547.57031,2207.565476
18548.57031,2207.564297
18549.57422,2207.56396
18550.57422,2207.56295
18551.57031,2207.565308
18552.57422,2207.562276
18553.57422,2207.561097
18554.57422,2207.562276
18555.57422,2207.564466
18556.57422,2207.564297
18557.57422,2207.562108
18558.57422,2207.561939
18559.57422,2207.56295
18560.57422,2207.561939
18561.57422,2207.560929
18562.57422,2207.563287
18563.57422,2207.564297
18564.57422,2207.561771
18565.57422,2207.563623
18566.57422,2207.563623
18567.57422,2207.563623
18568.57422,2207.564297
18569.57813,2207.562613
18570.57422,2207.562613
18571.57031,2207.563118
18572.57422,2207.562613
18573.57422,2207.562108
18574.57422,2207.563792
18575.57422,2207.563455
18576.57422,2207.563623
18577.57422,2207.56295
18578.57422,2207.562613
18579.57422,2207.559245
18580.57422,2207.561939
18581.57422,2207.560423
18582.57813,2207.560255
18583.57813,2207.561939
18584.57813,2207.562108
18585.57813,2207.561771
18586.57422,2207.56295
18587.57813,2207.560592
18588.57813,2207.563118
18589.57813,2207.563792
18590.57813,2207.56076
18591.57813,2207.561266
18592.57813,2207.562276
18593.57813,2207.56396
18594.57813,2207.564802
18595.57813,2207.562444
18596.57813,2207.562108
18597.58203,2207.563287
18598.58203,2207.561602
18599.58203,2207.564466
18600.58203,2207.56295
18601.58203,2207.560423
18602.58203,2207.562444
18603.58203,2207.563118
18604.58203,2207.562444
18605.58203,2207.56396
18606.57813,2207.56295
18607.58203,2207.56076
18608.58203,2207.565308
18609.58203,2207.562444
18610.58203,2207.561939
18611.58594,2207.562108
18612.58203,2207.561939
18613.58203,2207.561266
18614.58203,2207.563455
18615.58203,2207.56396
18616.58203,2207.561771
18617.58594,2207.563118
18618.58203,2207.561939
18619.58203,2207.560592
18620.58203,2207.563455
18621.58203,2207.562444
18622.58203,2207.561602
18623.58203,2207.562613
18624.58203,2207.564634
18625.58203,2207.563287
18626.58594,2207.561771
18627.58594,2207.563287
18628.58984,2207.562276
18629.58594,2207.560087
18630.58594,2207.562276
18631.58984,2207.56295
18632.58594,2207.56396
18633.58984,2207.563455
18634.58984,2207.56076
18635.58984,2207.563287
18636.58984,2207.564297
18637.58984,2207.564466
18638.58984,2207.562276
18639.58984,2207.563287
18640.59375,2207.561602
18641.58984,2207.563118
18642.58984,2207.562276
18643.58984,2207.563623
18644.58984,2207.564802
18645.58984,2207.562444
18646.58984,2207.564297
18647.58984,2207.562444
18648.58984,2207.564971
18649.58984,2207.561602
18650.58984,2207.561939
18651.59375,2207.563455
18652.59375,2207.564466
18653.59375,2207.563455
18654.59375,2207.564466
18655.59375,2207.566487
18656.59375,2207.562444
18657.59766,2207.56295
18658.59375,2207.563455
18659.59375,2207.563287
18660.59766,2207.562276
18661.59375,2207.563118
18662.59766,2207.563287
18663.59375,2207.564297
18664.59375,2207.565139
18665.59375,2207.562108
18666.59375,2207.564297
18667.59375,2207.56396
18668.59766,2207.564634
18669.59766,2207.56295
18670.59766,2207.564634
18671.59766,2207.563455
18672.59766,2207.563623
18673.59766,2207.56396
18674.60156,2207.563455
18675.60156,2207.564634
18676.60156,2207.563287
18677.60156,2207.562613
18678.60156,2207.564802
18679.60156,2207.562613
18680.59766,2207.563455
18681.60547,2207.563623
18682.60156,2207.564466
18683.60156,2207.562276
18684.60547,2207.562444
18685.60547,2207.563792
18686.60547,2207.563455
18687.60156,2207.563118
18688.60156,2207.562108
18689.60156,2207.561097
18690.60547,2207.561771
18691.60547,2207.56295
18692.60547,2207.562444
18693.60547,2207.563623
18694.60547,2207.563118
18695.60547,2207.56295
18696.60547,2207.565813
18697.60547,2207.565308
18698.60547,2207.565308
18699.60156,2207.565139
18700.60547,2207.56396
18701.60547,2207.562613
18702.60547,2207.563118
18703.60547,2207.562613
18704.60547,2207.562108
18705.60547,2207.564297
18706.60547,2207.56295
18707.60547,2207.563118
18708.60547,2207.563455
18709.60547,2207.563287
18710.60547,2207.565139
18711.60547,2207.563792
18712.60547,2207.56396
18713.60547,2207.56396
18714.60547,2207.565139
18715.60938,2207.563623
18716.60547,2207.563118
18717.60938,2207.564802
18718.60547,2207.565981
18719.60938,2207.564297
18720.60547,2207.565139
18721.60938,2207.563455
18722.60547,2207.563118
18723.60547,2207.564634
18724.60547,2207.562613
18725.60938,2207.561939
18726.60938,2207.563623
18727.60938,2207.55975
18728.60938,2207.562444
18729.60938,2207.562276
18730.60938,2207.562276
18731.60938,2207.563287
18732.60938,2207.565308
18733.60938,2207.563623
18734.60938,2207.564802
18735.60938,2207.563455
18736.60938,2207.564634
18737.60938,2207.565308
18738.60938,2207.564634
18739.61328,2207.56295
18740.61328,2207.564634
18741.61328,2207.563623
18742.61328,2207.562108
18743.61328,2207.563623
18744.61328,2207.562108
18745.61328,2207.564297
18746.61328,2207.565308
18747.61328,2207.564802
18748.61719,2207.561602
18749.61328,2207.563455
18750.61328,2207.564297
18751.61328,2207.564634
18752.61328,2207.562108
18753.61328,2207.56295
18754.61719,2207.564802
18755.61328,2207.56295
18756.61328,2207.564466
18757.61719,2207.565308
18758.61719,2207.565308
18759.61328,2207.56615
18760.61719,2207.564634
18761.61719,2207.565139
18762.61328,2207.565476
18763.61719,2207.564802
18764.61719,2207.565476
18765.61719,2207.566487
18766.61719,2207.564466
18767.61719,2207.562613
18768.61719,2207.564297
18769.61719,2207.562613
18770.62109,2207.565813
18771.62109,2207.565139
18772.62109,2207.563623
18773.62109,2207.564802
18774.62109,2207.564802
18775.62109,2207.564297
18776.62109,2207.565139
18777.62109,2207.562276
18778.62109,2207.562276
18779.62109,2207.564634
18780.62109,2207.56396
18781.625,2207.562444
18782.62109,2207.562444
18783.62109,2207.563792
18784.62109,2207.564802
18785.625,2207.564634
18786.62109,2207.562444
18787.62109,2207.564802
18788.625,2207.563623
18789.62109,2207.564297
18790.625,2207.564971
18791.625,2207.564971
18792.62109,2207.564466
18793.625,2207.563623
18794.62109,2207.562613
18795.62109,2207.564466
18796.62109,2207.564466
18797.62109,2207.56396
18798.62109,2207.565813
18799.62109,2207.565981
18800.62109,2207.564297
18801.62109,2207.564971
18802.62109,2207.564971
18803.625,2207.562444
18804.625,2207.565813
18805.62109,2207.565139
18806.625,2207.563287
18807.62109,2207.564634
18808.625,2207.56295
18809.625,2207.563792
18810.625,2207.563118
18811.625,2207.565476
18812.625,2207.564466
18813.625,2207.562613
18814.625,2207.563287
18815.625,2207.561771
18816.625,2207.562613
18817.625,2207.564971
18818.625,2207.563623
18819.625,2207.564297
18820.625,2207.563455
18821.625,2207.56396
18822.625,2207.561771
18823.625,2207.564634
18824.625,2207.56396
18825.62891,2207.562613
18826.62891,2207.563792
18827.625,2207.563792
18828.625,2207.562276
18829.625,2207.563623
18830.625,2207.563623
18831.625,2207.563623
18832.625,2207.562276
18833.625,2207.563118
18834.62891,2207.562613
18835.62891,2207.562444
18836.62891,2207.563287
18837.625,2207.563623
18838.62891,2207.56295
18839.62891,2207.564297
18840.62891,2207.566318
18841.62891,2207.563792
18842.62891,2207.564466
18843.625,2207.562613
18844.62891,2207.562613
18845.62891,2207.562613
18846.62891,2207.561602
18847.62891,2207.56295
18848.62891,2207.564466
18849.62891,2207.563455
18850.63281,2207.562276
18851.62891,2207.564802
18852.62891,2207.563455
18853.63281,2207.562613
18854.63281,2207.561602
18855.63281,2207.56295
18856.63281,2207.562276
18857.62891,2207.563455
18858.63281,2207.562613
18859.63281,2207.56076
18860.63281,2207.561939
18861.63281,2207.564297
18862.63281,2207.565139
18863.63281,2207.564971
18864.63281,2207.564971
18865.63281,2207.564466
18866.63281,2207.562613
18867.63281,2207.564802
18868.63281,2207.566318
18869.63281,2207.564466
18870.63281,2207.56295
18871.63281,2207.563623
18872.62891,2207.563792
18873.63281,2207.56396
18874.63281,2207.563792
18875.63281,2207.561939
18876.63281,2207.565308
18877.63281,2207.562108
18878.63281,2207.563623
18879.63281,2207.563287
18880.63281,2207.563792
18881.63281,2207.565308
18882.63281,2207.56295
18883.63281,2207.563792
18884.63281,2207.56396
18885.63672,2207.562108
18886.63672,2207.562613
18887.63672,2207.565139
18888.63281,2207.560423
18889.63672,2207.562613
18890.63672,2207.563455
18891.63672,2207.564466
18892.63672,2207.563287
18893.63672,2207.563118
18894.63672,2207.561939
18895.63672,2207.562613
18896.63672,2207.563287
18897.63672,2207.563623
18898.63672,2207.563792
18899.63672,2207.563455
18900.63672,2207.564802
18901.63672,2207.563118
18902.63281,2207.563118
18903.64063,2207.565813
18904.63672,2207.563455
18905.64063,2207.564802
18906.64063,2207.562613
18907.64063,2207.564634
18908.64063,2207.562444
18909.64063,2207.563118
18910.64063,2207.561097
18911.64063,2207.561266
18912.64063,2207.563118
18913.64063,2207.561602
18914.64063,2207.56396
18915.64063,2207.563623
18916.64063,2207.563623
18917.64063,2207.563623
18918.64063,2207.56295
18919.64063,2207.565308
18920.64063,2207.563118
18921.64453,2207.562613
18922.64063,2207.560423
18923.64063,2207.563792
18924.64453,2207.563455
18925.64453,2207.564971
18926.64063,2207.565981
18927.64453,2207.56396
18928.64453,2207.563118
18929.64453,2207.563792
18930.64453,2207.56396
18931.64453,2207.564466
18932.64453,2207.563287
18933.64844,2207.561602
18934.64844,2207.560929
18935.64453,2207.563118
18936.64453,2207.562444
18937.64844,2207.563792
18938.64453,2207.563287
18939.64844,2207.564634
18940.64844,2207.563455
18941.64453,2207.564634
18942.64844,2207.562444
18943.64844,2207.56396
18944.64844,2207.563287
18945.64844,2207.564802
18946.64844,2207.563623
18947.64844,2207.561266
18948.64844,2207.563455
18949.64844,2207.56396
18950.64844,2207.562444
18951.64844,2207.563118
18952.64844,2207.563623
18953.64844,2207.56295
18954.64844,2207.563455
18955.64844,2207.562276
18956.65234,2207.561266
18957.64844,2207.562108
18958.65234,2207.562276
18959.64844,2207.563455
18960.65234,2207.563623
18961.65234,2207.562276
18962.65234,2207.563287
18963.65625,2207.563792
18964.65234,2207.56396
18965.65234,2207.562613
18966.65234,2207.561602
18967.65234,2207.562108
18968.65625,2207.56396
18969.65625,2207.562613
18970.65234,2207.565139
18971.65625,2207.563455
18972.65625,2207.56396
18973.65625,2207.561939
18974.65625,2207.563792
18975.65625,2207.563118
18976.65625,2207.562444
18977.66016,2207.564802
18978.65625,2207.563118
18979.66016,2207.563455
18980.65625,2207.563792
18981.66016,2207.564297
18982.65625,2207.561602
18983.66016,2207.565476
18984.66016,2207.563118
18985.66016,2207.563792
18986.66016,2207.56076
18987.65625,2207.563792
18988.66016,2207.56615
18989.66016,2207.56396
18990.66016,2207.562276
18991.66016,2207.564466
18992.66016,2207.563623
18993.66016,2207.563287
18994.66016,2207.562276
18995.66016,2207.561602
18996.66016,2207.562444
18997.66016,2207.563118
18998.66016,2207.562613
18999.66016,2207.56076
19000.66016,2207.563792
19001.66016,2207.563455
19002.66406,2207.563792
19003.66406,2207.563792
19004.66406,2207.562444
19005.66406,2207.561771
19006.66406,2207.560255
19007.66406,2207.561939
19008.66406,2207.561771
19009.66406,2207.562444
19010.66406,2207.561602
19011.66406,2207.564802
19012.66797,2207.561266
19013.66797,2207.56295
19014.66406,2207.56076
19015.66797,2207.561771
19016.66797,2207.561771
19017.66797,2207.56396
19018.66797,2207.562613
19019.66797,2207.564297
19020.67188,2207.565476
19021.66797,2207.564297
19022.66797,2207.561939
19023.67188,2207.564802
19024.66797,2207.563792
19025.67188,2207.564297
19026.67188,2207.563623
19027.67188,2207.560592
19028.66797,2207.562108
19029.66797,2207.562444
19030.67188,2207.563455
19031.67188,2207.564634
19032.67188,2207.559581
19033.67188,2207.561939
19034.67188,2207.564971
19035.67188,2207.563623
19036.67578,2207.565308
19037.67578,2207.562108
19038.67578,2207.564297
19039.67578,2207.564802
19040.67578,2207.563455
19041.67578,2207.563455
19042.67578,2207.56396
19043.67578,2207.56295
19044.67578,2207.563623
19045.67578,2207.562108
19046.67578,2207.56396
19047.67969,2207.563623
19048.67969,2207.563792
19049.67578,2207.562613
19050.67969,2207.565139
19051.67969,2207.563792
19052.67969,2207.56396
19053.67969,2207.563623
19054.67969,2207.565476
19055.67969,2207.563287
19056.67969,2207.563792
19057.68359,2207.564466
19058.67969,2207.564802
19059.67969,2207.564971
19060.67969,2207.56295
19061.67969,2207.564297
19062.68359,2207.565139
19063.68359,2207.562444
19064.68359,2207.564297
19065.68359,2207.561602
19066.67969,2207.564297
19067.67969,2207.562613
19068.67969,2207.563623
19069.68359,2207.563118
19070.68359,2207.56396
19071.68359,2207.563455
19072.68359,2207.563455
19073.68359,2207.56295
19074.68359,2207.563792
19075.68359,2207.565813
19076.68359,2207.563623
19077.68359,2207.563455
19078.6875,2207.56295
19079.6875,2207.563623
19080.68359,2207.562108
19081.6875,2207.560592
19082.6875,2207.563623
19083.6875,2207.562444
19084.6875,2207.562444
19085.69141,2207.562613
19086.6875,2207.563623
19087.69141,2207.563287
19088.6875,2207.562108
19089.69141,2207.562444
19090.6875,2207.563118
19091.69141,2207.561602
19092.69141,2207.562108
19093.6875,2207.56295
19094.69141,2207.561602
19095.69141,2207.561771
19096.69141,2207.563287
19097.69141,2207.564297
19098.69141,2207.560087
19099.69141,2207.563287
19100.6875,2207.562108
19101.69141,2207.56396
19102.69141,2207.563792
19103.69141,2207.561939
19104.69141,2207.563287
19105.69141,2207.563623
19106.69141,2207.562444
19107.69141,2207.562444
19108.69141,2207.562613
19109.69141,2207.56295
19110.69141,2207.563623
19111.69141,2207.563287
19112.69141,2207.56295
19113.69531,2207.562108
19114.69531,2207.560423
19115.69531,2207.563455
19116.69531,2207.563623
19117.69141,2207.561939
19118.69141,2207.562276
19119.69531,2207.562108
19120.69531,2207.561602
19121.69141,2207.56295
19122.69141,2207.563623
19123.69531,2207.561771
19124.69531,2207.560592
19125.69531,2207.561939
19126.69531,2207.563792
19127.69531,2207.563792
19128.69531,2207.562276
19129.69531,2207.562444
19130.69531,2207.561097
19131.69531,2207.56076
19132.69531,2207.563118
19133.69531,2207.563623
19134.69531,2207.560255
19135.69531,2207.561771
19136.69531,2207.563118
19137.69531,2207.565476
19138.69531,2207.561097
19139.69531,2207.562276
19140.69922,2207.562444
19141.69531,2207.561771
19142.69531,2207.563287
19143.69531,2207.563623
19144.69531,2207.562613
19145.69531,2207.564466
19146.69531,2207.562276
19147.69531,2207.563623
19148.69531,2207.562613
19149.69922,2207.563287
19150.69922,2207.563287
19151.69922,2207.56295
19152.69922,2207.564634
19153.69531,2207.564802
19154.69922,2207.560087
19155.69922,2207.561939
19156.69922,2207.56396
19157.69922,2207.564297
19158.69922,2207.56396
19159.69922,2207.56615
19160.69922,2207.564297
19161.69922,2207.564971
19162.69922,2207.562108
19163.69922,2207.562444
19164.69922,2207.563118
19165.69922,2207.562108
19166.69922,2207.564466
19167.69922,2207.562613
19168.69922,2207.563118
19169.69922,2207.56295
19170.69922,2207.564971
19171.69922,2207.564802
19172.69922,2207.563118
19173.69922,2207.563287
19174.69922,2207.56295
19175.69922,2207.562444
19176.69922,2207.562613
19177.69922,2207.560929
19178.69922,2207.564466
19179.69922,2207.564466
19180.69922,2207.561097
19181.70313,2207.561939
19182.70313,2207.561939
19183.70313,2207.560592
19184.70313,2207.563623
19185.70313,2207.563623
19186.70313,2207.563455
19187.70313,2207.562613
19188.70313,2207.563118
19189.70313,2207.563118
19190.70313,2207.563287
19191.70703,2207.56396
19192.70313,2207.563455
19193.70703,2207.563287
19194.70703,2207.564634
19195.70703,2207.563287
19196.70703,2207.563118
19197.70703,2207.56396
19198.70703,2207.562276
19199.70703,2207.561602
19200.70703,2207.561266
19201.70703,2207.561602
19202.70703,2207.56076
19203.71094,2207.561266
19204.70703,2207.561771
19205.70703,2207.561602
19206.70703,2207.563792
19207.71094,2207.561602
19208.70703,2207.562108
19209.70703,2207.564802
19210.70703,2207.563287
19211.71094,2207.562276
19212.71094,2207.562276
19213.71094,2207.560423
19214.71094,2207.561097
19215.70703,2207.563623
19216.71094,2207.563455
19217.71094,2207.561939
19218.70703,2207.561771
19219.71094,2207.560087
19220.71094,2207.561771
19221.71094,2207.562613
19222.71094,2207.563287
19223.71094,2207.563792
19224.71094,2207.560592
19225.71094,2207.56295
19226.71094,2207.561602
19227.70703,2207.560423
19228.71094,2207.562276
19229.71094,2207.563455
19230.71094,2207.560592
19231.71094,2207.561939
19232.71094,2207.562613
19233.71484,2207.56396
19234.71484,2207.561266
19235.71484,2207.562108
19236.71484,2207.562444
19237.71484,2207.561266
19238.71094,2207.564634
19239.71484,2207.562276
19240.71484,2207.56295
19241.71484,2207.562444
19242.71484,2207.56396
19243.71484,2207.564466
19244.71484,2207.561602
19245.71484,2207.563287
19246.71484,2207.562108
19247.71484,2207.563118
19248.71484,2207.563118
19249.71875,2207.563118
19250.71484,2207.560592
19251.71875,2207.563118
19252.71875,2207.563118
19253.71484,2207.563792
19254.71875,2207.561771
19255.71875,2207.560929
19256.71484,2207.561939
19257.71484,2207.561771
19258.71875,2207.56076
19259.71484,2207.561602
19260.71484,2207.563118
19261.71875,2207.561771
19262.71875,2207.561771
19263.71875,2207.563792
19264.71875,2207.563455
19265.71875,2207.56295
19266.71875,2207.560929
19267.71875,2207.561266
19268.72266,2207.562444
19269.72266,2207.563118
19270.72266,2207.560929
19271.72266,2207.560929
19272.72266,2207.563118
19273.72266,2207.562108
19274.72266,2207.561266
19275.72266,2207.563118
19276.72266,2207.564802
19277.72266,2207.56295
19278.72266,2207.560929
19279.72266,2207.56295
19280.72656,2207.56076
19281.72656,2207.563118
19282.72656,2207.564466
19283.72266,2207.564297
19284.72266,2207.563792
19285.72656,2207.564297
19286.72266,2207.562613
19287.72656,2207.562613
19288.72656,2207.562108
19289.72656,2207.561097
19290.72656,2207.564802
19291.72656,2207.565139
19292.72656,2207.563623
19293.72266,2207.56396
19294.72656,2207.563118
19295.72656,2207.564466
19296.72656,2207.564971
19297.72656,2207.561602
19298.72266,2207.564634
19299.72656,2207.562108
19300.72656,2207.562613
19301.72656,2207.561939
19302.72656,2207.563455
19303.72656,2207.563118
19304.72656,2207.560423
19305.72656,2207.56295
19306.73047,2207.561266
19307.72656,2207.564297
19308.72656,2207.564466
19309.72656,2207.563118
19310.73047,2207.562613
19311.72656,2207.563118
19312.73047,2207.562613
19313.73047,2207.561939
19314.73047,2207.56396
19315.73047,2207.564297
19316.73047,2207.564466
19317.73047,2207.561939
19318.72656,2207.561097
19319.73047,2207.56295
19320.73047,2207.56396
19321.73438,2207.562444
19322.73047,2207.565139
19323.73047,2207.563455
19324.73047,2207.56396
19325.73047,2207.560255
19326.73047,2207.562613
19327.73047,2207.563623
19328.73047,2207.562444
19329.73438,2207.563455
19330.73438,2207.565476
19331.73047,2207.564802
19332.73438,2207.564634
19333.73438,2207.56396
19334.73047,2207.563623
19335.73047,2207.564466
19336.73047,2207.561771
19337.73047,2207.56295
19338.73438,2207.562108
19339.73438,2207.564634
19340.73438,2207.563792
19341.73438,2207.562108
19342.73047,2207.562613
19343.73438,2207.56396
19344.73438,2207.565308
19345.73438,2207.563287
19346.73438,2207.562108
19347.73438,2207.565139
19348.73438,2207.562444
19349.73438,2207.565981
19350.73438,2207.562276
19351.73438,2207.561771
19352.73438,2207.560929
19353.73438,2207.563118
19354.73438,2207.564802
19355.73438,2207.563118
19356.73438,2207.563287
19357.73438,2207.562276
19358.73438,2207.564297
19359.73828,2207.560929
19360.73828,2207.561939
19361.73828,2207.563792
19362.73438,2207.563623
19363.73828,2207.560423
19364.73828,2207.561097
19365.74219,2207.560423
19366.74219,2207.562276
19367.73828,2207.565139
19368.73828,2207.563792
19369.73828,2207.563118
19370.74219,2207.563287
19371.74219,2207.560423
19372.74219,2207.562276
19373.74219,2207.563118
19374.74219,2207.563287
19375.74219,2207.564802
19376.74219,2207.565308
19377.74219,2207.563455
19378.74219,2207.562613
19379.74219,2207.563455
19380.74219,2207.562444
19381.74219,2207.563287
19382.74219,2207.562613
19383.74219,2207.562108
19384.74219,2207.561939
19385.74219,2207.561771
19386.74219,2207.563118
19387.74219,2207.562276
19388.74219,2207.560592
19389.74609,2207.562276
19390.74609,2207.560592
19391.74219,2207.561602
19392.74609,2207.563455
19393.74609,2207.56295
19394.74219,2207.56396
19395.74609,2207.564297
19396.74219,2207.563287
19397.74219,2207.562444
19398.74609,2207.56076
19399.74609,2207.563118
19400.74609,2207.563287
19401.74609,2207.565139
19402.74609,2207.564297
19403.74609,2207.56396
19404.74609,2207.562444
19405.74609,2207.561771
19406.74609,2207.561771
19407.74609,2207.563287
19408.74609,2207.561097
19409.74609,2207.563792
19410.74609,2207.562276
19411.74609,2207.563287
19412.74609,2207.561771
19413.74609,2207.563287
19414.74609,2207.563623
19415.74609,2207.560592
19416.74609,2207.561602
19417.74609,2207.564466
19418.74609,2207.560592
19419.74609,2207.560423
19420.74609,2207.563287
19421.74609,2207.562276
19422.74609,2207.563118
19423.74609,2207.563118
19424.74609,2207.561097
19425.74609,2207.562276
19426.75,2207.562613
19427.74609,2207.561602
19428.75,2207.56295
19429.74609,2207.561266
19430.75,2207.563118
19431.75,2207.562276
19432.75,2207.561097
19433.75,2207.564297
19434.75,2207.564634
19435.75,2207.562444
19436.75,2207.562108
19437.75,2207.563287
19438.75,2207.564466
19439.75,2207.563455
19440.75,2207.560423
19441.75,2207.561771
19442.75,2207.563455
19443.75391,2207.563455
19444.75,2207.564297
19445.75,2207.562444
19446.75,2207.561602
19447.75,2207.561771
19448.75391,2207.56396
19449.75391,2207.564466
19450.75391,2207.562444
19451.75391,2207.56295
19452.75391,2207.562108
19453.75391,2207.562276
19454.75391,2207.564802
19455.75,2207.564634
19456.75391,2207.563287
19457.75391,2207.561771
19458.75391,2207.562276
19459.75391,2207.56396
19460.75391,2207.561097
19461.75391,2207.562444
19462.75391,2207.56295
19463.75781,2207.562613
19464.75391,2207.562613
19465.75391,2207.563287
19466.75781,2207.564297
19467.75781,2207.562613
19468.75781,2207.564466
19469.75391,2207.564297
19470.75781,2207.563287
19471.75391,2207.56396
19472.75391,2207.563792
19473.75391,2207.565139
19474.75781,2207.564466
19475.75391,2207.565308
19476.75391,2207.565139
19477.75781,2207.56396
19478.75391,2207.563287
19479.75781,2207.562276
19480.75391,2207.562613
19481.75781,2207.56396
19482.75781,2207.56295
19483.75781,2207.562276
19484.75391,2207.562276
19485.75781,2207.564466
19486.75391,2207.563287
19487.75781,2207.561771
19488.75781,2207.563455
19489.75781,2207.563455
19490.75781,2207.561097
19491.75781,2207.562613
19492.75781,2207.563287
19493.75781,2207.56295
19494.75781,2207.561939
19495.75781,2207.56295
19496.75781,2207.561939
19497.76172,2207.563287
19498.75781,2207.56295
19499.76172,2207.56295
19500.76172,2207.563287
19501.76172,2207.56295
19502.76172,2207.56396
19503.76172,2207.563792
19504.76172,2207.564634
19505.76172,2207.564466
19506.76563,2207.564802
19507.76172,2207.564802
19508.76563,2207.561602
19509.76563,2207.564297
19510.76563,2207.562444
19511.76563,2207.563118
19512.76172,2207.560929
19513.76563,2207.562613
19514.76563,2207.56295
19515.76563,2207.563118
19516.76563,2207.565139
19517.76563,2207.563792
19518.76563,2207.562276
19519.76563,2207.564466
19520.76563,2207.563455
19521.76563,2207.563118
19522.76563,2207.562444
19523.76563,2207.562613
19524.76563,2207.564971
19525.76563,2207.561097
19526.76563,2207.562613
19527.76953,2207.563623
19528.76563,2207.563287
19529.76953,2207.564466
19530.76953,2207.563455
19531.76953,2207.563118
19532.76563,2207.563455
19533.76563,2207.56396
19534.76953,2207.56396
19535.76563,2207.561266
19536.76563,2207.563287
19537.76953,2207.564634
19538.76953,2207.56295
19539.76953,2207.563455
19540.76563,2207.56295
19541.76953,2207.56396
19542.76953,2207.562613
19543.76953,2207.56396
19544.76563,2207.563118
19545.76953,2207.563623
19546.76953,2207.56295
19547.76953,2207.562613
19548.76953,2207.563792
19549.77344,2207.564297
19550.76953,2207.563118
19551.76953,2207.562276
19552.76953,2207.56396
19553.76953,2207.561602
19554.76953,2207.561939
19555.76953,2207.563118
19556.76953,2207.56295
19557.76953,2207.562613
19558.76953,2207.56295
19559.76953,2207.562613
19560.76953,2207.563118
19561.76953,2207.565476
19562.76953,2207.565139
19563.77344,2207.564466
19564.76953,2207.563455
19565.76953,2207.564297
19566.76953,2207.562613
19567.76953,2207.561771
19568.76953,2207.563623
19569.77344,2207.563287
19570.76953,2207.564297
19571.76953,2207.56295
19572.76953,2207.562276
19573.76953,2207.563623
19574.76953,2207.561771
19575.77344,2207.564466
19576.76953,2207.564466
19577.76953,2207.562276
19578.77344,2207.564466
19579.77344,2207.56396
19580.77344,2207.563118
19581.76953,2207.562444
19582.77344,2207.560929
19583.77344,2207.565139
19584.77344,2207.564466
19585.76953,2207.564634
19586.77734,2207.564634
19587.77344,2207.564802
19588.77344,2207.56396
19589.77344,2207.564971
19590.77344,2207.565139
19591.77344,2207.562276
19592.77344,2207.561266
19593.77344,2207.562276
19594.77734,2207.563623
19595.77734,2207.563792
19596.77734,2207.560255
19597.77344,2207.562613
19598.77344,2207.563118
19599.77734,2207.560255
19600.77734,2207.561602
19601.77734,2207.561266
19602.77734,2207.56076
19603.77734,2207.563287
19604.77734,2207.562108
19605.77734,2207.562444
19606.77734,2207.562276
19607.77734,2207.562108
19608.77734,2207.562108
19609.78125,2207.56076
19610.78125,2207.562276
19611.78125,2207.563287
19612.78125,2207.562108
19613.77734,2207.562613
19614.77734,2207.56076
19615.78125,2207.560929
19616.77734,2207.56295
19617.77734,2207.560592
19618.78125,2207.562276
19619.77734,2207.562444
19620.78125,2207.563623
19621.77734,2207.562613
19622.78125,2207.563792
19623.78125,2207.562108
19624.78125,2207.56396
19625.78125,2207.563792
19626.78125,2207.562613
19627.78125,2207.563118
19628.78125,2207.562444
19629.78125,2207.565139
19630.78125,2207.56295
19631.78516,2207.564466
19632.78125,2207.560592
19633.78516,2207.563287
19634.78125,2207.562444
19635.78125,2207.56076
19636.78516,2207.562613
19637.78125,2207.564297
19638.78125,2207.563455
19639.78125,2207.56396
19640.78125,2207.562613
19641.78516,2207.561939
19642.78516,2207.564466
19643.78516,2207.564297
19644.78125,2207.563455
19645.78516,2207.560929
19646.78125,2207.561771
19647.78516,2207.563792
19648.78516,2207.564802
19649.78516,2207.562444
19650.78516,2207.561771
19651.78125,2207.564297
19652.78516,2207.562276
19653.78516,2207.562108
19654.78516,2207.560592
19655.78516,2207.56295
19656.78516,2207.563287
19657.78906,2207.561939
19658.78516,2207.562108
19659.78906,2207.563118
19660.78906,2207.564466
19661.78906,2207.564466
19662.78516,2207.563287
19663.78906,2207.564802
19664.78906,2207.56396
19665.78516,2207.561097
19666.78906,2207.562613
19667.78906,2207.562613
19668.78906,2207.564466
19669.78906,2207.563455
19670.78906,2207.564971
19671.78906,2207.563287
19672.78906,2207.563287
19673.78906,2207.563118
19674.78906,2207.563455
19675.78906,2207.561771
19676.78906,2207.563623
19677.78906,2207.562108
19678.78906,2207.562444
19679.78906,2207.561771
19680.78906,2207.562276
19681.79297,2207.561266
19682.78906,2207.561771
19683.78906,2207.562444
19684.78906,2207.56396
19685.79297,2207.56396
19686.79297,2207.562613
19687.79297,2207.562108
19688.79297,2207.562444
19689.79297,2207.561266
19690.79297,2207.565308
19691.79297,2207.561939
19692.78906,2207.563455
19693.79297,2207.563623
19694.79297,2207.561939
19695.79297,2207.561771
19696.79297,2207.564297
19697.79297,2207.562276
19698.79297,2207.562444
19699.78906,2207.561602
19700.78906,2207.56076
19701.78906,2207.562444
19702.79297,2207.56295
19703.79297,2207.561266
19704.79297,2207.560423
19705.78906,2207.563455
19706.79297,2207.56396
19707.78906,2207.563792
19708.79297,2207.562444
19709.78906,2207.560087
19710.79297,2207.563623
19711.79297,2207.560929
19712.79297,2207.562276
19713.79297,2207.563623
19714.79297,2207.55975
19715.79297,2207.56295
19716.79297,2207.562108
19717.79297,2207.563287
19718.79297,2207.562276
19719.79297,2207.562276
19720.79297,2207.565139
19721.79297,2207.563623
19722.79297,2207.562444
19723.79297,2207.56295
19724.79297,2207.562444
19725.79297,2207.560929
19726.79297,2207.562108
19727.79297,2207.563792
19728.79297,2207.560255
19729.79688,2207.560423
19730.79297,2207.561771
19731.79297,2207.561939
19732.79688,2207.562613
19733.79688,2207.562613
19734.79297,2207.563118
19735.79297,2207.562108
19736.79297,2207.562276
19737.79688,2207.563455
19738.79688,2207.562108
19739.79688,2207.563792
19740.79688,2207.561939
19741.79688,2207.562108
19742.80078,2207.561266
19743.80078,2207.562613
19744.79688,2207.561097
19745.80078,2207.562613
19746.80078,2207.563623
19747.80078,2207.56396
19748.80469,2207.563118
19749.80469,2207.566487
19750.80469,2207.561771
19751.80469,2207.56396
19752.80469,2207.561771
19753.80469,2207.56396
19754.80078,2207.564634
19755.80078,2207.56076
19756.80469,2207.56295
19757.80469,2207.563623
19758.80859,2207.562276
19759.80469,2207.562444
19760.80469,2207.561771
19761.80859,2207.563623
19762.80859,2207.563455
19763.80859,2207.563118
19764.80859,2207.562276
19765.8125,2207.56295
19766.80859,2207.562613
19767.80859,2207.560592
19768.80859,2207.563287
19769.8125,2207.562108
19770.8125,2207.563792
19771.8125,2207.563455
19772.80859,2207.563792
19773.8125,2207.564297
19774.8125,2207.565308
19775.8125,2207.56295
19776.8125,2207.562613
19777.81641,2207.562613
19778.81641,2207.565139
19779.8125,2207.564802
19780.8125,2207.563287
19781.8125,2207.563287
19782.8125,2207.564634
19783.8125,2207.563623
19784.81641,2207.562108
19785.8125,2207.561602
19786.81641,2207.562613
19787.81641,2207.562444
19788.81641,2207.562108
19789.81641,2207.561266
19790.81641,2207.563455
19791.81641,2207.56295
19792.81641,2207.563792
19793.82031,2207.562444
19794.82031,2207.56396
19795.82031,2207.561771
19796.82031,2207.564634
19797.82031,2207.562613
19798.82031,2207.563118
19799.82031,2207.563118
19800.81641,2207.560929
19801.82422,2207.563455
19802.82031,2207.563792
19803.82031,2207.560929
19804.82031,2207.56396
19805.82031,2207.563287
19806.82031,2207.562613
19807.82031,2207.563118
19808.82031,2207.562613
19809.82031,2207.565308
19810.82031,2207.566318
19811.82031,2207.563455
19812.82422,2207.565308
19813.82031,2207.564971
19814.82422,2207.563287
19815.82813,2207.563792
19816.82422,2207.56396
19817.82813,2207.562444
19818.82422,2207.565308
19819.82422,2207.563623
19820.82422,2207.563455
19821.82422,2207.563287
19822.82422,2207.563287
19823.82422,2207.562276
19824.82813,2207.56396
19825.82813,2207.564297
19826.82813,2207.564297
19827.82813,2207.563455
19828.82813,2207.563118
19829.82813,2207.56295
19830.82813,2207.562444
19831.82813,2207.560929
19832.82813,2207.561097
19833.82813,2207.564297
19834.83203,2207.562444
19835.82813,2207.563287
19836.82813,2207.563118
19837.83203,2207.562276
19838.83203,2207.562613
19839.82813,2207.562276
19840.82813,2207.562613
19841.83203,2207.563792
19842.83203,2207.562276
19843.83203,2207.563118
19844.83203,2207.561266
19845.83203,2207.56295
19846.82813,2207.562444
19847.83203,2207.563287
19848.83203,2207.561771
19849.83203,2207.56396
19850.83203,2207.56396
19851.83203,2207.564297
19852.83203,2207.563792
19853.83203,2207.565476
19854.83203,2207.56396
19855.83203,2207.562613
19856.83203,2207.563792
19857.83203,2207.562276
19858.83594,2207.563287
19859.83203,2207.563455
19860.83594,2207.562613
19861.83594,2207.564297
19862.83594,2207.56295
19863.83203,2207.562276
19864.83594,2207.56295
19865.83203,2207.562444
19866.83594,2207.563455
19867.83203,2207.563455
19868.83594,2207.562108
19869.83594,2207.564634
19870.83594,2207.562108
19871.83984,2207.562613
19872.83594,2207.563623
19873.83984,2207.562108
19874.83984,2207.561939
19875.83984,2207.563287
19876.83984,2207.562276
19877.83984,2207.563118
19878.83984,2207.563287
19879.83984,2207.561097
19880.83984,2207.563623
19881.83984,2207.562444
19882.83594,2207.56295
19883.83984,2207.563287
19884.83984,2207.563118
19885.83984,2207.561939
19886.83984,2207.563623
19887.83984,2207.562444
19888.83984,2207.563287
19889.83984,2207.563118
19890.84375,2207.563455
19891.83984,2207.561266
19892.83984,2207.562108
19893.83984,2207.565308
19894.83984,2207.563792
19895.83984,2207.563623
19896.84375,2207.563287
19897.84375,2207.563118
19898.83984,2207.565813
19899.84375,2207.562108
19900.83984,2207.564466
19901.83984,2207.563118
19902.83984,2207.565308
19903.83984,2207.563287
19904.83984,2207.564466
19905.84375,2207.56295
19906.84375,2207.56396
19907.84375,2207.564466
19908.84375,2207.562613
19909.84375,2207.562613
19910.83984,2207.56295
19911.83984,2207.562108
19912.84375,2207.562613
19913.84375,2207.561771
19914.84375,2207.562613
19915.84375,2207.561097
19916.84375,2207.562444
19917.84375,2207.564466
19918.84375,2207.563623
19919.84375,2207.564466
19920.84375,2207.563118
19921.84375,2207.562613
19922.84375,2207.561097
19923.84375,2207.562613
19924.84375,2207.562613
19925.84375,2207.562444
19926.84766,2207.563623
19927.84375,2207.561939
19928.84766,2207.563455
19929.84766,2207.562444
19930.84375,2207.561939
19931.84766,2207.562613
19932.84375,2207.563623
19933.84766,2207.563118
19934.84766,2207.563287
19935.84766,2207.561771
19936.84766,2207.563287
19937.84766,2207.562276
19938.84766,2207.56295
19939.84375,2207.561939
19940.84766,2207.56396
19941.84375,2207.561939
19942.84766,2207.562613
19943.84766,2207.563287
19944.84766,2207.563623
19945.84766,2207.561939
19946.84766,2207.56396
19947.84766,2207.564466
19948.84766,2207.563792
19949.84766,2207.563118
19950.84766,2207.562108
19951.84766,2207.564802
19952.84766,2207.56295
19953.84766,2207.563623
19954.85156,2207.561771
19955.84766,2207.561602
19956.84766,2207.562276
19957.85156,2207.563455
19958.84766,2207.565813
19959.85156,2207.563118
19960.85156,2207.563623
19961.85156,2207.56295
19962.85156,2207.562108
19963.85156,2207.562108
19964.85156,2207.56295
19965.85156,2207.56396
19966.85156,2207.561939
19967.85156,2207.563623
19968.85156,2207.561939
19969.85156,2207.564971
19970.85156,2207.56396
19971.85156,2207.562108
19972.85156,2207.561097
19973.85547,2207.563455
19974.85156,2207.564297
19975.85547,2207.562613
19976.85547,2207.563287
19977.85156,2207.563455
19978.85156,2207.564297
19979.85156,2207.563287
19980.85156,2207.56396
19981.85156,2207.562108
19982.85547,2207.56295
19983.85547,2207.562276
19984.85547,2207.56396
19985.85547,2207.563455
19986.85547,2207.562276
19987.85547,2207.563623
19988.85156,2207.563792
19989.85547,2207.563118
19990.85547,2207.562613
19991.85547,2207.56396
19992.85547,2207.563623
19993.85547,2207.565308
19994.85547,2207.564297
19995.85547,2207.561266
19996.85547,2207.563455
19997.85547,2207.563792
19998.85547,2207.56396
19999.85547,2207.563455
20000.85156,2207.563623
20001.85156,2207.564971
20002.85547,2207.561939
20003.85547,2207.564466
20004.85547,2207.562276
20005.85547,2207.561097
20006.85547,2207.560255
20007.85938,2207.56295
20008.85938,2207.562276
20009.85938,2207.563118
20010.85938,2207.563455
20011.85938,2207.561939
20012.85938,2207.562613
20013.85938,2207.562444
20014.85938,2207.563455
20015.85938,2207.563118
20016.85938,2207.563287
20017.85938,2207.564634
20018.86328,2207.564634
20019.86328,2207.563455
20020.86328,2207.562444
20021.86328,2207.560087
20022.86328,2207.565813
20023.86328,2207.562613
20024.86328,2207.56295
20025.86328,2207.562276
20026.86328,2207.56295
20027.86328,2207.561771
20028.86328,2207.562444
20029.86328,2207.562444
20030.86328,2207.561771
20031.86328,2207.56076
20032.86328,2207.562276
20033.86719,2207.563455
20034.86328,2207.561602
20035.86328,2207.562444
20036.86328,2207.563455
20037.86328,2207.56396
20038.86328,2207.563287
20039.86719,2207.56076
20040.86719,2207.564466
20041.86328,2207.561771
20042.86719,2207.563792
20043.86719,2207.564297
20044.86719,2207.563792
20045.86328,2207.564634
20046.86719,2207.562276
20047.86719,2207.56396
20048.86719,2207.561939
20049.86719,2207.560255
20050.86719,2207.561602
20051.86719,2207.563792
20052.86719,2207.563792
20053.86719,2207.563118
20054.86719,2207.56295
20055.86719,2207.563455
20056.86719,2207.562108
20057.86719,2207.563623
20058.87109,2207.563792
20059.87109,2207.563623
20060.87109,2207.561097
20061.875,2207.562276
20062.875,2207.561266
20063.87109,2207.562108
20064.875,2207.561771
20065.87109,2207.562276
20066.87109,2207.563455
20067.875,2207.561939
20068.875,2207.565308
20069.875,2207.562276
20070.875,2207.561602
20071.875,2207.561602
20072.875,2207.561771
20073.87891,2207.564297
20074.87891,2207.562613
20075.875,2207.561939
20076.87891,2207.563623
20077.87891,2207.562613
20078.87891,2207.562108
20079.87891,2207.563287
20080.87891,2207.565139
20081.87891,2207.563118
20082.875,2207.563623
20083.87891,2207.562613
20084.875,2207.560255
20085.87891,2207.562613
20086.87891,2207.56295
20087.87891,2207.563623
20088.87891,2207.563623
20089.87891,2207.561939
20090.875,2207.563792
20091.87891,2207.561939
20092.87891,2207.562108
20093.87891,2207.560255
20094.87891,2207.562613
20095.87891,2207.56076
20096.87891,2207.56396
20097.87891,2207.563623
20098.87891,2207.563118
20099.87891,2207.563455
20100.87891,2207.563623
20101.875,2207.563287
20102.87891,2207.56396
20103.87891,2207.563455
20104.87891,2207.56396
20105.87891,2207.565308
20106.87891,2207.564802
20107.87891,2207.563623
20108.87891,2207.561771
20109.87891,2207.562276
20110.87891,2207.564802
20111.87891,2207.563623
20112.87891,2207.564466
20113.87891,2207.563792
20114.87891,2207.562613
20115.88281,2207.563287
20116.88281,2207.565139
20117.87891,2207.563118
20118.88281,2207.563623
20119.88281,2207.56396
20120.88281,2207.565139
20121.88281,2207.565139
20122.88281,2207.561771
20123.88672,2207.564297
20124.88281,2207.561602
20125.88281,2207.562613
20126.88672,2207.562613
20127.88672,2207.561939
20128.88672,2207.565308
20129.88672,2207.564634
20130.88672,2207.564297
20131.88672,2207.564634
20132.88672,2207.563118
20133.88672,2207.562276
20134.88672,2207.563623
20135.88672,2207.565813
20136.88672,2207.56295
20137.88672,2207.56396
20138.88672,2207.564634
20139.88672,2207.564802
20140.88672,2207.564634
20141.88672,2207.562108
20142.88672,2207.563118
20143.89063,2207.564297
20144.89063,2207.563287
20145.89063,2207.563118
20146.89063,2207.563287
20147.89063,2207.563455
20148.89063,2207.56396
20149.89063,2207.561771
20150.89063,2207.564971
20151.89063,2207.562276
20152.89063,2207.564466
20153.89063,2207.563287
20154.89063,2207.562108
20155.89063,2207.56295
20156.89063,2207.564634
20157.89063,2207.565139
20158.89063,2207.563455
20159.89063,2207.563455
20160.89063,2207.562276
20161.89063,2207.561939
20162.89063,2207.563623
20163.89063,2207.563623
20164.89063,2207.561266
20165.89063,2207.56396
20166.89453,2207.562108
20167.89063,2207.563623
20168.89063,2207.564802
20169.89063,2207.56396
20170.89063,2207.562444
20171.89453,2207.563118
20172.89063,2207.563287
20173.89063,2207.562276
20174.89063,2207.563287
20175.89063,2207.562108
20176.89063,2207.564466
20177.89453,2207.562276
20178.89063,2207.563792
20179.89063,2207.562444
20180.89063,2207.564297
20181.89453,2207.563455
20182.89453,2207.562613
20183.89453,2207.563118
20184.89453,2207.564466
20185.89453,2207.563118
20186.89453,2207.562613
20187.89453,2207.563792
20188.89453,2207.564971
20189.89453,2207.56295
20190.89453,2207.564466
20191.89453,2207.560087
20192.89453,2207.562276
20193.89453,2207.565308
20194.89453,2207.561771
20195.89844,2207.562276
20196.89453,2207.563623
20197.89453,2207.562613
20198.89453,2207.562444
20199.89453,2207.56295
20200.89453,2207.56295
20201.89453,2207.564466
20202.89453,2207.563623
20203.89453,2207.564297
20204.89453,2207.565139
20205.89453,2207.563118
20206.89453,2207.563792
20207.89453,2207.561939
20208.89453,2207.564297
20209.89844,2207.564634
20210.89453,2207.563455
20211.89844,2207.565139
20212.89453,2207.562276
20213.89453,2207.564297
20214.89453,2207.564466
20215.89453,2207.565308
20216.89844,2207.562613
20217.89844,2207.562613
20218.89453,2207.563455
20219.89453,2207.56396
20220.89844,2207.56396
20221.89844,2207.562276
20222.89844,2207.562613
20223.89453,2207.563118
20224.89844,2207.564802
20225.89844,2207.564466
20226.89453,2207.561097
20227.89844,2207.563118
20228.89844,2207.56295
20229.89453,2207.562444
20230.89844,2207.563623
20231.89844,2207.563287
20232.89844,2207.562108
20233.89844,2207.563792
20234.89844,2207.565139
20235.89844,2207.563623
20236.89844,2207.563455
20237.89844,2207.563118
20238.89844,2207.561939
20239.89844,2207.563287
20240.89844,2207.56295
20241.89844,2207.561097
20242.89844,2207.561097
20243.89844,2207.561266
20244.89844,2207.563118
20245.89844,2207.562276
20246.89844,2207.562108
20247.89844,2207.559581
20248.89844,2207.563455
20249.89844,2207.56295
20250.89844,2207.561266
20251.89844,2207.564802
20252.90234,2207.562613
20253.90234,2207.564634
20254.89844,2207.55975
20255.90234,2207.563287
20256.90625,2207.563118
20257.90234,2207.563455
20258.90234,2207.563287
20259.90625,2207.563118
20260.90234,2207.562444
20261.90234,2207.563623
20262.90234,2207.562613
20263.90625,2207.561097
20264.90625,2207.562276
20265.90234,2207.56396
20266.90234,2207.564297
20267.90234,2207.563455
20268.90625,2207.56295
20269.90625,2207.563623
20270.90625,2207.56295
20271.90625,2207.565813
20272.90625,2207.562108
20273.90625,2207.561602
20274.90625,2207.561939
20275.90625,2207.563287
20276.90625,2207.563118
20277.90625,2207.565139
20278.90625,2207.561266
20279.90625,2207.563792
20280.90625,2207.562276
20281.90625,2207.56295
20282.90625,2207.561939
20283.90625,2207.563287
20284.90625,2207.564297
20285.90625,2207.565981
20286.90625,2207.564466
20287.90625,2207.564466
20288.90625,2207.563455
20289.91016,2207.565476
20290.90625,2207.561771
20291.90625,2207.564802
20292.91016,2207.562444
20293.91016,2207.563455
20294.91016,2207.562276
20295.91016,2207.562613
20296.91016,2207.562613
20297.91016,2207.563623
20298.91016,2207.563455
20299.91406,2207.56295
20300.91406,2207.563118
20301.91016,2207.564802
20302.91406,2207.562276
20303.91406,2207.56076
20304.91406,2207.562444
20305.91016,2207.562108
20306.91016,2207.563623
20307.91406,2207.562613
20308.91016,2207.56396
20309.91016,2207.565476
20310.91016,2207.563623
20311.91406,2207.56295
20312.91406,2207.562108
20313.91406,2207.561771
20314.91406,2207.563792
20315.91797,2207.563455
20316.91406,2207.561771
20317.91797,2207.565981
20318.91797,2207.565981
20319.91797,2207.56295
20320.91406,2207.563623
20321.91797,2207.563455
20322.91797,2207.561097
20323.91797,2207.563455
20324.91797,2207.564634
20325.91797,2207.561602
20326.91797,2207.56396
20327.91406,2207.562444
20328.91797,2207.561097
20329.91797,2207.561939
20330.91797,2207.563287
20331.91797,2207.56615
20332.91797,2207.565308
20333.91797,2207.564466
20334.91797,2207.562613
20335.91797,2207.561939
20336.91797,2207.56076
20337.92188,2207.561771
20338.91797,2207.563287
20339.92188,2207.563792
20340.92188,2207.56396
20341.92188,2207.561266
20342.92188,2207.563455
20343.91797,2207.56295
20344.92188,2207.56295
20345.92188,2207.564802
20346.92578,2207.562108
20347.92188,2207.56295
20348.92188,2207.565813
20349.92188,2207.565308
20350.92578,2207.561097
20351.92188,2207.564971
20352.92578,2207.56295
20353.92578,2207.564802
20354.92188,2207.564297
20355.92188,2207.565981
20356.92578,2207.562444
20357.92578,2207.563287
20358.92578,2207.562613
20359.92578,2207.563118
20360.92578,2207.563118
20361.92578,2207.56396
20362.92578,2207.56076
20363.92578,2207.563287
20364.92578,2207.560423
20365.92578,2207.561266
20366.92578,2207.564466
20367.92578,2207.564297
20368.92578,2207.56295
20369.92578,2207.563118
20370.92578,2207.563118
20371.92969,2207.563118
20372.92578,2207.564971
20373.92969,2207.563623
20374.92578,2207.562613
20375.92578,2207.562444
20376.92578,2207.563118
20377.92969,2207.563118
20378.92578,2207.563455
20379.92969,2207.56076
20380.92969,2207.564466
20381.92578,2207.562613
20382.92969,2207.563287
20383.92969,2207.562444
20384.92969,2207.56295
20385.92969,2207.562613
20386.92969,2207.562276
20387.92969,2207.56396
20388.92969,2207.560423
20389.92969,2207.56295
20390.92969,2207.561939
20391.93359,2207.564466
20392.93359,2207.560592
20393.92969,2207.564971
20394.93359,2207.561266
20395.93359,2207.562276
20396.92969,2207.561266
20397.93359,2207.562108
20398.93359,2207.563455
20399.93359,2207.562276
20400.93359,2207.560423
20401.93359,2207.560929
20402.93359,2207.564466
20403.93359,2207.561771
20404.93359,2207.562613
20405.93359,2207.562613
20406.93359,2207.561939
20407.93359,2207.559581
20408.93359,2207.560423
20409.93359,2207.563118
20410.93359,2207.562613
20411.9375,2207.563287
20412.9375,2207.564297
20413.9375,2207.563118
20414.9375,2207.563455
20415.9375,2207.56396
20416.9375,2207.562276
20417.94141,2207.56295
20418.94141,2207.563623
20419.9375,2207.564634
20420.9375,2207.564802
20421.94141,2207.563792
20422.9375,2207.56396
20423.94141,2207.563623
20424.94141,2207.562108
20425.94141,2207.563287
20426.94141,2207.56396
20427.94141,2207.563118
20428.94141,2207.564466
20429.94141,2207.563118
20430.94141,2207.565813
20431.94141,2207.563792
20432.94141,2207.565476
20433.94141,2207.565308
20434.94141,2207.565308
20435.94141,2207.56396
20436.94141,2207.562444
20437.94531,2207.56396
20438.94531,2207.562276
20439.94141,2207.563792
20440.94141,2207.563623
20441.94531,2207.564297
20442.94531,2207.564297
20443.94531,2207.562444
20444.94141,2207.562108
20445.94141,2207.562444
20446.94531,2207.56396
20447.94141,2207.563455
20448.94531,2207.563455
20449.94141,2207.56396
20450.94141,2207.563792
20451.94531,2207.56396
20452.94531,2207.564297
20453.94141,2207.563455
20454.94141,2207.56396
20455.94531,2207.561939
20456.94531,2207.563623
20457.94531,2207.563623
20458.94531,2207.563623
20459.94531,2207.561602
20460.94141,2207.563792
20461.94141,2207.56396
20462.94531,2207.562613
20463.94531,2207.563287
20464.94531,2207.564802
20465.94141,2207.563118
20466.94531,2207.56295
20467.94531,2207.563287
20468.94531,2207.563623
20469.94531,2207.562444
20470.94531,2207.56396
20471.94531,2207.564634
20472.94531,2207.562613
20473.94531,2207.563287
20474.94531,2207.563287
20475.94141,2207.564634
20476.94531,2207.563287
20477.94531,2207.56295
20478.94531,2207.564297
20479.94531,2207.563455
20480.94531,2207.56295
20481.94922,2207.562108
20482.94922,2207.560929
20483.94922,2207.561266
20484.94922,2207.562444
20485.94922,2207.564297
20486.94922,2207.562444
20487.94922,2207.561771
20488.94922,2207.561602
20489.95313,2207.561939
20490.95313,2207.563118
20491.95313,2207.562276
20492.95313,2207.563455
20493.95313,2207.562444
20494.95313,2207.561097
20495.95313,2207.562613
20496.95313,2207.562108
20497.95313,2207.563118
20498.95313,2207.563623
20499.95313,2207.563287
20500.95313,2207.56396
20501.95313,2207.562613
20502.95313,2207.562613
20503.95703,2207.56295
20504.95313,2207.564971
20505.95703,2207.564466
20506.95703,2207.564802
20507.95703,2207.563455
20508.95703,2207.563287
20509.95703,2207.563118
20510.95703,2207.562276
20511.95703,2207.563287
20512.95703,2207.562444
20513.95703,2207.562613
20514.95703,2207.562444
20515.96094,2207.562108
20516.95703,2207.561939
20517.95703,2207.563455
20518.95703,2207.56295
20519.96094,2207.561771
20520.96094,2207.564297
20521.96094,2207.562276
20522.95703,2207.561602
20523.96094,2207.563118
20524.96094,2207.561939
20525.95703,2207.561771
20526.95703,2207.561939
20527.96094,2207.562613
20528.95703,2207.56396
20529.95703,2207.564466
20530.96094,2207.561939
20531.96094,2207.561097
20532.96094,2207.56295
20533.96094,2207.563792
20534.96094,2207.56295
20535.96094,2207.561602
20536.96484,2207.562444
20537.96484,2207.562444
20538.96484,2207.563118
20539.96484,2207.561771
20540.96484,2207.563287
20541.96875,2207.564802
20542.96484,2207.56295
20543.96875,2207.563623
20544.96484,2207.563792
20545.96484,2207.563455
20546.96484,2207.564297
20547.96484,2207.562108
20548.96484,2207.56295
20549.96484,2207.56295
20550.96484,2207.561266
20551.96484,2207.563118
20552.96484,2207.563455
20553.96484,2207.563455
20554.96484,2207.562613
20555.96484,2207.564971
20556.96484,2207.562108
20557.96875,2207.563455
20558.96484,2207.563792
20559.96875,2207.565139
20560.96484,2207.564297
20561.96875,2207.564466
20562.96875,2207.563623
20563.96875,2207.566487
20564.96875,2207.564634
20565.96875,2207.564297
20566.96484,2207.561266
20567.96875,2207.564802
20568.96875,2207.563792
20569.96484,2207.563118
20570.96875,2207.563287
20571.96875,2207.562613
20572.96875,2207.562444
20573.97266,2207.56396
20574.96875,2207.561266
20575.97266,2207.563455
20576.96875,2207.565139
20577.96875,2207.565308
20578.96875,2207.564971
20579.96875,2207.565139
20580.96875,2207.563287
20581.96875,2207.563455
20582.97266,2207.56295
20583.96875,2207.564297
20584.96875,2207.564634
20585.96875,2207.561939
20586.96875,2207.563623
20587.97266,2207.563623
20588.97266,2207.563623
20589.96875,2207.564297
20590.97266,2207.56396
20591.96875,2207.56396
20592.97266,2207.562444
20593.97266,2207.564466
20594.97266,2207.562444
20595.96875,2207.561939
20596.97266,2207.562108
20597.97266,2207.563792
20598.97266,2207.562613
20599.97266,2207.563623
20600.97266,2207.562613
20601.97266,2207.562108
20602.97656,2207.562613
20603.97266,2207.564971
20604.97266,2207.56396
20605.97656,2207.564466
20606.97266,2207.56295
20607.97656,2207.563455
20608.97266,2207.562276
20609.97656,2207.563455
20610.97656,2207.563118
20611.97656,2207.563118
20612.97656,2207.563118
20613.98047,2207.563792
20614.98047,2207.564297
20615.98047,2207.56396
20616.98047,2207.563287
20617.98047,2207.561771
20618.98047,2207.564297
20619.98047,2207.562613
20620.98047,2207.562613
20621.98047,2207.564466
20622.98047,2207.564297
20623.98438,2207.565139
20624.98047,2207.564297
20625.98047,2207.564297
20626.98047,2207.563455
20627.98438,2207.561266
20628.98438,2207.562108
20629.98438,2207.56295
20630.98438,2207.563792
20631.98047,2207.563623
20632.98438,2207.56396
20633.98438,2207.564466
20634.98438,2207.562444
20635.98047,2207.564466
20636.98438,2207.56295
20637.98438,2207.561939
20638.98438,2207.563118
20639.98828,2207.562613
20640.98438,2207.56396
20641.98438,2207.564802
20642.98828,2207.563792
20643.98438,2207.563792
20644.98438,2207.56295
20645.98438,2207.563792
20646.98438,2207.564802
20647.98828,2207.562276
20648.98438,2207.565813
20649.98438,2207.563287
20650.98828,2207.562613
20651.98438,2207.563287
20652.98828,2207.563287
20653.98828,2207.563118
20654.98828,2207.56396
20655.98438,2207.562444
20656.98828,2207.562613
20657.98828,2207.561939
20658.98828,2207.563455
20659.98828,2207.563287
20660.99219,2207.563287
20661.99219,2207.562108
20662.99219,2207.561771
20663.98828,2207.563792
20664.99219,2207.56295
20665.99219,2207.56076
20666.98828,2207.56396
20667.99219,2207.563118
20668.99219,2207.563792
20669.99219,2207.562276
20670.99219,2207.56615
20671.99219,2207.563287
20672.99219,2207.563792
20673.99219,2207.561266
20674.99219,2207.561771
20675.99219,2207.562444
20676.99219,2207.564297
20677.98828,2207.562613
20678.99219,2207.561602
20679.99219,2207.562613
20680.99609,2207.562108
20681.99609,2207.562444
20682.99219,2207.559413
20683.99219,2207.562613
20684.99219,2207.563118
20685.99219,2207.561771
20686.99219,2207.560929
20687.99219,2207.561097
20688.99219,2207.562613
20689.99609,2207.561771
20690.99609,2207.562444
20691.99609,2207.563118
20692.99609,2207.561939
20693.99609,2207.562444
20695,2207.560592
20695.99609,2207.561602
20696.99609,2207.563455
20697.99609,2207.561939
20698.99609,2207.562276
20699.99609,2207.560929
20700.99609,2207.564466
20701.99609,2207.562108
20703,2207.56396
20703.99609,2207.564802
20704.99609,2207.563623
20705.99609,2207.562108
20706.99609,2207.56396
20707.99609,2207.562108
20709,2207.563623
20710,2207.563455
20710.99609,2207.563623
20711.99609,2207.565139
20712.99609,2207.563455
20713.99609,2207.563287
20715,2207.561939
20716,2207.565476
20717,2207.562444
20718,2207.561602
20719,2207.561266
20720,2207.561266
20721,2207.562108
20722,2207.564466
20723.00391,2207.564466
20724.00391,2207.562276
20725.00391,2207.562108
20726.00391,2207.562276
20727.00391,2207.563118
20728.00391,2207.561771
20729.00391,2207.562444
20730.00391,2207.561602
20731.00391,2207.564297
20732.00391,2207.56295
20733.00391,2207.563118
20734.00391,2207.563118
20735.00391,2207.561771
20736.00781,2207.563287
20737.00781,2207.560592
20738.00781,2207.563287
20739.00391,2207.56295
20740.00391,2207.563287
20741.00781,2207.562276
20742.00391,2207.561097
20743.00781,2207.563118
20744.00781,2207.561266
20745.00781,2207.560087
20746.00781,2207.560592
20747.00391,2207.55975
20748.00781,2207.561602
20749.00781,2207.561771
20750.00781,2207.563287
20751.01172,2207.562444
20752.00781,2207.56295
20753.00781,2207.563455
20754.00781,2207.562613
20755.01172,2207.563792
20756.00781,2207.563287
20757.00781,2207.563623
20758.00781,2207.563792
20759.00781,2207.562276
20760.00781,2207.561939
20761.00781,2207.562444
20762.00781,2207.564971
20763.00781,2207.562108
20764.01172,2207.56295
20765.01172,2207.563118
20766.00781,2207.562613
20767.01172,2207.564971
20768.01172,2207.56295
20769.01172,2207.562613
20770.00781,2207.563455
20771.00781,2207.563287
20772.01172,2207.563118
20773.01172,2207.564802
20774.01172,2207.564634
20775.01172,2207.564297
20776.01172,2207.564297
20777.01172,2207.563455
20778.01563,2207.565308
20779.01172,2207.563455
20780.01563,2207.56295
20781.01172,2207.564466
20782.01172,2207.563118
20783.01563,2207.563118
20784.01563,2207.563623
20785.01563,2207.563623
20786.01563,2207.563455
20787.01172,2207.563455
20788.01563,2207.563623
20789.01563,2207.561939
20790.01563,2207.563623
20791.01563,2207.563118
20792.01563,2207.563455
20793.01563,2207.563623
20794.01563,2207.561939
20795.01563,2207.562276
20796.01563,2207.564802
20797.01563,2207.564297
20798.01563,2207.561602
20799.01563,2207.56076
20800.01563,2207.561939
20801.01563,2207.563287
20802.01563,2207.564466
20803.01953,2207.56295
20804.01563,2207.564634
20805.01563,2207.564802
20806.01953,2207.564971
20807.01953,2207.561939
20808.01563,2207.56295
20809.01953,2207.563118
20810.01563,2207.562444
20811.01953,2207.563792
20812.01953,2207.563792
20813.01953,2207.564297
20814.01953,2207.563792
20815.02344,2207.564297
20816.01953,2207.565476
20817.01953,2207.56295
20818.01953,2207.564466
20819.01953,2207.562444
20820.02344,2207.563287
20821.02344,2207.56396
20822.02344,2207.564971
20823.01953,2207.563287
20824.02344,2207.564297
20825.02344,2207.561266
20826.02344,2207.564802
20827.02344,2207.563623
20828.02344,2207.563792
20829.02344,2207.565139
20830.01953,2207.564802
20831.02344,2207.563623
20832.02344,2207.562444
20833.02344,2207.562108
20834.02344,2207.563455
20835.02344,2207.565139
20836.02344,2207.563792
20837.02344,2207.563623
20838.02344,2207.563623
20839.02734,2207.561266
20840.02344,2207.563455
20841.02344,2207.564802
20842.02344,2207.561602
20843.02344,2207.565476
20844.02344,2207.563287
20845.02734,2207.562444
20846.02734,2207.562444
20847.02344,2207.56396
20848.02734,2207.562613
20849.02734,2207.565139
20850.02344,2207.563623
20851.02344,2207.563455
20852.02344,2207.563792
20853.02734,2207.564297
20854.02734,2207.565139
20855.02734,2207.563623
20856.02734,2207.563455
20857.02734,2207.56396
20858.02734,2207.564634
20859.02734,2207.562613
20860.02734,2207.564802
20861.02734,2207.565476
20862.02734,2207.565139
20863.02734,2207.563118
20864.02734,2207.563118
20865.02734,2207.564634
20866.02734,2207.562613
20867.02734,2207.561771
20868.02734,2207.563455
20869.02734,2207.565308
20870.02734,2207.561266
20871.02734,2207.564466
20872.02734,2207.563623
20873.02734,2207.561602
20874.03125,2207.56295
20875.03125,2207.564802
20876.03125,2207.563792
20877.03125,2207.56396
20878.03125,2207.56396
20879.03125,2207.563118
20880.03125,2207.56396
20881.02734,2207.563623
20882.02734,2207.563455
20883.03125,2207.562613
20884.03125,2207.564297
20885.03125,2207.56295
20886.03125,2207.562613
20887.03125,2207.56295
20888.03125,2207.565308
20889.03125,2207.563287
20890.03125,2207.565476
20891.03125,2207.562108
20892.03125,2207.562444
20893.03125,2207.564634
20894.03125,2207.563118
20895.03125,2207.563623
20896.03125,2207.562108
20897.03125,2207.563118
20898.03125,2207.561266
20899.03125,2207.564466
20900.03125,2207.563118
20901.03516,2207.565139
20902.03125,2207.563287
20903.03125,2207.563455
20904.03125,2207.564802
20905.03125,2207.562444
20906.03125,2207.561771
20907.03516,2207.562108
20908.03516,2207.565476
20909.03516,2207.564971
20910.03516,2207.561771
20911.03516,2207.564634
20912.03516,2207.565139
20913.03906,2207.565981
20914.03516,2207.562444
20915.03516,2207.561939
20916.03516,2207.56396
20917.03516,2207.563455
20918.03516,2207.562108
20919.03516,2207.561771
20920.03516,2207.56295
20921.03906,2207.562613
20922.03516,2207.563455
20923.03516,2207.561771
20924.03906,2207.562613
20925.03516,2207.565476
20926.03906,2207.562276
20927.03516,2207.562276
20928.03516,2207.563287
20929.03516,2207.564466
20930.03516,2207.56396
20931.03516,2207.561097
20932.03906,2207.562613
20933.03516,2207.562444
20934.03906,2207.562276
20935.03906,2207.562613
20936.03906,2207.562444
20937.03906,2207.563118
20938.03516,2207.564466
20939.03906,2207.563287
20940.03906,2207.563287
20941.03906,2207.561602
20942.03906,2207.563287
20943.03906,2207.561939
20944.03516,2207.562108
20945.03906,2207.563118
20946.03906,2207.562108
20947.03906,2207.561097
20948.03906,2207.559581
20949.03906,2207.561266
20950.03906,2207.562444
20951.03906,2207.563623
20952.03906,2207.561602
20953.03516,2207.56076
20954.03906,2207.562613
20955.04297,2207.563623
20956.03906,2207.562613
20957.03906,2207.563287
20958.03906,2207.56396
20959.03906,2207.562108
20960.03906,2207.563118
20961.03906,2207.563623
20962.03906,2207.562444
20963.04297,2207.562613
20964.04297,2207.564634
20965.04297,2207.562444
20966.04297,2207.56076
20967.04297,2207.563118
20968.04297,2207.562444
20969.04297,2207.561602
20970.04297,2207.562444
20971.04297,2207.562613
20972.04297,2207.563118
20973.04297,2207.563792
20974.04297,2207.563792
20975.04297,2207.563287
20976.04297,2207.563455
20977.04297,2207.56295
20978.04297,2207.56295
20979.04297,2207.56396
20980.04297,2207.561939
20981.04297,2207.562108
20982.04688,2207.562613
20983.04297,2207.563455
20984.04688,2207.561939
20985.04688,2207.563118
20986.04297,2207.562276
20987.04297,2207.560255
20988.04297,2207.562108
20989.04297,2207.561266
20990.04688,2207.563118
20991.04688,2207.55975
20992.04688,2207.56076
20993.04688,2207.56076
20994.04297,2207.56076
20995.04688,2207.561097
20996.04688,2207.561266
20997.04688,2207.560592
20998.04297,2207.560592
20999.04688,2207.562108
21000.04688,2207.56295
21001.04688,2207.563623
21002.04688,2207.56396
21003.04688,2207.562276
21004.04297,2207.563287
21005.04688,2207.563623
21006.04688,2207.563287
21007.04688,2207.563455
21008.04688,2207.56295
21009.04688,2207.562276
21010.04688,2207.562276
21011.04688,2207.564466
21012.04688,2207.562444
21013.04688,2207.563792
21014.04688,2207.563623
21015.04688,2207.562444
21016.04688,2207.563623
21017.04688,2207.563792
21018.04688,2207.564971
21019.04688,2207.562276
21020.04688,2207.565813
21021.04688,2207.56396
21022.04688,2207.563287
21023.04688,2207.56396
21024.04688,2207.563287
21025.05078,2207.56295
21026.04688,2207.56295
21027.04688,2207.563118
21028.04688,2207.563792
21029.04688,2207.561266
21030.05078,2207.56615
21031.05078,2207.562613
21032.04688,2207.56396
21033.04688,2207.563455
21034.04688,2207.563623
21035.05078,2207.565813
21036.04688,2207.563287
21037.04688,2207.563792
21038.05078,2207.565139
21039.05078,2207.562444
21040.05078,2207.562108
21041.05078,2207.564297
21042.05469,2207.563455
21043.05078,2207.564297
21044.05078,2207.563118
21045.05078,2207.561939
21046.05078,2207.564297
21047.05078,2207.562613
21048.05469,2207.561939
21049.05078,2207.564802
21050.05469,2207.56295
21051.05078,2207.56295
21052.05469,2207.560423
21053.05078,2207.562276
21054.05078,2207.562108
21055.05078,2207.564297
21056.05469,2207.562108
21057.05469,2207.561771
21058.05469,2207.561771
21059.05469,2207.56295
21060.05469,2207.562613
21061.05469,2207.562613
21062.05469,2207.564802
21063.05078,2207.564802
21064.05469,2207.565476
21065.05469,2207.565139
21066.05469,2207.562276
21067.05859,2207.563792
21068.05469,2207.561771
21069.05469,2207.563792
21070.05859,2207.563792
21071.05859,2207.565308
21072.05859,2207.563287
21073.05859,2207.564802
21074.05859,2207.563792
21075.05859,2207.564297
21076.05859,2207.562613
21077.05859,2207.561266
21078.05859,2207.56295
21079.05859,2207.560255
21080.05859,2207.56295
21081.0625,2207.564297
21082.0625,2207.561602
21083.05859,2207.562613
21084.0625,2207.563623
21085.05859,2207.563623
21086.0625,2207.562108
21087.0625,2207.562108
21088.0625,2207.561939
21089.0625,2207.56295
21090.0625,2207.561939
21091.0625,2207.56295
21092.0625,2207.562276
21093.0625,2207.562276
21094.06641,2207.560087
21095.0625,2207.55975
21096.06641,2207.562444
21097.06641,2207.562444
21098.0625,2207.562276
21099.06641,2207.563118
21100.0625,2207.563118
21101.06641,2207.562444
21102.06641,2207.560592
21103.06641,2207.562108
21104.0625,2207.562108
21105.06641,2207.562108
21106.0625,2207.563118
21107.0625,2207.56295
21108.06641,2207.563792
21109.06641,2207.563792
21110.06641,2207.564802
21111.06641,2207.563792
21112.06641,2207.564466
21113.06641,2207.562108
21114.07031,2207.560929
21115.07031,2207.563118
21116.06641,2207.562613
21117.06641,2207.56396
21118.06641,2207.562276
21119.06641,2207.563287
21120.06641,2207.563118
21121.06641,2207.563118
21122.06641,2207.562276
21123.07031,2207.564297
21124.06641,2207.562613
21125.07031,2207.562276
21126.06641,2207.562613
21127.07031,2207.561939
21128.06641,2207.563287
21129.07031,2207.563623
21130.06641,2207.563623
21131.07031,2207.562613
21132.07031,2207.564297
21133.07422,2207.564971
21134.07031,2207.563792
21135.07422,2207.563792
21136.07031,2207.560929
21137.07031,2207.563792
21138.07031,2207.564297
21139.07031,2207.565308
21140.07031,2207.565308
21141.07031,2207.562444
21142.07031,2207.56295
21143.07031,2207.561097
21144.07031,2207.564971
21145.07031,2207.562444
21146.07422,2207.563455
21147.07031,2207.562276
21148.07031,2207.562276
21149.07422,2207.563623
21150.07422,2207.565139
21151.07031,2207.563455
21152.07422,2207.563287
21153.07422,2207.564466
21154.07422,2207.565813
21155.07422,2207.562613
21156.07422,2207.565308
21157.07422,2207.564297
21158.07422,2207.563287
21159.07422,2207.564297
21160.07422,2207.563455
21161.07422,2207.565139
21162.07422,2207.563623
21163.07422,2207.56396
21164.07422,2207.563287
21165.07422,2207.564297
21166.07422,2207.562276
21167.07422,2207.563455
21168.07422,2207.564466
21169.07422,2207.563455
21170.07422,2207.563455
21171.07422,2207.563623
21172.07813,2207.565139
21173.07813,2207.563455
21174.07813,2207.565981
21175.07813,2207.564634
21176.07422,2207.56396
21177.07813,2207.562613
21178.07813,2207.563287
21179.07422,2207.564297
21180.07813,2207.562444
21181.07813,2207.563792
21182.07813,2207.563623
21183.07813,2207.563623
21184.07813,2207.562108
21185.07813,2207.563455
21186.07813,2207.562276
21187.08203,2207.561771
21188.08203,2207.56396
21189.08203,2207.563118
21190.08203,2207.563118
21191.08203,2207.562444
21192.08203,2207.562276
21193.08203,2207.56076
21194.08203,2207.563455
21195.08203,2207.564466
21196.08594,2207.565139
21197.08203,2207.563792
21198.08594,2207.56295
21199.08594,2207.562613
21200.08594,2207.563623
21201.08594,2207.564971
21202.08594,2207.563455
21203.08594,2207.563287
21204.08594,2207.564634
21205.08594,2207.56615
21206.08594,2207.564971
21207.08594,2207.563455
21208.08594,2207.56396
21209.08594,2207.565476
21210.08594,2207.562444
21211.08594,2207.563287
21212.08984,2207.561939
21213.08594,2207.562276
21214.08594,2207.561097
21215.08984,2207.562276
21216.08594,2207.564297
21217.08984,2207.562276
21218.08984,2207.563623
21219.08984,2207.561602
21220.08984,2207.558908
21221.08984,2207.563792
21222.08984,2207.561602
21223.08984,2207.563287
21224.08984,2207.561939
21225.08984,2207.563118
21226.08984,2207.562108
21227.08984,2207.562444
21228.08984,2207.562108
21229.08984,2207.562444
21230.08984,2207.56076
21231.08984,2207.561771
21232.08984,2207.563623
21233.08984,2207.561097
21234.08984,2207.562444
21235.08984,2207.562276
21236.08984,2207.562276
21237.08984,2207.563792
21238.08984,2207.561771
21239.08984,2207.563623
21240.08984,2207.56396
21241.08984,2207.564802
21242.09375,2207.561771
21243.09375,2207.56396
21244.09375,2207.562108
21245.09375,2207.562276
21246.09375,2207.56295
21247.08984,2207.564297
21248.09375,2207.562276
21249.08984,2207.563287
21250.08984,2207.563118
21251.08984,2207.561939
21252.09375,2207.560929
21253.08984,2207.562108
21254.08984,2207.563623
21255.09375,2207.562108
21256.09375,2207.563792
21257.09375,2207.562108
21258.09375,2207.562613
21259.09375,2207.56396
21260.09375,2207.563118
21261.09375,2207.563287
21262.09375,2207.563118
21263.09375,2207.564466
21264.09375,2207.562444
21265.09375,2207.563287
21266.09375,2207.563792
21267.09375,2207.562276
21268.09375,2207.564466
21269.09375,2207.562444
21270.09375,2207.560592
21271.09375,2207.561771
21272.09375,2207.563455
21273.09375,2207.562108
21274.09375,2207.563287
21275.09766,2207.563623
21276.09766,2207.562108
21277.09766,2207.562613
21278.09766,2207.56295
21279.09766,2207.56295
21280.09766,2207.563118
21281.09766,2207.56396
21282.09766,2207.56396
21283.09766,2207.564634
21284.09766,2207.562108
21285.09766,2207.561097
21286.10156,2207.563118
21287.09766,2207.563287
21288.09766,2207.562108
21289.09766,2207.561602
21290.09766,2207.562444
21291.10156,2207.56396
21292.09766,2207.562613
21293.09766,2207.563792
21294.10156,2207.56396
21295.10156,2207.563118
21296.09766,2207.56396
21297.10156,2207.56396
21298.09766,2207.565139
21299.09766,2207.564466
21300.10156,2207.561266
21301.10156,2207.565139
21302.10156,2207.564634
21303.10156,2207.564634
21304.10156,2207.563792
21305.10156,2207.562613
21306.10156,2207.564466
21307.10547,2207.562276
21308.10156,2207.562108
21309.10156,2207.564297
21310.10156,2207.565308
21311.10156,2207.562613
21312.10156,2207.562108
21313.10156,2207.563792
21314.10156,2207.560929
21315.10156,2207.563792
21316.10156,2207.564297
21317.10156,2207.562108
21318.10156,2207.564634
21319.10156,2207.561939
21320.10156,2207.563118
21321.10547,2207.561771
21322.10156,2207.561602
21323.10156,2207.561939
21324.10156,2207.56396
21325.10547,2207.563623
21326.10156,2207.563287
21327.10156,2207.565813
21328.10156,2207.563455
21329.10156,2207.560255
21330.10156,2207.562613
21331.10156,2207.562613
21332.10156,2207.559581
21333.10156,2207.56295
21334.10547,2207.563118
21335.10547,2207.563118
21336.10156,2207.561266
21337.10156,2207.563455
21338.10547,2207.562444
21339.10547,2207.562276
21340.10547,2207.561602
21341.10547,2207.562613
21342.10547,2207.562613
21343.10547,2207.56295
21344.10547,2207.562444
21345.10547,2207.563455
21346.10547,2207.563118
21347.10547,2207.562613
21348.10547,2207.563287
21349.10938,2207.563623
21350.10938,2207.563287
21351.10547,2207.563118
21352.10547,2207.563287
21353.10547,2207.562444
21354.10547,2207.561771
21355.10938,2207.564297
21356.10547,2207.564466
21357.10938,2207.563455
21358.10938,2207.564466
21359.10938,2207.562108
21360.10938,2207.561602
21361.10547,2207.564466
21362.10938,2207.562276
21363.10938,2207.562276
21364.10938,2207.563623
21365.10938,2207.563455
21366.10938,2207.563287
21367.10938,2207.561939
21368.10938,2207.562276
21369.10938,2207.562276
21370.10938,2207.563623
21371.10938,2207.561939
21372.10938,2207.562444
21373.10938,2207.562613
21374.10938,2207.564297
21375.10938,2207.561939
21376.10938,2207.562613
21377.11328,2207.563623
21378.10938,2207.561266
21379.11328,2207.563792
21380.10938,2207.56076
21381.11328,2207.564297
21382.11328,2207.562276
21383.10938,2207.563287
21384.11328,2207.563623
21385.11328,2207.562108
21386.10938,2207.562108
21387.11328,2207.561266
21388.11328,2207.564634
21389.11328,2207.563792
21390.11328,2207.564297
21391.11328,2207.561939
21392.11328,2207.562613
21393.11328,2207.563623
21394.11328,2207.562108
21395.11328,2207.561266
21396.11719,2207.56295
21397.11719,2207.563287
21398.11719,2207.562108
21399.11719,2207.56396
21400.11719,2207.562276
21401.11719,2207.561266
21402.11719,2207.562276
21403.11719,2207.56295
21404.11719,2207.563623
21405.11719,2207.563455
21406.11719,2207.561097
21407.12109,2207.560929
21408.11719,2207.563792
21409.12109,2207.56396
21410.11719,2207.563792
21411.12109,2207.561939
21412.12109,2207.56295
21413.12109,2207.563455
21414.12109,2207.563623
21415.12109,2207.563287
21416.12109,2207.561602
21417.12109,2207.560929
21418.12109,2207.560592
21419.12109,2207.56076
21420.125,2207.561771
21421.12109,2207.562444
21422.125,2207.56295
21423.12109,2207.562108
21424.125,2207.560423
21425.125,2207.56295
21426.125,2207.563623
21427.12109,2207.562108
21428.125,2207.56295
21429.125,2207.561266
21430.125,2207.563623
21431.125,2207.564466
21432.125,2207.56396
21433.125,2207.563287
21434.125,2207.56295
21435.125,2207.560592
21436.125,2207.563455
21437.12891,2207.564466
21438.125,2207.564634
21439.12891,2207.564297
21440.125,2207.563118
21441.125,2207.564466
21442.12891,2207.563792
21443.12891,2207.563118
21444.12891,2207.562444
21445.12891,2207.56396
21446.12891,2207.566655
21447.12891,2207.562613
21448.12891,2207.564466
21449.12891,2207.564466
21450.12891,2207.562613
21451.13281,2207.563623
21452.12891,2207.562613
21453.12891,2207.564466
21454.13281,2207.562108
21455.12891,2207.563455
21456.13281,2207.565813
21457.12891,2207.561771
21458.12891,2207.56396
21459.12891,2207.564802
21460.12891,2207.562444
21461.13281,2207.561602
21462.13281,2207.562613
21463.13281,2207.56295
21464.13281,2207.562276
21465.13281,2207.56295
21466.13281,2207.563118
21467.13281,2207.561771
21468.13281,2207.562276
21469.12891,2207.56396
21470.13281,2207.561266
21471.12891,2207.56076
21472.12891,2207.561771
21473.12891,2207.562276
21474.12891,2207.562444
21475.13281,2207.562276
21476.13281,2207.562613
21477.13281,2207.564466
21478.13281,2207.56295
21479.13281,2207.561939
21480.13281,2207.561939
21481.13281,2207.562108
21482.13281,2207.563287
21483.13281,2207.562276
21484.13281,2207.562108
21485.13281,2207.564297
21486.13281,2207.562108
21487.13281,2207.562108
21488.13281,2207.561771
21489.13672,2207.561771
21490.13672,2207.563287
21491.13281,2207.561097
21492.13672,2207.562613
21493.13281,2207.561771
21494.13672,2207.563455
21495.13672,2207.561266
21496.13281,2207.561939
21497.13281,2207.560592
21498.13281,2207.561602
21499.13281,2207.560929
21500.13281,2207.562613
21501.13281,2207.561771
21502.13281,2207.562276
21503.13281,2207.563287
21504.13672,2207.564971
21505.13281,2207.562613
21506.13672,2207.563287
21507.13672,2207.561939
21508.13672,2207.563455
21509.13672,2207.560255
21510.13672,2207.561939
21511.13672,2207.562108
21512.13672,2207.565308
21513.13672,2207.565476
21514.14063,2207.562276
21515.13672,2207.560423
21516.14063,2207.563792
21517.13672,2207.564297
21518.14063,2207.564971
21519.14063,2207.56396
21520.14063,2207.562444
21521.14063,2207.562108
21522.14063,2207.562613
21523.14453,2207.561266
21524.14453,2207.563623
21525.14453,2207.563287
21526.14453,2207.562276
21527.14453,2207.565139
21528.14453,2207.562444
21529.14453,2207.561602
21530.14844,2207.563287
21531.14453,2207.563118
21532.14453,2207.561097
21533.14453,2207.561602
21534.14453,2207.563287
21535.14453,2207.563792
21536.14453,2207.56295
21537.14844,2207.563792
21538.14453,2207.563455
21539.14453,2207.563623
21540.14453,2207.562108
21541.14844,2207.561266
21542.14844,2207.562444
21543.14844,2207.563287
21544.14453,2207.560423
21545.14844,2207.562108
21546.14844,2207.562444
21547.14844,2207.564297
21548.14844,2207.561097
21549.14844,2207.562613
21550.14844,2207.56295
21551.14844,2207.563623
21552.14844,2207.562108
21553.14844,2207.562613
21554.14844,2207.563455
21555.14453,2207.56396
21556.14844,2207.563118
21557.14844,2207.563623
21558.14844,2207.560592
21559.15234,2207.562444
21560.14844,2207.563118
21561.14844,2207.562444
21562.15234,2207.561097
21563.15234,2207.563118
21564.14844,2207.562444
21565.15234,2207.56295
21566.15234,2207.561602
21567.15234,2207.56295
21568.15234,2207.563118
21569.15234,2207.560423
21570.15234,2207.56295
21571.15234,2207.561939
21572.15234,2207.561771
21573.15234,2207.56076
21574.15234,2207.561602
21575.15625,2207.56295
21576.15234,2207.562276
21577.15625,2207.56396
21578.15625,2207.562444
21579.15625,2207.560929
21580.15625,2207.561097
21581.15625,2207.562613
21582.15625,2207.562276
21583.15625,2207.561771
21584.15625,2207.561266
21585.15625,2207.562276
21586.15625,2207.560592
21587.15625,2207.564297
21588.16016,2207.561097
21589.16016,2207.563287
21590.16016,2207.562276
21591.15625,2207.563118
21592.15625,2207.563287
21593.16016,2207.563455
21594.15625,2207.563792
21595.15625,2207.563623
21596.15625,2207.564466
21597.16016,2207.561097
21598.15625,2207.560087
21599.15625,2207.561266
21600.15625,2207.560087
21601.16016,2207.564466
21602.15625,2207.561771
21603.16016,2207.563118
21604.16016,2207.561939
21605.16016,2207.562613
21606.16016,2207.563118
21607.16016,2207.561939
21608.16016,2207.564634
21609.16016,2207.562613
21610.16406,2207.561602
21611.15625,2207.562444
21612.16016,2207.564466
21613.16016,2207.561097
21614.16016,2207.563792
21615.16016,2207.56295
21616.16016,2207.563455
21617.16016,2207.564466
21618.16406,2207.564634
21619.16406,2207.564297
21620.16016,2207.563792
21621.16016,2207.563792
21622.16016,2207.564466
21623.16016,2207.564297
21624.16406,2207.563623
21625.16016,2207.563287
21626.16406,2207.562108
21627.16406,2207.563623
21628.16406,2207.561602
21629.16406,2207.562276
21630.16406,2207.563118
21631.16406,2207.562613
21632.16016,2207.562444
21633.16406,2207.563118
21634.16797,2207.562444
21635.16406,2207.563118
21636.16406,2207.561097
21637.16406,2207.563287
21638.16406,2207.563118
21639.16406,2207.563623
21640.16406,2207.563455
21641.16406,2207.563287
21642.16406,2207.562276
21643.16406,2207.562444
21644.16406,2207.558908
21645.16797,2207.563623
21646.16406,2207.563455
21647.16406,2207.560592
21648.16797,2207.562276
21649.16797,2207.562276
21650.16797,2207.561771
21651.16406,2207.562108
21652.16406,2207.562108
21653.16797,2207.561771
21654.16797,2207.563455
21655.16797,2207.562444
21656.16797,2207.562613
21657.16797,2207.56295
21658.16797,2207.562276
21659.17188,2207.563118
21660.16797,2207.563792
21661.16797,2207.563792
21662.16797,2207.563623
21663.16797,2207.564634
21664.16797,2207.564297
21665.16797,2207.564634
21666.16797,2207.563623
21667.16797,2207.561602
21668.16797,2207.563623
21669.16797,2207.564466
21670.17188,2207.561939
21671.17188,2207.56396
21672.16797,2207.561771
21673.16797,2207.560929
21674.17188,2207.562276
21675.16797,2207.563792
21676.16797,2207.561939
21677.17188,2207.562444
21678.17188,2207.560592
21679.16797,2207.564634
21680.16797,2207.563118
21681.16797,2207.564802
21682.17188,2207.564634
21683.17188,2207.563118
21684.17188,2207.560255
21685.17188,2207.561939
21686.17188,2207.561771
21687.16797,2207.563287
21688.16797,2207.563287
21689.16797,2207.564466
21690.17188,2207.562444
21691.17188,2207.565139
21692.17188,2207.563623
21693.17578,2207.563118
21694.17188,2207.563287
21695.17188,2207.563455
21696.17188,2207.565139
21697.17188,2207.563623
21698.17188,2207.560929
21699.17188,2207.56295
21700.17188,2207.564466
21701.17188,2207.56295
21702.17188,2207.562276
21703.17188,2207.564634
21704.17188,2207.562276
21705.17578,2207.562444
21706.17188,2207.563792
21707.17578,2207.563118
21708.17188,2207.563623
21709.17578,2207.562108
21710.17578,2207.56295
21711.17188,2207.564466
21712.17578,2207.561097
21713.17578,2207.563623
21714.17578,2207.564466
21715.17969,2207.563118
21716.17578,2207.564802
21717.17578,2207.564971
21718.17578,2207.562276
21719.17578,2207.562276
21720.17578,2207.562444
21721.17969,2207.563455
21722.17578,2207.561097
21723.17578,2207.562613
21724.17969,2207.562108
21725.17969,2207.562444
21726.17969,2207.563287
21727.17969,2207.562444
21728.17578,2207.563792
21729.17578,2207.56295
21730.17969,2207.562276
21731.17969,2207.563792
21732.17969,2207.562444
21733.17969,2207.56295
21734.17578,2207.563792
21735.17578,2207.56295
21736.17578,2207.56295
21737.17969,2207.560255
21738.17969,2207.564802
21739.17578,2207.563792
21740.17969,2207.563118
21741.17969,2207.564466
21742.17969,2207.561771
21743.17969,2207.562444
21744.17578,2207.562444
21745.17969,2207.563792
21746.17969,2207.564466
21747.17969,2207.564971
21748.17969,2207.56295
21749.17969,2207.563623
21750.17969,2207.56396
21751.17969,2207.56295
21752.17969,2207.561602
21753.17969,2207.562444
21754.17969,2207.562613
21755.17969,2207.563623
21756.17969,2207.563623
21757.17969,2207.560255
21758.18359,2207.562276
21759.18359,2207.562108
21760.17969,2207.56295
21761.17969,2207.561771
21762.18359,2207.563792
21763.18359,2207.560592
21764.18359,2207.56295
21765.18359,2207.561097
21766.18359,2207.563455
21767.18359,2207.563118
21768.18359,2207.56295
21769.18359,2207.561602
21770.18359,2207.564971
21771.18359,2207.56396
21772.18359,2207.565308
21773.18359,2207.564297
21774.1875,2207.563287
21775.18359,2207.564297
21776.1875,2207.562444
21777.18359,2207.563287
21778.18359,2207.562108
21779.18359,2207.561771
21780.18359,2207.560087
21781.18359,2207.561771
21782.18359,2207.56396
21783.1875,2207.561602
21784.1875,2207.562444
21785.1875,2207.560592
21786.1875,2207.563118
21787.18359,2207.562613
21788.1875,2207.562276
21789.1875,2207.561097
21790.1875,2207.563623
21791.19141,2207.563455
21792.19141,2207.564634
21793.1875,2207.563455
21794.19141,2207.564297
21795.19141,2207.563455
21796.19141,2207.563455
21797.19141,2207.564634
21798.19141,2207.565813
21799.19531,2207.562108
21800.19141,2207.562108
21801.19531,2207.564297
21802.19531,2207.561939
21803.19531,2207.561939
21804.19141,2207.562276
21805.19531,2207.564466
21806.19531,2207.562108
21807.19531,2207.563623
21808.19141,2207.563455
21809.19531,2207.563623
21810.19531,2207.562108
21811.19531,2207.562108
21812.19531,2207.560929
21813.19531,2207.561939
21814.19531,2207.563118
21815.19922,2207.563455
21816.19531,2207.562276
21817.19531,2207.562276
21818.19922,2207.562108
21819.19531,2207.561771
21820.19531,2207.562276
21821.19531,2207.56076
21822.19531,2207.563623
21823.19531,2207.564802
21824.19531,2207.564802
21825.19531,2207.563792
21826.19922,2207.561602
21827.19922,2207.563287
21828.19922,2207.562444
21829.19922,2207.562444
21830.19531,2207.562108
21831.19922,2207.562613
21832.19922,2207.561602
21833.19922,2207.560929
21834.19922,2207.562108
21835.19922,2207.562276
21836.19922,2207.560929
21837.19922,2207.562108
21838.19922,2207.563455
21839.20313,2207.561771
21840.20313,2207.562276
21841.20313,2207.563118
21842.20313,2207.560592
21843.20313,2207.561602
21844.20313,2207.562444
21845.20313,2207.563455
21846.19922,2207.563455
21847.20313,2207.561939
21848.20313,2207.560929
21849.20313,2207.560929
21850.20313,2207.562613
21851.20703,2207.561771
21852.20313,2207.561266
21853.20313,2207.561771
21854.20703,2207.563287
21855.20703,2207.562108
21856.20703,2207.563623
21857.20703,2207.56295
21858.20703,2207.562613
21859.20703,2207.562613
21860.20703,2207.563287
21861.20703,2207.563287
21862.20703,2207.562444
21863.21094,2207.562613
21864.20703,2207.562108
21865.20703,2207.562444
21866.20703,2207.562108
21867.21094,2207.563287
21868.21094,2207.564466
21869.21094,2207.563287
21870.21094,2207.560592
21871.21094,2207.561602
21872.20703,2207.561602
21873.20703,2207.561097
21874.20703,2207.563792
21875.21094,2207.563792
21876.21094,2207.560592
21877.21094,2207.562444
21878.21094,2207.56396
21879.21094,2207.56396
21880.21094,2207.563792
21881.20703,2207.564802
21882.20703,2207.562613
21883.21094,2207.562276
21884.21094,2207.562276
21885.20703,2207.563792
21886.21094,2207.563118
21887.20703,2207.564634
21888.21094,2207.563118
21889.21094,2207.563118
21890.21094,2207.563287
21891.21094,2207.564802
21892.21094,2207.563287
21893.21094,2207.563118
21894.21484,2207.562444
21895.21094,2207.564466
21896.21094,2207.564971
21897.21094,2207.566655
21898.21094,2207.564971
21899.21484,2207.563792
21900.21094,2207.563623
21901.21094,2207.564971
21902.21094,2207.563118
21903.21094,2207.563623
21904.21094,2207.563792
21905.21484,2207.56295
21906.21484,2207.561266
21907.21484,2207.562613
21908.21484,2207.563118
21909.21484,2207.565139
21910.21484,2207.563287
21911.21484,2207.562613
21912.21094,2207.562444
21913.21094,2207.563792
21914.21484,2207.562276
21915.21094,2207.560929
21916.21484,2207.563792
21917.21484,2207.562444
21918.21484,2207.562108
21919.21484,2207.562276
21920.21484,2207.561602
21921.21484,2207.561602
21922.21484,2207.560929
21923.21875,2207.561939
21924.21484,2207.561266
21925.21875,2207.561771
21926.21875,2207.560255
21927.21875,2207.563792
21928.21875,2207.562613
21929.21875,2207.562613
21930.21875,2207.562108
21931.21875,2207.561771
21932.21875,2207.56295
21933.22266,2207.562444
21934.21875,2207.563118
21935.22266,2207.562613
21936.22266,2207.563455
21937.22266,2207.563287
21938.22266,2207.560592
21939.22266,2207.563287
21940.22266,2207.563455
21941.22656,2207.561266
21942.22266,2207.56295
21943.22266,2207.561097
21944.22266,2207.563455
21945.22266,2207.562108
21946.22656,2207.561602
21947.22266,2207.562276
21948.22656,2207.562613
21949.22266,2207.563118
21950.22656,2207.564971
21951.22656,2207.564802
21952.22656,2207.563792
21953.22656,2207.562276
21954.22266,2207.564297
21955.22266,2207.564297
21956.22656,2207.564297
21957.22266,2207.563287
21958.22656,2207.563118
21959.22656,2207.562613
21960.22656,2207.564466
21961.22656,2207.562276
21962.22656,2207.564297
21963.22656,2207.563287
21964.22656,2207.564802
21965.22656,2207.564971
21966.23047,2207.561771
21967.22656,2207.563118
21968.22656,2207.563623
21969.22656,2207.560423
21970.23047,2207.560423
21971.23047,2207.562276
21972.22656,2207.561602
21973.22656,2207.561266
21974.22656,2207.56295
21975.22656,2207.563455
21976.23047,2207.564297
21977.22656,2207.562108
21978.22656,2207.564466
21979.23047,2207.562613
21980.23047,2207.564634
21981.23047,2207.564802
21982.23047,2207.564297
21983.23047,2207.563792
21984.23047,2207.563118
21985.23047,2207.563118
21986.23047,2207.563623
21987.23047,2207.563623
21988.23047,2207.562276
21989.23047,2207.562276
21990.23047,2207.563287
21991.23047,2207.560592
21992.23047,2207.56295
21993.22656,2207.563118
21994.23047,2207.561266
21995.23047,2207.563118
21996.23047,2207.561266
21997.23047,2207.566318
21998.23047,2207.563623
21999.23047,2207.564971
22000.23047,2207.56295
22001.23047,2207.560592
22002.23047,2207.563792
22003.23047,2207.563287
22004.23047,2207.562613
22005.23047,2207.563455
22006.23047,2207.562276
22007.23047,2207.56076
22008.23438,2207.562444
22009.23438,2207.561939
22010.23438,2207.561602
22011.23438,2207.562613
22012.23828,2207.562108
22013.23438,2207.563792
22014.23828,2207.561602
22015.23438,2207.561939
22016.23438,2207.560592
22017.23438,2207.563455
22018.23438,2207.562613
22019.23438,2207.565308
22020.23438,2207.56396
22021.23828,2207.563287
22022.23828,2207.563623
22023.23828,2207.564802
22024.23438,2207.562108
22025.23828,2207.563287
22026.23828,2207.564297
22027.23828,2207.562613
22028.23828,2207.56396
22029.23828,2207.562276
22030.23828,2207.563792
22031.23438,2207.564802
22032.23828,2207.563792
22033.23828,2207.564971
22034.23828,2207.564971
22035.23828,2207.564971
22036.23828,2207.562276
22037.23828,2207.563455
22038.24219,2207.563792
22039.23828,2207.56396
22040.24219,2207.56396
22041.24219,2207.563455
22042.24219,2207.56295
22043.24219,2207.563118
22044.24219,2207.562276
22045.24219,2207.560929
22046.24219,2207.561771
22047.24219,2207.561939
22048.24219,2207.564802
22049.24219,2207.564634
22050.23828,2207.563623
22051.24219,2207.564466
22052.24219,2207.565308
22053.24219,2207.562444
22054.24219,2207.561771
22055.24219,2207.563287
22056.24219,2207.562276
22057.24219,2207.563455
22058.24219,2207.562444
22059.24219,2207.561771
22060.24219,2207.56295
22061.24219,2207.563623
22062.24609,2207.562613
22063.24609,2207.56295
22064.24219,2207.562444
22065.24219,2207.562613
22066.24609,2207.563118
22067.24609,2207.563792
22068.24609,2207.564297
22069.24609,2207.562613
22070.24219,2207.563118
22071.24219,2207.563623
22072.24609,2207.562444
22073.24219,2207.560423
22074.24609,2207.563623
22075.24219,2207.562444
22076.24609,2207.56295
22077.24609,2207.563623
22078.24609,2207.562276
22079.24609,2207.563287
22080.24609,2207.564466
22081.24609,2207.563118
22082.24609,2207.563623
22083.24609,2207.561939
22084.24609,2207.563623
22085.24609,2207.563623
22086.24609,2207.562108
22087.24609,2207.56396
22088.24609,2207.562108
22089.25,2207.562613
22090.25,2207.56295
22091.25,2207.564466
22092.24609,2207.56396
22093.25,2207.564634
22094.25,2207.564297
22095.25,2207.563287
22096.25,2207.563455
22097.25,2207.562108
22098.24609,2207.562108
22099.25,2207.562276
22100.25,2207.563623
22101.25391,2207.563455
22102.25,2207.564802
22103.25,2207.563792
22104.25,2207.563287
22105.25,2207.565139
22106.25,2207.563455
22107.25391,2207.563623
22108.25,2207.56396
22109.25391,2207.56295
22110.25391,2207.563792
22111.25,2207.563118
22112.25,2207.560929
22113.25391,2207.563118
22114.25391,2207.560929
22115.25,2207.563287
22116.25391,2207.562108
22117.25391,2207.563455
22118.25391,2207.563623
22119.25391,2207.562613
22120.25391,2207.562108
22121.25391,2207.563118
22122.25391,2207.563118
22123.25391,2207.560087
22124.25391,2207.562444
22125.25781,2207.562444
22126.25781,2207.562276
22127.25781,2207.563118
22128.25781,2207.561939
22129.25391,2207.56295
22130.25781,2207.563792
22131.25781,2207.564297
22132.25781,2207.563287
22133.25781,2207.561602
22134.25781,2207.56295
22135.25781,2207.562444
22136.25781,2207.563118
22137.26172,2207.563455
22138.25781,2207.563792
22139.25781,2207.560592
22140.25781,2207.562444
22141.25781,2207.561771
22142.26172,2207.563118
22143.26172,2207.561602
22144.26172,2207.561939
22145.26172,2207.561602
22146.26172,2207.561266
22147.26172,2207.562613
22148.26172,2207.563287
22149.26563,2207.562108
22150.26172,2207.561771
22151.26172,2207.560423
22152.26172,2207.563287
22153.26563,2207.562108
22154.26172,2207.562108
22155.26172,2207.56295
22156.26563,2207.561602
22157.26563,2207.56076
22158.26172,2207.562444
22159.26172,2207.561602
22160.26563,2207.562108
22161.26172,2207.561266
22162.26563,2207.562108
22163.26563,2207.56295
22164.26563,2207.562613
22165.26563,2207.561771
22166.26563,2207.561602
22167.26563,2207.561266
22168.26563,2207.562276
22169.26563,2207.562276
22170.26563,2207.562613
22171.26563,2207.563287
22172.26563,2207.563118
22173.26563,2207.56396
22174.26953,2207.564634
22175.26953,2207.564297
22176.26953,2207.564971
22177.26953,2207.564634
22178.26953,2207.562276
22179.26953,2207.562276
22180.26953,2207.562108
22181.26953,2207.562613
22182.26953,2207.561097
22183.26953,2207.562108
22184.26953,2207.56396
22185.26953,2207.56295
22186.26953,2207.56295
22187.26953,2207.56295
22188.26953,2207.563455
22189.26953,2207.563287
22190.26953,2207.561771
22191.26953,2207.563118
22192.26953,2207.563623
22193.26953,2207.564297
22194.27344,2207.563623
22195.27344,2207.563455
22196.26953,2207.56396
22197.26953,2207.561939
22198.27344,2207.561771
22199.26953,2207.565476
22200.27344,2207.563287
22201.27344,2207.561939
22202.27344,2207.563792
22203.27344,2207.562613
22204.27344,2207.56295
22205.27344,2207.561097
22206.27734,2207.561097
22207.27734,2207.561266
22208.27344,2207.563118
22209.27734,2207.561771
22210.27734,2207.562444
22211.27734,2207.56295
22212.27734,2207.564297
22213.27344,2207.563455
22214.27734,2207.56396
22215.27734,2207.560929
22216.27734,2207.563792
22217.27734,2207.563792
22218.27734,2207.56396
22219.27734,2207.563623
22220.27734,2207.563792
22221.27734,2207.564971
22222.28125,2207.562276
22223.28125,2207.562108
22224.27734,2207.563455
22225.28125,2207.562613
22226.28125,2207.562108
22227.28125,2207.561266
22228.28125,2207.562444
22229.28125,2207.563792
22230.28125,2207.56295
22231.28125,2207.562444
22232.28516,2207.561939
22233.28516,2207.563118
22234.28125,2207.563455
22235.28125,2207.56295
22236.28516,2207.562444
22237.28516,2207.562613
22238.28516,2207.56295
22239.28516,2207.562444
22240.28516,2207.562108
22241.28516,2207.562276
22242.28516,2207.562108
22243.28516,2207.561097
22244.28516,2207.561771
22245.28516,2207.561939
22246.28516,2207.561771
22247.28516,2207.563118
22248.28516,2207.563118
22249.28516,2207.562613
22250.28516,2207.562444
22251.28125,2207.563623
22252.28516,2207.563623
22253.28516,2207.563792
22254.28516,2207.562613
22255.28516,2207.561602
22256.28516,2207.562444
22257.28906,2207.561771
22258.28906,2207.564297
22259.28906,2207.562276
22260.28906,2207.562444
22261.28906,2207.563287
22262.28516,2207.562276
22263.28906,2207.562613
22264.28516,2207.56295
22265.28906,2207.563455
22266.28906,2207.563623
22267.28906,2207.562613
22268.28906,2207.561097
22269.28906,2207.563287
22270.28906,2207.562276
22271.28906,2207.563623
22272.29297,2207.562444
22273.29297,2207.562444
22274.28906,2207.56295
22275.28906,2207.561266
22276.28906,2207.565139
22277.28906,2207.561266
22278.28906,2207.56295
22279.29297,2207.56295
22280.29297,2207.563455
22281.28906,2207.563118
22282.29297,2207.562276
22283.29297,2207.56295
22284.29297,2207.564297
22285.29297,2207.563792
22286.29297,2207.563792
22287.29297,2207.563118
22288.29297,2207.563455
22289.29297,2207.562444
22290.29297,2207.565139
22291.29297,2207.564297
22292.29297,2207.565476
22293.29297,2207.561939
22294.29297,2207.561939
22295.29297,2207.56076
22296.28906,2207.56076
22297.29297,2207.561602
22298.29297,2207.564634
22299.29297,2207.562613
22300.29297,2207.562108
22301.29297,2207.565476
22302.29297,2207.561771
22303.29297,2207.563792
22304.29297,2207.563792
22305.29297,2207.562444
22306.29297,2207.565139
22307.29297,2207.561097
22308.29688,2207.562108
22309.29688,2207.562108
22310.29688,2207.564297
22311.29297,2207.56295
22312.29688,2207.563455
22313.29688,2207.563455
22314.29688,2207.563118
22315.29688,2207.56295
22316.29688,2207.562613
22317.29688,2207.565308
22318.30078,2207.56396
22319.30078,2207.562276
22320.30469,2207.563455
22321.30469,2207.562276
22322.30469,2207.562444
22323.30469,2207.562276
22324.30469,2207.562276
22325.30469,2207.564802
22326.30469,2207.563455
22327.30469,2207.560929
22328.30469,2207.562444
22329.30469,2207.56295
22330.30469,2207.563118
22331.30469,2207.562276
22332.30469,2207.562444
22333.30469,2207.562444
22334.30469,2207.561771
22335.30469,2207.561771
22336.30469,2207.562444
22337.30469,2207.562108
22338.30469,2207.562613
22339.30859,2207.563455
22340.30469,2207.560929
22341.30859,2207.563287
22342.30469,2207.562444
22343.30859,2207.563623
22344.30469,2207.564802
22345.30469,2207.56396
22346.30859,2207.564466
22347.30859,2207.56295
22348.30859,2207.560255
22349.30859,2207.562276
22350.30859,2207.564297
22351.30859,2207.563118
22352.30859,2207.561939
22353.3125,2207.56295
22354.3125,2207.562108
22355.3125,2207.563118
22356.3125,2207.561939
22357.3125,2207.562108
22358.3125,2207.563623
22359.3125,2207.563287
22360.3125,2207.563455
22361.31641,2207.56295
22362.31641,2207.562108
22363.3125,2207.563287
22364.3125,2207.563118
22365.3125,2207.563792
22366.3125,2207.561771
22367.3125,2207.560423
22368.3125,2207.562613
22369.3125,2207.563623
22370.3125,2207.563623
22371.31641,2207.562613
22372.31641,2207.562444
22373.31641,2207.562108
22374.31641,2207.563792
22375.31641,2207.561771
22376.31641,2207.561771
22377.31641,2207.561602
22378.31641,2207.563623
22379.31641,2207.562444
22380.31641,2207.562613
22381.31641,2207.561939
22382.31641,2207.56295
22383.31641,2207.561771
22384.31641,2207.562613
22385.31641,2207.564802
22386.31641,2207.565476
22387.31641,2207.55975
22388.32031,2207.564802
22389.31641,2207.563118
22390.31641,2207.564297
22391.31641,2207.560423
22392.31641,2207.562444
22393.31641,2207.563118
22394.32031,2207.564634
22395.32031,2207.562108
22396.32031,2207.56295
22397.31641,2207.562108
22398.31641,2207.563792
22399.31641,2207.56396
22400.31641,2207.563287
22401.32031,2207.561939
22402.32031,2207.562444
22403.31641,2207.562276
22404.31641,2207.56295
22405.32031,2207.561939
22406.31641,2207.562613
22407.31641,2207.561939
22408.31641,2207.56396
22409.31641,2207.563287
22410.32031,2207.562613
22411.31641,2207.56396
22412.31641,2207.564971
22413.31641,2207.562613
22414.32031,2207.561939
22415.31641,2207.563792
22416.31641,2207.562444
22417.32031,2207.563118
22418.31641,2207.562444
22419.32031,2207.563118
22420.31641,2207.56295
22421.32031,2207.563118
22422.31641,2207.563455
22423.32031,2207.565139
22424.32031,2207.564297
22425.31641,2207.561602
22426.32031,2207.563455
22427.32031,2207.561266
22428.32422,2207.563455
22429.32031,2207.56396
22430.32422,2207.563118
22431.32422,2207.562276
22432.32031,2207.563455
22433.32031,2207.561771
22434.32031,2207.562276
22435.32422,2207.56295
22436.32422,2207.56295
22437.32422,2207.563455
22438.32422,2207.563455
22439.32422,2207.561939
22440.32422,2207.564971
22441.32031,2207.563287
22442.32422,2207.563118
22443.32422,2207.56396
22444.32422,2207.56295
22445.32422,2207.561771
22446.32422,2207.563118
22447.32031,2207.563455
22448.32422,2207.561771
22449.32422,2207.560929
22450.32422,2207.563287
22451.32813,2207.563118
22452.32813,2207.562444
22453.32422,2207.563287
22454.32813,2207.562613
22455.32813,2207.561939
22456.32813,2207.56295
22457.32813,2207.562444
22458.32813,2207.563287
22459.32813,2207.563623
22460.32813,2207.561097
22461.32813,2207.562276
22462.32813,2207.560087
22463.32813,2207.561266
22464.32813,2207.562444
22465.32813,2207.561771
22466.32813,2207.561266
22467.33203,2207.561771
22468.32813,2207.562613
22469.33203,2207.561771
22470.32813,2207.562613
22471.33203,2207.562613
22472.33203,2207.561097
22473.33203,2207.561097
22474.33203,2207.563455
22475.32813,2207.560592
22476.33203,2207.56295
22477.33203,2207.561097
22478.33594,2207.563792
22479.33203,2207.563118
22480.33203,2207.562276
22481.33203,2207.562276
22482.33594,2207.562444
22483.33203,2207.561097
22484.33203,2207.563118
22485.33203,2207.564634
22486.33594,2207.562444
22487.33203,2207.562444
22488.33594,2207.562108
22489.33203,2207.560255
22490.33203,2207.562444
22491.33203,2207.561266
22492.33203,2207.562276
22493.33203,2207.562276
22494.33203,2207.562108
22495.33203,2207.560087
22496.33203,2207.561266
22497.33203,2207.561939
22498.33203,2207.561771
22499.33203,2207.562276
22500.33203,2207.561771
22501.33594,2207.563287
22502.33203,2207.563455
22503.33594,2207.561771
22504.33203,2207.563792
22505.33594,2207.562613
22506.33594,2207.564971
22507.33594,2207.565476
22508.33984,2207.563287
22509.33984,2207.563118
22510.33594,2207.564634
22511.33984,2207.56396
22512.33984,2207.56295
22513.33984,2207.564297
22514.33594,2207.56396
22515.33984,2207.565139
22516.33984,2207.562613
22517.33984,2207.563287
22518.33984,2207.564466
22519.33594,2207.56396
22520.33984,2207.56295
22521.33984,2207.563792
22522.33984,2207.56295
22523.33984,2207.560592
22524.33984,2207.56295
22525.33984,2207.562108
22526.33984,2207.561097
22527.33984,2207.562613
22528.34375,2207.56396
22529.33984,2207.562444
22530.34375,2207.559076
22531.33984,2207.561771
22532.34375,2207.562444
22533.33984,2207.562613
22534.34375,2207.560592
22535.33984,2207.561939
22536.34375,2207.563118
22537.33984,2207.561939
22538.34375,2207.562613
22539.34375,2207.561266
22540.33984,2207.561939
22541.33984,2207.562276
22542.34375,2207.562444
22543.33984,2207.561939
22544.34375,2207.562108
22545.34375,2207.56396
22546.34375,2207.56295
22547.34375,2207.562444
22548.34766,2207.563455
22549.34375,2207.560087
22550.34375,2207.560929
22551.34375,2207.561771
22552.34375,2207.563623
22553.34766,2207.561939
22554.34766,2207.561266
22555.34375,2207.563623
22556.34766,2207.563118
22557.34766,2207.565813
22558.34375,2207.561771
22559.34766,2207.564297
22560.34375,2207.563287
22561.34766,2207.55975
22562.34766,2207.563792
22563.34766,2207.562276
22564.34766,2207.561097
22565.34766,2207.56295
22566.34766,2207.564466
22567.34766,2207.561939
22568.34375,2207.56295
22569.34375,2207.562276
22570.34766,2207.561771
22571.34766,2207.563287
22572.34766,2207.562276
22573.34375,2207.563792
22574.34375,2207.562108
22575.34766,2207.563623
22576.34375,2207.562444
22577.34766,2207.563455
22578.34766,2207.563792
22579.34766,2207.563792
22580.34766,2207.563455
22581.34766,2207.563792
22582.34766,2207.563118
22583.34766,2207.56295
22584.34766,2207.560423
22585.34766,2207.564971
22586.34766,2207.563455
22587.34766,2207.562276
22588.35156,2207.56396
22589.35156,2207.563287
22590.35156,2207.562108
22591.35156,2207.561602
22592.35156,2207.563623
22593.35156,2207.561939
22594.35156,2207.562108
22595.35156,2207.561771
22596.34766,2207.56295
22597.35156,2207.563792
22598.35156,2207.562108
22599.35156,2207.563118
22600.35156,2207.562613
22601.35156,2207.562108
22602.35547,2207.562613
22603.35156,2207.563792
22604.35156,2207.563623
22605.35156,2207.563455
22606.35547,2207.562276
22607.35547,2207.56396
22608.35547,2207.563455
22609.35156,2207.562444
22610.35156,2207.563623
22611.35547,2207.564634
22612.35547,2207.56396
22613.35547,2207.561939
22614.35547,2207.563118
22615.35547,2207.561266
22616.35547,2207.562108
22617.35547,2207.561939
22618.35547,2207.563287
22619.35938,2207.564634
22620.35547,2207.564297
22621.35547,2207.564466
22622.35938,2207.561097
22623.35938,2207.563623
22624.35938,2207.564297
22625.35547,2207.564634
22626.35938,2207.564802
22627.35938,2207.56396
22628.35938,2207.564634
22629.35938,2207.562276
22630.35938,2207.562444
22631.35938,2207.560929
22632.35938,2207.561939
22633.35938,2207.562613
22634.36328,2207.563287
22635.36328,2207.561266
22636.35938,2207.562276
22637.36328,2207.561771
22638.36328,2207.55975
22639.35938,2207.560592
22640.36719,2207.562276
22641.36328,2207.562276
22642.36328,2207.561771
22643.36328,2207.56295
22644.36328,2207.562613
22645.36719,2207.563287
22646.36328,2207.564634
22647.36328,2207.563287
22648.36328,2207.56396
22649.36328,2207.564297
22650.36328,2207.562108
22651.36719,2207.560929
22652.36719,2207.562276
22653.37109,2207.563455
22654.37109,2207.563455
22655.36719,2207.564297
22656.37109,2207.560087
22657.37109,2207.563455
22658.36719,2207.561771
22659.37109,2207.561771
22660.37109,2207.564802
22661.37109,2207.561602
22662.36719,2207.561602
22663.36719,2207.563118
22664.36719,2207.563118
22665.37109,2207.563287
22666.36719,2207.562276
22667.37109,2207.561097
22668.37109,2207.562108
22669.37109,2207.562444
22670.37109,2207.562444
22671.37109,2207.563287
22672.37109,2207.562108
22673.37109,2207.561097
22674.37109,2207.560255
22675.37109,2207.561602
22676.37109,2207.561771
22677.37109,2207.561771
22678.37109,2207.561266
22679.37109,2207.561602
22680.37109,2207.56076
22681.37109,2207.563455
22682.37109,2207.562276
22683.37109,2207.563455
22684.37109,2207.563623
22685.37109,2207.562613
22686.37109,2207.562444
22687.37109,2207.564297
22688.37109,2207.564297
22689.37109,2207.563287
22690.37109,2207.563623
22691.37109,2207.56295
22692.37109,2207.564297
22693.37109,2207.562108
22694.37109,2207.563118
22695.37109,2207.563287
22696.37109,2207.56295
22697.37109,2207.56396
22698.37109,2207.564297
22699.375,2207.563792
22700.375,2207.563455
22701.375,2207.563118
22702.375,2207.563455
22703.37109,2207.56295
22704.37109,2207.563287
22705.375,2207.562444
22706.37109,2207.564634
22707.37109,2207.562444
22708.37109,2207.564466
22709.375,2207.561771
22710.375,2207.561097
22711.375,2207.560423
22712.375,2207.56076
22713.375,2207.561602
22714.37109,2207.561097
22715.375,2207.561602
22716.375,2207.561602
22717.375,2207.562613
22718.375,2207.562108
22719.375,2207.560592
22720.375,2207.561266
22721.375,2207.56396
22722.375,2207.563792
22723.37891,2207.561602
22724.375,2207.562276
22725.375,2207.564297
22726.37891,2207.563287
22727.37891,2207.563623
22728.375,2207.561266
22729.37891,2207.564466
22730.375,2207.562613
22731.37891,2207.563287
22732.37891,2207.56295
22733.375,2207.563792
22734.375,2207.564466
22735.37891,2207.561939
22736.37891,2207.56396
22737.37891,2207.564971
22738.375,2207.562444
22739.37891,2207.562276
22740.37891,2207.56295
22741.37891,2207.562613
22742.37891,2207.56076
22743.37891,2207.56396
22744.37891,2207.563287
22745.37891,2207.564634
22746.37891,2207.561602
22747.37891,2207.562276
22748.37891,2207.563287
22749.37891,2207.562444
22750.37891,2207.561602
22751.37891,2207.561939
22752.38281,2207.562444
22753.38281,2207.561939
22754.38281,2207.563792
22755.38281,2207.564466
22756.38281,2207.563455
22757.38281,2207.563455
22758.38281,2207.564802
22759.37891,2207.563623
22760.38281,2207.564634
22761.37891,2207.562276
22762.38281,2207.564971
22763.37891,2207.562613
22764.38281,2207.565813
22765.37891,2207.56396
22766.38281,2207.563287
22767.38281,2207.563623
22768.38281,2207.563455
22769.38281,2207.563287
22770.38672,2207.562108
22771.38281,2207.562613
22772.38672,2207.563118
22773.38281,2207.564466
22774.38281,2207.56295
22775.38672,2207.563792
22776.38281,2207.564297
22777.38672,2207.563287
22778.38281,2207.563792
22779.38281,2207.560592
22780.38281,2207.564802
22781.38281,2207.563792
22782.38672,2207.563118
22783.38672,2207.563455
22784.38281,2207.561939
22785.38281,2207.564297
22786.38672,2207.564466
22787.38672,2207.563792
22788.38672,2207.565139
22789.38672,2207.564466
22790.38281,2207.564466
22791.38672,2207.563287
22792.38672,2207.564297
22793.38672,2207.565981
22794.38672,2207.562444
22795.38281,2207.56396
22796.38672,2207.564971
22797.38672,2207.565139
22798.38672,2207.565139
22799.38672,2207.563287
22800.38281,2207.564297
22801.38672,2207.561939
22802.38672,2207.562444
22803.38672,2207.56295
22804.38672,2207.563623
22805.39063,2207.564297
22806.38672,2207.561771
22807.38672,2207.563455
22808.38672,2207.560592
22809.38672,2207.563287
22810.39063,2207.563287
22811.38672,2207.563455
22812.38672,2207.564466
22813.38672,2207.563287
22814.38672,2207.562613
22815.38672,2207.564466
22816.38672,2207.564297
22817.39063,2207.563287
22818.38672,2207.563287
22819.38672,2207.563118
22820.38672,2207.562276
22821.39063,2207.562108
22822.38672,2207.56396
22823.39453,2207.562613
22824.39063,2207.563623
22825.39063,2207.560929
22826.39063,2207.562444
22827.39063,2207.563287
22828.39063,2207.56076
22829.39063,2207.563455
22830.39453,2207.561939
22831.39453,2207.561602
22832.39453,2207.562108
22833.39453,2207.563118
22834.39453,2207.56396
22835.39453,2207.561939
22836.39453,2207.56295
22837.39453,2207.562613
22838.39453,2207.563118
22839.39453,2207.560255
22840.39453,2207.563792
22841.39453,2207.561939
22842.39453,2207.561771
22843.39453,2207.563287
22844.39844,2207.562108
22845.39453,2207.564297
22846.39844,2207.561939
22847.39844,2207.563287
22848.39844,2207.562613
22849.39844,2207.561939
22850.39844,2207.564466
22851.39844,2207.562613
22852.39844,2207.564971
22853.39844,2207.563455
22854.39844,2207.56396
22855.39844,2207.563287
22856.39844,2207.563118
22857.40234,2207.561939
22858.39844,2207.56295
22859.39844,2207.56396
22860.39844,2207.563287
22861.40234,2207.56295
22862.39844,2207.562276
22863.39844,2207.562613
22864.40234,2207.563118
22865.39844,2207.563118
22866.39844,2207.562108
22867.39844,2207.563623
22868.39844,2207.561939
22869.39844,2207.564802
22870.39844,2207.563623
22871.39844,2207.563455
22872.39844,2207.563455
22873.39844,2207.562276
22874.39844,2207.564634
22875.40234,2207.560087
22876.40234,2207.563792
22877.39844,2207.565308
22878.39844,2207.561097
22879.39844,2207.560929
22880.39844,2207.563118
22881.39844,2207.563287
22882.40234,2207.561097
22883.40234,2207.562444
22884.39844,2207.561602
22885.39844,2207.56396
22886.40234,2207.565813
22887.40234,2207.563455
22888.40234,2207.561771
22889.40234,2207.563118
22890.40234,2207.56396
22891.40234,2207.563455
22892.40234,2207.562108
22893.40234,2207.563623
22894.40234,2207.564297
22895.40234,2207.56396
22896.40234,2207.56295
22897.40234,2207.563792
22898.40234,2207.563455
22899.40234,2207.55975
22900.40625,2207.562613
22901.40234,2207.561602
22902.40625,2207.56076
22903.40625,2207.56076
22904.40625,2207.563623
22905.40625,2207.560592
22906.40625,2207.565139
22907.40625,2207.565476
22908.40625,2207.560592
22909.41016,2207.562444
22910.41016,2207.561771
22911.40625,2207.563455
22912.41016,2207.562276
22913.41016,2207.564802
22914.41016,2207.564297
22915.41016,2207.56295
22916.41016,2207.564466
22917.40625,2207.563455
22918.40625,2207.561602
22919.41016,2207.563455
22920.41016,2207.562613
22921.41016,2207.563118
22922.41016,2207.565139
22923.41016,2207.565981
22924.41016,2207.561266
22925.41016,2207.564802
22926.41016,2207.563287
22927.41016,2207.564466
22928.41016,2207.563118
22929.41016,2207.563455
22930.41016,2207.56295
22931.41016,2207.561266
22932.41016,2207.561602
22933.41016,2207.563623
22934.41406,2207.56295
22935.41016,2207.563623
22936.41406,2207.562276
22937.41406,2207.56396
22938.41406,2207.562108
22939.41406,2207.563287
22940.41016,2207.565476
22941.41406,2207.563287
22942.41016,2207.56076
22943.41406,2207.562108
22944.41406,2207.563455
22945.41016,2207.563118
22946.41406,2207.563287
22947.41406,2207.563792
22948.41406,2207.562108
22949.41406,2207.564297
22950.41406,2207.563118
22951.41406,2207.56396
22952.41406,2207.562613
22953.41406,2207.563792
22954.41406,2207.560592
22955.41797,2207.563287
22956.41406,2207.563287
22957.41406,2207.563118
22958.41797,2207.56295
22959.41406,2207.561939
22960.41797,2207.563623
22961.41797,2207.561771
22962.41406,2207.562444
22963.41406,2207.563623
22964.41406,2207.56295
22965.41406,2207.56295
22966.41797,2207.56615
22967.41797,2207.563287
22968.41797,2207.563118
22969.41797,2207.563287
22970.41797,2207.562444
22971.41797,2207.56396
22972.41797,2207.565139
22973.41797,2207.563792
22974.41797,2207.563455
22975.41797,2207.563623
22976.42188,2207.563455
22977.42188,2207.564802
22978.42188,2207.563118
22979.42188,2207.561266
22980.41797,2207.562613
22981.41797,2207.56295
22982.42188,2207.563118
22983.42188,2207.561602
22984.42188,2207.565308
22985.42188,2207.561939
22986.42188,2207.563455
22987.41797,2207.563118
22988.41797,2207.563623
22989.42188,2207.563287
22990.42188,2207.562613
22991.42188,2207.562613
22992.42188,2207.564297
22993.42578,2207.561097
22994.42188,2207.563287
22995.42578,2207.564466
22996.42188,2207.561266
22997.42188,2207.561266
22998.42188,2207.563623
22999.42188,2207.562276
23000.42188,2207.563287
23001.42188,2207.562276
23002.42578,2207.561771
23003.42188,2207.56076
23004.42578,2207.561266
23005.42578,2207.564466
23006.42578,2207.563792
23007.42578,2207.562613
23008.42188,2207.563118
23009.42578,2207.562276
23010.42578,2207.564297
23011.42578,2207.56396
23012.42578,2207.563623
23013.42578,2207.56396
23014.42578,2207.563118
23015.42578,2207.562613
23016.42578,2207.56295
23017.42578,2207.564466
23018.42578,2207.560592
23019.42578,2207.560929
23020.42578,2207.56396
23021.42578,2207.563118
23022.42578,2207.561266
23023.42578,2207.563118
23024.42578,2207.563118
23025.42578,2207.56396
23026.42578,2207.56295
23027.42578,2207.563623
23028.42578,2207.562444
23029.42578,2207.564971
23030.42578,2207.562276
23031.42578,2207.563118
23032.42578,2207.56295
23033.42578,2207.56295
23034.42578,2207.563287
23035.42578,2207.56295
23036.42578,2207.562613
23037.42578,2207.563455
23038.42578,2207.56396
23039.42578,2207.563623
23040.42578,2207.563287
23041.42578,2207.56396
23042.42578,2207.563623
23043.42578,2207.56295
23044.42969,2207.564297
23045.42969,2207.564297
23046.42969,2207.561266
23047.42969,2207.565308
23048.42969,2207.564802
23049.42969,2207.562276
23050.42969,2207.56295
23051.42969,2207.563287
23052.42969,2207.563287
23053.42969,2207.560255
23054.42969,2207.564634
23055.42969,2207.565476
23056.42969,2207.563118
23057.42969,2207.561602
23058.42969,2207.562276
23059.42969,2207.562613
23060.42969,2207.563287
23061.42969,2207.562276
23062.43359,2207.563287
23063.42969,2207.563792
23064.42969,2207.562444
23065.42969,2207.560929
23066.42969,2207.564466
23067.43359,2207.56076
23068.42969,2207.561097
23069.43359,2207.562276
23070.43359,2207.561939
23071.43359,2207.562444
23072.42969,2207.563792
23073.43359,2207.564634
23074.43359,2207.564802
23075.43359,2207.563455
23076.43359,2207.563118
23077.43359,2207.56396
23078.43359,2207.562613
23079.4375,2207.564802
23080.43359,2207.562444
23081.43359,2207.563792
23082.4375,2207.562276
23083.4375,2207.561771
23084.4375,2207.56396
23085.4375,2207.56295
23086.4375,2207.565476
23087.4375,2207.561771
23088.44141,2207.563792
23089.44141,2207.564297
23090.44141,2207.563792
23091.44141,2207.565139
23092.44141,2207.565308
23093.44141,2207.564297
23094.44141,2207.563455
23095.44531,2207.562444
23096.44531,2207.565139
23097.44141,2207.563623
23098.44141,2207.56396
23099.44531,2207.563623
23100.44141,2207.561771
23101.44531,2207.562613
23102.44531,2207.56396
23103.44531,2207.563792
23104.44141,2207.56295
23105.44531,2207.563455
23106.44531,2207.56396
23107.44531,2207.561602
23108.44531,2207.562444
23109.44141,2207.562444
23110.44531,2207.56615
23111.44531,2207.563792
23112.44531,2207.563623
23113.44531,2207.564802
23114.44531,2207.562613
23115.44531,2207.562276
23116.44531,2207.562276
23117.44531,2207.562276
23118.44531,2207.56396
23119.44531,2207.563792
23120.44531,2207.563455
23121.44922,2207.562613
23122.44531,2207.563118
23123.44531,2207.563623
23124.44922,2207.563455
23125.44922,2207.562444
23126.44531,2207.562613
23127.44922,2207.56295
23128.44531,2207.562276
23129.44922,2207.56076
23130.44922,2207.562444
23131.44922,2207.561097
23132.44922,2207.561602
23133.44922,2207.561771
23134.44922,2207.561602
23135.44922,2207.560423
23136.44922,2207.562276
23137.44922,2207.56295
23138.44922,2207.561602
23139.44922,2207.564297
23140.44922,2207.561097
23141.44922,2207.562108
23142.44922,2207.559076
23143.44922,2207.562613
23144.44922,2207.562613
23145.44922,2207.560929
23146.44922,2207.561602
23147.44531,2207.562613
23148.44922,2207.560929
23149.44531,2207.562276
23150.44922,2207.561939
23151.44922,2207.560592
23152.44922,2207.562444
23153.44922,2207.560255
23154.44531,2207.562276
23155.44922,2207.561771
23156.45313,2207.560087
23157.44922,2207.563287
23158.44922,2207.561771
23159.44922,2207.561771
23160.44922,2207.562444
23161.44922,2207.560592
23162.44922,2207.56076
23163.44922,2207.561939
23164.44922,2207.56076
23165.44922,2207.562613
23166.45313,2207.560592
23167.44922,2207.55975
23168.45313,2207.56396
23169.44922,2207.562276
23170.44922,2207.562444
23171.44922,2207.563118
23172.45313,2207.561939
23173.44922,2207.561602
23174.45313,2207.563455
23175.45313,2207.564802
23176.45313,2207.562108
23177.45313,2207.563455
23178.45313,2207.561266
23179.45313,2207.563792
23180.45313,2207.561771
23181.45313,2207.563455
23182.45313,2207.563455
23183.45313,2207.560929
23184.45313,2207.561771
23185.45313,2207.56295
23186.45703,2207.564466
23187.45313,2207.564466
23188.45313,2207.561771
23189.45313,2207.563623
23190.45703,2207.563455
23191.45703,2207.56396
23192.45703,2207.563455
23193.45313,2207.563792
23194.45313,2207.563623
23195.45703,2207.563287
23196.45703,2207.563287
23197.45703,2207.563623
23198.45703,2207.562613
23199.45703,2207.564634
23200.45313,2207.564297
23201.45703,2207.562108
23202.45703,2207.563455
23203.46094,2207.564466
23204.45703,2207.563455
23205.45703,2207.561097
23206.45703,2207.564466
23207.45703,2207.562613
23208.45703,2207.565139
23209.45703,2207.563623
23210.45703,2207.563792
23211.45703,2207.563287
23212.45703,2207.563455
23213.45703,2207.563455
23214.46094,2207.562276
23215.45703,2207.563118
23216.46094,2207.564466
23217.45703,2207.565981
23218.45703,2207.563623
23219.45703,2207.564971
23220.45703,2207.566487
23221.45703,2207.563623
23222.45703,2207.563287
23223.45703,2207.56396
23224.46094,2207.564297
23225.45703,2207.563287
23226.45703,2207.56396
23227.46094,2207.564297
23228.45703,2207.564466
23229.46094,2207.563623
23230.46094,2207.562613
23231.46094,2207.562108
23232.46094,2207.56396
23233.46094,2207.565476
23234.46094,2207.564466
23235.46094,2207.56396
23236.46094,2207.564971
23237.46094,2207.564802
23238.46094,2207.564634
23239.46094,2207.563287
23240.46484,2207.562613
23241.46094,2207.563287
23242.46094,2207.563623
23243.46484,2207.561939
23244.46094,2207.563455
23245.46094,2207.563118
23246.46484,2207.564297
23247.46094,2207.56295
23248.46094,2207.562276
23249.46094,2207.563455
23250.46094,2207.563792
23251.46484,2207.562108
23252.46484,2207.563455
23253.46094,2207.564466
23254.46484,2207.561939
23255.46094,2207.562276
23256.46484,2207.56295
23257.46484,2207.563792
23258.46484,2207.56396
23259.46484,2207.563455
23260.46484,2207.56396
23261.46484,2207.562276
23262.46484,2207.564971
23263.46484,2207.563118
23264.46484,2207.562444
23265.46875,2207.562444
23266.46484,2207.560929
23267.46875,2207.563623
23268.46484,2207.562276
23269.46875,2207.560087
23270.46875,2207.563287
23271.46484,2207.562613
23272.46875,2207.565981
23273.46875,2207.563118
23274.46875,2207.563623
23275.46484,2207.562108
23276.46484,2207.563792
23277.46875,2207.563118
23278.46875,2207.56396
23279.46875,2207.562444
23280.46875,2207.563623
23281.46875,2207.563455
23282.46875,2207.563623
23283.46875,2207.564297
23284.46875,2207.56295
23285.46875,2207.563287
23286.46875,2207.564971
23287.46875,2207.563287
23288.46875,2207.564971
23289.46875,2207.564802
23290.46875,2207.564634
23291.47266,2207.563623
23292.47266,2207.563792
23293.47266,2207.564634
23294.47266,2207.563287
23295.47266,2207.565308
23296.47266,2207.56295
23297.47266,2207.564634
23298.47266,2207.564802
23299.47656,2207.565981
23300.47266,2207.566318
23301.47656,2207.56396
23302.47656,2207.562108
23303.47266,2207.562613
23304.47656,2207.56295
23305.47656,2207.56396
23306.47266,2207.56295
23307.47656,2207.56295
23308.47656,2207.565308
23309.47656,2207.563118
23310.48047,2207.562444
23311.47656,2207.564297
23312.47656,2207.563623
23313.48047,2207.564466
23314.47656,2207.565476
23315.47656,2207.56295
23316.47656,2207.563118
23317.48047,2207.564634
23318.48047,2207.562276
23319.48047,2207.56396
23320.48047,2207.563118
23321.48047,2207.565308
23322.48047,2207.56295
23323.48047,2207.565139
23324.48047,2207.563792
23325.48047,2207.564971
23326.48047,2207.56295
23327.48438,2207.56295
23328.48047,2207.563623
23329.48438,2207.562444
23330.48047,2207.56396
23331.48047,2207.563455
23332.48047,2207.563623
23333.48047,2207.564297
23334.48438,2207.565139
23335.48438,2207.56396
23336.48438,2207.56295
23337.48438,2207.56615
23338.48438,2207.564971
23339.48438,2207.564802
23340.48438,2207.563287
23341.48438,2207.564802
23342.48438,2207.564466
23343.48438,2207.563287
23344.48828,2207.562108
23345.48828,2207.562613
23346.48828,2207.56396
23347.48438,2207.562613
23348.48438,2207.56716
23349.48828,2207.564634
23350.48828,2207.566318
23351.48438,2207.564802
23352.48438,2207.564466
23353.48828,2207.564634
23354.48438,2207.562276
23355.48438,2207.562613
23356.48438,2207.562444
23357.48828,2207.56396
23358.48828,2207.56295
23359.48828,2207.563455
23360.48828,2207.561266
23361.48828,2207.563455
23362.48828,2207.563792
23363.48828,2207.561939
23364.48828,2207.561771
23365.48828,2207.562444
23366.48828,2207.561602
23367.48828,2207.561939
23368.48828,2207.561939
23369.48828,2207.564297
23370.48828,2207.563623
23371.48828,2207.562444
23372.48828,2207.562444
23373.48828,2207.562276
23374.48828,2207.56396
23375.48828,2207.562108
23376.48828,2207.564466
23377.49219,2207.56295
23378.48828,2207.56295
23379.48828,2207.563623
23380.49219,2207.562613
23381.49219,2207.563623
23382.48828,2207.564297
23383.49219,2207.564634
23384.49219,2207.562108
23385.48828,2207.560255
23386.49219,2207.562444
23387.49219,2207.564802
23388.49219,2207.565476
23389.49219,2207.564466
23390.48828,2207.563623
23391.49219,2207.564971
23392.49219,2207.563118
23393.49219,2207.564466
23394.48828,2207.561266
23395.49219,2207.563455
23396.49219,2207.562444
23397.49219,2207.561939
23398.49219,2207.564297
23399.49219,2207.563287
23400.49219,2207.563455
23401.49219,2207.563118
23402.49219,2207.563287
23403.49219,2207.562108
23404.49219,2207.56295
23405.49219,2207.561771
23406.49219,2207.56076
23407.49219,2207.562444
23408.49219,2207.56295
23409.49219,2207.561602
23410.49609,2207.562444
23411.49609,2207.563118
23412.49609,2207.563287
23413.49609,2207.56295
23414.49609,2207.56615
23415.49609,2207.561602
23416.49609,2207.562444
23417.49609,2207.56295
23418.49609,2207.561602
23419.49609,2207.562444
23420.49609,2207.561266
23421.49609,2207.563623
23422.49609,2207.562444
23423.49609,2207.562613
23424.49609,2207.564297
23425.49609,2207.565139
23426.49609,2207.562108
23427.49609,2207.564971
23428.49609,2207.56295
23429.49609,2207.563455
23430.5,2207.564802
23431.5,2207.56295
23432.5,2207.563287
23433.5,2207.564466
23434.5,2207.564466
23435.50391,2207.564971
23436.50391,2207.564971
23437.50391,2207.565813
23438.50391,2207.566487
23439.50391,2207.564634
23440.50391,2207.56396
23441.50391,2207.561771
23442.50391,2207.563455
23443.50391,2207.563287
23444.50391,2207.561602
23445.50391,2207.561771
23446.50391,2207.565139
23447.50781,2207.562108
23448.50781,2207.56396
23449.50391,2207.564466
23450.50781,2207.562444
23451.50781,2207.563623
23452.50781,2207.56295
23453.50781,2207.562444
23454.50781,2207.562108
23455.50781,2207.562444
23456.50781,2207.562276
23457.50781,2207.560592
23458.51172,2207.563455
23459.51172,2207.56295
23460.51172,2207.563623
23461.51172,2207.56295
23462.50781,2207.561602
23463.51172,2207.561097
23464.51172,2207.560255
23465.50781,2207.560423
23466.51172,2207.563792
23467.51172,2207.562108
23468.51172,2207.560929
23469.51172,2207.560592
23470.51172,2207.562444
23471.51172,2207.563118
23472.51172,2207.560592
23473.51172,2207.561939
23474.51172,2207.561939
23475.51172,2207.561939
23476.51172,2207.565139
23477.51172,2207.562276
23478.51563,2207.563792
23479.51563,2207.562613
23480.51172,2207.563287
23481.51563,2207.565139
23482.51172,2207.563623
23483.51563,2207.562108
23484.51172,2207.56295
23485.51563,2207.562108
23486.51563,2207.563455
23487.51563,2207.561939
23488.51563,2207.56396
23489.51563,2207.563455
23490.51563,2207.564971
23491.51563,2207.562108
23492.51563,2207.564466
23493.51563,2207.562613
23494.51953,2207.563792
23495.51953,2207.563455
23496.51953,2207.562444
23497.51953,2207.563287
23498.51953,2207.563623
23499.51953,2207.565139
23500.51953,2207.564466
23501.51953,2207.564634
23502.52344,2207.563118
23503.52344,2207.564971
23504.51953,2207.562613
23505.52344,2207.563287
23506.52344,2207.562276
23507.52344,2207.563287
23508.51953,2207.560592
23509.51953,2207.565308
23510.51953,2207.564634
23511.52344,2207.562613
23512.52344,2207.565476
23513.52344,2207.562444
23514.51953,2207.563287
23515.52344,2207.562444
23516.51953,2207.562108
23517.52344,2207.563455
23518.52344,2207.56295
23519.51953,2207.561939
23520.52344,2207.562613
23521.52344,2207.560255
23522.52344,2207.562613
23523.52344,2207.560255
23524.52344,2207.56615
23525.52344,2207.564634
23526.51953,2207.563287
23527.52344,2207.564971
23528.52344,2207.563455
23529.52344,2207.561097
23530.52344,2207.56076
23531.52344,2207.561939
23532.52344,2207.561771
23533.52344,2207.561771
23534.52344,2207.561602
23535.52344,2207.563118
23536.52344,2207.565308
23537.52344,2207.561771
23538.52344,2207.565476
23539.52344,2207.563792
23540.52344,2207.564802
23541.52344,2207.565308
23542.52344,2207.56396
23543.52344,2207.563792
23544.52344,2207.563118
23545.52344,2207.564634
23546.52344,2207.561771
23547.52344,2207.564634
23548.52344,2207.56295
23549.52344,2207.56295
23550.52734,2207.560929
23551.52344,2207.56295
23552.52344,2207.561939
23553.52344,2207.563455
23554.52344,2207.56076
23555.52734,2207.561602
23556.52734,2207.562108
23557.52734,2207.563623
23558.52734,2207.563118
23559.52734,2207.563623
23560.52734,2207.562444
23561.52734,2207.56396
23562.52734,2207.56396
23563.52734,2207.563118
23564.52734,2207.563455
23565.52734,2207.562108
23566.52734,2207.55975
23567.52734,2207.563287
23568.52734,2207.56396
23569.53125,2207.563118
23570.52734,2207.56295
23571.52734,2207.55975
23572.53125,2207.563118
23573.52734,2207.561939
23574.53125,2207.562108
23575.53125,2207.562613
23576.52734,2207.562276
23577.52734,2207.561939
23578.53125,2207.563287
23579.53125,2207.563287
23580.52734,2207.561939
23581.53125,2207.561771
23582.53125,2207.563287
23583.53125,2207.561602
23584.53125,2207.563287
23585.52734,2207.562613
23586.53125,2207.56295
23587.53125,2207.561771
23588.53125,2207.56396
23589.53125,2207.563287
23590.53125,2207.562108
23591.53125,2207.565139
23592.53125,2207.563287
23593.53125,2207.562613
23594.53125,2207.563623
23595.53125,2207.561939
23596.52734,2207.563287
23597.52734,2207.563287
23598.53125,2207.562613
23599.53125,2207.56295
23600.53516,2207.562108
23601.53516,2207.56295
23602.53125,2207.563455
23603.53125,2207.562613
23604.53125,2207.563287
23605.53516,2207.563118
23606.53516,2207.56295
23607.53516,2207.563792
23608.53516,2207.563455
23609.53516,2207.564466
23610.53906,2207.561602
23611.53516,2207.562276
23612.53906,2207.565813
23613.53906,2207.563792
23614.53906,2207.564297
23615.53906,2207.562276
23616.53906,2207.562444
23617.53906,2207.561602
23618.53906,2207.561771
23619.53906,2207.561602
23620.53906,2207.564466
23621.53906,2207.560929
23622.54297,2207.562613
23623.54297,2207.560592
23624.53906,2207.562444
23625.54297,2207.561939
23626.53906,2207.561939
23627.53906,2207.562444
23628.53906,2207.561939
23629.53906,2207.561266
23630.54297,2207.563287
23631.54297,2207.563287
23632.54297,2207.560929
23633.54297,2207.561939
23634.54297,2207.561602
23635.54297,2207.560592
23636.54297,2207.562276
23637.54297,2207.561266
23638.54297,2207.563287
23639.54688,2207.563455
23640.54297,2207.561939
23641.54297,2207.562276
23642.54688,2207.563455
23643.54297,2207.56396
23644.54688,2207.562108
23645.54297,2207.563455
23646.54688,2207.566318
23647.54297,2207.563623
23648.54688,2207.565139
23649.54688,2207.56396
23650.54688,2207.563455
23651.54688,2207.564297
23652.54688,2207.563792
23653.54688,2207.563287
23654.54688,2207.564297
23655.54688,2207.563623
23656.55078,2207.561097
23657.55078,2207.56295
23658.54688,2207.562276
23659.55078,2207.561939
23660.54688,2207.561939
23661.55078,2207.561939
23662.55078,2207.560929
23663.54688,2207.563287
23664.54688,2207.561771
23665.54688,2207.561602
23666.54688,2207.562108
23667.54688,2207.55975
23668.54688,2207.562276
23669.55078,2207.56076
23670.55078,2207.561771
23671.55078,2207.561266
23672.55078,2207.563792
23673.55078,2207.560929
23674.55078,2207.562444
23675.55078,2207.561771
23676.55078,2207.562276
23677.55078,2207.563792
23678.54688,2207.56295
23679.55078,2207.561266
23680.55078,2207.562108
23681.55078,2207.561602
23682.54688,2207.562276
23683.55078,2207.560255
23684.55078,2207.562108
23685.55078,2207.563623
23686.55078,2207.560929
23687.55469,2207.563287
23688.55469,2207.56076
23689.55078,2207.563118
23690.55078,2207.564466
23691.55078,2207.562108
23692.55078,2207.56076
23693.55078,2207.561771
23694.55078,2207.562276
23695.55078,2207.564297
23696.55078,2207.563118
23697.55469,2207.561266
23698.55469,2207.563792
23699.55078,2207.562613
23700.55469,2207.564634
23701.55469,2207.564971
23702.55469,2207.563623
23703.55859,2207.56396
23704.55469,2207.563455
23705.55469,2207.564971
23706.55469,2207.562108
23707.55469,2207.56295
23708.55469,2207.561602
23709.55859,2207.561771
23710.55469,2207.561771
23711.55859,2207.562613
23712.55859,2207.563455
23713.55859,2207.56295
23714.55859,2207.561939
23715.55859,2207.563287
23716.55859,2207.564802
23717.55859,2207.562444
23718.55859,2207.561939
23719.55859,2207.56396
23720.55859,2207.564466
23721.55859,2207.562108
23722.55859,2207.562613
23723.55859,2207.566318
23724.55859,2207.563287
23725.5625,2207.563455
23726.55859,2207.562613
23727.55859,2207.564466
23728.55859,2207.564297
23729.5625,2207.562276
23730.5625,2207.56295
23731.5625,2207.563118
23732.5625,2207.562613
23733.5625,2207.561771
23734.55859,2207.562444
23735.5625,2207.562613
23736.5625,2207.563118
23737.55859,2207.562444
23738.55859,2207.563623
23739.55859,2207.564297
23740.5625,2207.561939
23741.5625,2207.563455
23742.5625,2207.564297
23743.5625,2207.563623
23744.5625,2207.563118
23745.5625,2207.561771
23746.5625,2207.564466
23747.5625,2207.563455
23748.5625,2207.563455
23749.5625,2207.563118
23750.5625,2207.562444
23751.5625,2207.565308
23752.5625,2207.563792
23753.5625,2207.563455
23754.56641,2207.564297
23755.5625,2207.56396
23756.5625,2207.56396
23757.5625,2207.563623
23758.5625,2207.564802
23759.5625,2207.56396
23760.5625,2207.563792
23761.56641,2207.565476
23762.56641,2207.56396
23763.56641,2207.56396
23764.56641,2207.564466
23765.56641,2207.563623
23766.56641,2207.562276
23767.56641,2207.564971
23768.56641,2207.563792
23769.56641,2207.56295
23770.56641,2207.563455
23771.56641,2207.56396
23772.56641,2207.564466
23773.56641,2207.564634
23774.56641,2207.563623
23775.56641,2207.563118
23776.56641,2207.561602
23777.56641,2207.565476
23778.56641,2207.564466
23779.56641,2207.565476
23780.57031,2207.564297
23781.56641,2207.566992
23782.56641,2207.565139
23783.56641,2207.563118
23784.56641,2207.564634
23785.56641,2207.564634
23786.56641,2207.563118
23787.56641,2207.562108
23788.56641,2207.564802
23789.56641,2207.563623
23790.57031,2207.561939
23791.57031,2207.562613
23792.57031,2207.563792
23793.57031,2207.562444
23794.57031,2207.564802
23795.56641,2207.564802
23796.56641,2207.564802
23797.57031,2207.562613
23798.57031,2207.563455
23799.57031,2207.563287
23800.57031,2207.56076
23801.57031,2207.563792
23802.57422,2207.562444
23803.57031,2207.563623
23804.57422,2207.562108
23805.57422,2207.561939
23806.57422,2207.563455
23807.57422,2207.562108
23808.57422,2207.562613
23809.57422,2207.563623
23810.57422,2207.563287
23811.57422,2207.561266
23812.57813,2207.564297
23813.57813,2207.563287
23814.57813,2207.562108
23815.57813,2207.56295
23816.57813,2207.564466
23817.57813,2207.56396
23818.57813,2207.562276
23819.57813,2207.565981
23820.57813,2207.561939
23821.57813,2207.563455
23822.57813,2207.564971
23823.57813,2207.56396
23824.57813,2207.561097
23825.57813,2207.560929
23826.58203,2207.564634
23827.58203,2207.562108
23828.57813,2207.563287
23829.57813,2207.563792
23830.58203,2207.561771
23831.58203,2207.562276
23832.57813,2207.562444
23833.58203,2207.561939
23834.57813,2207.561602
23835.58203,2207.561097
23836.57813,2207.562444
23837.58203,2207.564297
23838.58203,2207.564802
23839.58203,2207.564297
23840.58203,2207.563287
23841.58203,2207.563623
23842.58203,2207.56295
23843.58203,2207.56295
23844.58203,2207.564297
23845.58203,2207.563792
23846.58203,2207.563792
23847.58203,2207.561939
23848.58203,2207.56295
23849.58203,2207.564802
23850.58203,2207.564297
23851.58203,2207.564971
23852.58203,2207.563792
23853.58203,2207.561097
23854.58203,2207.563287
23855.58594,2207.563623
23856.58203,2207.562276
23857.58203,2207.562613
23858.58203,2207.564466
23859.58203,2207.563623
23860.58594,2207.563792
23861.58594,2207.564634
23862.58594,2207.563623
23863.58594,2207.566487
23864.58594,2207.562613
23865.58594,2207.563455
23866.58594,2207.563623
23867.58594,2207.562276
23868.58984,2207.563792
23869.58594,2207.564297
23870.58594,2207.560929
23871.58984,2207.561939
23872.58594,2207.562444
23873.58594,2207.560592
23874.58594,2207.562276
23875.58594,2207.560929
23876.58984,2207.562613
23877.58984,2207.563792
23878.58984,2207.559581
23879.58594,2207.561771
23880.58594,2207.563623
23881.58984,2207.563455
23882.59375,2207.563455
23883.59375,2207.56396
23884.58984,2207.564634
23885.58984,2207.565813
23886.58984,2207.564466
23887.58984,2207.566992
23888.58984,2207.563623
23889.58984,2207.56396
23890.58984,2207.561771
23891.58984,2207.563118
23892.59375,2207.563455
23893.58984,2207.562276
23894.58984,2207.563118
23895.58984,2207.562444
23896.58984,2207.563455
23897.59375,2207.563623
23898.58984,2207.564802
23899.59375,2207.56396
23900.59375,2207.563623
23901.59375,2207.564971
23902.59375,2207.561602
23903.59375,2207.563287
23904.59375,2207.562613
23905.59375,2207.562276
23906.59375,2207.564466
23907.59375,2207.563623
23908.59375,2207.563118
23909.59375,2207.564297
23910.59375,2207.563792
23911.59375,2207.56396
23912.59375,2207.563287
23913.59766,2207.563623
23914.59766,2207.562613
23915.59766,2207.563792
23916.59766,2207.562276
23917.59766,2207.562444
23918.59766,2207.56396
23919.59766,2207.563287
23920.59766,2207.562444
23921.59766,2207.565308
23922.59766,2207.564466
23923.60156,2207.564971
23924.59766,2207.563455
23925.59766,2207.563455
23926.59766,2207.563792
23927.60156,2207.563455
23928.60156,2207.565476
23929.59766,2207.564466
23930.59766,2207.564297
23931.60156,2207.563455
23932.59766,2207.564466
23933.60156,2207.564297
23934.60156,2207.560929
23935.59766,2207.56295
23936.59766,2207.561266
23937.60156,2207.563118
23938.60156,2207.563623
23939.59766,2207.565308
23940.60156,2207.563792
23941.60156,2207.563623
23942.60156,2207.563118
23943.60156,2207.562108
23944.60156,2207.564634
23945.60156,2207.563455
23946.60156,2207.564971
23947.60156,2207.565476
23948.60156,2207.56295
23949.60156,2207.564297
23950.60156,2207.565308
23951.60547,2207.56295
23952.60547,2207.563792
23953.60547,2207.56295
23954.60547,2207.563623
23955.60547,2207.562613
23956.60547,2207.563118
23957.60547,2207.563287
23958.60547,2207.562444
23959.60547,2207.562276
23960.60547,2207.563623
23961.60547,2207.564297
23962.60547,2207.563792
23963.60547,2207.562108
23964.60547,2207.563287
23965.60547,2207.563287
23966.60547,2207.563792
23967.60938,2207.564466
23968.60938,2207.563623
23969.60547,2207.562276
23970.60938,2207.561602
23971.60938,2207.563455
23972.60547,2207.563287
23973.60938,2207.563623
23974.60938,2207.564634
23975.60938,2207.563792
23976.60938,2207.562613
23977.60547,2207.563792
23978.60938,2207.561602
23979.60938,2207.562613
23980.60938,2207.56396
23981.60938,2207.562613
23982.60938,2207.564971
23983.60938,2207.563118
23984.60547,2207.564466
23985.60938,2207.564297
23986.61328,2207.564466
23987.60938,2207.564971
23988.60938,2207.563792
23989.60938,2207.562613
23990.60938,2207.564297
23991.61328,2207.563118
23992.60938,2207.565476
23993.61328,2207.562108
23994.60938,2207.563792
23995.60938,2207.56295
23996.60938,2207.562276
23997.60938,2207.561097
23998.60938,2207.56295
23999.61328,2207.562276
24000.60938,2207.562444
24001.61328,2207.561097
24002.61328,2207.564971
24003.61719,2207.563118
24004.61328,2207.565813
24005.61328,2207.563287
24006.61328,2207.56396
24007.61328,2207.564466
24008.61328,2207.563455
24009.61328,2207.562444
24010.61328,2207.564634
24011.61328,2207.56076
24012.61328,2207.561602
24013.61328,2207.563623
24014.61328,2207.560929
24015.61328,2207.560929
24016.61719,2207.561097
24017.61328,2207.560255
24018.61328,2207.563118
24019.61328,2207.563118
24020.61328,2207.563623
24021.61328,2207.559581
24022.61328,2207.561266
24023.61328,2207.564297
24024.61328,2207.560592
24025.61719,2207.56295
24026.61719,2207.563287
24027.61719,2207.562276
24028.61719,2207.564466
24029.61719,2207.562276
24030.61719,2207.561266
24031.61719,2207.563118
24032.61719,2207.562108
24033.61719,2207.565308
24034.61719,2207.562613
24035.62109,2207.563118
24036.61719,2207.562613
24037.61719,2207.559581
24038.62109,2207.562276
24039.62109,2207.56295
24040.62109,2207.562444
24041.62109,2207.56396
24042.62109,2207.562108
24043.62109,2207.562444
24044.62109,2207.564466
24045.62109,2207.561097
24046.62109,2207.563118
24047.62109,2207.562613
24048.61719,2207.562444
24049.62109,2207.564971
24050.62109,2207.562108
24051.62109,2207.563623
24052.62109,2207.563792
24053.62109,2207.564297
24054.625,2207.563792
24055.62109,2207.564466
24056.62109,2207.562613
24057.62109,2207.562276
24058.62109,2207.565476
24059.625,2207.561939
24060.625,2207.563792
24061.625,2207.563118
24062.625,2207.563792
24063.62891,2207.565139
24064.625,2207.563118
24065.625,2207.56396
24066.625,2207.564802
24067.62891,2207.565476
24068.625,2207.563118
24069.62891,2207.56396
24070.62891,2207.562613
24071.62891,2207.561939
24072.62891,2207.564297
24073.62891,2207.562276
24074.63281,2207.566487
24075.63281,2207.564634
24076.63281,2207.562276
24077.63281,2207.563623
24078.63281,2207.565981
24079.63281,2207.563792
24080.62891,2207.56396
24081.63281,2207.564297
24082.63281,2207.562444
24083.63281,2207.563287
24084.63281,2207.563623
24085.63281,2207.563455
24086.63672,2207.562276
24087.63672,2207.562613
24088.63672,2207.56295
24089.63281,2207.561939
24090.63672,2207.564802
24091.63281,2207.563287
24092.63281,2207.562444
24093.63672,2207.56295
24094.63281,2207.564634
24095.63672,2207.564802
24096.63281,2207.562444
24097.63281,2207.563455
24098.63672,2207.564297
24099.63281,2207.56396
24100.63672,2207.562444
24101.63672,2207.561771
24102.63281,2207.563455
24103.63281,2207.560592
24104.63281,2207.56396
24105.63281,2207.562613
24106.63672,2207.564297
24107.63672,2207.562613
24108.63672,2207.561097
24109.63672,2207.561602
24110.63281,2207.564297
24111.63672,2207.563455
24112.63672,2207.560929
24113.63672,2207.56295
24114.63672,2207.562108
24115.63672,2207.563623
24116.63672,2207.56295
24117.63672,2207.563623
24118.63672,2207.563623
24119.63672,2207.561771
24120.63672,2207.561939
24121.63672,2207.563792
24122.63672,2207.563118
24123.63672,2207.564802
24124.63672,2207.561602
24125.63672,2207.563455
24126.63672,2207.560929
24127.64063,2207.562613
24128.64063,2207.561939
24129.63672,2207.561771
24130.64063,2207.56295
24131.64063,2207.561939
24132.64063,2207.564971
24133.64063,2207.561602
24134.64063,2207.564971
24135.64063,2207.561602
24136.64453,2207.564297
24137.64453,2207.563623
24138.64453,2207.561602
24139.64453,2207.56396
24140.64453,2207.561771
24141.64453,2207.563792
24142.64453,2207.564297
24143.64453,2207.564802
24144.64453,2207.562613
24145.64453,2207.564466
24146.64453,2207.564634
24147.64844,2207.563455
24148.64453,2207.563287
24149.64844,2207.564466
24150.64844,2207.563118
24151.64844,2207.562444
24152.64844,2207.563118
24153.64844,2207.562108
24154.64844,2207.562276
24155.64844,2207.563792
24156.64844,2207.565308
24157.64844,2207.563455
24158.64844,2207.565476
24159.64844,2207.565308
24160.65234,2207.564802
24161.65234,2207.562613
24162.65234,2207.563623
24163.65234,2207.562276
24164.65234,2207.563118
24165.64844,2207.563118
24166.65234,2207.562276
24167.65234,2207.561097
24168.65234,2207.562613
24169.65234,2207.561602
24170.65234,2207.563287
24171.65234,2207.563792
24172.65234,2207.563118
24173.65234,2207.561602
24174.65234,2207.563118
24175.65234,2207.565139
24176.65234,2207.562444
24177.65234,2207.563792
24178.65234,2207.563792
24179.65234,2207.56396
24180.65234,2207.565139
24181.65234,2207.563792
24182.65234,2207.562613
24183.65234,2207.564802
24184.65234,2207.563287
24185.65234,2207.562613
24186.65234,2207.56396
24187.65234,2207.56295
24188.65625,2207.563792
24189.65625,2207.56295
24190.65625,2207.564802
24191.65625,2207.562613
24192.65625,2207.564297
24193.65625,2207.565308
24194.65625,2207.564634
24195.65625,2207.56396
24196.65625,2207.565308
24197.65625,2207.564802
24198.65625,2207.56295
24199.65625,2207.561939
24200.65625,2207.565308
24201.65625,2207.564297
24202.65625,2207.564802
24203.65625,2207.564297
24204.65625,2207.562613
24205.65625,2207.566487
24206.66016,2207.565139
24207.65625,2207.563118
24208.65625,2207.564971
24209.65625,2207.563455
24210.65625,2207.562613
24211.65625,2207.56295
24212.65625,2207.566318
24213.65625,2207.56396
24214.66016,2207.56396
24215.65625,2207.56615
24216.66016,2207.564297
24217.66016,2207.565476
24218.66016,2207.563623
24219.66016,2207.56295
24220.66406,2207.564802
24221.66016,2207.562108
24222.66016,2207.564802
24223.66016,2207.563287
24224.66406,2207.564297
24225.66406,2207.56295
24226.66406,2207.563287
24227.66406,2207.564466
24228.66016,2207.564802
24229.66016,2207.565308
24230.66016,2207.565139
24231.66406,2207.566318
24232.66406,2207.563287
24233.66406,2207.563792
24234.66406,2207.564802
24235.66406,2207.563455
24236.66406,2207.563287
24237.66797,2207.56295
24238.66406,2207.564802
24239.66406,2207.564466
24240.66406,2207.56295
24241.66406,2207.56396
24242.66406,2207.564634
24243.66406,2207.564802
24244.66406,2207.564634
24245.66406,2207.56396
24246.66406,2207.563792
24247.66406,2207.564466
24248.66406,2207.565308
24249.66406,2207.564297
24250.66406,2207.564634
24251.66406,2207.56396
24252.66797,2207.562613
24253.66797,2207.565981
24254.66406,2207.564634
24255.66406,2207.563792
24256.66406,2207.562108
24257.66797,2207.565139
24258.66406,2207.565139
24259.66797,2207.564971
24260.66797,2207.564634
24261.66406,2207.563792
24262.66406,2207.564971
24263.66797,2207.564971
24264.66406,2207.562108
24265.66406,2207.564466
24266.66797,2207.565139
24267.66406,2207.562108
24268.66797,2207.56396
24269.66406,2207.562613
24270.66797,2207.562444
24271.66797,2207.563792
24272.66797,2207.564634
24273.66797,2207.565813
24274.66797,2207.563455
24275.66797,2207.565139
24276.66797,2207.563455
24277.66797,2207.56396
24278.66797,2207.561266
24279.67188,2207.562613
24280.66797,2207.56295
24281.67188,2207.56295
24282.67188,2207.562613
24283.67188,2207.564634
24284.67188,2207.563118
24285.67188,2207.56396
24286.67188,2207.564466
24287.66797,2207.56396
24288.66797,2207.563623
24289.67188,2207.565476
24290.66797,2207.563455
24291.67188,2207.563118
24292.67188,2207.564466
24293.67188,2207.563455
24294.67188,2207.563118
24295.67188,2207.564802
24296.67188,2207.563792
24297.67578,2207.564297
24298.67188,2207.561771
24299.67188,2207.563792
24300.67188,2207.56396
24301.67188,2207.564297
24302.67578,2207.564297
24303.67188,2207.563118
24304.67188,2207.56295
24305.67188,2207.563287
24306.67188,2207.563623
24307.67188,2207.562444
24308.67578,2207.562613
24309.67188,2207.56396
24310.67578,2207.561602
24311.67578,2207.564297
24312.67578,2207.563118
24313.67578,2207.56295
24314.67578,2207.562444
24315.67578,2207.564634
24316.67578,2207.562444
24317.67578,2207.564634
24318.67578,2207.563287
24319.67578,2207.56615
24320.67578,2207.56295
24321.67578,2207.561771
24322.67578,2207.561939
24323.67969,2207.561771
24324.67578,2207.563792
24325.67578,2207.563792
24326.67578,2207.563792
24327.67578,2207.56396
24328.67578,2207.564971
24329.67969,2207.563118
24330.67969,2207.56295
24331.67578,2207.561602
24332.67578,2207.562276
24333.68359,2207.564634
24334.67969,2207.564297
24335.67969,2207.564297
24336.67969,2207.563455
24337.67969,2207.563792
24338.67969,2207.561097
24339.68359,2207.564634
24340.68359,2207.56295
24341.67969,2207.565476
24342.67969,2207.563455
24343.68359,2207.56396
24344.68359,2207.563792
24345.68359,2207.566318
24346.68359,2207.563455
24347.68359,2207.562444
24348.68359,2207.562613
24349.68359,2207.563118
24350.6875,2207.565139
24351.68359,2207.563455
24352.68359,2207.561097
24353.68359,2207.565981
24354.68359,2207.564297
24355.68359,2207.564297
24356.68359,2207.564802
24357.68359,2207.561939
24358.68359,2207.563455
24359.68359,2207.562444
24360.68359,2207.563623
24361.68359,2207.562613
24362.68359,2207.561939
24363.68359,2207.561602
24364.68359,2207.56295
24365.68359,2207.562108
24366.68359,2207.561771
24367.68359,2207.56295
24368.6875,2207.563118
24369.6875,2207.563792
24370.6875,2207.561266
24371.6875,2207.564634
24372.6875,2207.563118
24373.6875,2207.564466
24374.6875,2207.564802
24375.6875,2207.565981
24376.6875,2207.563792
24377.6875,2207.564297
24378.6875,2207.564802
24379.6875,2207.563455
24380.6875,2207.564802
24381.6875,2207.56396
24382.6875,2207.564466
24383.69141,2207.563792
24384.69141,2207.561939
24385.69141,2207.562613
24386.69141,2207.564634
24387.69141,2207.563118
24388.69141,2207.563455
24389.69531,2207.564971
24390.69531,2207.564466
24391.69531,2207.562444
24392.69531,2207.561602
24393.69531,2207.564802
24394.69531,2207.562613
24395.69531,2207.560929
24396.69531,2207.563287
24397.69922,2207.56396
24398.69531,2207.562613
24399.69531,2207.564802
24400.69922,2207.564466
24401.69531,2207.564297
24402.69531,2207.563623
24403.69531,2207.565981
24404.69922,2207.563623
24405.69922,2207.562108
24406.69531,2207.562276
24407.69922,2207.563623
24408.69922,2207.562444
24409.69922,2207.562444
24410.69922,2207.564297
24411.69922,2207.563455
24412.70313,2207.562444
24413.69922,2207.564802
24414.69922,2207.563118
24415.70313,2207.563287
24416.70313,2207.563792
24417.70313,2207.561602
24418.69922,2207.563623
24419.70313,2207.562613
24420.69922,2207.563287
24421.69922,2207.563792
24422.69922,2207.563623
24423.69922,2207.561771
24424.70313,2207.561602
24425.69922,2207.564297
24426.69922,2207.562276
24427.69922,2207.561266
24428.70313,2207.562613
24429.69922,2207.562444
24430.70313,2207.563118
24431.69922,2207.562613
24432.70313,2207.563118
24433.69922,2207.564634
24434.70313,2207.56396
24435.70313,2207.562276
24436.69922,2207.562276
24437.70313,2207.563118
24438.70313,2207.563623
24439.69922,2207.56396
24440.70313,2207.564971
24441.70313,2207.565139
24442.70313,2207.564297
24443.69922,2207.564466
24444.70313,2207.563287
24445.70313,2207.565139
24446.70313,2207.562444
24447.70313,2207.562276
24448.70313,2207.562276
24449.70313,2207.562444
24450.70313,2207.561602
24451.70313,2207.563118
24452.70313,2207.564466
24453.70313,2207.562444
24454.70313,2207.562108
24455.70313,2207.564802
24456.70313,2207.561266
24457.70703,2207.561939
24458.70703,2207.563623
24459.70703,2207.564971
24460.70313,2207.56295
24461.70313,2207.562444
24462.70313,2207.562276
24463.70703,2207.562613
24464.70703,2207.562276
24465.70703,2207.563455
24466.70703,2207.562276
24467.70703,2207.562276
24468.70703,2207.562613
24469.70703,2207.563455
24470.70703,2207.562444
24471.70703,2207.56396
24472.71094,2207.56076
24473.70703,2207.560255
24474.70703,2207.56396
24475.71094,2207.564971
24476.71094,2207.562108
24477.71094,2207.563287
24478.71094,2207.565139
24479.71094,2207.566487
24480.71094,2207.561771
24481.71094,2207.564297
24482.71484,2207.565476
24483.71484,2207.564802
24484.71484,2207.56295
24485.71484,2207.564971
24486.71484,2207.563118
24487.71484,2207.563118
24488.71484,2207.565308
24489.71484,2207.563455
24490.71484,2207.564466
24491.71484,2207.563623
24492.71484,2207.565308
24493.71875,2207.562613
24494.71875,2207.563118
24495.71484,2207.563792
24496.71875,2207.561939
24497.71875,2207.562276
24498.72266,2207.563118
24499.72266,2207.564466
24500.72266,2207.563118
24501.72266,2207.562613
24502.72266,2207.562613
24503.72266,2207.564634
24504.72266,2207.561266
24505.72266,2207.563118
24506.72266,2207.562108
24507.72266,2207.56295
24508.72266,2207.563455
24509.72266,2207.563623
24510.72266,2207.56295
24511.72266,2207.563623
24512.72266,2207.563118
24513.72266,2207.561602
24514.72266,2207.563792
24515.72266,2207.562444
24516.72266,2207.564297
24517.72266,2207.563623
24518.72656,2207.562276
24519.72656,2207.562276
24520.72656,2207.563623
24521.72656,2207.563287
24522.72656,2207.565476
24523.72656,2207.564802
24524.72266,2207.563287
24525.72656,2207.565308
24526.72656,2207.563287
24527.72656,2207.565813
24528.72656,2207.565813
24529.72656,2207.564466
24530.72656,2207.564802
24531.72656,2207.564802
24532.72656,2207.561939
24533.72656,2207.564466
24534.72656,2207.564971
24535.72656,2207.56615
24536.72656,2207.56615
24537.73047,2207.564466
24538.72656,2207.565308
24539.73047,2207.564634
24540.72656,2207.563623
24541.72656,2207.562444
24542.72656,2207.56295
24543.72656,2207.566487
24544.72656,2207.56396
24545.73047,2207.565476
24546.72656,2207.564297
24547.73047,2207.56396
24548.72656,2207.564297
24549.72656,2207.564634
24550.72656,2207.562108
24551.73047,2207.563792
24552.73047,2207.563623
24553.72656,2207.563287
24554.73047,2207.562108
24555.73047,2207.563287
24556.73047,2207.563287
24557.73047,2207.562276
24558.73047,2207.56295
24559.73047,2207.56295
24560.73047,2207.562108
24561.73047,2207.562276
24562.73047,2207.563287
24563.73047,2207.562613
24564.73047,2207.565139
24565.73438,2207.564634
24566.73047,2207.561939
24567.73047,2207.562613
24568.73047,2207.56396
24569.73438,2207.564802
24570.73047,2207.562613
24571.73047,2207.563455
24572.73438,2207.564466
24573.73047,2207.563287
24574.73047,2207.563455
24575.73047,2207.56396
24576.73047,2207.562613
24577.73047,2207.564971
24578.73047,2207.561602
24579.73047,2207.56295
24580.73047,2207.565813
24581.73047,2207.560929
24582.73047,2207.563623
24583.73438,2207.561266
24584.73047,2207.561097
24585.73438,2207.562108
24586.73438,2207.564634
24587.73047,2207.565476
24588.73047,2207.564802
24589.73047,2207.562108
24590.73047,2207.563118
24591.73438,2207.561602
24592.73047,2207.56295
24593.73047,2207.565308
24594.73047,2207.564297
24595.73438,2207.561602
24596.73047,2207.561771
24597.73438,2207.564466
24598.73438,2207.563287
24599.73438,2207.56396
24600.73438,2207.56295
24601.73438,2207.564466
24602.73438,2207.563118
24603.73438,2207.561939
24604.73828,2207.563623
24605.73828,2207.562613
24606.73828,2207.561771
24607.73828,2207.563118
24608.73438,2207.562613
24609.73438,2207.562613
24610.73438,2207.563287
24611.73438,2207.562108
24612.73828,2207.56076
24613.73438,2207.564297
24614.73828,2207.562613
24615.73828,2207.561771
24616.73438,2207.56295
24617.73828,2207.56295
24618.73828,2207.562108
24619.73438,2207.561939
24620.73438,2207.563792
24621.73438,2207.563118
24622.73828,2207.563118
24623.73438,2207.56396
24624.73828,2207.563455
24625.73828,2207.564802
24626.73828,2207.564802
24627.73828,2207.566487
24628.73828,2207.564466
24629.73828,2207.563792
24630.73828,2207.56396
24631.73828,2207.563792
24632.73828,2207.563623
24633.73828,2207.563792
24634.73828,2207.563623
24635.73828,2207.562613
24636.73828,2207.563455
24637.73828,2207.562613
24638.73828,2207.562613
24639.73828,2207.560929
24640.73828,2207.561602
24641.73828,2207.562444
24642.74219,2207.561939
24643.73828,2207.562444
24644.73828,2207.562444
24645.74219,2207.561939
24646.74219,2207.562108
24647.74219,2207.563118
24648.74219,2207.561771
24649.74219,2207.562276
24650.74219,2207.562108
24651.74219,2207.563623
24652.74219,2207.562444
24653.74219,2207.563455
24654.74219,2207.562444
24655.74219,2207.562444
24656.74219,2207.562613
24657.74219,2207.562444
24658.74219,2207.562444
24659.74219,2207.562613
24660.74219,2207.561771
24661.74219,2207.563287
24662.74609,2207.563792
24663.74219,2207.56076
24664.74609,2207.563455
24665.74609,2207.56295
24666.74609,2207.563623
24667.74609,2207.561771
24668.74609,2207.564802
24669.74609,2207.562108
24670.74609,2207.562444
24671.74609,2207.563792
24672.74609,2207.562444
24673.74609,2207.56396
24674.74609,2207.563455
24675.74609,2207.562444
24676.74609,2207.563792
24677.74609,2207.56396
24678.74609,2207.563118
24679.75,2207.56295
24680.75,2207.563118
24681.74609,2207.561266
24682.74609,2207.564802
24683.75,2207.561939
24684.74609,2207.56396
24685.74609,2207.562444
24686.74609,2207.562613
24687.75,2207.563455
24688.75,2207.562444
24689.74609,2207.56396
24690.74609,2207.562613
24691.74609,2207.563287
24692.74609,2207.564634
24693.75,2207.564297
24694.74609,2207.562108
24695.74609,2207.562276
24696.75,2207.563792
24697.74609,2207.564634
24698.75,2207.563455
24699.75,2207.56396
24700.75,2207.562444
24701.74609,2207.561771
24702.74609,2207.565813
24703.75,2207.564802
24704.75,2207.56295
24705.75,2207.563623
24706.75,2207.563623
24707.75,2207.56396
24708.75,2207.563287
24709.75,2207.564297
24710.75,2207.563287
24711.75391,2207.561266
24712.75,2207.563287
24713.75,2207.563623
24714.75,2207.563792
24715.75,2207.565476
24716.75391,2207.563118
24717.75391,2207.56396
24718.75391,2207.563287
24719.75,2207.560592
24720.75391,2207.563118
24721.75391,2207.563623
24722.75391,2207.56076
24723.75391,2207.562276
24724.75391,2207.562444
24725.75391,2207.562613
24726.75391,2207.56295
24727.75391,2207.564466
24728.75781,2207.563623
24729.75391,2207.564297
24730.75391,2207.563792
24731.75391,2207.563792
24732.75391,2207.56295
24733.75391,2207.563118
24734.75781,2207.563623
24735.75781,2207.563455
24736.75781,2207.562613
24737.75781,2207.563287
24738.75781,2207.561602
24739.75781,2207.562444
24740.76172,2207.563118
24741.76172,2207.564466
24742.76172,2207.561266
24743.76172,2207.563118
24744.76172,2207.564971
24745.76172,2207.562276
24746.76172,2207.561939
24747.76563,2207.563792
24748.76172,2207.563287
24749.76563,2207.565308
24750.76563,2207.561097
24751.76563,2207.563455
24752.76563,2207.563792
24753.76172,2207.563455
24754.76172,2207.563455
24755.76172,2207.56396
24756.76563,2207.563287
24757.76563,2207.563287
24758.76563,2207.563792
24759.76563,2207.563792
24760.76563,2207.565813
24761.76563,2207.562108
24762.76563,2207.56396
24763.76563,2207.563118
24764.76563,2207.563287
24765.76563,2207.562613
24766.76563,2207.563792
24767.76563,2207.563118
24768.76563,2207.563118
24769.76563,2207.561602
24770.76563,2207.563287
24771.76563,2207.563792
24772.76953,2207.564297
24773.76953,2207.561097
24774.76563,2207.563118
24775.76953,2207.563287
24776.76563,2207.561939
24777.76953,2207.56396
24778.77344,2207.562613
24779.76953,2207.561266
24780.76953,2207.561097
24781.77344,2207.564802
24782.76953,2207.563792
24783.77344,2207.564634
24784.76953,2207.565476
24785.77344,2207.563623
24786.77344,2207.56295
24787.77344,2207.563455
24788.76953,2207.563623
24789.77344,2207.563455
24790.77344,2207.561771
24791.77344,2207.564297
24792.76953,2207.565308
24793.77344,2207.56396
24794.77344,2207.565981
24795.77344,2207.564802
24796.77344,2207.56295
24797.77344,2207.565476
24798.77344,2207.563287
24799.77344,2207.561266
24800.77344,2207.563287
24801.77344,2207.564297
24802.77344,2207.564466
24803.77344,2207.563623
24804.77344,2207.56396
24805.77344,2207.563287
24806.77344,2207.563623
24807.77344,2207.562276
24808.77344,2207.564634
24809.77344,2207.564297
24810.77344,2207.561771
24811.77344,2207.561266
24812.77344,2207.563455
24813.77344,2207.563455
24814.77344,2207.563455
24815.77344,2207.563623
24816.77344,2207.563623
24817.77734,2207.563287
24818.77344,2207.564297
24819.77344,2207.565981
24820.77344,2207.562444
24821.77344,2207.561939
24822.77344,2207.562108
24823.77344,2207.56396
24824.77344,2207.562276
24825.77734,2207.563287
24826.77344,2207.562276
24827.77344,2207.563287
24828.77344,2207.561266
24829.77344,2207.56396
24830.77344,2207.563118
24831.77734,2207.561602
24832.77734,2207.564297
24833.77734,2207.562444
24834.77734,2207.563118
24835.77734,2207.562444
24836.77344,2207.563287
24837.77734,2207.562613
24838.77734,2207.561771
24839.77344,2207.562108
24840.77734,2207.563118
24841.77344,2207.562613
24842.77734,2207.561771
24843.77734,2207.563118
24844.77734,2207.562444
24845.77734,2207.561771
24846.77734,2207.562613
24847.78125,2207.56295
24848.78125,2207.561939
24849.78125,2207.563792
24850.78125,2207.561266
24851.78125,2207.561939
24852.78125,2207.562108
24853.78125,2207.564634
24854.78125,2207.560592
24855.78125,2207.563455
24856.78125,2207.561602
24857.78125,2207.563792
24858.78125,2207.562444
24859.78516,2207.564297
24860.78516,2207.563455
24861.78516,2207.563792
24862.78516,2207.563118
24863.78516,2207.562613
24864.78906,2207.562276
24865.78516,2207.563455
24866.78516,2207.564634
24867.78906,2207.561602
24868.78906,2207.561097
24869.78906,2207.563287
24870.79297,2207.56295
24871.79297,2207.563118
24872.78906,2207.563455
24873.78906,2207.562444
24874.79297,2207.564634
24875.79297,2207.564802
24876.78906,2207.564634
24877.78906,2207.56396
24878.78906,2207.563623
24879.78906,2207.565476
24880.78906,2207.563455
24881.79297,2207.564971
24882.79297,2207.56295
24883.79297,2207.563623
24884.78906,2207.563287
24885.79297,2207.561939
24886.79297,2207.562444
24887.79297,2207.562276
24888.79297,2207.562276
24889.79297,2207.563287
24890.79297,2207.563455
24891.79297,2207.562444
24892.79297,2207.560255
24893.79297,2207.562444
24894.79297,2207.561266
24895.79297,2207.561266
24896.79297,2207.562444
24897.79297,2207.560087
24898.79297,2207.561602
24899.79297,2207.561939
24900.79688,2207.561771
24901.79297,2207.56076
24902.79297,2207.56396
24903.79688,2207.562276
24904.79297,2207.561939
24905.79297,2207.564802
24906.79688,2207.56295
24907.79297,2207.56396
24908.79688,2207.563623
24909.79688,2207.563287
24910.79688,2207.563623
24911.79297,2207.56295
24912.79688,2207.562444
24913.79688,2207.563287
24914.79688,2207.56396
24915.79688,2207.564297
24916.79688,2207.56295
24917.79688,2207.565813
24918.79688,2207.563792
24919.79688,2207.561602
24920.79688,2207.564971
24921.79688,2207.563287
24922.80078,2207.564466
24923.79688,2207.561939
24924.80078,2207.563287
24925.79688,2207.563118
24926.80078,2207.563287
24927.79688,2207.565308
24928.80078,2207.564971
24929.80078,2207.562108
24930.79688,2207.563118
24931.80078,2207.561939
24932.79688,2207.563792
24933.79688,2207.564634
24934.79688,2207.563792
24935.80078,2207.563455
24936.79688,2207.56295
24937.79688,2207.564802
24938.79688,2207.564466
24939.79688,2207.565308
24940.79688,2207.561939
24941.80078,2207.565476
24942.80078,2207.562613
24943.79688,2207.563792
24944.80078,2207.563792
24945.80078,2207.563118
24946.80078,2207.564634
24947.80078,2207.563118
24948.80078,2207.56396
24949.80078,2207.56396
24950.80078,2207.563287
24951.80078,2207.565476
24952.80078,2207.565813
24953.80469,2207.561939
24954.80469,2207.563118
24955.80078,2207.563792
24956.80469,2207.563287
24957.80469,2207.563118
24958.80469,2207.564466
24959.80469,2207.56295
24960.80469,2207.563623
24961.80859,2207.563792
24962.80469,2207.564297
24963.80469,2207.565139
24964.80469,2207.562276
24965.80469,2207.565476
24966.80469,2207.564802
24967.80859,2207.565139
24968.80469,2207.563118
24969.80469,2207.563792
24970.80469,2207.564634
24971.80469,2207.563287
24972.80469,2207.562613
24973.80469,2207.562276
24974.80469,2207.563792
24975.80469,2207.562108
24976.80469,2207.562276
24977.80469,2207.563455
24978.80469,2207.563623
24979.80469,2207.564634
24980.80859,2207.563792
24981.80469,2207.563287
24982.80469,2207.562613
24983.80859,2207.564466
24984.80859,2207.565813
24985.80859,2207.564802
24986.80859,2207.56615
24987.80859,2207.565308
24988.80859,2207.565476
24989.80859,2207.56295
24990.80859,2207.562613
24991.80859,2207.563118
24992.80859,2207.564634
24993.80859,2207.561602
24994.80859,2207.562613
24995.80859,2207.56295
24996.80859,2207.563623
24997.8125,2207.562276
24998.8125,2207.563623
24999.8125,2207.564466
25000.8125,2207.565308
25001.8125,2207.563792
25002.8125,2207.561266
25003.8125,2207.564466
25004.8125,2207.562108
25005.8125,2207.562108
25006.81641,2207.562108
25007.81641,2207.562108
25008.81641,2207.562276
25009.81641,2207.56396
25010.81641,2207.563623
25011.8125,2207.562613
25012.81641,2207.564297
25013.81641,2207.564802
25014.81641,2207.564466
25015.81641,2207.562276
25016.81641,2207.562613
25017.81641,2207.562276
25018.81641,2207.563287
25019.81641,2207.562108
25020.81641,2207.564634
25021.81641,2207.56396
25022.81641,2207.561602
25023.81641,2207.563455
25024.81641,2207.56396
25025.81641,2207.562108
25026.82031,2207.56295
25027.81641,2207.563118
25028.82031,2207.562613
25029.82031,2207.562613
25030.81641,2207.564971
25031.82031,2207.564634
25032.82031,2207.563118
25033.82031,2207.564297
25034.82031,2207.561602
25035.82031,2207.562108
25036.82031,2207.563455
25037.82031,2207.562108
25038.82031,2207.563287
25039.82031,2207.564466
25040.82422,2207.565476
25041.82031,2207.565476
25042.82031,2207.564297
25043.82031,2207.565308
25044.82031,2207.564802
25045.82031,2207.56396
25046.82031,2207.565308
25047.82031,2207.563118
25048.82031,2207.563287
25049.82422,2207.562444
25050.82031,2207.564634
25051.82422,2207.565139
25052.82422,2207.564802
25053.82422,2207.564297
25054.82031,2207.564634
25055.82422,2207.564466
25056.82422,2207.565981
25057.82422,2207.563455
25058.82422,2207.564466
25059.82422,2207.561266
25060.82422,2207.564634
25061.82422,2207.564466
25062.82422,2207.564297
25063.82422,2207.56396
25064.82813,2207.563623
25065.82813,2207.56396
25066.82422,2207.562613
25067.82813,2207.562613
25068.82813,2207.561602
25069.82422,2207.563792
25070.82813,2207.564971
25071.82813,2207.562444
25072.82813,2207.562613
25073.82813,2207.565981
25074.82813,2207.562613
25075.82813,2207.561939
25076.82813,2207.563118
25077.82813,2207.560423
25078.82813,2207.561266
25079.82813,2207.561602
25080.82813,2207.56076
25081.83203,2207.562613
25082.83203,2207.563623
25083.83203,2207.563287
25084.82813,2207.563287
25085.83203,2207.564466
25086.82813,2207.564802
25087.82813,2207.564802
25088.83203,2207.563623
25089.82813,2207.564802
25090.83203,2207.562613
25091.83203,2207.562108
25092.82813,2207.564466
25093.82813,2207.564297
25094.82813,2207.564971
25095.83203,2207.564297
25096.83203,2207.56396
25097.83203,2207.562276
25098.82813,2207.562613
25099.83203,2207.562444
25100.82813,2207.563623
25101.83203,2207.563287
25102.83203,2207.562444
25103.83203,2207.564297
25104.83203,2207.563455
25105.83203,2207.561771
25106.83203,2207.56295
25107.83203,2207.562276
25108.83203,2207.562276
25109.83203,2207.562444
25110.83203,2207.561771
25111.83203,2207.56295
25112.83203,2207.562276
25113.83594,2207.562108
25114.83594,2207.562108
25115.83594,2207.563455
25116.83594,2207.564466
25117.83594,2207.56396
25118.83203,2207.564297
25119.83203,2207.563287
25120.83594,2207.564297
25121.83594,2207.56295
25122.83594,2207.562613
25123.83594,2207.562613
25124.83594,2207.561771
25125.83594,2207.562444
25126.83594,2207.562444
25127.83594,2207.561939
25128.83594,2207.563455
25129.83594,2207.564802
25130.83984,2207.562276
25131.83594,2207.563287
25132.83984,2207.56076
25133.83984,2207.564297
25134.83984,2207.562444
25135.83984,2207.562444
25136.83984,2207.562613
25137.83984,2207.564297
25138.83594,2207.561939
25139.83984,2207.562444
25140.83984,2207.56076
25141.83984,2207.563455
25142.83984,2207.562108
25143.83984,2207.563287
25144.83984,2207.562444
25145.83984,2207.563792
25146.83984,2207.565813
25147.83984,2207.563287
25148.83984,2207.56396
25149.84375,2207.561771
25150.84375,2207.562444
25151.84375,2207.56295
25152.84375,2207.562276
25153.84375,2207.562108
25154.84375,2207.563287
25155.84375,2207.564802
25156.84375,2207.562108
25157.84375,2207.564297
25158.84766,2207.563455
25159.84375,2207.565139
25160.84375,2207.563455
25161.84766,2207.563455
25162.84375,2207.561266
25163.84375,2207.564634
25164.84766,2207.56396
25165.84375,2207.563287
25166.84375,2207.563287
25167.84766,2207.563792
25168.84375,2207.561771
25169.84766,2207.55975
25170.84375,2207.562108
25171.84375,2207.562613
25172.84375,2207.561771
25173.84766,2207.561602
25174.84766,2207.561602
25175.84766,2207.56295
25176.84766,2207.562108
25177.84375,2207.560255
25178.84375,2207.562613
25179.84375,2207.563455
25180.84766,2207.562444
25181.84766,2207.56295
25182.84375,2207.56396
25183.84766,2207.564466
25184.84766,2207.564297
25185.84766,2207.562444
25186.84766,2207.563792
25187.84766,2207.563792
25188.84766,2207.561771
25189.84766,2207.561939
25190.84766,2207.561602
25191.84766,2207.562444
25192.84766,2207.563118
25193.84766,2207.56396
25194.84766,2207.562276
25195.84766,2207.561771
25196.84766,2207.562108
25197.84766,2207.563287
25198.84766,2207.561097
25199.84766,2207.563118
25200.85156,2207.562613
25201.84766,2207.562108
25202.84766,2207.56396
25203.84766,2207.563455
25204.85156,2207.56295
25205.84766,2207.563118
25206.84766,2207.564297
25207.85156,2207.561939
25208.84766,2207.564634
25209.85156,2207.563792
25210.84766,2207.562613
25211.85156,2207.563118
25212.85156,2207.56396
25213.85156,2207.561939
25214.84766,2207.56396
25215.85156,2207.56076
25216.84766,2207.562108
25217.85156,2207.56295
25218.85156,2207.564802
25219.85156,2207.563287
25220.85156,2207.564297
25221.85156,2207.565981
25222.85156,2207.562444
25223.85156,2207.562108
25224.85156,2207.564802
25225.85156,2207.56396
25226.85156,2207.564466
25227.85156,2207.562108
25228.85156,2207.56295
25229.85156,2207.562613
25230.85156,2207.563287
25231.85547,2207.563623
25232.85547,2207.562444
25233.85547,2207.564634
25234.85547,2207.564634
25235.85547,2207.563455
25236.85547,2207.56396
25237.85938,2207.564466
25238.85938,2207.563118
25239.85938,2207.562444
25240.85938,2207.563623
25241.85938,2207.563287
25242.85938,2207.56076
25243.85938,2207.561771
25244.85938,2207.562613
25245.85938,2207.563287
25246.85938,2207.562276
25247.85938,2207.562276
25248.86328,2207.56396
25249.86328,2207.563287
25250.86328,2207.561771
25251.85938,2207.565139
25252.86328,2207.563792
25253.86328,2207.565813
25254.86328,2207.561097
25255.86328,2207.562108
25256.86328,2207.56396
25257.86328,2207.56396
25258.86328,2207.56076
25259.86328,2207.562276
25260.86719,2207.563623
25261.86328,2207.565139
25262.86719,2207.564466
25263.86719,2207.563623
25264.86328,2207.564634
25265.86719,2207.563623
25266.86719,2207.562613
25267.86719,2207.565476
25268.86719,2207.564297
25269.86719,2207.564971
25270.86719,2207.561939
25271.86328,2207.564297
25272.86719,2207.561602
25273.86719,2207.563792
25274.86719,2207.563623
25275.86719,2207.56396
25276.86719,2207.563623
25277.86719,2207.563287
25278.87109,2207.563287
25279.87109,2207.562613
25280.86719,2207.56295
25281.87109,2207.565981
25282.86719,2207.562444
25283.86719,2207.564297
25284.86719,2207.563623
25285.87109,2207.562613
25286.87109,2207.56396
25287.87109,2207.564634
25288.86719,2207.564297
25289.86719,2207.56295
25290.86719,2207.56295
25291.87109,2207.564466
25292.87109,2207.563118
25293.86719,2207.563118
25294.87109,2207.563118
25295.87109,2207.562444
25296.86719,2207.563118
25297.87109,2207.563287
25298.87109,2207.563118
25299.87109,2207.564297
25300.87109,2207.564297
25301.87109,2207.563118
25302.87109,2207.563118
25303.87109,2207.563455
25304.87109,2207.56396
25305.87109,2207.56396
25306.87109,2207.564634
25307.87109,2207.564634
25308.875,2207.563455
25309.87109,2207.564466
25310.87109,2207.562613
25311.87109,2207.564802
25312.875,2207.564971
25313.87109,2207.562613
25314.875,2207.563287
25315.875,2207.562613
25316.87109,2207.56396
25317.875,2207.563792
25318.875,2207.564802
25319.875,2207.563623
25320.87109,2207.563623
25321.875,2207.562108
25322.87109,2207.564802
25323.875,2207.562444
25324.875,2207.56396
25325.875,2207.560929
25326.875,2207.564634
25327.875,2207.563623
25328.875,2207.56396
25329.875,2207.56396
25330.875,2207.562444
25331.875,2207.562444
25332.875,2207.563287
25333.875,2207.565476
25334.875,2207.563792
25335.875,2207.564466
25336.875,2207.565981
25337.87891,2207.565476
25338.87891,2207.56295
25339.875,2207.563118
25340.875,2207.563455
25341.87891,2207.563455
25342.87891,2207.563623
25343.87891,2207.56396
25344.875,2207.562613
25345.875,2207.562444
25346.875,2207.562276
25347.87891,2207.563287
25348.87891,2207.562444
25349.87891,2207.563792
25350.87891,2207.563455
25351.87891,2207.56396
25352.87891,2207.563455
25353.87891,2207.565139
25354.87891,2207.565813
25355.87891,2207.565308
25356.87891,2207.562108
25357.87891,2207.562613
25358.87891,2207.562276
25359.87891,2207.563623
25360.87891,2207.565139
25361.87891,2207.565476
25362.87891,2207.561266
25363.87891,2207.562276
25364.87891,2207.563118
25365.88281,2207.563623
25366.87891,2207.562444
25367.87891,2207.56396
25368.87891,2207.56396
25369.87891,2207.564634
25370.87891,2207.564297
25371.88281,2207.564634
25372.87891,2207.565308
25373.88281,2207.563118
25374.87891,2207.563287
25375.88281,2207.564297
25376.87891,2207.564971
25377.88281,2207.563118
25378.87891,2207.56295
25379.87891,2207.566655
25380.88281,2207.564971
25381.88281,2207.56615
25382.88281,2207.564634
25383.88281,2207.564297
25384.88281,2207.563455
25385.88281,2207.561939
25386.88281,2207.56396
25387.87891,2207.56396
25388.88281,2207.564802
25389.88281,2207.563792
25390.88281,2207.563792
25391.88281,2207.562444
25392.88281,2207.564466
25393.88281,2207.563623
25394.88281,2207.562444
25395.88281,2207.561939
25396.88281,2207.562444
25397.88281,2207.562444
25398.88672,2207.563455
25399.88281,2207.562444
25400.88672,2207.561771
25401.88281,2207.561602
25402.88281,2207.559245
25403.88672,2207.56396
25404.88672,2207.562444
25405.88672,2207.563118
25406.88672,2207.561266
25407.88672,2207.563792
25408.88672,2207.564466
25409.88672,2207.563287
25410.88672,2207.562613
25411.89063,2207.561097
25412.89063,2207.563792
25413.88672,2207.563118
25414.89063,2207.563455
25415.88672,2207.564634
25416.89063,2207.563792
25417.88672,2207.562276
25418.88672,2207.562613
25419.89063,2207.562276
25420.88672,2207.563623
25421.89063,2207.562276
25422.89063,2207.56396
25423.89063,2207.563287
25424.89063,2207.563118
25425.89063,2207.560423
25426.89063,2207.562276
25427.89063,2207.562108
25428.88672,2207.564297
25429.89063,2207.563623
25430.89063,2207.56076
25431.89063,2207.564634
25432.89063,2207.564634
25433.89063,2207.564466
25434.89063,2207.565476
25435.89063,2207.564634
25436.89063,2207.565813
25437.89063,2207.56295
25438.89063,2207.56295
25439.89063,2207.562444
25440.89063,2207.561602
25441.89063,2207.563287
25442.89063,2207.564634
25443.89063,2207.561771
25444.89063,2207.564297
25445.89063,2207.563792
25446.89453,2207.56396
25447.89453,2207.56396
25448.89063,2207.563455
25449.89453,2207.561771
25450.89063,2207.564634
25451.89063,2207.565308
25452.89453,2207.564802
25453.89453,2207.563792
25454.89453,2207.565476
25455.89453,2207.562276
25456.89453,2207.564634
25457.89453,2207.563118
25458.89453,2207.562108
25459.89453,2207.563118
25460.89453,2207.563792
25461.89453,2207.561266
25462.89453,2207.56396
25463.89453,2207.565981
25464.89844,2207.563623
25465.89844,2207.563118
25466.89844,2207.564971
25467.89453,2207.564297
25468.89844,2207.564971
25469.89453,2207.56295
25470.89844,2207.564466
25471.89453,2207.56396
25472.89844,2207.562108
25473.89844,2207.56295
25474.89844,2207.563118
25475.89844,2207.565813
25476.89844,2207.563287
25477.90234,2207.563455
25478.89844,2207.56295
25479.90234,2207.56295
25480.90234,2207.56396
25481.90234,2207.56396
25482.90234,2207.56396
25483.90234,2207.564634
25484.90234,2207.564802
25485.90625,2207.565476
25486.90625,2207.563118
25487.90625,2207.565139
25488.90234,2207.563623
25489.90234,2207.565139
25490.90234,2207.564971
25491.90625,2207.563118
25492.90234,2207.564466
25493.90234,2207.564634
25494.90625,2207.564634
25495.90234,2207.563792
25496.90625,2207.563623
25497.90625,2207.562444
25498.90625,2207.561097
25499.91016,2207.564466
25500.90625,2207.563455
25501.91016,2207.56295
25502.90625,2207.563455
25503.91016,2207.561771
25504.90625,2207.564802
25505.90625,2207.562444
25506.91016,2207.563455
25507.91016,2207.564466
25508.91016,2207.564297
25509.91016,2207.562444
25510.91016,2207.564971
25511.91016,2207.560423
25512.91016,2207.56615
25513.91406,2207.560255
25514.91016,2207.561771
25515.91016,2207.562108
25516.91016,2207.561771
25517.91016,2207.563792
25518.91406,2207.563623
25519.91406,2207.565139
25520.91406,2207.563455
25521.91406,2207.563118
25522.91406,2207.563287
25523.91406,2207.561939
25524.91406,2207.561097
25525.91406,2207.561771
25526.91406,2207.562108
25527.91406,2207.561602
25528.91797,2207.562276
25529.91406,2207.562444
25530.91406,2207.563455
25531.91797,2207.563118
25532.91797,2207.562276
25533.91406,2207.563118
25534.91406,2207.561602
25535.91406,2207.562276
25536.91797,2207.562444
25537.91406,2207.562276
25538.91406,2207.562444
25539.91406,2207.561939
25540.91406,2207.563287
25541.91406,2207.561602
25542.91797,2207.562276
25543.91797,2207.56396
25544.91797,2207.563455
25545.91406,2207.561771
25546.91797,2207.561939
25547.91797,2207.562444
25548.91797,2207.563455
25549.91797,2207.561097
25550.91797,2207.562276
25551.91797,2207.561939
25552.91797,2207.563118
25553.91797,2207.562276
25554.91797,2207.55975
25555.91406,2207.561602
25556.91797,2207.562613
25557.91797,2207.562444
25558.91797,2207.564634
25559.91797,2207.564297
25560.91797,2207.563287
25561.91797,2207.562444
25562.91797,2207.56396
25563.91797,2207.56396
25564.91797,2207.563623
25565.91797,2207.561771
25566.91797,2207.562613
25567.91797,2207.560255
25568.91797,2207.564466
25569.91797,2207.564971
25570.91797,2207.564297
25571.91797,2207.562108
25572.91797,2207.563287
25573.91797,2207.564802
25574.91797,2207.563287
25575.91797,2207.563118
25576.91797,2207.564297
25577.91797,2207.563792
25578.92188,2207.563792
25579.92188,2207.56295
25580.92188,2207.563623
25581.91797,2207.56396
25582.91797,2207.562276
25583.92188,2207.561771
25584.92188,2207.562444
25585.91797,2207.56295
25586.91797,2207.563623
25587.91797,2207.563623
25588.92188,2207.564297
25589.91797,2207.564971
25590.92188,2207.563792
25591.91797,2207.563792
25592.91797,2207.561771
25593.92188,2207.563118
25594.92188,2207.565139
25595.91797,2207.564634
25596.91797,2207.56396
25597.91797,2207.564971
25598.92188,2207.563455
25599.91797,2207.564297
25600.91797,2207.563623
25601.92188,2207.562444
25602.92188,2207.563118
25603.92578,2207.563455
25604.92578,2207.562108
25605.92578,2207.562444
25606.92578,2207.563455
25607.92578,2207.562108
25608.92578,2207.563455
25609.92578,2207.566318
25610.92578,2207.563287
25611.92578,2207.565139
25612.92578,2207.561939
25613.92578,2207.56295
25614.92578,2207.563455
25615.92578,2207.562444
25616.92578,2207.563792
25617.92578,2207.563792
25618.92578,2207.563623
25619.92969,2207.563455
25620.92578,2207.56295
25621.92969,2207.564466
25622.92578,2207.563455
25623.92969,2207.562276
25624.92578,2207.562108
25625.92969,2207.563287
25626.92969,2207.562444
25627.92969,2207.563118
25628.92969,2207.563287
25629.92578,2207.563792
25630.92578,2207.562108
25631.92969,2207.562108
25632.92578,2207.56396
25633.92969,2207.563287
25634.92969,2207.561602
25635.92969,2207.563623
25636.92969,2207.564634
25637.92969,2207.565139
25638.93359,2207.562444
25639.92969,2207.564634
25640.92969,2207.56295
25641.93359,2207.563792
25642.92969,2207.564297
25643.93359,2207.563455
25644.92969,2207.562444
25645.93359,2207.564634
25646.92969,2207.563287
25647.92969,2207.564802
25648.93359,2207.565476
25649.92969,2207.565308
25650.93359,2207.56396
25651.92969,2207.561771
25652.93359,2207.563455
25653.92969,2207.563287
25654.92969,2207.562276
25655.92969,2207.564802
25656.92969,2207.563792
25657.92969,2207.562444
25658.93359,2207.563287
25659.92969,2207.563455
25660.93359,2207.565476
25661.93359,2207.563623
25662.93359,2207.562444
25663.93359,2207.565139
25664.93359,2207.562613
25665.93359,2207.561266
25666.93359,2207.56396
25667.93359,2207.560255
25668.93359,2207.562444
25669.93359,2207.562276
25670.93359,2207.562613
25671.93359,2207.563455
25672.93359,2207.564466
25673.93359,2207.562276
25674.93359,2207.562276
25675.93359,2207.563455
25676.93359,2207.561771
25677.9375,2207.562276
25678.93359,2207.563455
25679.93359,2207.561939
25680.9375,2207.563118
25681.9375,2207.564802
25682.9375,2207.563623
25683.93359,2207.56396
25684.9375,2207.563455
25685.9375,2207.563792
25686.9375,2207.562276
25687.9375,2207.561771
25688.9375,2207.560929
25689.9375,2207.563118
25690.9375,2207.563287
25691.93359,2207.561939
25692.94141,2207.563792
25693.9375,2207.562444
25694.9375,2207.563118
25695.9375,2207.563287
25696.94141,2207.564466
25697.9375,2207.563455
25698.94141,2207.562613
25699.94141,2207.56295
25700.94141,2207.563455
25701.9375,2207.562444
25702.9375,2207.564466
25703.9375,2207.562613
25704.94141,2207.562108
25705.9375,2207.563287
25706.94141,2207.562444
25707.9375,2207.563287
25708.94141,2207.564634
25709.94141,2207.562613
25710.94141,2207.561771
25711.94141,2207.563623
25712.94141,2207.563287
25713.94141,2207.563287
25714.94141,2207.562108
25715.94141,2207.560929
25716.94141,2207.560592
25717.94141,2207.561771
25718.94141,2207.562613
25719.94141,2207.563455
25720.94141,2207.561266
25721.94141,2207.561097
25722.94531,2207.563623
25723.94141,2207.563118
25724.94141,2207.562613
25725.94141,2207.56295
25726.94531,2207.561602
25727.94531,2207.561602
25728.94531,2207.562276
25729.94531,2207.56396
25730.94531,2207.561939
25731.94141,2207.562444
25732.94531,2207.561097
25733.94531,2207.563287
25734.94531,2207.561771
25735.94531,2207.563118
25736.94531,2207.561602
25737.94531,2207.564466
25738.94531,2207.56076
25739.94531,2207.560929
25740.94531,2207.562444
25741.94531,2207.564971
25742.94531,2207.56076
25743.94531,2207.562276
25744.94531,2207.561939
25745.94531,2207.562613
25746.94531,2207.564297
25747.94531,2207.561266
25748.94531,2207.564297
25749.94922,2207.561771
25750.94531,2207.564971
25751.94531,2207.561939
25752.94531,2207.561266
25753.94531,2207.561939
25754.94922,2207.56076
25755.94922,2207.561266
25756.94922,2207.562613
25757.94531,2207.56295
25758.94922,2207.563455
25759.94922,2207.56295
25760.94922,2207.56295
25761.94531,2207.56295
25762.94922,2207.56295
25763.94922,2207.56396
25764.94922,2207.564634
25765.94922,2207.563287
25766.94922,2207.563118
25767.94922,2207.563455
25768.95313,2207.563287
25769.94922,2207.563455
25770.94922,2207.563287
25771.95313,2207.563455
25772.94922,2207.563118
25773.94922,2207.564634
25774.95313,2207.565813
25775.95313,2207.564466
25776.95313,2207.562276
25777.95313,2207.56396
25778.95313,2207.564466
25779.95313,2207.56396
25780.95313,2207.561771
25781.95313,2207.563118
25782.95313,2207.563287
25783.95313,2207.564297
25784.95313,2207.564297
25785.95313,2207.563623
25786.95313,2207.563287
25787.95313,2207.562276
25788.95313,2207.562108
25789.95313,2207.563287
25790.95313,2207.56396
25791.95313,2207.563118
25792.95313,2207.565139
25793.95313,2207.562444
25794.95703,2207.563623
25795.95703,2207.563287
25796.95703,2207.563623
25797.95703,2207.563455
25798.95313,2207.562276
25799.95703,2207.563792
25800.95703,2207.562613
25801.95703,2207.563792
25802.95703,2207.563623
25803.95313,2207.56295
25804.95703,2207.563287
25805.95703,2207.562444
25806.95703,2207.563455
25807.95703,2207.562276
25808.96094,2207.563455
25809.95703,2207.563623
25810.95703,2207.562108
25811.95703,2207.562444
25812.95703,2207.563623
25813.96094,2207.56396
25814.95703,2207.56396
25815.95703,2207.564466
25816.96094,2207.563792
25817.96094,2207.563287
25818.96094,2207.565139
25819.95703,2207.562444
25820.96094,2207.564466
25821.96094,2207.562444
25822.96094,2207.563792
25823.96094,2207.563455
25824.96094,2207.564634
25825.96094,2207.563118
25826.96094,2207.56295
25827.96094,2207.562444
25828.96094,2207.561771
25829.96094,2207.56295
25830.96094,2207.563118
25831.96094,2207.563287
25832.96094,2207.563118
25833.96484,2207.564466
25834.96484,2207.561771
25835.96094,2207.563792
25836.96484,2207.56295
25837.96094,2207.564466
25838.96484,2207.564971
25839.96094,2207.56295
25840.96484,2207.563455
25841.96484,2207.562108
25842.96484,2207.561939
25843.96484,2207.564971
25844.96094,2207.562108
25845.96094,2207.562108
25846.96484,2207.561771
25847.96094,2207.563623
25848.96484,2207.56396
25849.96484,2207.562613
25850.96484,2207.562444
25851.96094,2207.563792
25852.96484,2207.563287
25853.96484,2207.563623
25854.96484,2207.563287
25855.96484,2207.562444
25856.96094,2207.563287
25857.96484,2207.564297
25858.96484,2207.562108
25859.96484,2207.563623
25860.96484,2207.564971
25861.96484,2207.56295
25862.96484,2207.563792
25863.96094,2207.563287
25864.96094,2207.561771
25865.96484,2207.563455
25866.96094,2207.564634
25867.96484,2207.563623
25868.96094,2207.561602
25869.96094,2207.563792
25870.96094,2207.561939
25871.96094,2207.56295
25872.96484,2207.562276
25873.96484,2207.564802
25874.96484,2207.56396
25875.96484,2207.563455
25876.96484,2207.563455
25877.96484,2207.56396
25878.96484,2207.563118
25879.96484,2207.561771
25880.96094,2207.566318
25881.96484,2207.565476
25882.96484,2207.563287
25883.96484,2207.561097
25884.96484,2207.561771
25885.96484,2207.563792
25886.96484,2207.562444
25887.96484,2207.563455
25888.96875,2207.563623
25889.96484,2207.561097
25890.96484,2207.565139
25891.96484,2207.563792
25892.96484,2207.562108
25893.96484,2207.563455
25894.96484,2207.561771
25895.96484,2207.563118
25896.96484,2207.563287
25897.96484,2207.56295
25898.96484,2207.562613
25899.96484,2207.563455
25900.96484,2207.560929
25901.96484,2207.564297
25902.96484,2207.562444
25903.96484,2207.561939
25904.96484,2207.561771
25905.96484,2207.562108
25906.96875,2207.563455
25907.96875,2207.561266
25908.96875,2207.562613
25909.96875,2207.561939
25910.96875,2207.562276
25911.96875,2207.562276
25912.96484,2207.560592
25913.96875,2207.562108
25914.96875,2207.564466
25915.96875,2207.561602
25916.96875,2207.560423
25917.96875,2207.563118
25918.96875,2207.560929
25919.96875,2207.561771
25920.96875,2207.563792
25921.97266,2207.563287
25922.96875,2207.563455
25923.96875,2207.561602
25924.97266,2207.562108
25925.96875,2207.560929
25926.96875,2207.563287
25927.97266,2207.563792
25928.96875,2207.561771
25929.96875,2207.563118
25930.96875,2207.56396
25931.97266,2207.563792
25932.97266,2207.563455
25933.96875,2207.564802
25934.97266,2207.565308
25935.96875,2207.563287
25936.96875,2207.563792
25937.97266,2207.563118
25938.97266,2207.564297
25939.97266,2207.564634
25940.97266,2207.565813
25941.97266,2207.565139
25942.97266,2207.565981
25943.96875,2207.565139
25944.97266,2207.563287
25945.97266,2207.564466
25946.97266,2207.564297
25947.97266,2207.564634
25948.97266,2207.563792
25949.97266,2207.563455
25950.97266,2207.56396
25951.97266,2207.563287
25952.97266,2207.56396
25953.97266,2207.562613
25954.97266,2207.564802
25955.97266,2207.563792
25956.97266,2207.564466
25957.97266,2207.565139
25958.97266,2207.563118
25959.97266,2207.563623
25960.97266,2207.563792
25961.97656,2207.563287
25962.97266,2207.561771
25963.97266,2207.563455
25964.97656,2207.563792
25965.97656,2207.564297
25966.97656,2207.563287
25967.97656,2207.562276
25968.97656,2207.563287
25969.97266,2207.56396
25970.97266,2207.561939
25971.97656,2207.564297
25972.97656,2207.562613
25973.97656,2207.561266
25974.98047,2207.561266
25975.98047,2207.56295
25976.97656,2207.564297
25977.97656,2207.562613
25978.98047,2207.56396
25979.98047,2207.56396
25980.98047,2207.563623
25981.98047,2207.563623
25982.97656,2207.563287
25983.97656,2207.564297
25984.98047,2207.564802
25985.98047,2207.565139
25986.98047,2207.563623
25987.98047,2207.563792
25988.98047,2207.564634
25989.97656,2207.564634
25990.98047,2207.563792
25991.98047,2207.565308
25992.97656,2207.565308
25993.97656,2207.562613
25994.98047,2207.563455
25995.98047,2207.561771
25996.98047,2207.562613
25997.98047,2207.564297
25998.98047,2207.564297
25999.98047,2207.564634
26000.97656,2207.564802
26001.98047,2207.565308
26002.98047,2207.565981
26003.97656,2207.565981
26004.98047,2207.565981
26005.98047,2207.564971
26006.98047,2207.565981
26007.98047,2207.564971
26008.98047,2207.564297
26009.98047,2207.564802
26010.98047,2207.56295
26011.97656,2207.564297
26012.98047,2207.563287
26013.98047,2207.565813
26014.98047,2207.562613
26015.98047,2207.56396
26016.98047,2207.564971
26017.98047,2207.564634
26018.98047,2207.565308
26019.98047,2207.56396
26020.98047,2207.565981
26021.98047,2207.563792
26022.98047,2207.565813
26023.98047,2207.565308
26024.98047,2207.563287
26025.98047,2207.563623
26026.98047,2207.563623
26027.98047,2207.562444
26028.98047,2207.563287
26029.98047,2207.56295
26030.98047,2207.563287
26031.98047,2207.563118
26032.98047,2207.561266
26033.98047,2207.562613
26034.98438,2207.562613
26035.98438,2207.56295
26036.98047,2207.562613
26037.98438,2207.563792
26038.98438,2207.564297
26039.98438,2207.566318
26040.98438,2207.565139
26041.98438,2207.561771
26042.98438,2207.561602
26043.98438,2207.564297
26044.98438,2207.564297
26045.98438,2207.563792
26046.98438,2207.565139
26047.98438,2207.564971
26048.98438,2207.563118
26049.98438,2207.564802
26050.98438,2207.560592
26051.98438,2207.561771
26052.98438,2207.561771
26053.98828,2207.563287
26054.98438,2207.561266
26055.98438,2207.56295
26056.98438,2207.563118
26057.98438,2207.560423
26058.98438,2207.562613
26059.98438,2207.56076
26060.98438,2207.561602
26061.98828,2207.56295
26062.98828,2207.560929
26063.98828,2207.562108
26064.98438,2207.563287
26065.98438,2207.562444
26066.98828,2207.56295
26067.98828,2207.56295
26068.98828,2207.56396
26069.98828,2207.563118
26070.98828,2207.562444
26071.98828,2207.562444
26072.98828,2207.563287
26073.98828,2207.563287
26074.98828,2207.56396
26075.98828,2207.565139
26076.98828,2207.563287
26077.99219,2207.564466
26078.99219,2207.563792
26079.99219,2207.563118
26080.99219,2207.563455
26081.99219,2207.563455
26082.99219,2207.562108
26083.99219,2207.564297
26084.99219,2207.562444
26085.99219,2207.561097
26086.99219,2207.563623
26087.99609,2207.563455
26088.99219,2207.561602
26089.99219,2207.565139
26090.99219,2207.564466
26091.99219,2207.562276
26092.99609,2207.563118
26093.99609,2207.561602
26094.99219,2207.563287
26095.99609,2207.563287
26096.99609,2207.56295
26098,2207.562444
26098.99609,2207.563118
26099.99609,2207.563455
26101,2207.562108
26102,2207.563287
26103,2207.562276
26104.00391,2207.56396
26105,2207.563287
26106,2207.562276
26107,2207.560929
26108,2207.564634
26109,2207.564802
26110,2207.564466
26111,2207.564297
26112.00391,2207.562613
26113.00391,2207.562613
26114.00391,2207.564971
26115.00391,2207.563118
26116.00391,2207.562613
26117.00391,2207.562613
26118.00781,2207.564971
26119.00391,2207.565476
26120.00391,2207.564971
26121.00391,2207.561602
26122.00391,2207.562613
26123.00391,2207.56396
26124.00781,2207.564297
26125.00781,2207.562444
26126.00781,2207.56396
26127.00781,2207.56396
26128.00781,2207.56396
26129.00781,2207.563623
26130.00781,2207.563118
26131.00781,2207.562444
26132.00781,2207.56396
26133.00781,2207.562108
26134.01172,2207.56295
26135.01172,2207.566655
26136.00781,2207.562444
26137.01172,2207.56295
26138.01172,2207.564297
26139.01172,2207.565476
26140.01172,2207.56396
26141.01172,2207.56396
26142.01172,2207.56615
26143.01172,2207.56396
26144.01172,2207.563623
26145.01172,2207.563118
26146.01172,2207.564297
26147.01172,2207.565139
26148.01563,2207.565308
26149.01172,2207.56396
26150.01563,2207.56396
26151.01563,2207.562613
26152.01563,2207.563118
26153.01563,2207.564297
26154.01563,2207.562276
26155.01563,2207.564634
26156.01563,2207.563455
26157.01563,2207.562613
26158.01563,2207.561771
26159.01953,2207.563792
26160.01563,2207.563287
26161.01953,2207.564971
26162.01953,2207.563287
26163.01563,2207.563455
26164.01953,2207.562108
26165.01563,2207.563455
26166.01563,2207.563792
26167.01563,2207.562613
26168.01563,2207.561097
26169.01953,2207.561771
26170.01563,2207.561771
26171.01563,2207.563287
26172.01563,2207.560423
26173.01953,2207.56295
26174.01563,2207.561771
26175.01563,2207.562108
26176.01563,2207.561939
26177.01953,2207.564466
26178.01563,2207.562276
26179.01563,2207.56396
26180.01563,2207.563455
26181.01953,2207.562108
26182.01563,2207.564466
26183.01563,2207.563623
26184.01563,2207.56396
26185.01563,2207.564634
26186.01563,2207.562276
26187.01953,2207.56295
26188.01563,2207.565981
26189.01953,2207.561602
26190.01953,2207.563455
26191.01953,2207.565139
26192.01953,2207.563792
26193.01953,2207.562444
26194.01953,2207.564466
26195.01953,2207.563792
26196.01953,2207.563455
26197.01563,2207.565308
26198.01953,2207.563118
26199.01953,2207.564971
26200.01953,2207.563792
26201.01953,2207.563623
26202.01953,2207.56396
26203.02344,2207.564634
26204.01953,2207.56396
26205.01953,2207.563792
26206.01953,2207.564466
26207.01953,2207.564297
26208.01953,2207.56295
26209.01953,2207.561771
26210.01953,2207.564971
26211.02344,2207.56295
26212.01953,2207.562276
26213.01953,2207.562108
26214.01953,2207.564802
26215.01953,2207.561771
26216.01953,2207.563118
26217.01953,2207.563623
26218.01953,2207.56295
26219.02344,2207.563623
26220.02344,2207.563455
26221.02344,2207.561939
26222.02344,2207.56295
26223.02734,2207.564802
26224.02344,2207.564466
26225.02734,2207.564297
26226.02734,2207.56396
26227.02734,2207.565139
26228.02344,2207.562444
26229.02344,2207.562444
26230.02344,2207.56396
26231.02344,2207.563287
26232.02734,2207.563792
26233.02734,2207.559245
26234.02734,2207.564634
26235.02734,2207.564634
26236.02734,2207.563455
26237.02734,2207.564802
26238.02734,2207.565308
26239.02734,2207.564971
26240.02734,2207.56396
26241.02734,2207.563792
26242.02734,2207.564634
26243.02734,2207.561939
26244.03125,2207.565308
26245.02734,2207.562613
26246.02734,2207.563118
26247.02734,2207.56295
26248.02734,2207.564634
26249.02734,2207.563455
26250.02734,2207.561939
26251.02734,2207.562276
26252.02734,2207.562108
26253.02734,2207.56295
26254.02734,2207.562108
26255.02734,2207.561771
26256.03125,2207.563287
26257.03125,2207.564466
26258.03125,2207.562108
26259.03125,2207.564802
26260.03125,2207.563118
26261.03125,2207.563118
26262.03125,2207.560255
26263.03125,2207.561771
26264.03125,2207.563792
26265.03516,2207.56396
26266.03125,2207.56396
26267.03125,2207.563792
26268.03125,2207.561266
26269.03516,2207.561771
26270.03516,2207.564297
26271.03516,2207.562276
26272.03516,2207.56295
26273.03516,2207.563118
26274.03516,2207.561771
26275.03516,2207.561602
26276.03125,2207.560255
26277.03125,2207.56295
26278.03125,2207.561771
26279.03516,2207.560929
26280.03516,2207.562444
26281.03516,2207.563118
26282.03516,2207.563623
26283.03516,2207.563623
26284.03516,2207.561266
26285.03516,2207.561602
26286.03516,2207.561939
26287.03516,2207.562276
26288.03516,2207.56295
26289.03516,2207.56396
26290.03516,2207.56076
26291.03516,2207.562108
26292.03516,2207.561097
26293.03516,2207.561771
26294.03906,2207.561266
26295.03906,2207.560592
26296.03906,2207.561939
26297.03516,2207.562276
26298.03516,2207.561939
26299.03516,2207.563287
26300.03516,2207.56295
26301.03516,2207.562276
26302.03516,2207.561939
26303.03516,2207.563623
26304.03516,2207.562108
26305.03906,2207.564466
26306.03516,2207.561771
26307.03516,2207.562108
26308.03906,2207.559581
26309.03516,2207.562108
26310.03516,2207.561939
26311.03906,2207.563287
26312.03906,2207.560087
26313.03906,2207.561771
26314.03516,2207.56076
26315.03906,2207.563455
26316.03906,2207.562276
26317.03906,2207.561097
26318.03906,2207.56396
26319.03906,2207.563118
26320.03906,2207.56396
26321.03906,2207.561939
26322.03906,2207.562108
26323.03906,2207.561771
26324.03906,2207.564297
26325.03906,2207.561097
26326.03906,2207.562444
26327.03906,2207.563455
26328.03906,2207.563118
26329.03906,2207.562444
26330.03906,2207.564802
26331.03906,2207.565139
26332.04297,2207.563287
26333.03906,2207.565476
26334.04297,2207.562108
26335.03906,2207.564297
26336.04297,2207.563287
26337.03906,2207.561939
26338.04297,2207.564634
26339.03906,2207.563287
26340.04297,2207.564634
26341.04297,2207.563118
26342.03906,2207.563118
26343.04297,2207.564297
26344.03906,2207.565308
26345.04297,2207.564802
26346.04297,2207.562276
26347.03906,2207.562108
26348.04297,2207.563623
26349.04297,2207.562444
26350.04297,2207.565139
26351.04297,2207.564466
26352.04297,2207.564466
26353.03906,2207.565813
26354.04297,2207.562613
26355.04297,2207.56295
26356.04297,2207.563287
26357.04297,2207.564971
26358.04297,2207.563623
26359.04297,2207.564297
26360.04297,2207.563455
26361.04297,2207.564634
26362.04297,2207.564971
26363.04688,2207.563623
26364.04297,2207.563623
26365.04688,2207.562444
26366.04688,2207.561771
26367.04688,2207.561771
26368.04688,2207.562613
26369.04688,2207.563792
26370.04297,2207.562276
26371.04688,2207.561602
26372.04688,2207.562444
26373.04688,2207.56396
26374.04688,2207.561771
26375.04688,2207.56396
26376.04688,2207.563455
26377.04688,2207.561939
26378.04688,2207.561097
26379.04688,2207.562444
26380.04688,2207.564297
26381.04688,2207.563792
26382.04688,2207.564297
26383.04688,2207.56396
26384.04688,2207.563118
26385.04688,2207.566487
26386.04688,2207.563118
26387.04688,2207.564297
26388.04688,2207.562108
26389.04688,2207.562613
26390.04688,2207.563623
26391.04688,2207.563623
26392.04688,2207.563792
26393.05078,2207.564634
26394.05078,2207.563455
26395.04688,2207.563287
26396.05078,2207.562276
26397.05078,2207.563455
26398.05078,2207.563118
26399.05078,2207.563118
26400.04688,2207.562444
26401.05078,2207.560592
26402.04688,2207.562444
26403.04688,2207.560255
26404.04688,2207.562276
26405.05078,2207.563118
26406.05078,2207.564634
26407.04688,2207.561939
26408.05078,2207.561771
26409.05078,2207.562108
26410.04688,2207.56396
26411.05078,2207.561771
26412.05078,2207.561939
26413.05078,2207.560592
26414.05078,2207.563623
26415.05078,2207.562613
26416.05078,2207.563623
26417.05078,2207.562108
26418.05078,2207.56396
26419.05078,2207.565139
26420.05078,2207.56295
26421.05078,2207.564297
26422.05078,2207.562444
26423.05078,2207.561771
26424.05078,2207.56295
26425.05078,2207.562276
26426.05469,2207.562613
26427.05469,2207.563792
26428.05469,2207.563623
26429.05469,2207.56295
26430.05469,2207.56396
26431.05469,2207.561771
26432.05469,2207.565139
26433.05469,2207.565981
26434.05469,2207.564466
26435.05469,2207.563118
26436.05469,2207.56396
26437.05469,2207.563792
26438.05469,2207.563118
26439.05469,2207.561771
26440.05469,2207.563118
26441.05859,2207.56295
26442.05859,2207.560929
26443.05859,2207.563455
26444.05859,2207.56295
26445.05859,2207.562108
26446.05859,2207.562613
26447.05859,2207.562276
26448.05859,2207.561602
26449.05859,2207.564634
26450.05859,2207.563455
26451.0625,2207.56396
26452.0625,2207.562444
26453.05859,2207.563623
26454.05859,2207.561097
26455.05859,2207.562276
26456.05859,2207.564802
26457.0625,2207.563455
26458.05859,2207.565139
26459.05859,2207.565813
26460.05859,2207.562613
26461.05859,2207.564466
26462.0625,2207.563623
26463.0625,2207.562276
26464.05859,2207.562444
26465.0625,2207.566487
26466.0625,2207.563623
26467.05859,2207.563792
26468.0625,2207.564971
26469.05859,2207.563792
26470.05859,2207.562276
26471.0625,2207.563118
26472.0625,2207.562444
26473.05859,2207.562444
26474.05859,2207.562444
26475.0625,2207.562613
26476.05859,2207.561097
26477.0625,2207.561939
26478.0625,2207.563623
26479.05859,2207.561771
26480.0625,2207.561939
26481.0625,2207.561097
26482.0625,2207.561771
26483.0625,2207.561266
26484.0625,2207.560592
26485.0625,2207.561602
26486.0625,2207.561939
26487.0625,2207.563287
26488.0625,2207.561097
26489.06641,2207.564634
26490.0625,2207.561602
26491.06641,2207.562613
26492.06641,2207.565476
26493.06641,2207.56396
26494.0625,2207.562276
26495.06641,2207.564634
26496.0625,2207.562613
26497.06641,2207.563455
26498.06641,2207.561097
26499.0625,2207.563455
26500.06641,2207.561771
26501.06641,2207.563287
26502.06641,2207.561097
26503.06641,2207.56396
26504.06641,2207.562108
26505.06641,2207.560929
26506.06641,2207.561602
26507.06641,2207.56396
26508.06641,2207.56295
26509.06641,2207.563287
26510.06641,2207.564802
26511.06641,2207.562613
26512.06641,2207.564466
26513.06641,2207.563623
26514.06641,2207.56295
26515.06641,2207.56295
26516.07031,2207.564297
26517.07031,2207.56295
26518.06641,2207.561266
26519.07031,2207.564634
26520.06641,2207.562444
26521.06641,2207.56396
26522.06641,2207.56295
26523.07031,2207.564634
26524.06641,2207.563623
26525.06641,2207.561939
26526.06641,2207.563455
26527.07031,2207.562276
26528.07031,2207.563287
26529.07031,2207.562276
26530.06641,2207.562108
26531.07031,2207.561771
26532.06641,2207.56295
26533.07031,2207.563287
26534.06641,2207.563455
26535.07031,2207.562108
26536.07031,2207.561771
26537.07031,2207.562276
26538.07031,2207.562276
26539.07031,2207.565813
26540.06641,2207.563118
26541.06641,2207.563455
26542.07031,2207.565813
26543.07031,2207.562613
26544.07031,2207.561939
26545.07031,2207.564802
26546.07031,2207.563287
26547.07031,2207.564634
26548.07031,2207.566487
26549.07031,2207.56615
26550.07031,2207.56295
26551.07422,2207.561602
26552.07031,2207.564297
26553.07031,2207.562108
26554.07031,2207.562444
26555.07031,2207.565813
26556.07031,2207.563118
26557.07422,2207.562613
26558.07422,2207.565139
26559.07422,2207.563792
26560.07422,2207.563623
26561.07422,2207.561266
26562.07422,2207.56295
26563.07422,2207.563118
26564.07813,2207.563118
26565.07422,2207.565813
26566.07813,2207.564466
26567.07422,2207.563455
26568.07422,2207.561939
26569.07422,2207.56295
26570.07422,2207.56396
26571.07422,2207.561771
26572.07813,2207.561097
26573.07813,2207.561602
26574.07813,2207.563118
26575.07813,2207.56396
26576.07813,2207.562276
26577.07813,2207.563455
26578.07813,2207.562613
26579.07813,2207.563118
26580.07813,2207.563792
26581.07813,2207.562613
26582.07813,2207.563118
26583.07813,2207.563287
26584.07813,2207.563118
26585.07813,2207.563623
26586.07813,2207.565139
26587.07813,2207.563792
26588.07813,2207.563792
26589.07813,2207.563623
26590.08203,2207.564297
26591.07813,2207.563623
26592.07813,2207.562108
26593.08203,2207.56396
26594.07813,2207.565139
26595.07813,2207.564971
26596.08203,2207.565476
26597.07813,2207.563287
26598.08203,2207.56295
26599.07813,2207.560929
26600.07813,2207.56396
26601.07813,2207.564466
26602.08203,2207.562108
26603.08203,2207.563455
26604.08203,2207.563287
26605.08203,2207.562108
26606.08594,2207.561771
26607.08203,2207.562444
26608.08594,2207.562108
26609.08594,2207.561939
26610.08203,2207.562613
26611.08594,2207.563792
26612.08594,2207.561097
26613.08594,2207.562613
26614.08594,2207.562108
26615.08203,2207.563118
26616.08594,2207.562613
26617.08203,2207.564466
26618.08594,2207.561266
26619.08203,2207.563623
26620.08594,2207.560592
26621.08594,2207.56396
26622.08594,2207.563792
26623.08594,2207.56295
26624.08203,2207.563792
26625.08594,2207.563623
26626.08594,2207.562613
26627.08594,2207.563792
26628.08594,2207.56396
26629.08203,2207.562108
26630.08594,2207.563623
26631.08594,2207.562444
26632.08594,2207.563287
26633.08594,2207.560592
26634.08594,2207.562444
26635.08594,2207.562613
26636.08594,2207.563118
26637.08594,2207.562613
26638.08594,2207.561771
26639.08984,2207.562276
26640.08984,2207.560592
26641.08594,2207.564802
26642.08594,2207.563118
26643.08984,2207.564297
26644.08984,2207.563287
26645.08984,2207.563118
26646.08984,2207.561266
26647.08594,2207.56295
26648.08984,2207.562276
26649.08984,2207.562276
26650.08984,2207.56295
26651.08594,2207.562444
26652.08984,2207.564634
26653.08594,2207.562444
26654.08594,2207.562613
26655.08984,2207.563623
26656.09375,2207.561602
26657.08984,2207.563455
26658.08984,2207.562276
26659.08984,2207.564466
26660.08984,2207.563118
26661.09375,2207.564466
26662.09375,2207.562276
26663.08984,2207.561771
26664.08984,2207.562444
26665.08984,2207.562444
26666.08984,2207.562613
26667.08984,2207.563792
26668.09375,2207.564466
26669.09375,2207.56295
26670.08984,2207.564634
26671.08984,2207.562613
26672.09375,2207.564297
26673.08984,2207.564802
26674.08984,2207.561602
26675.09375,2207.562276
26676.09375,2207.563455
26677.09375,2207.560929
26678.09375,2207.564297
26679.09375,2207.561602
26680.09375,2207.562613
26681.09375,2207.565139
26682.09375,2207.562613
26683.09375,2207.563118
26684.09375,2207.562444
26685.09375,2207.561097
26686.09375,2207.560592
26687.09375,2207.56396
26688.08984,2207.563623
26689.09375,2207.563118
26690.09375,2207.563118
26691.09766,2207.563623
26692.09766,2207.562276
26693.09766,2207.560929
26694.09375,2207.562108
26695.09375,2207.560423
26696.09766,2207.564802
26697.09375,2207.562613
26698.09375,2207.562444
26699.09375,2207.560255
26700.09766,2207.563455
26701.09766,2207.562276
26702.09766,2207.563455
26703.09375,2207.562444
26704.09766,2207.562276
26705.09766,2207.561939
26706.09766,2207.561939
26707.09766,2207.562613
26708.09766,2207.562444
26709.09766,2207.561939
26710.09766,2207.56396
26711.10156,2207.56396
26712.10156,2207.564297
26713.10156,2207.56295
26714.10156,2207.563455
26715.10156,2207.565813
26716.10156,2207.564297
26717.10156,2207.563623
26718.10156,2207.563455
26719.10547,2207.563455
26720.10547,2207.563118
26721.10156,2207.562444
26722.10547,2207.562276
26723.10547,2207.563287
26724.10547,2207.56396
26725.10547,2207.563623
26726.10547,2207.562108
26727.10547,2207.561771
26728.10547,2207.563455
26729.10156,2207.561602
26730.10547,2207.563455
26731.10547,2207.562444
26732.10547,2207.563792
26733.10547,2207.562444
26734.10547,2207.56396
26735.10547,2207.562444
26736.10547,2207.563792
26737.10547,2207.562444
26738.10938,2207.563455
26739.10547,2207.563455
26740.10938,2207.561939
26741.10547,2207.563287
26742.10547,2207.563455
26743.10547,2207.562108
26744.10547,2207.562276
26745.10547,2207.561771
26746.10547,2207.561266
26747.10938,2207.565139
26748.10547,2207.563287
26749.10938,2207.564297
26750.10547,2207.56295
26751.10938,2207.561939
26752.10938,2207.562444
26753.10938,2207.56295
26754.10938,2207.563623
26755.10938,2207.562613
26756.10938,2207.564466
26757.10938,2207.563287
26758.10938,2207.562276
26759.11328,2207.565139
26760.11328,2207.565139
26761.10938,2207.562108
26762.10938,2207.563792
26763.11328,2207.562108
26764.10938,2207.563455
26765.11328,2207.564802
26766.11328,2207.562276
26767.10938,2207.564634
26768.10938,2207.563792
26769.10938,2207.56396
26770.10938,2207.565139
26771.10938,2207.564802
26772.10938,2207.563455
26773.11328,2207.563118
26774.11328,2207.56396
26775.11328,2207.565139
26776.10938,2207.562444
26777.11328,2207.563455
26778.11328,2207.562276
26779.11328,2207.561602
26780.11328,2207.561771
26781.11328,2207.562444
26782.11719,2207.562276
26783.11328,2207.563455
26784.11719,2207.561266
26785.11328,2207.562613
26786.11719,2207.56295
26787.11328,2207.562613
26788.11328,2207.564466
26789.11719,2207.563118
26790.11719,2207.562108
26791.11719,2207.562613
26792.11719,2207.563623
26793.11719,2207.563118
26794.11719,2207.561097
26795.11719,2207.560592
26796.11719,2207.564297
26797.11719,2207.562108
26798.12109,2207.561602
26799.11719,2207.563287
26800.11719,2207.563287
26801.11719,2207.564466
26802.12109,2207.563455
26803.11719,2207.56295
26804.11719,2207.562276
26805.11719,2207.561771
26806.11719,2207.561097
26807.12109,2207.563455
26808.11719,2207.56076
26809.11719,2207.562444
26810.12109,2207.562276
26811.12109,2207.561939
26812.12109,2207.560423
26813.12109,2207.563287
26814.12109,2207.56396
26815.12109,2207.561266
26816.12109,2207.562444
26817.12109,2207.561771
26818.12109,2207.562613
26819.12109,2207.562444
26820.12109,2207.564466
26821.12109,2207.561939
26822.12109,2207.561771
26823.125,2207.563792
26824.125,2207.56295
26825.125,2207.563287
26826.12109,2207.562276
26827.12109,2207.561939
26828.12109,2207.564466
26829.125,2207.561266
26830.125,2207.562444
26831.12109,2207.561771
26832.125,2207.564466
26833.12109,2207.561266
26834.125,2207.561097
26835.125,2207.562444
26836.125,2207.562108
26837.125,2207.562108
26838.125,2207.561771
26839.125,2207.562613
26840.125,2207.56076
26841.125,2207.561266
26842.125,2207.564466
26843.125,2207.562613
26844.125,2207.561939
26845.125,2207.561939
26846.125,2207.564634
26847.125,2207.563287
26848.125,2207.564634
26849.125,2207.564802
26850.125,2207.564634
26851.125,2207.563287
26852.125,2207.563287
26853.125,2207.562108
26854.125,2207.562444
26855.125,2207.56295
26856.125,2207.563455
26857.125,2207.56295
26858.12891,2207.562276
26859.12891,2207.565813
26860.125,2207.563623
26861.125,2207.565813
26862.125,2207.563623
26863.125,2207.565476
26864.125,2207.564466
26865.125,2207.563455
26866.125,2207.565476
26867.125,2207.563287
26868.125,2207.564297
26869.125,2207.565813
26870.12891,2207.563792
26871.12891,2207.56295
26872.12891,2207.56396
26873.12891,2207.565139
26874.125,2207.563792
26875.125,2207.564802
26876.12891,2207.563792
26877.12891,2207.56295
26878.12891,2207.563455
26879.12891,2207.563287
26880.12891,2207.563287
26881.12891,2207.563792
26882.12891,2207.563792
26883.12891,2207.563455
26884.12891,2207.561771
26885.12891,2207.563287
26886.12891,2207.562108
26887.12891,2207.563455
26888.12891,2207.564297
26889.12891,2207.564297
26890.12891,2207.566487
26891.12891,2207.564466
26892.12891,2207.565308
26893.12891,2207.564297
26894.12891,2207.563287
26895.12891,2207.564297
26896.12891,2207.56295
26897.13281,2207.564297
26898.12891,2207.561939
26899.13281,2207.56396
26900.13281,2207.565139
26901.13281,2207.563118
26902.13281,2207.561602
26903.13281,2207.564802
26904.13281,2207.563118
26905.13672,2207.564297
26906.14063,2207.56295
26907.13672,2207.561939
26908.13672,2207.562276
26909.13672,2207.562444
26910.13672,2207.564297
26911.13672,2207.563118
26912.13672,2207.562108
26913.13672,2207.563792
26914.14063,2207.562276
26915.14063,2207.562613
26916.14063,2207.561266
26917.14063,2207.563118
26918.14063,2207.562108
26919.14063,2207.563118
26920.14063,2207.56396
26921.14453,2207.56295
26922.14453,2207.564971
26923.14063,2207.564971
26924.14453,2207.564466
26925.14453,2207.56396
26926.14063,2207.56396
26927.14453,2207.566487
26928.14453,2207.563455
26929.14453,2207.563455
26930.14453,2207.56396
26931.14453,2207.563792
26932.14453,2207.563118
26933.14063,2207.565476
26934.14453,2207.564466
26935.14453,2207.562613
26936.14453,2207.563455
26937.14453,2207.56615
26938.14844,2207.560929
26939.14453,2207.564802
26940.14844,2207.563455
26941.14453,2207.56295
26942.14844,2207.563287
26943.14844,2207.562444
26944.14844,2207.564297
26945.14453,2207.562276
26946.14844,2207.561771
26947.14453,2207.561771
26948.14844,2207.561771
26949.14844,2207.560423
26950.14844,2207.561771
26951.14844,2207.562613
26952.14844,2207.563118
26953.14844,2207.563118
26954.14844,2207.563287
26955.14844,2207.562444
26956.14844,2207.561771
26957.14844,2207.561602
26958.14844,2207.561771
26959.14844,2207.56295
26960.14844,2207.56295
26961.14844,2207.563455
26962.14844,2207.563623
26963.14844,2207.56295
26964.14844,2207.562276
26965.14844,2207.56076
26966.14844,2207.561939
26967.14844,2207.563455
26968.15234,2207.563118
26969.15234,2207.562276
26970.15234,2207.562276
26971.14844,2207.562108
26972.14844,2207.564634
26973.15234,2207.563623
26974.15234,2207.56396
26975.15234,2207.564802
26976.15234,2207.562108
26977.15234,2207.564466
26978.15234,2207.563792
26979.15234,2207.562108
26980.15234,2207.565139
26981.15234,2207.56295
26982.15234,2207.563455
26983.15234,2207.563455
26984.15234,2207.562108
26985.15234,2207.56396
26986.15234,2207.563287
26987.15234,2207.56295
26988.14844,2207.562613
26989.15234,2207.563118
26990.15234,2207.565308
26991.15234,2207.562276
26992.15625,2207.563792
26993.15234,2207.564297
26994.15625,2207.563792
26995.15234,2207.564802
26996.15625,2207.564297
26997.15625,2207.563287
26998.15234,2207.564971
26999.15625,2207.563287
27000.15625,2207.563118
27001.15234,2207.563118
27002.15625,2207.561939
27003.15625,2207.563623
27004.15625,2207.563455
27005.15625,2207.564297
27006.15625,2207.563118
27007.15625,2207.565139
27008.15625,2207.561771
27009.15234,2207.56295
27010.15625,2207.563455
27011.15625,2207.56396
27012.16016,2207.562108
27013.15625,2207.562276
27014.15625,2207.563455
27015.16016,2207.56295
27016.16016,2207.564634
27017.16016,2207.56396
27018.16016,2207.563623
27019.16016,2207.561771
27020.16406,2207.563792
27021.16016,2207.563455
27022.16406,2207.56295
27023.16406,2207.561939
27024.16406,2207.563455
27025.16406,2207.56295
27026.16406,2207.563455
27027.16016,2207.563455
27028.16016,2207.563287
27029.16016,2207.563792
27030.16016,2207.563792
27031.16406,2207.565813
27032.16406,2207.564297
27033.16406,2207.564297
27034.16406,2207.564466
27035.16016,2207.561602
27036.16406,2207.561266
27037.16406,2207.561602
27038.16016,2207.562108
27039.16016,2207.561266
27040.16406,2207.563118
27041.16406,2207.565813
27042.16406,2207.564802
27043.16406,2207.564634
27044.16406,2207.566992
27045.16406,2207.564466
27046.16406,2207.564297
27047.16406,2207.563287
27048.16406,2207.562108
27049.16406,2207.561266
27050.16406,2207.561097
27051.16406,2207.564971
27052.16406,2207.562613
27053.16406,2207.561771
27054.16797,2207.561602
27055.16406,2207.563118
27056.16406,2207.561266
27057.16406,2207.562276
27058.16406,2207.561602
27059.16406,2207.564802
27060.16406,2207.564802
27061.16406,2207.563287
27062.16406,2207.562613
27063.16797,2207.563287
27064.16797,2207.564802
27065.16797,2207.565139
27066.16797,2207.56396
27067.16797,2207.562613
27068.16797,2207.563455
27069.16406,2207.563118
27070.16406,2207.56396
27071.16797,2207.563455
27072.16797,2207.56295
27073.16797,2207.563287
27074.16797,2207.562613
27075.16797,2207.563455
27076.16797,2207.565139
27077.16797,2207.562613
27078.17188,2207.563455
27079.16797,2207.56396
27080.16797,2207.56295
27081.17188,2207.562276
27082.16797,2207.562108
27083.16797,2207.565139
27084.16797,2207.563623
27085.17188,2207.563118
27086.16797,2207.56396
27087.16797,2207.561266
27088.17188,2207.56295
27089.17188,2207.562444
27090.17188,2207.560087
27091.17188,2207.564297
27092.16797,2207.563287
27093.17188,2207.562108
27094.16797,2207.563287
27095.17188,2207.563118
27096.17188,2207.563455
27097.17188,2207.561939
27098.17188,2207.563455
27099.17188,2207.562613
27100.17188,2207.560592
27101.17188,2207.562108
27102.17188,2207.564466
27103.17188,2207.564971
27104.17188,2207.562276
27105.17578,2207.563287
27106.17188,2207.563623
27107.17188,2207.56295
27108.17188,2207.563118
27109.17578,2207.563623
27110.17188,2207.563623
27111.17578,2207.56295
27112.17188,2207.562276
27113.17188,2207.563118
27114.17578,2207.561771
27115.17188,2207.56295
27116.17578,2207.563118
27117.17188,2207.56295
27118.17188,2207.560929
27119.17188,2207.561602
27120.17578,2207.562613
27121.17188,2207.562613
27122.17188,2207.562613
27123.17188,2207.562108
27124.17578,2207.563455
27125.17578,2207.563455
27126.17578,2207.562108
27127.17188,2207.563287
27128.17578,2207.564466
27129.17188,2207.565139
27130.17578,2207.564971
27131.17578,2207.564971
27132.17578,2207.56295
27133.17578,2207.563287
27134.17578,2207.56396
27135.17578,2207.564466
27136.17578,2207.563287
27137.17578,2207.561939
27138.17578,2207.564802
27139.17578,2207.563118
27140.17578,2207.562276
27141.17578,2207.561939
27142.17578,2207.564297
27143.17578,2207.563455
27144.17578,2207.564297
27145.17578,2207.561939
27146.17578,2207.563455
27147.17578,2207.56295
27148.17969,2207.562276
27149.17578,2207.562613
27150.17578,2207.56076
27151.17969,2207.561266
27152.17969,2207.563623
27153.17969,2207.563287
27154.17969,2207.564971
27155.18359,2207.564297
27156.17969,2207.56396
27157.17969,2207.563287
27158.17969,2207.56396
27159.17969,2207.562444
27160.17969,2207.563287
27161.17578,2207.564297
27162.17969,2207.56295
27163.17969,2207.562108
27164.17969,2207.565139
27165.17969,2207.56396
27166.17969,2207.562108
27167.17969,2207.563287
27168.17969,2207.563287
27169.17969,2207.563623
27170.17969,2207.56295
27171.17969,2207.563287
27172.18359,2207.561939
27173.18359,2207.563623
27174.17969,2207.561266
27175.17969,2207.563118
27176.18359,2207.563118
27177.18359,2207.56396
27178.17969,2207.562444
27179.18359,2207.56295
27180.17969,2207.562276
27181.18359,2207.563792
27182.17969,2207.562276
27183.18359,2207.56396
27184.1875,2207.562108
27185.18359,2207.562444
27186.18359,2207.561939
27187.18359,2207.562276
27188.18359,2207.563118
27189.18359,2207.563792
27190.18359,2207.562444
27191.18359,2207.561602
27192.18359,2207.561771
27193.18359,2207.562276
27194.18359,2207.563792
27195.18359,2207.564466
27196.18359,2207.566487
27197.18359,2207.563118
27198.18359,2207.563287
27199.18359,2207.564297
27200.18359,2207.565476
27201.18359,2207.56396
27202.18359,2207.564802
27203.1875,2207.563455
27204.18359,2207.563118
27205.1875,2207.564466
27206.1875,2207.563623
27207.1875,2207.563118
27208.1875,2207.563287
27209.1875,2207.563287
27210.19141,2207.563455
27211.19141,2207.562108
27212.19141,2207.563792
27213.19141,2207.56396
27214.19141,2207.563287
27215.19531,2207.56295
27216.19531,2207.562108
27217.19531,2207.56396
27218.19141,2207.564466
27219.19531,2207.563287
27220.19141,2207.563792
27221.19531,2207.562444
27222.19141,2207.562108
27223.19141,2207.563118
27224.19922,2207.564634
27225.19531,2207.564297
27226.19531,2207.563455
27227.19531,2207.563287
27228.19922,2207.565139
27229.19531,2207.562613
27230.19922,2207.56295
27231.19922,2207.563455
27232.19922,2207.562613
27233.19922,2207.564634
27234.19922,2207.564466
27235.19922,2207.564466
27236.19922,2207.563455
27237.19922,2207.562108
27238.19922,2207.565308
27239.19922,2207.56396
27240.19922,2207.563118
27241.19922,2207.564297
27242.19922,2207.56295
27243.19922,2207.563118
27244.19922,2207.562108
27245.19531,2207.563623
27246.19922,2207.56295
27247.19922,2207.56396
27248.19922,2207.565981
27249.19922,2207.564971
27250.19922,2207.563792
27251.19922,2207.564297
27252.19922,2207.564297
27253.19922,2207.564297
27254.20313,2207.56396
27255.20313,2207.563792
27256.20313,2207.562108
27257.20313,2207.562276
27258.20313,2207.563118
27259.20313,2207.562444
27260.20313,2207.563118
27261.20703,2207.562444
27262.20313,2207.562613
27263.20313,2207.561097
27264.20313,2207.563792
27265.20313,2207.563623
27266.20313,2207.563287
27267.20313,2207.563623
27268.20703,2207.564466
27269.20313,2207.564802
27270.20703,2207.561939
27271.20313,2207.562108
27272.20313,2207.562444
27273.20313,2207.565981
27274.20313,2207.56615
27275.20313,2207.56396
27276.20703,2207.564297
27277.20703,2207.563287
27278.20703,2207.565476
27279.20703,2207.565981
27280.20703,2207.565308
27281.20703,2207.563792
27282.20703,2207.563455
27283.20313,2207.56396
27284.20703,2207.564297
27285.20703,2207.563455
27286.20703,2207.564802
27287.20703,2207.564971
27288.21094,2207.562276
27289.20703,2207.562444
27290.20703,2207.562444
27291.20703,2207.562108
27292.20703,2207.563623
27293.21094,2207.562444
27294.20703,2207.565308
27295.20703,2207.564802
27296.20703,2207.563455
27297.20703,2207.563455
27298.20703,2207.564802
27299.20703,2207.563287
27300.20703,2207.561771
27301.20703,2207.561939
27302.20703,2207.564297
27303.20703,2207.563623
27304.20703,2207.56396
27305.20703,2207.563792
27306.20703,2207.563792
27307.21094,2207.564802
27308.20703,2207.564971
27309.21094,2207.563623
27310.20703,2207.562444
27311.21094,2207.563792
27312.20703,2207.562444
27313.20703,2207.565308
27314.21094,2207.563287
27315.21094,2207.564634
27316.21094,2207.56396
27317.20703,2207.564634
27318.20703,2207.56396
27319.21094,2207.563455
27320.20703,2207.563623
27321.21094,2207.560087
27322.21094,2207.563792
27323.21094,2207.564297
27324.21094,2207.562276
27325.21094,2207.563287
27326.21094,2207.563623
27327.21094,2207.564634
27328.21094,2207.563792
27329.21094,2207.563455
27330.21094,2207.564466
27331.21094,2207.563455
27332.21094,2207.562108
27333.21484,2207.563455
27334.21484,2207.563455
27335.21094,2207.562108
27336.21094,2207.562444
27337.21484,2207.560592
27338.21094,2207.563455
27339.21094,2207.564297
27340.21484,2207.561266
27341.21094,2207.564297
27342.21094,2207.564634
27343.21094,2207.564297
27344.21484,2207.563455
27345.21484,2207.562444
27346.21484,2207.564634
27347.21094,2207.563455
27348.21484,2207.565139
27349.21484,2207.563792
27350.21484,2207.564466
27351.21484,2207.562276
27352.21484,2207.56295
27353.21484,2207.562444
27354.21484,2207.563118
27355.21484,2207.563455
27356.21484,2207.562276
27357.21484,2207.563792
27358.21484,2207.563623
27359.21484,2207.563792
27360.21484,2207.562613
27361.21484,2207.564297
27362.21484,2207.563287
27363.21484,2207.562108
27364.21484,2207.563118
27365.21875,2207.562613
27366.21875,2207.563287
27367.21484,2207.561771
27368.21875,2207.563455
27369.21484,2207.563455
27370.21484,2207.563287
27371.21484,2207.563287
27372.21875,2207.563455
27373.21484,2207.564466
27374.21484,2207.563792
27375.21875,2207.562444
27376.21875,2207.563623
27377.21484,2207.562613
27378.21875,2207.56295
27379.21875,2207.563623
27380.21484,2207.564971
27381.21875,2207.564634
27382.21484,2207.563792
27383.21875,2207.563623
27384.21875,2207.564634
27385.21875,2207.56295
27386.21875,2207.561602
27387.21875,2207.560592
27388.21875,2207.562613
27389.21875,2207.563287
27390.21875,2207.563792
27391.21875,2207.563455
27392.21875,2207.564297
27393.21875,2207.564634
27394.21875,2207.563287
27395.21875,2207.56396
27396.21875,2207.564634
27397.21875,2207.565981
27398.21875,2207.563455
27399.21875,2207.564634
27400.21875,2207.56295
27401.21875,2207.562444
27402.21875,2207.563623
27403.21875,2207.564802
27404.21875,2207.565476
27405.21875,2207.563455
27406.21875,2207.564802
27407.21875,2207.564971
27408.21875,2207.563792
27409.21875,2207.562276
27410.21875,2207.563623
27411.21875,2207.564297
27412.22266,2207.56396
27413.21875,2207.563792
27414.21875,2207.564297
27415.22266,2207.564466
27416.22266,2207.561602
27417.21875,2207.563455
27418.21875,2207.56295
27419.22266,2207.56295
27420.22266,2207.562276
27421.22266,2207.564634
27422.22266,2207.562444
27423.22266,2207.562613
27424.22266,2207.563623
27425.22266,2207.563792
27426.22266,2207.564802
27427.22266,2207.564466
27428.22266,2207.563287
27429.22266,2207.563792
27430.22266,2207.562108
27431.22266,2207.563623
27432.22266,2207.564802
27433.22656,2207.563792
27434.22266,2207.564971
27435.22656,2207.56396
27436.22266,2207.562444
27437.22266,2207.56396
27438.22656,2207.565476
27439.22656,2207.566487
27440.22656,2207.564634
27441.22656,2207.563623
27442.22656,2207.563287
27443.22656,2207.563792
27444.22656,2207.565476
27445.22656,2207.561939
27446.22656,2207.56295
27447.22656,2207.561939
27448.22656,2207.562613
27449.22656,2207.563455
27450.22656,2207.56396
27451.22656,2207.562444
27452.23047,2207.563623
27453.22656,2207.563623
27454.23047,2207.563623
27455.23047,2207.563118
27456.23047,2207.563455
27457.23047,2207.563455
27458.23438,2207.563623
27459.23047,2207.564297
27460.23047,2207.563792
27461.23047,2207.562276
27462.23047,2207.56295
27463.23047,2207.562613
27464.23047,2207.563118
27465.23047,2207.562613
27466.23047,2207.562276
27467.23047,2207.562276
27468.23047,2207.563623
27469.23047,2207.564634
27470.23047,2207.564634
27471.23438,2207.563118
27472.23047,2207.564466
27473.23438,2207.562276
27474.23438,2207.562613
27475.23438,2207.564466
27476.23047,2207.562613
27477.23438,2207.565139
27478.23438,2207.564634
27479.23438,2207.564297
27480.23438,2207.565308
27481.23438,2207.564802
27482.23438,2207.563287
27483.23438,2207.564466
27484.23438,2207.56396
27485.23438,2207.56295
27486.23438,2207.565981
27487.23438,2207.563287
27488.23438,2207.562108
27489.23828,2207.565139
27490.23438,2207.565139
27491.23438,2207.564802
27492.23438,2207.564802
27493.23438,2207.564634
27494.23828,2207.563287
27495.23828,2207.562613
27496.23828,2207.563287
27497.23828,2207.561939
27498.23828,2207.563792
27499.23828,2207.563118
27500.24219,2207.561939
27501.23828,2207.564634
27502.23828,2207.561771
27503.23828,2207.564971
27504.23828,2207.562613
27505.23828,2207.563118
27506.23828,2207.564634
27507.23828,2207.564802
27508.24219,2207.563287
27509.23828,2207.564466
27510.24219,2207.56295
27511.24219,2207.563623
27512.24219,2207.564634
27513.24219,2207.565139
27514.24219,2207.562613
27515.24219,2207.56295
27516.24219,2207.563792
27517.24219,2207.563287
27518.23828,2207.56396
27519.24219,2207.56396
27520.24219,2207.563118
27521.24219,2207.565476
27522.24219,2207.563118
27523.23828,2207.564802
27524.24219,2207.562276
27525.24219,2207.563455
27526.24219,2207.564297
27527.24219,2207.56295
27528.24219,2207.564297
27529.24219,2207.563118
27530.24219,2207.562444
27531.24219,2207.564297
27532.24219,2207.563287
27533.24219,2207.563287
27534.24219,2207.563455
27535.24219,2207.563455
27536.24219,2207.562613
27537.24219,2207.562444
27538.24609,2207.562613
27539.24609,2207.564297
27540.24609,2207.563118
27541.24609,2207.565308
27542.24609,2207.565139
27543.24609,2207.56295
27544.25,2207.563455
27545.24609,2207.563287
27546.24609,2207.564297
27547.25,2207.565139
27548.24609,2207.564802
27549.25,2207.564297
27550.25,2207.562444
27551.24609,2207.563455
27552.24609,2207.563455
27553.24609,2207.562108
27554.25,2207.563118
27555.25,2207.563118
27556.25391,2207.564634
27557.25391,2207.563623
27558.25391,2207.563118
27559.25391,2207.563792
27560.25391,2207.562613
27561.25391,2207.562444
27562.25391,2207.563118
27563.25781,2207.562613
27564.25781,2207.563287
27565.25781,2207.563792
27566.25781,2207.565139
27567.25781,2207.56396
27568.25781,2207.562444
27569.25781,2207.564971
27570.25781,2207.563287
27571.25781,2207.56295
27572.25781,2207.563792
27573.26172,2207.564466
27574.25781,2207.562613
27575.25781,2207.564802
27576.25781,2207.563792
27577.26172,2207.564297
27578.26172,2207.562613
27579.26172,2207.565308
27580.26172,2207.56295
27581.26172,2207.566487
27582.26172,2207.564466
27583.26172,2207.564971
27584.26172,2207.56396
27585.26172,2207.563623
27586.26172,2207.565139
27587.26172,2207.564634
27588.26172,2207.563623
27589.26172,2207.564297
27590.26172,2207.563287
27591.26172,2207.565308
27592.26172,2207.56295
27593.26172,2207.565981
27594.26172,2207.564802
27595.26172,2207.565308
27596.26172,2207.565308
27597.26172,2207.563792
27598.26172,2207.56295
27599.26172,2207.565139
27600.26172,2207.565139
27601.26172,2207.564466
27602.26172,2207.56396
27603.26172,2207.565813
27604.26563,2207.56396
27605.26563,2207.56396
27606.26172,2207.564297
27607.26172,2207.563118
27608.26172,2207.564297
27609.26172,2207.564971
27610.26172,2207.565476
27611.26172,2207.565139
27612.26172,2207.563118
27613.26172,2207.56396
27614.26563,2207.562276
27615.26563,2207.564802
27616.26172,2207.563792
27617.26172,2207.56295
27618.26563,2207.564297
27619.26563,2207.561602
27620.26563,2207.561939
27621.26563,2207.561939
27622.26563,2207.56396
27623.26563,2207.563118
27624.26563,2207.561939
27625.26563,2207.56076
27626.26563,2207.562613
27627.26563,2207.560929
27628.26953,2207.562613
27629.26953,2207.561939
27630.26953,2207.561939
27631.26953,2207.560592
27632.26953,2207.562276
27633.26953,2207.562108
27634.26953,2207.563623
27635.26953,2207.563118
27636.26953,2207.563792
27637.26953,2207.563623
27638.26953,2207.563118
27639.26953,2207.561602
27640.27344,2207.56295
27641.26953,2207.56295
27642.27344,2207.563287
27643.27344,2207.564297
27644.27344,2207.564634
27645.27344,2207.563623
27646.27344,2207.565476
27647.27344,2207.564971
27648.27344,2207.56396
27649.27344,2207.563118
27650.27344,2207.564802
27651.27344,2207.565139
27652.26953,2207.563455
27653.27344,2207.564634
27654.27344,2207.565308
27655.27344,2207.563118
27656.27734,2207.563287
27657.27344,2207.564634
27658.27344,2207.564297
27659.27344,2207.565139
27660.27734,2207.56076
27661.27344,2207.563623
27662.27344,2207.564297
27663.27734,2207.563455
27664.27734,2207.56295
27665.27734,2207.564297
27666.27734,2207.563287
27667.27734,2207.564466
27668.27734,2207.56396
27669.27734,2207.564971
27670.27734,2207.562444
27671.28125,2207.564634
27672.28125,2207.56615
27673.27734,2207.564466
27674.27734,2207.564466
27675.28125,2207.564466
27676.28125,2207.565981
27677.28125,2207.565981
27678.28125,2207.564297
27679.27734,2207.562444
27680.28125,2207.564466
27681.28125,2207.565139
27682.27734,2207.564297
27683.28125,2207.56396
27684.28125,2207.564297
27685.27734,2207.564466
27686.28125,2207.56396
27687.28125,2207.562444
27688.28125,2207.563287
27689.28125,2207.562276
27690.28125,2207.561771
27691.27734,2207.563455
27692.28125,2207.564466
27693.28125,2207.56396
27694.28125,2207.564802
27695.28125,2207.565308
27696.28125,2207.564802
27697.28125,2207.564634
27698.28125,2207.562444
27699.28125,2207.56295
27700.28125,2207.563455
27701.28516,2207.564466
27702.28125,2207.564971
27703.28516,2207.565308
27704.28516,2207.564971
27705.28516,2207.561939
27706.28516,2207.56396
27707.28516,2207.56396
27708.28516,2207.564634
27709.28516,2207.563287
27710.28516,2207.562444
27711.28516,2207.564802
27712.28516,2207.565139
27713.28516,2207.56396
27714.28906,2207.56396
27715.28516,2207.563455
27716.28516,2207.564297
27717.28906,2207.563792
27718.28906,2207.563287
27719.28906,2207.565476
27720.28906,2207.563623
27721.28906,2207.563287
27722.29297,2207.566318
27723.28906,2207.564634
27724.28906,2207.563118
27725.28906,2207.564297
27726.28906,2207.56396
27727.29297,2207.562613
27728.29297,2207.563455
27729.28906,2207.565981
27730.28906,2207.56396
27731.29297,2207.564466
27732.28906,2207.563118
27733.28906,2207.564297
27734.28906,2207.564297
27735.29297,2207.566318
27736.29297,2207.564802
27737.29297,2207.562108
27738.29297,2207.564971
27739.29297,2207.562444
27740.29297,2207.56295
27741.29297,2207.566318
27742.29297,2207.562108
27743.29297,2207.56396
27744.29297,2207.56396
27745.29297,2207.563455
27746.29297,2207.56295
27747.29297,2207.56295
27748.29297,2207.56295
27749.29297,2207.561771
27750.29297,2207.56295
27751.29297,2207.564634
27752.29297,2207.562444
27753.29688,2207.563118
27754.29297,2207.563455
27755.29297,2207.564802
27756.29297,2207.563792
27757.29297,2207.563455
27758.29297,2207.56396
27759.29297,2207.562276
27760.29297,2207.564802
27761.29297,2207.563118
27762.29297,2207.561939
27763.29297,2207.562444
27764.29297,2207.562613
27765.29297,2207.564466
27766.29688,2207.562613
27767.29297,2207.563792
27768.29297,2207.563118
27769.29297,2207.563455
27770.29297,2207.564297
27771.29297,2207.562444
27772.29297,2207.563455
27773.29297,2207.561266
27774.29688,2207.564297
27775.29688,2207.560929
27776.30078,2207.561097
27777.29688,2207.563455
27778.29688,2207.56295
27779.29688,2207.563118
27780.29688,2207.563792
27781.29688,2207.565139
27782.29688,2207.56396
27783.29688,2207.565981
27784.29297,2207.563455
27785.29688,2207.562613
27786.29688,2207.564297
27787.30078,2207.564466
27788.30078,2207.563287
27789.30078,2207.563623
27790.29688,2207.562276
27791.30078,2207.563792
27792.30078,2207.562444
27793.30078,2207.563623
27794.30469,2207.563455
27795.30469,2207.563287
27796.30469,2207.564466
27797.30469,2207.56396
27798.30469,2207.56615
27799.30469,2207.564971
27800.30469,2207.562444
27801.30469,2207.564802
27802.30859,2207.563118
27803.30859,2207.563623
27804.30859,2207.562444
27805.30859,2207.565139
27806.30859,2207.563287
27807.30859,2207.563287
27808.3125,2207.563623
27809.30859,2207.563623
27810.30859,2207.564971
27811.30859,2207.563623
27812.30859,2207.56295
27813.30859,2207.564297
27814.3125,2207.563792
27815.3125,2207.563623
27816.3125,2207.562108
27817.3125,2207.563792
27818.3125,2207.563287
27819.3125,2207.563118
27820.3125,2207.561939
27821.31641,2207.564297
27822.3125,2207.563118
27823.3125,2207.56396
27824.3125,2207.564297
27825.31641,2207.563455
27826.31641,2207.563455
27827.31641,2207.564297
27828.3125,2207.56396
27829.31641,2207.563118
27830.31641,2207.564802
27831.3125,2207.564634
27832.3125,2207.563455
27833.31641,2207.565308
27834.31641,2207.563118
27835.31641,2207.564634
27836.31641,2207.563118
27837.31641,2207.562613
27838.32031,2207.56295
27839.32031,2207.565308
27840.31641,2207.56396
27841.31641,2207.561602
27842.32031,2207.564802
27843.32031,2207.56396
27844.32031,2207.565139
27845.32031,2207.564634
27846.32031,2207.563455
27847.32031,2207.565476
27848.32031,2207.564297
27849.32031,2207.56396
27850.32031,2207.564634
27851.32031,2207.563118
27852.32031,2207.563287
27853.32031,2207.563623
27854.32031,2207.563287
27855.32031,2207.562108
27856.32031,2207.563792
27857.32031,2207.563118
27858.32031,2207.563623
27859.32031,2207.561771
27860.32031,2207.562108
27861.32031,2207.564802
27862.32031,2207.563623
27863.32031,2207.563287
27864.32031,2207.565308
27865.32031,2207.565139
27866.32031,2207.563623
27867.32031,2207.563623
27868.32031,2207.561771
27869.32031,2207.563455
27870.32031,2207.56396
27871.32031,2207.563455
27872.32031,2207.563118
27873.32031,2207.562108
27874.32031,2207.564466
27875.32031,2207.563792
27876.32031,2207.564802
27877.32031,2207.563287
27878.32031,2207.563792
27879.32031,2207.56396
27880.32422,2207.564971
27881.32031,2207.564297
27882.32422,2207.564297
27883.32031,2207.564297
27884.32422,2207.563623
27885.32031,2207.561097
27886.32031,2207.563287
27887.32031,2207.563792
27888.32422,2207.563623
27889.32031,2207.563792
27890.32422,2207.562276
27891.32422,2207.565139
27892.32422,2207.563455
27893.32422,2207.562613
27894.32422,2207.564466
27895.32422,2207.56396
27896.32422,2207.562444
27897.32422,2207.563287
27898.32422,2207.563455
27899.32422,2207.564466
27900.32422,2207.564466
27901.32422,2207.56295
27902.32422,2207.56396
27903.32813,2207.563287
27904.32813,2207.561266
27905.32813,2207.564466
27906.32813,2207.56615
27907.32813,2207.563792
27908.32813,2207.562613
27909.32813,2207.563118
27910.33203,2207.565308
27911.33203,2207.564634
27912.32813,2207.563623
27913.32813,2207.566655
27914.33203,2207.566318
27915.32813,2207.565308
27916.32813,2207.56396
27917.33203,2207.565308
27918.33203,2207.566318
27919.33203,2207.563792
27920.33203,2207.561939
27921.33203,2207.564802
27922.32813,2207.562444
27923.33203,2207.563455
27924.33203,2207.562444
27925.33203,2207.563623
27926.33203,2207.563118
27927.33594,2207.562276
27928.33203,2207.563287
27929.33594,2207.562276
27930.33203,2207.56615
27931.33594,2207.561939
27932.33203,2207.565139
27933.33203,2207.563623
27934.33594,2207.562444
27935.33594,2207.562276
27936.33594,2207.564297
27937.33594,2207.563792
27938.33594,2207.564466
27939.33594,2207.562613
27940.33984,2207.565476
27941.33594,2207.564466
27942.33594,2207.564634
27943.33594,2207.563455
27944.33984,2207.563118
27945.33984,2207.563792
27946.33984,2207.564802
27947.34375,2207.565308
27948.33984,2207.563623
27949.33984,2207.564634
27950.34375,2207.564466
27951.34375,2207.564802
27952.34375,2207.563287
27953.34375,2207.564297
27954.34375,2207.564971
27955.34375,2207.564634
27956.34375,2207.564634
27957.34375,2207.56396
27958.34375,2207.563623
27959.34375,2207.564297
27960.34766,2207.564466
27961.34375,2207.563455
27962.34766,2207.564297
27963.34766,2207.564466
27964.34766,2207.564466
27965.34766,2207.564297
27966.34766,2207.563287
27967.34766,2207.563287
27968.34375,2207.565981
27969.34766,2207.56396
27970.34766,2207.564297
27971.34766,2207.564802
27972.34766,2207.562444
27973.34766,2207.563623
27974.34766,2207.564466
27975.35156,2207.564466
27976.34766,2207.562444
27977.34766,2207.563623
27978.34766,2207.56295
27979.34766,2207.564297
27980.34766,2207.563792
27981.35156,2207.564634
27982.34766,2207.564466
27983.34766,2207.562613
27984.34766,2207.562613
27985.34766,2207.562276
27986.34766,2207.564971
27987.35156,2207.562444
27988.35156,2207.563455
27989.34766,2207.562108
27990.34766,2207.563455
27991.35156,2207.563455
27992.34766,2207.562276
27993.34766,2207.563287
27994.34766,2207.563623
27995.35156,2207.563287
27996.34766,2207.563623
27997.35156,2207.562276
27998.35156,2207.564297
27999.34766,2207.564802
28000.35156,2207.564971
28001.35156,2207.565476
28002.34766,2207.561939
28003.35156,2207.563287
28004.35156,2207.564971
28005.34766,2207.562444
28006.35156,2207.565981
28007.35156,2207.564297
28008.35156,2207.563623
28009.35156,2207.565139
28010.35156,2207.563287
28011.35156,2207.562108
28012.35156,2207.564466
28013.35156,2207.564971
28014.35156,2207.565813
28015.35156,2207.561939
28016.35156,2207.562108
28017.35156,2207.562276
28018.35547,2207.562276
28019.35547,2207.56396
28020.35547,2207.561266
28021.35547,2207.564634
28022.35547,2207.565981
28023.35547,2207.564971
28024.35547,2207.563792
28025.35547,2207.563623
28026.35938,2207.562613
28027.35547,2207.563792
28028.35547,2207.564466
28029.35547,2207.566318
28030.35938,2207.564297
28031.35547,2207.565139
28032.35938,2207.566487
28033.35938,2207.56615
28034.35938,2207.562613
28035.35938,2207.562444
28036.35938,2207.563792
28037.35938,2207.564466
28038.35938,2207.564297
28039.35938,2207.564297
28040.35938,2207.563287
28041.35938,2207.561602
28042.35938,2207.562613
28043.35938,2207.564634
28044.35938,2207.562613
28045.35938,2207.563792
28046.35938,2207.562276
28047.35938,2207.563792
28048.35938,2207.565308
28049.35938,2207.563623
28050.35938,2207.56396
28051.35938,2207.565981
28052.35938,2207.562613
28053.35938,2207.563118
28054.35938,2207.562613
28055.35938,2207.563792
28056.35938,2207.563623
28057.35938,2207.563623
28058.36328,2207.562444
28059.35938,2207.56396
28060.35938,2207.564634
28061.35938,2207.564802
28062.36328,2207.563287
28063.36328,2207.567329
28064.36328,2207.565476
28065.36328,2207.564297
28066.36328,2207.56295
28067.36328,2207.563287
28068.36328,2207.562613
28069.36719,2207.56295
28070.36328,2207.563623
28071.36328,2207.564634
28072.36719,2207.563455
28073.36328,2207.56396
28074.36328,2207.564971
28075.36719,2207.56396
28076.36328,2207.564297
28077.36328,2207.563623
28078.36719,2207.563792
28079.36719,2207.564634
28080.36328,2207.564466
28081.36719,2207.563287
28082.36719,2207.56396
28083.36719,2207.564466
28084.36719,2207.563792
28085.36719,2207.565139
28086.36328,2207.564297
28087.36719,2207.564634
28088.36719,2207.563455
28089.36719,2207.56396
28090.36719,2207.564971
28091.36719,2207.562276
28092.37109,2207.563287
28093.36719,2207.563287
28094.36719,2207.563792
28095.37109,2207.565308
28096.36719,2207.565308
28097.36719,2207.566487
28098.37109,2207.56396
28099.36719,2207.566318
28100.36719,2207.564466
28101.36719,2207.566487
28102.36719,2207.566318
28103.36719,2207.564802
28104.36719,2207.564971
28105.36719,2207.565308
28106.36719,2207.564297
28107.37109,2207.564466
28108.36719,2207.565139
28109.37109,2207.563792
28110.36719,2207.56396
28111.37109,2207.563287
28112.37109,2207.56295
28113.36719,2207.566487
28114.36719,2207.563118
28115.37109,2207.561771
28116.37109,2207.563287
28117.37109,2207.562613
28118.37109,2207.563118
28119.375,2207.565476
28120.37109,2207.565813
28121.37109,2207.564297
28122.375,2207.56295
28123.375,2207.563792
28124.37109,2207.565476
28125.37109,2207.56396
28126.37109,2207.565308
28127.37109,2207.563118
28128.375,2207.564634
28129.37109,2207.563792
28130.37109,2207.563287
28131.37109,2207.563792
28132.37109,2207.562444
28133.37109,2207.563455
28134.375,2207.564634
28135.37109,2207.564634
28136.37109,2207.565308
28137.37109,2207.563623
28138.37109,2207.565981
28139.37109,2207.565476
28140.37109,2207.565981
28141.375,2207.564297
28142.37109,2207.564634
28143.37109,2207.564634
28144.375,2207.564971
28145.375,2207.56396
28146.375,2207.564634
28147.375,2207.56615
28148.375,2207.563792
28149.375,2207.565308
28150.375,2207.564634
28151.37891,2207.564466
28152.375,2207.563455
28153.375,2207.563118
28154.37891,2207.563623
28155.375,2207.56295
28156.375,2207.563455
28157.37891,2207.564466
28158.37891,2207.563118
28159.37891,2207.563455
28160.37891,2207.563287
28161.37891,2207.562108
28162.37891,2207.562276
28163.38281,2207.563118
28164.37891,2207.560929
28165.38281,2207.563455
28166.38281,2207.564297
28167.37891,2207.564466
28168.37891,2207.563455
28169.38281,2207.564466
28170.37891,2207.564634
28171.38281,2207.563118
28172.38281,2207.562276
28173.38281,2207.563792
28174.37891,2207.565308
28175.38281,2207.561771
28176.38281,2207.563118
28177.38281,2207.563792
28178.38281,2207.564802
28179.38281,2207.560592
28180.38281,2207.562276
28181.38281,2207.562444
28182.38672,2207.563455
28183.38281,2207.562444
28184.38281,2207.563118
28185.38672,2207.565308
28186.38672,2207.561939
28187.38672,2207.562108
28188.38281,2207.563287
28189.38672,2207.563623
28190.38672,2207.563455
28191.38672,2207.563623
28192.38672,2207.564802
28193.38672,2207.565813
28194.38672,2207.563623
28195.38672,2207.563792
28196.38672,2207.56295
28197.38672,2207.563287
28198.38672,2207.562444
28199.39063,2207.56396
28200.39063,2207.563118
28201.39063,2207.564297
28202.38672,2207.561939
28203.38672,2207.560255
28204.39063,2207.563287
28205.38672,2207.562613
28206.39063,2207.563623
28207.39063,2207.562444
28208.39063,2207.56396
28209.39063,2207.561097
28210.39063,2207.564634
28211.39063,2207.56295
28212.38672,2207.565139
28213.39063,2207.563118
28214.39063,2207.565981
28215.39063,2207.564971
28216.38672,2207.564971
28217.39063,2207.56615
28218.39063,2207.565981
28219.39063,2207.563455
28220.39063,2207.564971
28221.39063,2207.565308
28222.39453,2207.565308
28223.39063,2207.563455
28224.39063,2207.564297
28225.39063,2207.564802
28226.39063,2207.565476
28227.39063,2207.566318
28228.39063,2207.563455
28229.39063,2207.56295
28230.39063,2207.564802
28231.39063,2207.563792
28232.39453,2207.563455
28233.39063,2207.562276
28234.39453,2207.564802
28235.39453,2207.565813
28236.39453,2207.56396
28237.39453,2207.564297
28238.39453,2207.563455
28239.39453,2207.565813
28240.39453,2207.564634
28241.39453,2207.562444
28242.39844,2207.564466
28243.39453,2207.561939
28244.39453,2207.56295
28245.39453,2207.564802
28246.39453,2207.563118
28247.39844,2207.565981
28248.39844,2207.564802
28249.39844,2207.563792
28250.39844,2207.564971
28251.39844,2207.564971
28252.39844,2207.565981
28253.39844,2207.563792
28254.39844,2207.565476
28255.39844,2207.564634
28256.39844,2207.563118
28257.40234,2207.564297
28258.40234,2207.564634
28259.40234,2207.563623
28260.40234,2207.56396
28261.40234,2207.563623
28262.40234,2207.564297
28263.40234,2207.564802
28264.40234,2207.562613
28265.40234,2207.561939
28266.40234,2207.562613
28267.40234,2207.564634
28268.40234,2207.563792
28269.40234,2207.564466
28270.40234,2207.563455
28271.40234,2207.563287
28272.40234,2207.565139
28273.40234,2207.564634
28274.40234,2207.563455
28275.40625,2207.564634
28276.40234,2207.566655
28277.40234,2207.565813
28278.40234,2207.566487
28279.40625,2207.565476
28280.40625,2207.564802
28281.40234,2207.561602
28282.40625,2207.565139
28283.40625,2207.563118
28284.40625,2207.564297
28285.40625,2207.562444
28286.40625,2207.56295
28287.40625,2207.563118
28288.40625,2207.563455
28289.40625,2207.565308
28290.41016,2207.56295
28291.40625,2207.564297
28292.41016,2207.560929
28293.40625,2207.563623
28294.40625,2207.562613
28295.40625,2207.563792
28296.40625,2207.564802
28297.41016,2207.565981
28298.40625,2207.56396
28299.41016,2207.564802
28300.41016,2207.565476
28301.41406,2207.565139
28302.41016,2207.563287
28303.41406,2207.564634
28304.41406,2207.56396
28305.41406,2207.564466
28306.41406,2207.564802
28307.41406,2207.566992
28308.41406,2207.565139
28309.41406,2207.562108
28310.41406,2207.564971
28311.41406,2207.564634
28312.41406,2207.566487
28313.41406,2207.564971
28314.41406,2207.564466
28315.41406,2207.563792
28316.41406,2207.563455
28317.41406,2207.563118
28318.41406,2207.565813
28319.41406,2207.564971
28320.41797,2207.562276
28321.41797,2207.562444
28322.41797,2207.562613
28323.41406,2207.563287
28324.41406,2207.563792
28325.41406,2207.563118
28326.41797,2207.563118
28327.41797,2207.562108
28328.41797,2207.561939
28329.41406,2207.561097
28330.41406,2207.564297
28331.41797,2207.563623
28332.41797,2207.563792
28333.41797,2207.564297
28334.41797,2207.563455
28335.41797,2207.563287
28336.41797,2207.563287
28337.41797,2207.562108
28338.41797,2207.56295
28339.41797,2207.563455
28340.41797,2207.563792
28341.41797,2207.562108
28342.41797,2207.563455
28343.41797,2207.563792
28344.42188,2207.562276
28345.42188,2207.562276
28346.42188,2207.565139
28347.41797,2207.563623
28348.42188,2207.562613
28349.42188,2207.564297
28350.42188,2207.56295
28351.42188,2207.565308
28352.41797,2207.564297
28353.42188,2207.563287
28354.42188,2207.56396
28355.42188,2207.563455
28356.42188,2207.563287
28357.42188,2207.564971
28358.42188,2207.563623
28359.42188,2207.563287
28360.42188,2207.563792
28361.42188,2207.563623
28362.42578,2207.563792
28363.42188,2207.563792
28364.42188,2207.562276
28365.42188,2207.563792
28366.42188,2207.564297
28367.42188,2207.563118
28368.42188,2207.563792
28369.42188,2207.563118
28370.42188,2207.56295
28371.42188,2207.563623
28372.42188,2207.564971
28373.42578,2207.567497
28374.42578,2207.563623
28375.42578,2207.565308
28376.42578,2207.563623
28377.42578,2207.564297
28378.42578,2207.567329
28379.42578,2207.561771
28380.42578,2207.564297
28381.42578,2207.563118
28382.42578,2207.56396
28383.42578,2207.564297
28384.42578,2207.564297
28385.42188,2207.563118
28386.42578,2207.563792
28387.42578,2207.564634
28388.42578,2207.562444
28389.42578,2207.562276
28390.42578,2207.563118
28391.42578,2207.561266
28392.42969,2207.562613
28393.42969,2207.563792
28394.42578,2207.56295
28395.42969,2207.56615
28396.42969,2207.562444
28397.42969,2207.561939
28398.42578,2207.563118
28399.42578,2207.564297
28400.42969,2207.565476
28401.42969,2207.564297
28402.42578,2207.562276
28403.42969,2207.562276
28404.42578,2207.56295
28405.42578,2207.562444
28406.42578,2207.564802
28407.42969,2207.562613
28408.42578,2207.563455
28409.42578,2207.560929
28410.42969,2207.562444
28411.42969,2207.561939
28412.42969,2207.562108
28413.42969,2207.562276
28414.42969,2207.563287
28415.42969,2207.563287
28416.42969,2207.563455
28417.43359,2207.563118
28418.42969,2207.563118
28419.42969,2207.564466
28420.42969,2207.565139
28421.42969,2207.562276
28422.42969,2207.56396
28423.43359,2207.561771
28424.42969,2207.563623
28425.43359,2207.560929
28426.42969,2207.563792
28427.43359,2207.563118
28428.43359,2207.562444
28429.43359,2207.56295
28430.43359,2207.565308
28431.43359,2207.563792
28432.43359,2207.565813
28433.43359,2207.562108
28434.4375,2207.564466
28435.43359,2207.566487
28436.43359,2207.564971
28437.43359,2207.564802
28438.4375,2207.563792
28439.43359,2207.564802
28440.43359,2207.564802
28441.43359,2207.56396
28442.43359,2207.563792
28443.43359,2207.565139
28444.43359,2207.563455
28445.4375,2207.564297
28446.43359,2207.564802
28447.43359,2207.564466
28448.43359,2207.565813
28449.43359,2207.565813
28450.4375,2207.56295
28451.43359,2207.563623
28452.4375,2207.56396
28453.4375,2207.561602
28454.4375,2207.564971
28455.4375,2207.562444
28456.4375,2207.563118
28457.4375,2207.564634
28458.4375,2207.564634
28459.4375,2207.565308
28460.4375,2207.56396
28461.44141,2207.564634
28462.4375,2207.565476
28463.44141,2207.563118
28464.44141,2207.563287
28465.4375,2207.56396
28466.44141,2207.563118
28467.44141,2207.563455
28468.4375,2207.564802
28469.4375,2207.562613
28470.4375,2207.563623
28471.44141,2207.56396
28472.44141,2207.563623
28473.44141,2207.564466
28474.44141,2207.565308
28475.44141,2207.563792
28476.44141,2207.56396
28477.44141,2207.563792
28478.44141,2207.562444
28479.44141,2207.563455
28480.44141,2207.563792
28481.44141,2207.565139
28482.44141,2207.563792
28483.44531,2207.561771
28484.44141,2207.563623
28485.44141,2207.562276
28486.44141,2207.562108
28487.44531,2207.562276
28488.44531,2207.56396
28489.44531,2207.565308
28490.44531,2207.564297
28491.44141,2207.563287
28492.44531,2207.564971
28493.44531,2207.564802
28494.44531,2207.565813
28495.44531,2207.56295
28496.44531,2207.562613
28497.44531,2207.563623
28498.44531,2207.565139
28499.44531,2207.563623
28500.44531,2207.564634
28501.44531,2207.563623
28502.44531,2207.56615
28503.44922,2207.563623
28504.44531,2207.56295
28505.44531,2207.562276
28506.44922,2207.565476
28507.44531,2207.563287
28508.44531,2207.564297
28509.44531,2207.563792
28510.44531,2207.562613
28511.44531,2207.562276
28512.44531,2207.563792
28513.44531,2207.561266
28514.44531,2207.563792
28515.44531,2207.563287
28516.44531,2207.564466
28517.44922,2207.563623
28518.44531,2207.563287
28519.44531,2207.564802
28520.44922,2207.564971
28521.44922,2207.563792
28522.44531,2207.562613
28523.44922,2207.564466
28524.44922,2207.561097
28525.44922,2207.563118
28526.44531,2207.561939
28527.44922,2207.562613
28528.44922,2207.564466
28529.44922,2207.563118
28530.44922,2207.561939
28531.44922,2207.563792
28532.44922,2207.56396
28533.45313,2207.56396
28534.44922,2207.564297
28535.44922,2207.562444
28536.45313,2207.561602
28537.45313,2207.56295
28538.44922,2207.56295
28539.45313,2207.563287
28540.44922,2207.563623
28541.44922,2207.565308
28542.44922,2207.565981
28543.44922,2207.565813
28544.44922,2207.564971
28545.44922,2207.565308
28546.45313,2207.564634
28547.45313,2207.562444
28548.45313,2207.563455
28549.45313,2207.564971
28550.44922,2207.56396
28551.44922,2207.562276
28552.44922,2207.564466
28553.44922,2207.563623
28554.45313,2207.562613
28555.45313,2207.562444
28556.44922,2207.565813
28557.45313,2207.564297
28558.45313,2207.56396
28559.44922,2207.563792
28560.45313,2207.565308
28561.45313,2207.563623
28562.45313,2207.563287
28563.44922,2207.563287
28564.45313,2207.562444
28565.45313,2207.564634
28566.45313,2207.56295
28567.45313,2207.564466
28568.45313,2207.56615
28569.45313,2207.563623
28570.45703,2207.564297
28571.45313,2207.563455
28572.45313,2207.563118
28573.45313,2207.564802
28574.45313,2207.56295
28575.45703,2207.564802
28576.45703,2207.563455
28577.46094,2207.56396
28578.45703,2207.561602
28579.45703,2207.563118
28580.45703,2207.563287
28581.45703,2207.563623
28582.46094,2207.565308
28583.45703,2207.563287
28584.45703,2207.565139
28585.45703,2207.563455
28586.45703,2207.563287
28587.45703,2207.563792
28588.45703,2207.564634
28589.45703,2207.565476
28590.46094,2207.564466
28591.45703,2207.564466
28592.45703,2207.562108
28593.45703,2207.563118
28594.45703,2207.561771
28595.45703,2207.565476
28596.45703,2207.564297
28597.45703,2207.562108
28598.45703,2207.563118
28599.45703,2207.563287
28600.45703,2207.563623
28601.45703,2207.563287
28602.46094,2207.562108
28603.45703,2207.563118
28604.45703,2207.564297
28605.45703,2207.563118
28606.45703,2207.564802
28607.46094,2207.564802
28608.46094,2207.564297
28609.46094,2207.562613
28610.46094,2207.56295
28611.45703,2207.56295
28612.46094,2207.565981
28613.45703,2207.561939
28614.45703,2207.562108
28615.46094,2207.563118
28616.46094,2207.565308
28617.46094,2207.561939
28618.46094,2207.564297
28619.46094,2207.563118
28620.46094,2207.564634
28621.46094,2207.563455
28622.46094,2207.564802
28623.46094,2207.565139
28624.46094,2207.562108
28625.46094,2207.562108
28626.46094,2207.561771
28627.46094,2207.560592
28628.46484,2207.561266
28629.46484,2207.562108
28630.46484,2207.561097
28631.46484,2207.56396
28632.46484,2207.564466
28633.46484,2207.561097
28634.46875,2207.563623
28635.46875,2207.564297
28636.46875,2207.562108
28637.46875,2207.564297
28638.46875,2207.565139
28639.46875,2207.561771
28640.46484,2207.564466
28641.46875,2207.562444
28642.47266,2207.564971
28643.46875,2207.56396
28644.46875,2207.562444
28645.46875,2207.563287
28646.46875,2207.563287
28647.46875,2207.563623
28648.46875,2207.560929
28649.46875,2207.563118
28650.46875,2207.562108
28651.47266,2207.563118
28652.47266,2207.562613
28653.47266,2207.563623
28654.47266,2207.562108
28655.47266,2207.563455
28656.47656,2207.563792
28657.47266,2207.56295
28658.47266,2207.561602
28659.47266,2207.560592
28660.47266,2207.562444
28661.47266,2207.563118
28662.47266,2207.564297
28663.47656,2207.563792
28664.47266,2207.564466
28665.47656,2207.561097
28666.47656,2207.56295
28667.47656,2207.563623
28668.47656,2207.561602
28669.47656,2207.562108
28670.47656,2207.562108
28671.47656,2207.562444
28672.47656,2207.560929
28673.47656,2207.563287
28674.47656,2207.562613
28675.47656,2207.564297
28676.48047,2207.56396
28677.47656,2207.563287
28678.47656,2207.564802
28679.47656,2207.565139
28680.47656,2207.562613
28681.47656,2207.563623
28682.47656,2207.563455
28683.48047,2207.562444
28684.47656,2207.563118
28685.48047,2207.563287
28686.47656,2207.562108
28687.47656,2207.562613
28688.47656,2207.562444
28689.47656,2207.561939
28690.47656,2207.561266
28691.47656,2207.562613
28692.47656,2207.56295
28693.48047,2207.563287
28694.47656,2207.56295
28695.47656,2207.564466
28696.48047,2207.562108
28697.47656,2207.561939
28698.48047,2207.562276
28699.48047,2207.564466
28700.48047,2207.562276
28701.47656,2207.563118
28702.48047,2207.562108
28703.48047,2207.565813
28704.48047,2207.563118
28705.48047,2207.565813
28706.48047,2207.562444
28707.48047,2207.564971
28708.48047,2207.565139
28709.48047,2207.563455
28710.48047,2207.564634
28711.48047,2207.56396
28712.48047,2207.564466
28713.48047,2207.563287
28714.48438,2207.563287
28715.48047,2207.561939
28716.48047,2207.564297
28717.48047,2207.564297
28718.48047,2207.56295
28719.48047,2207.563455
28720.48438,2207.562613
28721.48438,2207.561602
28722.48047,2207.562108
28723.48047,2207.56295
28724.48438,2207.563623
28725.48438,2207.563792
28726.48438,2207.563287
28727.48438,2207.563792
28728.48438,2207.565308
28729.48438,2207.563455
28730.48438,2207.564466
28731.48438,2207.562276
28732.48438,2207.564297
28733.48438,2207.562613
28734.48438,2207.564971
28735.48438,2207.56396
28736.48438,2207.563792
28737.48438,2207.563623
28738.48438,2207.564297
28739.48438,2207.563792
28740.48438,2207.563623
28741.48438,2207.561266
28742.48438,2207.563623
28743.48438,2207.562444
28744.48438,2207.561097
28745.48438,2207.562444
28746.48438,2207.564297
28747.48828,2207.563118
28748.48438,2207.564297
28749.48828,2207.563118
28750.48828,2207.563455
28751.48438,2207.563792
28752.48828,2207.563455
28753.48828,2207.562613
28754.48828,2207.562276
28755.48828,2207.564297
28756.48828,2207.561939
28757.48828,2207.563623
28758.48828,2207.563118
28759.48828,2207.564971
28760.48828,2207.560087
28761.48828,2207.563792
28762.48438,2207.563118
28763.49219,2207.560929
28764.48828,2207.56295
28765.48828,2207.560929
28766.48828,2207.563118
28767.48828,2207.563287
28768.48828,2207.562613
28769.48828,2207.561266
28770.48828,2207.561939
28771.48828,2207.562444
28772.48828,2207.563792
28773.49219,2207.563455
28774.48828,2207.561939
28775.49219,2207.561602
28776.49219,2207.563287
28777.49219,2207.563455
28778.49219,2207.563792
28779.49219,2207.562276
28780.48828,2207.56396
28781.48828,2207.562276
28782.49219,2207.565139
28783.49219,2207.562613
28784.48828,2207.563118
28785.49219,2207.562613
28786.49219,2207.56295
28787.49219,2207.56295
28788.49219,2207.563287
28789.49219,2207.562613
28790.49219,2207.562613
28791.49219,2207.562276
28792.49609,2207.563118
28793.49609,2207.562108
28794.49609,2207.562276
28795.49219,2207.56396
28796.49609,2207.562276
28797.49609,2207.561602
28798.49609,2207.563287
28799.49219,2207.561602
28800.49219,2207.56396
28801.49609,2207.563623
28802.49609,2207.564634
28803.49609,2207.565139
28804.49609,2207.563792
28805.49219,2207.563792
28806.49609,2207.562613
28807.49609,2207.563623
28808.49609,2207.56295
28809.49609,2207.561939
28810.5,2207.563118
28811.49609,2207.563455
28812.49609,2207.564297
28813.49609,2207.563455
28814.49609,2207.563287
28815.49609,2207.562276
28816.5,2207.561939
28817.49609,2207.562613
28818.49609,2207.563455
28819.49609,2207.561939
28820.5,2207.56295
28821.5,2207.562276
28822.5,2207.56295
28823.5,2207.56396
28824.5,2207.564634
28825.49609,2207.563623
28826.5,2207.563623
28827.5,2207.563623
28828.49609,2207.562108
28829.49609,2207.564466
28830.5,2207.564466
28831.5,2207.562108
28832.5,2207.564466
28833.5,2207.563623
28834.5,2207.563623
28835.49609,2207.561939
28836.5,2207.563455
28837.49609,2207.562613
28838.5,2207.562444
28839.5,2207.563118
28840.49609,2207.56396
28841.49609,2207.56396
28842.5,2207.56295
28843.50391,2207.563792
28844.5,2207.56295
28845.50391,2207.563287
28846.5,2207.565813
28847.5,2207.564634
28848.5,2207.563792
28849.5,2207.564297
28850.5,2207.563455
28851.5,2207.563623
28852.5,2207.565308
28853.50391,2207.565981
28854.5,2207.565308
28855.5,2207.563455
28856.5,2207.561939
28857.50391,2207.561266
28858.50781,2207.563287
28859.50391,2207.563287
28860.50391,2207.563118
28861.50391,2207.560929
28862.50391,2207.560929
28863.50391,2207.562108
28864.50391,2207.562108
28865.50391,2207.563455
28866.50391,2207.56076
28867.50781,2207.562613
28868.50391,2207.563455
28869.50781,2207.563118
28870.50781,2207.562108
28871.50781,2207.562276
28872.50781,2207.563792
28873.50781,2207.561771
28874.50781,2207.563792
28875.50781,2207.563118
28876.50781,2207.563792
28877.50781,2207.56396
28878.50781,2207.563455
28879.50781,2207.563623
28880.50781,2207.563792
28881.50781,2207.562276
28882.50781,2207.564466
28883.50781,2207.563623
28884.50781,2207.563455
28885.50781,2207.563792
28886.51172,2207.562613
28887.50781,2207.564466
28888.50781,2207.563792
28889.50781,2207.564297
28890.50781,2207.562613
28891.50781,2207.561771
28892.50781,2207.563455
28893.50781,2207.564802
28894.50781,2207.562613
28895.50781,2207.561939
28896.50781,2207.563118
28897.50781,2207.562613
28898.50781,2207.563118
28899.50781,2207.563287
28900.50781,2207.562444
28901.51172,2207.563792
28902.51172,2207.563792
28903.51172,2207.564297
28904.51172,2207.563287
28905.50781,2207.563287
28906.51172,2207.563792
28907.51172,2207.562444
28908.51172,2207.56295
28909.50781,2207.564466
28910.50781,2207.56615
28911.51172,2207.563455
28912.50781,2207.563118
28913.50781,2207.56396
28914.51172,2207.562276
28915.51172,2207.563287
28916.51172,2207.561939
28917.51172,2207.56396
28918.51172,2207.562108
28919.51172,2207.561771
28920.51172,2207.56295
28921.51563,2207.564634
28922.51563,2207.562108
28923.51563,2207.562276
28924.51563,2207.563623
28925.51563,2207.562444
28926.51563,2207.562108
28927.51172,2207.56295
28928.51563,2207.562444
28929.51172,2207.564297
28930.51563,2207.563455
28931.51563,2207.563118
28932.51563,2207.561266
28933.51563,2207.560255
28934.51563,2207.562613
28935.51172,2207.563623
28936.51563,2207.563118
28937.51172,2207.563623
28938.51563,2207.563623
28939.51172,2207.565308
28940.51172,2207.564802
28941.51563,2207.566487
28942.51563,2207.565308
28943.51172,2207.563287
28944.51563,2207.565308
28945.51563,2207.564466
28946.51563,2207.563623
28947.51563,2207.56396
28948.51563,2207.562276
28949.51172,2207.562613
28950.51563,2207.564297
28951.51563,2207.561771
28952.51172,2207.564466
28953.51563,2207.563623
28954.51563,2207.563623
28955.51563,2207.56295
28956.51563,2207.563455
28957.51563,2207.561939
28958.51563,2207.562108
28959.51563,2207.561602
28960.51563,2207.56396
28961.51563,2207.561939
28962.51563,2207.560423
28963.51563,2207.56295
28964.51563,2207.563623
28965.51563,2207.562444
28966.51563,2207.56396
28967.51953,2207.563118
28968.51563,2207.56396
28969.51563,2207.563118
28970.51953,2207.56396
28971.51953,2207.564802
28972.51563,2207.565308
28973.51563,2207.563792
28974.51953,2207.565981
28975.51953,2207.565813
28976.51953,2207.565139
28977.51953,2207.565308
28978.51953,2207.56295
28979.51953,2207.565981
28980.51953,2207.563623
28981.51953,2207.563118
28982.52344,2207.563792
28983.51953,2207.563792
28984.52344,2207.562444
28985.51953,2207.562444
28986.51953,2207.563623
28987.52344,2207.562444
28988.51953,2207.56396
28989.52344,2207.564971
28990.51953,2207.56396
28991.51953,2207.56295
28992.52344,2207.563455
28993.52344,2207.563455
28994.51953,2207.562613
28995.52344,2207.561097
28996.52344,2207.562444
28997.52344,2207.564802
28998.52344,2207.562276
28999.52344,2207.563792
29000.52344,2207.562444
29001.52344,2207.562276
29002.52344,2207.561771
29003.52734,2207.563455
29004.52344,2207.564634
29005.52344,2207.564634
29006.52344,2207.562444
29007.52344,2207.564634
29008.52734,2207.563287
29009.52734,2207.563287
29010.52344,2207.565139
29011.52344,2207.563623
29012.52734,2207.563623
29013.52344,2207.563792
29014.52344,2207.563623
29015.52734,2207.56396
29016.52734,2207.563118
29017.52734,2207.563455
29018.52734,2207.563792
29019.52734,2207.563287
29020.52734,2207.565139
29021.52734,2207.565308
29022.52734,2207.56396
29023.53125,2207.566318
29024.52734,2207.56396
29025.53125,2207.564297
29026.52734,2207.561602
29027.52734,2207.562108
29028.52734,2207.560592
29029.53125,2207.562108
29030.52734,2207.560592
29031.53125,2207.563792
29032.53125,2207.562108
29033.53125,2207.562613
29034.53125,2207.562613
29035.53125,2207.562276
29036.53125,2207.561771
29037.53125,2207.564802
29038.53125,2207.56295
29039.53125,2207.564634
29040.53125,2207.564466
29041.53125,2207.564634
29042.53125,2207.562444
29043.53125,2207.56295
29044.53125,2207.562444
29045.53516,2207.56396
29046.53125,2207.56396
29047.53125,2207.564971
29048.53125,2207.56396
29049.53125,2207.56295
29050.53125,2207.564466
29051.53125,2207.565476
29052.53125,2207.56396
29053.53125,2207.562444
29054.53125,2207.563792
29055.53125,2207.56396
29056.53125,2207.563118
29057.53516,2207.564466
29058.53125,2207.56295
29059.53125,2207.563455
29060.53516,2207.565139
29061.53125,2207.564297
29062.53125,2207.564802
29063.53125,2207.562613
29064.53516,2207.565476
29065.53125,2207.56396
29066.53516,2207.563455
29067.53125,2207.563792
29068.53516,2207.56396
29069.53516,2207.563455
29070.53125,2207.563287
29071.53125,2207.561602
29072.53125,2207.56396
29073.53516,2207.56396
29074.53125,2207.563118
29075.53125,2207.564466
29076.53125,2207.564466
29077.53125,2207.562444
29078.53516,2207.565139
29079.53516,2207.56396
29080.53516,2207.564297
29081.53125,2207.563792
29082.53516,2207.563118
29083.53125,2207.563623
29084.53516,2207.562276
29085.53516,2207.561771
29086.53125,2207.563792
29087.53516,2207.563455
29088.53516,2207.564802
29089.53516,2207.564466
29090.53516,2207.563792
29091.53516,2207.56396
29092.53516,2207.563287
29093.53516,2207.564802
29094.53516,2207.563118
29095.53906,2207.563118
29096.53516,2207.56396
29097.53906,2207.562276
29098.53516,2207.563623
29099.53516,2207.562613
29100.53516,2207.564466
29101.53516,2207.563623
29102.53906,2207.564466
29103.53906,2207.564634
29104.53516,2207.564971
29105.53906,2207.56396
29106.53906,2207.563623
29107.53516,2207.563118
29108.53906,2207.564802
29109.53906,2207.564634
29110.53906,2207.562108
29111.53906,2207.561771
29112.53906,2207.56295
29113.53906,2207.564466
29114.53906,2207.562444
29115.53906,2207.56295
29116.53906,2207.563287
29117.54297,2207.563287
29118.53906,2207.56396
29119.54297,2207.563455
29120.54297,2207.563623
29121.54297,2207.564971
29122.54297,2207.561939
29123.54297,2207.56295
29124.54297,2207.562276
29125.54297,2207.564466
29126.54297,2207.562613
29127.54297,2207.56396
29128.54297,2207.563455
29129.54297,2207.565308
29130.54297,2207.563623
29131.54297,2207.563792
29132.54297,2207.562444
29133.54297,2207.56295
29134.54297,2207.563287
29135.54297,2207.563623
29136.54297,2207.563792
29137.54297,2207.56396
29138.54688,2207.563455
29139.54688,2207.563287
29140.54297,2207.562276
29141.54297,2207.561771
29142.54688,2207.563623
29143.54297,2207.563455
29144.54297,2207.562276
29145.54297,2207.562276
29146.54297,2207.562276
29147.54297,2207.563287
29148.54297,2207.563287
29149.54297,2207.562108
29150.54688,2207.562108
29151.54297,2207.56295
29152.54297,2207.564634
29153.54688,2207.564802
29154.54297,2207.56295
29155.54688,2207.562613
29156.54688,2207.564297
29157.54688,2207.564971
29158.54297,2207.563792
29159.54688,2207.563455
29160.54297,2207.563792
29161.54688,2207.563118
29162.54688,2207.56295
29163.54688,2207.563287
29164.54297,2207.564466
29165.54688,2207.563455
29166.54688,2207.56396
29167.54688,2207.563118
29168.55078,2207.564466
29169.55078,2207.562613
29170.55078,2207.564802
29171.55078,2207.564466
29172.54688,2207.563792
29173.54688,2207.565308
29174.54688,2207.563455
29175.54688,2207.562108
29176.55078,2207.564634
29177.55078,2207.561602
29178.55078,2207.565981
29179.55078,2207.565308
29180.55078,2207.563792
29181.55078,2207.566318
29182.55078,2207.566318
29183.55078,2207.564634
29184.55078,2207.563118
29185.55078,2207.565813
29186.55078,2207.565308
29187.55078,2207.563118
29188.55078,2207.563623
29189.55469,2207.563287
29190.55469,2207.564466
29191.55078,2207.565476
29192.55078,2207.563455
29193.55469,2207.562444
29194.55859,2207.56396
29195.55469,2207.563623
29196.55469,2207.565476
29197.55859,2207.564466
29198.55859,2207.563623
29199.55859,2207.563792
29200.55859,2207.562276
29201.55859,2207.563455
29202.55859,2207.563455
29203.55859,2207.564634
29204.55859,2207.563792
29205.55859,2207.56396
29206.5625,2207.563287
29207.55859,2207.565139
29208.55859,2207.564466
29209.55859,2207.564802
29210.55859,2207.564466
29211.55859,2207.564802
29212.5625,2207.562613
29213.5625,2207.564466
29214.5625,2207.563118
29215.55859,2207.563792
29216.5625,2207.564634
29217.55859,2207.563455
29218.55859,2207.561602
29219.5625,2207.563118
29220.5625,2207.563623
29221.5625,2207.56396
29222.5625,2207.562613
29223.55859,2207.564634
29224.5625,2207.563455
29225.5625,2207.565139
29226.55859,2207.565308
29227.5625,2207.564634
29228.5625,2207.563455
29229.5625,2207.563118
29230.5625,2207.565476
29231.5625,2207.563287
29232.5625,2207.562613
29233.5625,2207.56396
29234.5625,2207.563287
29235.56641,2207.563792
29236.5625,2207.563792
29237.5625,2207.562613
29238.5625,2207.563455
29239.5625,2207.563287
29240.5625,2207.563287
29241.5625,2207.56295
29242.5625,2207.562276
29243.5625,2207.562444
29244.5625,2207.562276
29245.5625,2207.56295
29246.5625,2207.563623
29247.5625,2207.562613
29248.56641,2207.564297
29249.56641,2207.563118
29250.56641,2207.563792
29251.57031,2207.563792
29252.57031,2207.563455
29253.57031,2207.563118
29254.57031,2207.564971
29255.57031,2207.565476
29256.57422,2207.565476
29257.57422,2207.564297
29258.57422,2207.563792
29259.57422,2207.563792
29260.57422,2207.562613
29261.57422,2207.56396
29262.57422,2207.563455
29263.57422,2207.564802
29264.57422,2207.565139
29265.57422,2207.56295
29266.57422,2207.566655
29267.57422,2207.564802
29268.57422,2207.564297
29269.57422,2207.564802
29270.57422,2207.563455
29271.57422,2207.563118
29272.57422,2207.56396
29273.57422,2207.561602
29274.57422,2207.56295
29275.57422,2207.563792
29276.57422,2207.563287
29277.57422,2207.564634
29278.57422,2207.562276
29279.57422,2207.565139
29280.57813,2207.563287
29281.57813,2207.561097
29282.57422,2207.563623
29283.57422,2207.563287
29284.57422,2207.562444
29285.57422,2207.562444
29286.57422,2207.561266
29287.57422,2207.563118
29288.57422,2207.560423
29289.57422,2207.561939
29290.57422,2207.56396
29291.57422,2207.564971
29292.57422,2207.563623
29293.57813,2207.563455
29294.57422,2207.565981
29295.57813,2207.56615
29296.57813,2207.564466
29297.57813,2207.566487
29298.57813,2207.56615
29299.57422,2207.564971
29300.57422,2207.565476
29301.57813,2207.565476
29302.57813,2207.565476
29303.57813,2207.563455
29304.57813,2207.563118
29305.57813,2207.563455
29306.57813,2207.56396
29307.57813,2207.563623
29308.57813,2207.564802
29309.57813,2207.565813
29310.57813,2207.56396
29311.57813,2207.56396
29312.57813,2207.566487
29313.57813,2207.565476
29314.57813,2207.564297
29315.57813,2207.565813
29316.57813,2207.563792
29317.57813,2207.565308
29318.57813,2207.565308
29319.57813,2207.565308
29320.57813,2207.563455
29321.57813,2207.564466
29322.57813,2207.563287
29323.57813,2207.562108
29324.57813,2207.56295
29325.58203,2207.56615
29326.58203,2207.564466
29327.57813,2207.564466
29328.58203,2207.563287
29329.58203,2207.562613
29330.58203,2207.564297
29331.58203,2207.56396
29332.58203,2207.565139
29333.58203,2207.564466
29334.58203,2207.564802
29335.58203,2207.563455
29336.58203,2207.56295
29337.58203,2207.564297
29338.58203,2207.56396
29339.58203,2207.562108
29340.58203,2207.563455
29341.58203,2207.562444
29342.58594,2207.562613
29343.58203,2207.564971
29344.58594,2207.565308
29345.58203,2207.564971
29346.58203,2207.564466
29347.58594,2207.563623
29348.58594,2207.562613
29349.58203,2207.562108
29350.58203,2207.564297
29351.58203,2207.561266
29352.58203,2207.563792
29353.58594,2207.564466
29354.58594,2207.563455
29355.58594,2207.563455
29356.58203,2207.563792
29357.58203,2207.562108
29358.58203,2207.563118
29359.58594,2207.563455
29360.58594,2207.564802
29361.58594,2207.562613
29362.58594,2207.563287
29363.58984,2207.562444
29364.58594,2207.562444
29365.58594,2207.563792
29366.58594,2207.562276
29367.58594,2207.56396
29368.58984,2207.564297
29369.58594,2207.560592
29370.58984,2207.563287
29371.58594,2207.561939
29372.58984,2207.562613
29373.58594,2207.564802
29374.58594,2207.564971
29375.58594,2207.565813
29376.58984,2207.562613
29377.58594,2207.563118
29378.58594,2207.563287
29379.58984,2207.56396
29380.58984,2207.56396
29381.58984,2207.564466
29382.58984,2207.563792
29383.58984,2207.564466
29384.58984,2207.563792
29385.58984,2207.564466
29386.58984,2207.563792
29387.58984,2207.56615
29388.58984,2207.563287
29389.58984,2207.563118
29390.58984,2207.563623
29391.58984,2207.564634
29392.58984,2207.562613
29393.58984,2207.563287
29394.58984,2207.56396
29395.58984,2207.563792
29396.58984,2207.562108
29397.58984,2207.564634
29398.58984,2207.563455
29399.58984,2207.56295
29400.58984,2207.56396
29401.58984,2207.565139
29402.58984,2207.564297
29403.59375,2207.564971
29404.58984,2207.563792
29405.58984,2207.565308
29406.59375,2207.564466
29407.59375,2207.562276
29408.59375,2207.56295
29409.59375,2207.563118
29410.59375,2207.562108
29411.59375,2207.561266
29412.59375,2207.563287
29413.59375,2207.561602
29414.59375,2207.564971
29415.59375,2207.564466
29416.59375,2207.564634
29417.59375,2207.565813
29418.59766,2207.564297
29419.59766,2207.565308
29420.59375,2207.56615
29421.59766,2207.564466
29422.59766,2207.56396
29423.59766,2207.563623
29424.59766,2207.564971
29425.59375,2207.565981
29426.59766,2207.565476
29427.59766,2207.564802
29428.59766,2207.565139
29429.59766,2207.565139
29430.59375,2207.563287
29431.59766,2207.564802
29432.59766,2207.563792
29433.59766,2207.563118
29434.59766,2207.56396
29435.59766,2207.565813
29436.59766,2207.566992
29437.59766,2207.566487
29438.59766,2207.565139
29439.59766,2207.565981
29440.59766,2207.563792
29441.59766,2207.563623
29442.59766,2207.564971
29443.59766,2207.566487
29444.60156,2207.565139
29445.59766,2207.564802
29446.59766,2207.564634
29447.59766,2207.564297
29448.59766,2207.563792
29449.59766,2207.56396
29450.59766,2207.56615
29451.59766,2207.563623
29452.59766,2207.563792
29453.60156,2207.564297
29454.59766,2207.563623
29455.60156,2207.563287
29456.59766,2207.563455
29457.60156,2207.564466
29458.60156,2207.563792
29459.59766,2207.561602
29460.59766,2207.561771
29461.60156,2207.563455
29462.59766,2207.56295
29463.59766,2207.564971
29464.60156,2207.561771
29465.59766,2207.56295
29466.59766,2207.563287
29467.59766,2207.564466
29468.60156,2207.563792
29469.59766,2207.565139
29470.60156,2207.564297
29471.60156,2207.564297
29472.59766,2207.564971
29473.60156,2207.564297
29474.60156,2207.563792
29475.60156,2207.560929
29476.60156,2207.562108
29477.59766,2207.563287
29478.59766,2207.564466
29479.60156,2207.564634
29480.60156,2207.563455
29481.60156,2207.565139
29482.60156,2207.565139
29483.59766,2207.565981
29484.60156,2207.564634
29485.59766,2207.56396
29486.59766,2207.56396
29487.60156,2207.564802
29488.59766,2207.563455
29489.60156,2207.564971
29490.60156,2207.565981
29491.60156,2207.565813
29492.60156,2207.568676
29493.60156,2207.565476
29494.60156,2207.564802
29495.60156,2207.562444
29496.59766,2207.56716
29497.60156,2207.562613
29498.60156,2207.565813
29499.60156,2207.564971
29500.60547,2207.564634
29501.60156,2207.564297
29502.60156,2207.564802
29503.60156,2207.564297
29504.60156,2207.56396
29505.60156,2207.563792
29506.60547,2207.561097
29507.60547,2207.564634
29508.60547,2207.563118
29509.60547,2207.562613
29510.60547,2207.563623
29511.60156,2207.562444
29512.60547,2207.564466
29513.60547,2207.561939
29514.60156,2207.562613
29515.60547,2207.563792
29516.60547,2207.563287
29517.60547,2207.56295
29518.60547,2207.56396
29519.60547,2207.562613
29520.60547,2207.562444
29521.60547,2207.563792
29522.60938,2207.564971
29523.60938,2207.56396
29524.60547,2207.564971
29525.60547,2207.564466
29526.60547,2207.563623
29527.60938,2207.563455
29528.60547,2207.56396
29529.60547,2207.562108
29530.60547,2207.563287
29531.60547,2207.561771
29532.60938,2207.564802
29533.60938,2207.563287
29534.60938,2207.562276
29535.60938,2207.56396
29536.60938,2207.563623
29537.60938,2207.564802
29538.60938,2207.563455
29539.60938,2207.563455
29540.60938,2207.563287
29541.60938,2207.563287
29542.60938,2207.564802
29543.60938,2207.56396
29544.60547,2207.564297
29545.60938,2207.562444
29546.60938,2207.565308
29547.60938,2207.562613
29548.60938,2207.563287
29549.60938,2207.563287
29550.60938,2207.563455
29551.60938,2207.563792
29552.60938,2207.564634
29553.60938,2207.563287
29554.60938,2207.565308
29555.60938,2207.56396
29556.60938,2207.563287
29557.60938,2207.562444
29558.60938,2207.565981
29559.60938,2207.563623
29560.60938,2207.563287
29561.60938,2207.561266
29562.60938,2207.562108
29563.60938,2207.562613
29564.60938,2207.564971
29565.60938,2207.56295
29566.60938,2207.563455
29567.60938,2207.565139
29568.60938,2207.562613
29569.60938,2207.561602
29570.60938,2207.564634
29571.60938,2207.564297
29572.61328,2207.565476
29573.60938,2207.562276
29574.60938,2207.564971
29575.60938,2207.562276
29576.61328,2207.563118
29577.61328,2207.564466
29578.61328,2207.56396
29579.61328,2207.561097
29580.60938,2207.563455
29581.60938,2207.563118
29582.61328,2207.563792
29583.60938,2207.562276
29584.61328,2207.563118
29585.60938,2207.56295
29586.61328,2207.563623
29587.61328,2207.564802
29588.61328,2207.562444
29589.61328,2207.564971
29590.61328,2207.563287
29591.61719,2207.563118
29592.61719,2207.563623
29593.61328,2207.562276
29594.61328,2207.563455
29595.61719,2207.563455
29596.61719,2207.561266
29597.61719,2207.563118
29598.61719,2207.563455
29599.61719,2207.564297
29600.61719,2207.561771
29601.61719,2207.562444
29602.61719,2207.563455
29603.61719,2207.562613
29604.61719,2207.563287
29605.62109,2207.564634
29606.61719,2207.566992
29607.61719,2207.565308
29608.62109,2207.564466
29609.62109,2207.564971
29610.62109,2207.566318
29611.62109,2207.564466
29612.61719,2207.565139
29613.62109,2207.563118
29614.62109,2207.565139
29615.62109,2207.566487
29616.62109,2207.565139
29617.62109,2207.564634
29618.62109,2207.563287
29619.62109,2207.563792
29620.62109,2207.565476
29621.62109,2207.563792
29622.62109,2207.56295
29623.62109,2207.563792
29624.61719,2207.564634
29625.62109,2207.562108
29626.62109,2207.564971
29627.62109,2207.565139
29628.62109,2207.563455
29629.62109,2207.564634
29630.62109,2207.561771
29631.62109,2207.562444
29632.62109,2207.562613
29633.62109,2207.563623
29634.62109,2207.56396
29635.62109,2207.563455
29636.62109,2207.564971
29637.62109,2207.563792
29638.62109,2207.564297
29639.62109,2207.562613
29640.62109,2207.562276
29641.62109,2207.562613
29642.62109,2207.563792
29643.62109,2207.564634
29644.62109,2207.564466
29645.62109,2207.565981
29646.62109,2207.564297
29647.62109,2207.564971
29648.625,2207.564466
29649.62109,2207.564802
29650.62109,2207.56396
29651.62109,2207.563455
29652.62109,2207.564971
29653.62109,2207.564971
29654.62109,2207.564634
29655.62109,2207.563623
29656.62109,2207.565476
29657.62109,2207.563118
29658.62109,2207.56615
29659.625,2207.563792
29660.62109,2207.56615
29661.62109,2207.56615
29662.625,2207.563287
29663.62109,2207.56396
29664.625,2207.563118
29665.625,2207.564297
29666.625,2207.563623
29667.625,2207.565308
29668.625,2207.564297
29669.625,2207.562276
29670.625,2207.564466
29671.625,2207.563118
29672.625,2207.564802
29673.625,2207.564971
29674.625,2207.563792
29675.625,2207.564634
29676.625,2207.563118
29677.625,2207.564466
29678.625,2207.563287
29679.625,2207.561097
29680.625,2207.562613
29681.625,2207.563118
29682.625,2207.563287
29683.625,2207.563623
29684.625,2207.563623
29685.62891,2207.565813
29686.625,2207.56295
29687.625,2207.562444
29688.625,2207.561939
29689.625,2207.564634
29690.625,2207.562613
29691.62891,2207.563287
29692.62891,2207.563792
29693.62891,2207.562613
29694.625,2207.564466
29695.62891,2207.563287
29696.62891,2207.561771
29697.625,2207.563455
29698.62891,2207.561771
29699.62891,2207.565476
29700.62891,2207.564802
29701.62891,2207.562613
29702.62891,2207.563287
29703.625,2207.563455
29704.62891,2207.565981
29705.62891,2207.566318
29706.62891,2207.565813
29707.62891,2207.563792
29708.62891,2207.563623
29709.62891,2207.561266
29710.62891,2207.56396
29711.62891,2207.564802
29712.62891,2207.563455
29713.62891,2207.565476
29714.62891,2207.561939
29715.62891,2207.56396
29716.62891,2207.564802
29717.62891,2207.565476
29718.62891,2207.565476
29719.62891,2207.564466
29720.62891,2207.563623
29721.62891,2207.562444
29722.62891,2207.563287
29723.63281,2207.56295
29724.62891,2207.565813
29725.63281,2207.565139
29726.63281,2207.563792
29727.63281,2207.563792
29728.63281,2207.564466
29729.63281,2207.563455
29730.63281,2207.563118
29731.63281,2207.562613
29732.63281,2207.562613
29733.63281,2207.563118
29734.63281,2207.563623
29735.63281,2207.563118
29736.63281,2207.56295
29737.63281,2207.563118
29738.63672,2207.56295
29739.63281,2207.563118
29740.63281,2207.563792
29741.63672,2207.562613
29742.63281,2207.565139
29743.63672,2207.564466
29744.63281,2207.563455
29745.63281,2207.564634
29746.63672,2207.563118
29747.63281,2207.563287
29748.63672,2207.564802
29749.63672,2207.562613
29750.63672,2207.563455
29751.63281,2207.56396
29752.63672,2207.563118
29753.63672,2207.564466
29754.63281,2207.565139
29755.63672,2207.56615
29756.63672,2207.565981
29757.63672,2207.565308
29758.63672,2207.563792
29759.63672,2207.565476
29760.63672,2207.565813
29761.63672,2207.564297
29762.64063,2207.564971
29763.64063,2207.566655
29764.63672,2207.564297
29765.64063,2207.56396
29766.63672,2207.565308
29767.63672,2207.563287
29768.63672,2207.562444
29769.63672,2207.564971
29770.64063,2207.56396
29771.64063,2207.564466
29772.63672,2207.562108
29773.64063,2207.562613
29774.63672,2207.562613
29775.63672,2207.563118
29776.63672,2207.56295
29777.63672,2207.565476
29778.64063,2207.563792
29779.64063,2207.56396
29780.64063,2207.563455
29781.64063,2207.564297
29782.64063,2207.564802
29783.64063,2207.565308
29784.64453,2207.565308
29785.64063,2207.565476
29786.64063,2207.565139
29787.64063,2207.565813
29788.64453,2207.563118
29789.64063,2207.565308
29790.64453,2207.563287
29791.64063,2207.564297
29792.64063,2207.565308
29793.64063,2207.564634
29794.64453,2207.564802
29795.64453,2207.564466
29796.64063,2207.564802
29797.64453,2207.564466
29798.64453,2207.562108
29799.64453,2207.565139
29800.64453,2207.562613
29801.64453,2207.56396
29802.64453,2207.564802
29803.64453,2207.564297
29804.64453,2207.562108
29805.64453,2207.564297
29806.64453,2207.563287
29807.64453,2207.563792
29808.64453,2207.564297
29809.64453,2207.563792
29810.64453,2207.564971
29811.64844,2207.564297
29812.64844,2207.561266
29813.64844,2207.561771
29814.64453,2207.564634
29815.64453,2207.562613
29816.64453,2207.562444
29817.64844,2207.564466
29818.64844,2207.565139
29819.64453,2207.564297
29820.64453,2207.565139
29821.64453,2207.563623
29822.64844,2207.565139
29823.64844,2207.564634
29824.64844,2207.563455
29825.65234,2207.564634
29826.65234,2207.564971
29827.65234,2207.564634
29828.64844,2207.565981
29829.65234,2207.56396
29830.65234,2207.561771
29831.64844,2207.56295
29832.64844,2207.564634
29833.65234,2207.563623
29834.65234,2207.563287
29835.65234,2207.565139
29836.65234,2207.562276
29837.65234,2207.56295
29838.65234,2207.562444
29839.64844,2207.562613
29840.65234,2207.564466
29841.65234,2207.563792
29842.65234,2207.563623
29843.65234,2207.563623
29844.65234,2207.564297
29845.65625,2207.565476
29846.65625,2207.564971
29847.65234,2207.563623
29848.65234,2207.56396
29849.65625,2207.564634
29850.65625,2207.56396
29851.65625,2207.563287
29852.65625,2207.56396
29853.65625,2207.564466
29854.66016,2207.563118
29855.65625,2207.565139
29856.65625,2207.563792
29857.66016,2207.562613
29858.66016,2207.564466
29859.66016,2207.565981
29860.65625,2207.564466
29861.66016,2207.565308
29862.66016,2207.562276
29863.66016,2207.563455
29864.66016,2207.563623
29865.66016,2207.561939
29866.66406,2207.562444
29867.66016,2207.564297
29868.66016,2207.564971
29869.66406,2207.563455
29870.66406,2207.563455
29871.66406,2207.561771
29872.66016,2207.563792
29873.66406,2207.565476
29874.66406,2207.562276
29875.66016,2207.565813
29876.66406,2207.56295
29877.66406,2207.563623
29878.66016,2207.561939
29879.66016,2207.563623
29880.66406,2207.562613
29881.66406,2207.563623
29882.66406,2207.562108
29883.66406,2207.560929
29884.66016,2207.563455
29885.66406,2207.561771
29886.66016,2207.563623
29887.66016,2207.560087
29888.66016,2207.561097
29889.66406,2207.561266
29890.66016,2207.562444
29891.66016,2207.563623
29892.66406,2207.564297
29893.66406,2207.564634
29894.66406,2207.564634
29895.66016,2207.563455
29896.66406,2207.563118
29897.66016,2207.56295
29898.66406,2207.561771
29899.66406,2207.562613
29900.66406,2207.563623
29901.66406,2207.563623
29902.66406,2207.563792
29903.66406,2207.564971
29904.66016,2207.563118
29905.66406,2207.56295
29906.66406,2207.563455
29907.66406,2207.562108
29908.66406,2207.560929
29909.66406,2207.562613
29910.66406,2207.56396
29911.66406,2207.563792
29912.66016,2207.565476
29913.66406,2207.563623
29914.66406,2207.564634
29915.66406,2207.564297
29916.66406,2207.56396
29917.66406,2207.563792
29918.66406,2207.563455
29919.66406,2207.56396
29920.66797,2207.563623
29921.66406,2207.564466
29922.66797,2207.563118
29923.66797,2207.56396
29924.66797,2207.564466
29925.66797,2207.562613
29926.66797,2207.56295
29927.67188,2207.562444
29928.67188,2207.56396
29929.67188,2207.563287
29930.67188,2207.563287
29931.67188,2207.562108
29932.67188,2207.563455
29933.67188,2207.562276
29934.67188,2207.563118
29935.67188,2207.563287
29936.67188,2207.562613
29937.67188,2207.563455
29938.67188,2207.563792
29939.67578,2207.562276
29940.67188,2207.561097
29941.67578,2207.563118
29942.67188,2207.561939
29943.67188,2207.562613
29944.67188,2207.562444
29945.67188,2207.561602
29946.67578,2207.56396
29947.67578,2207.562613
29948.67578,2207.561097
29949.67578,2207.561266
29950.67578,2207.561266
29951.67578,2207.562613
29952.67188,2207.564634
29953.67578,2207.560592
29954.67578,2207.561266
29955.67578,2207.562444
29956.67578,2207.562108
29957.67578,2207.563118
29958.67578,2207.562444
29959.67578,2207.563287
29960.67578,2207.56295
29961.67578,2207.562108
29962.67578,2207.563455
29963.67578,2207.563623
29964.67578,2207.561097
29965.67578,2207.563623
29966.67969,2207.561939
29967.67578,2207.56295
29968.67969,2207.563287
29969.67578,2207.563118
29970.67578,2207.563455
29971.67578,2207.56396
29972.67578,2207.562444
29973.67578,2207.562444
29974.67969,2207.561602
29975.67969,2207.561097
29976.67969,2207.560929
29977.67969,2207.56076
29978.67578,2207.56396
29979.67578,2207.563287
29980.67578,2207.56295
29981.67969,2207.56396
29982.67969,2207.562613
29983.67969,2207.56396
29984.67969,2207.562613
29985.67969,2207.563623
29986.67578,2207.561771
29987.67969,2207.563455
29988.67969,2207.56295
29989.67969,2207.564297
29990.67969,2207.562108
29991.67969,2207.561939
29992.67969,2207.56295
29993.67969,2207.56396
29994.67969,2207.564297
29995.67969,2207.561939
29996.67969,2207.561939
29997.67969,2207.564466
29998.67969,2207.562613
29999.67969,2207.562108
30000.67969,2207.564466
30001.67969,2207.563623
30002.67969,2207.563792
30003.67969,2207.565139
30004.68359,2207.56295
30005.68359,2207.56396
30006.68359,2207.565308
30007.67969,2207.565139
30008.68359,2207.56396
30009.68359,2207.56615
30010.68359,2207.563792
30011.68359,2207.563455
30012.68359,2207.56396
30013.68359,2207.565139
30014.68359,2207.566487
30015.68359,2207.564297
30016.68359,2207.563287
30017.68359,2207.565139
30018.6875,2207.563623
30019.6875,2207.563455
30020.68359,2207.563792
30021.6875,2207.563455
30022.68359,2207.564634
30023.6875,2207.563455
30024.6875,2207.565813
30025.68359,2207.564802
30026.6875,2207.565981
30027.6875,2207.566487
30028.6875,2207.56396
30029.6875,2207.563118
30030.6875,2207.563623
30031.6875,2207.564802
30032.6875,2207.563623
30033.6875,2207.565139
30034.6875,2207.563792
30035.6875,2207.565476
30036.6875,2207.563118
30037.6875,2207.564971
30038.69141,2207.564466
30039.6875,2207.564802
30040.6875,2207.562108
30041.68359,2207.563287
30042.6875,2207.563623
30043.6875,2207.563287
30044.6875,2207.564634
30045.6875,2207.564297
30046.6875,2207.563792
30047.6875,2207.563455
30048.6875,2207.564466
30049.69141,2207.565476
30050.69141,2207.564802
30051.6875,2207.56396
30052.6875,2207.561602
30053.6875,2207.56295
30054.6875,2207.563287
30055.69141,2207.563792
30056.69141,2207.564802
30057.69141,2207.56615
30058.69141,2207.56295
30059.69141,2207.56396
30060.69141,2207.563455
30061.69141,2207.564634
30062.69141,2207.563623
30063.69141,2207.565981
30064.69141,2207.563287
30065.69141,2207.562276
30066.69141,2207.562613
30067.69141,2207.561602
30068.69141,2207.562444
30069.69141,2207.564971
30070.69531,2207.56295
30071.69531,2207.562444
30072.69141,2207.564802
30073.69531,2207.562613
30074.69531,2207.563623
30075.69531,2207.563455
30076.69531,2207.564297
30077.69531,2207.561939
30078.69531,2207.561266
30079.69531,2207.56295
30080.69531,2207.563118
30081.69531,2207.562444
30082.69531,2207.56295
30083.69531,2207.563118
30084.69531,2207.56295
30085.69531,2207.560929
30086.69922,2207.56076
30087.69531,2207.562276
30088.69531,2207.563287
30089.69531,2207.563287
30090.69531,2207.562444
30091.69531,2207.563287
30092.69531,2207.563623
30093.69922,2207.564466
30094.69531,2207.562276
30095.69531,2207.561097
30096.69531,2207.560255
30097.69531,2207.56396
30098.69922,2207.561771
30099.69922,2207.563792
30100.69531,2207.560255
30101.69531,2207.562444
30102.69922,2207.562276
30103.69922,2207.563792
30104.69531,2207.563455
30105.69922,2207.561097
30106.69531,2207.562444
30107.69922,2207.563118
30108.69922,2207.56396
30109.69922,2207.563623
30110.69922,2207.562444
30111.69922,2207.563792
30112.69531,2207.563623
30113.69922,2207.56295
30114.69922,2207.564466
30115.69922,2207.562108
30116.69922,2207.563287
30117.69922,2207.563455
30118.69922,2207.562613
30119.69922,2207.56295
30120.69922,2207.563792
30121.69922,2207.563792
30122.69922,2207.563455
30123.69922,2207.561939
30124.69922,2207.561266
30125.69922,2207.562108
30126.69531,2207.56295
30127.69922,2207.561939
30128.69922,2207.562108
30129.69922,2207.561771
30130.69922,2207.561266
30131.69922,2207.562276
30132.69922,2207.564297
30133.69922,2207.564297
30134.69922,2207.563118
30135.69922,2207.560929
30136.69922,2207.562276
30137.69922,2207.56295
30138.69922,2207.559581
30139.69922,2207.561602
30140.69922,2207.560929
30141.69922,2207.562444
30142.69922,2207.565308
30143.69922,2207.562613
30144.69922,2207.563118
30145.69922,2207.563455
30146.69922,2207.562444
30147.69922,2207.563455
30148.69922,2207.562276
30149.69922,2207.564971
30150.69922,2207.566487
30151.69922,2207.565981
30152.69922,2207.564297
30153.69922,2207.563287
30154.69922,2207.562108
30155.69922,2207.564466
30156.69922,2207.562444
30157.69922,2207.563287
30158.69922,2207.563623
30159.69922,2207.56396
30160.70313,2207.562108
30161.69922,2207.564297
30162.70313,2207.564802
30163.69922,2207.563455
30164.70313,2207.564802
30165.70313,2207.563455
30166.70313,2207.562444
30167.70313,2207.563287
30168.70313,2207.56295
30169.70313,2207.563118
30170.70313,2207.563455
30171.70313,2207.565139
30172.70313,2207.56396
30173.70313,2207.563792
30174.70703,2207.563455
30175.70703,2207.56396
30176.70703,2207.565139
30177.70313,2207.564802
30178.70703,2207.564802
30179.70313,2207.56396
30180.70703,2207.564634
30181.70703,2207.563792
30182.70703,2207.56396
30183.70703,2207.563287
30184.70703,2207.564466
30185.70703,2207.562613
30186.70703,2207.562276
30187.70703,2207.563118
30188.70703,2207.565813
30189.70703,2207.563455
30190.70703,2207.564466
30191.70703,2207.563287
30192.71094,2207.56396
30193.71094,2207.56295
30194.71094,2207.563287
30195.70703,2207.563623
30196.70703,2207.566487
30197.71094,2207.566487
30198.71094,2207.563455
30199.71094,2207.563287
30200.71094,2207.565476
30201.71094,2207.564634
30202.71484,2207.563287
30203.71094,2207.563287
30204.71094,2207.564634
30205.71094,2207.56295
30206.71094,2207.562444
30207.71094,2207.564297
30208.71094,2207.561097
30209.71094,2207.563792
30210.71094,2207.560929
30211.71484,2207.560929
30212.71484,2207.561602
30213.71484,2207.561939
30214.71484,2207.563623
30215.71484,2207.559581
30216.71875,2207.563792
30217.71484,2207.562276
30218.71875,2207.562613
30219.71875,2207.563455
30220.71484,2207.564971
30221.71875,2207.564466
30222.72266,2207.562613
30223.71875,2207.563792
30224.71875,2207.562444
30225.71875,2207.564297
30226.71875,2207.563287
30227.71875,2207.563623
30228.71875,2207.561602
30229.72266,2207.562276
30230.72266,2207.561266
30231.71875,2207.564297
30232.72266,2207.563623
30233.72266,2207.562276
30234.72266,2207.562276
30235.72266,2207.56295
30236.71875,2207.561097
30237.72266,2207.561097
30238.72266,2207.562276
30239.71875,2207.561097
30240.71875,2207.564297
30241.71875,2207.562276
30242.71875,2207.563623
30243.72266,2207.564466
30244.72266,2207.562444
30245.72266,2207.563623
30246.72266,2207.564466
30247.72266,2207.56396
30248.72266,2207.563792
30249.72266,2207.565139
30250.72266,2207.564971
30251.71875,2207.564802
30252.72266,2207.563287
30253.71875,2207.562276
30254.72266,2207.563623
30255.72266,2207.563287
30256.72266,2207.561097
30257.72266,2207.561939
30258.72266,2207.563287
30259.72266,2207.563792
30260.72266,2207.562444
30261.71875,2207.564297
30262.72266,2207.563455
30263.72656,2207.561771
30264.72266,2207.563118
30265.72266,2207.563455
30266.72656,2207.562276
30267.72656,2207.564297
30268.72656,2207.561097
30269.72656,2207.562276
30270.72266,2207.561097
30271.72656,2207.562276
30272.72656,2207.561771
30273.72656,2207.559076
30274.72656,2207.56295
30275.72656,2207.564634
30276.72656,2207.564802
30277.73047,2207.562276
30278.73047,2207.560929
30279.73047,2207.563455
30280.73047,2207.56295
30281.73047,2207.563792
30282.73047,2207.562276
30283.73047,2207.561602
30284.73047,2207.563287
30285.73047,2207.563118
30286.73047,2207.564971
30287.73438,2207.563118
30288.73438,2207.561771
30289.73438,2207.563118
30290.73438,2207.563287
30291.73047,2207.561266
30292.73047,2207.563287
30293.73047,2207.564466
30294.73047,2207.563792
30295.73438,2207.563792
30296.73438,2207.562444
30297.73438,2207.564634
30298.73438,2207.562444
30299.73438,2207.562444
30300.73438,2207.564297
30301.73438,2207.565139
30302.73438,2207.56396
30303.73828,2207.563792
30304.73438,2207.564297
30305.73828,2207.564297
30306.73438,2207.564971
30307.73828,2207.564802
30308.73828,2207.563792
30309.73828,2207.565139
30310.73828,2207.563792
30311.73828,2207.563623
30312.73828,2207.561939
30313.73828,2207.564466
30314.73828,2207.565139
30315.73828,2207.563455
30316.73828,2207.563287
30317.73828,2207.562613
30318.73828,2207.563287
30319.73828,2207.563792
30320.73828,2207.563623
30321.73828,2207.560929
30322.73828,2207.562444
30323.73828,2207.56396
30324.73828,2207.562108
30325.73828,2207.56295
30326.73828,2207.561266
30327.73828,2207.561266
30328.73828,2207.561602
30329.73828,2207.561266
30330.73828,2207.560929
30331.73828,2207.561602
30332.73828,2207.563792
30333.74219,2207.563118
30334.74219,2207.562613
30335.74219,2207.56396
30336.73828,2207.563455
30337.73828,2207.564634
30338.74219,2207.564297
30339.74219,2207.563287
30340.74219,2207.562613
30341.74219,2207.563287
30342.74609,2207.562108
30343.74219,2207.563623
30344.74609,2207.563287
30345.74219,2207.562108
30346.74219,2207.56396
30347.74219,2207.563455
30348.74609,2207.56295
30349.74609,2207.562444
30350.74609,2207.561939
30351.74609,2207.562444
30352.74609,2207.564297
30353.74609,2207.564802
30354.74609,2207.56396
30355.74609,2207.560929
30356.74609,2207.563287
30357.74609,2207.560929
30358.74219,2207.563287
30359.74609,2207.561266
30360.74609,2207.561939
30361.74609,2207.561771
30362.74609,2207.562276
30363.74609,2207.562444
30364.74609,2207.562444
30365.74609,2207.564634
30366.74609,2207.563623
30367.74609,2207.563118
30368.74609,2207.563623
30369.74609,2207.56396
30370.74609,2207.56295
30371.74609,2207.561771
30372.74609,2207.561602
30373.74609,2207.561939
30374.74609,2207.562108
30375.75,2207.562276
30376.74609,2207.565813
30377.74609,2207.561266
30378.74609,2207.561602
30379.74609,2207.56295
30380.75,2207.562108
30381.74609,2207.563792
30382.75,2207.561939
30383.75,2207.563792
30384.75,2207.56396
30385.75,2207.563623
30386.75,2207.561771
30387.75,2207.564802
30388.75,2207.563287
30389.75,2207.564466
30390.75,2207.563623
30391.74609,2207.562613
30392.75,2207.563287
30393.75,2207.562613
30394.75,2207.56295
30395.75,2207.562276
30396.75,2207.563118
30397.75,2207.561939
30398.75,2207.56295
30399.75,2207.562276
30400.75,2207.563118
30401.75,2207.563118
30402.75,2207.562276
30403.75391,2207.564297
30404.75,2207.56396
30405.75,2207.562444
30406.75,2207.563792
30407.75391,2207.56396
30408.75391,2207.562613
30409.75,2207.562108
30410.75,2207.56076
30411.75391,2207.561939
30412.75391,2207.55975
30413.75391,2207.561097
30414.75,2207.561771
30415.75,2207.561097
30416.75391,2207.562613
30417.75391,2207.560087
30418.75391,2207.562276
30419.75391,2207.563623
30420.75391,2207.561602
30421.75391,2207.562444
30422.75391,2207.559581
30423.75391,2207.56076
30424.75391,2207.562444
30425.75391,2207.560423
30426.75781,2207.561266
30427.75781,2207.56396
30428.75391,2207.563792
30429.75781,2207.562108
30430.75391,2207.560423
30431.75391,2207.560423
30432.75781,2207.562444
30433.75781,2207.563287
30434.75781,2207.563792
30435.75781,2207.56295
30436.75781,2207.562108
30437.75781,2207.563455
30438.75781,2207.563118
30439.75781,2207.564634
30440.75781,2207.564466
30441.75781,2207.562613
30442.75781,2207.564634
30443.75781,2207.564971
30444.75781,2207.564802
30445.76172,2207.565139
30446.75781,2207.563623
30447.75781,2207.564634
30448.75781,2207.563455
30449.75781,2207.56615
30450.75781,2207.565813
30451.75781,2207.564802
30452.76172,2207.563455
30453.75781,2207.565981
30454.75781,2207.56396
30455.75781,2207.565308
30456.76172,2207.56396
30457.76172,2207.567329
30458.76172,2207.564971
30459.75781,2207.562108
30460.76172,2207.565308
30461.76172,2207.564466
30462.76172,2207.564802
30463.76172,2207.563455
30464.76172,2207.564466
30465.76172,2207.563455
30466.76172,2207.564297
30467.76172,2207.563118
30468.76563,2207.563455
30469.76172,2207.564466
30470.76563,2207.564466
30471.76172,2207.56396
30472.76563,2207.564802
30473.76563,2207.563623
30474.76563,2207.563623
30475.76563,2207.564634
30476.76563,2207.563455
30477.76563,2207.563792
30478.76172,2207.564971
30479.76563,2207.561771
30480.76563,2207.560592
30481.76563,2207.564802
30482.76563,2207.564466
30483.76563,2207.564297
30484.76953,2207.563623
30485.76563,2207.564971
30486.76953,2207.56295
30487.76563,2207.563118
30488.76563,2207.565139
30489.76563,2207.561939
30490.76563,2207.561266
30491.76563,2207.561266
30492.76953,2207.562108
30493.76953,2207.560929
30494.77344,2207.563455
30495.77344,2207.561939
30496.77344,2207.563118
30497.77344,2207.563118
30498.76953,2207.564466
30499.77344,2207.561771
30500.76953,2207.563118
30501.77344,2207.563455
30502.76953,2207.562444
30503.77344,2207.563792
30504.77344,2207.562276
30505.77344,2207.563623
30506.77344,2207.561771
30507.77344,2207.563792
30508.77344,2207.563287
30509.77344,2207.560423
30510.77344,2207.564297
30511.77344,2207.564634
30512.77344,2207.564634
30513.77344,2207.563287
30514.77344,2207.566318
30515.77344,2207.564466
30516.77344,2207.56396
30517.77734,2207.564466
30518.77344,2207.564971
30519.77344,2207.563287
30520.77344,2207.56396
30521.77344,2207.562444
30522.77344,2207.56396
30523.77734,2207.563455
30524.77734,2207.562444
30525.77734,2207.563792
30526.78125,2207.561939
30527.78125,2207.561266
30528.78125,2207.56396
30529.78125,2207.563792
30530.78125,2207.563287
30531.78125,2207.561097
30532.78125,2207.562613
30533.78125,2207.561939
30534.78125,2207.562444
30535.78125,2207.562276
30536.78125,2207.563455
30537.78125,2207.563287
30538.78516,2207.561266
30539.78125,2207.561266
30540.78125,2207.560592
30541.78125,2207.561097
30542.78516,2207.563455
30543.78516,2207.56076
30544.78516,2207.561266
30545.78516,2207.559245
30546.78906,2207.561602
30547.78516,2207.562276
30548.78906,2207.563118
30549.78516,2207.561266
30550.78906,2207.562613
30551.78906,2207.562613
30552.78906,2207.561771
30553.78906,2207.561771
30554.78906,2207.561771
30555.78906,2207.563287
30556.78906,2207.563287
30557.78906,2207.562276
30558.79297,2207.566318
30559.79297,2207.564802
30560.79297,2207.564466
30561.79297,2207.558571
30562.79297,2207.562444
30563.79688,2207.560929
30564.79297,2207.563287
30565.79297,2207.562613
30566.79297,2207.563287
30567.79297,2207.563287
30568.79297,2207.563118
30569.79688,2207.563287
30570.79297,2207.56295
30571.79688,2207.562108
30572.79688,2207.563623
30573.80078,2207.561771
30574.79688,2207.565139
30575.79688,2207.560592
30576.79688,2207.565308
30577.79688,2207.563623
30578.79688,2207.563623
30579.80078,2207.563118
30580.79688,2207.562444
30581.79688,2207.561939
30582.79688,2207.563287
30583.79688,2207.562444
30584.79688,2207.561771
30585.79688,2207.561266
30586.79688,2207.561266
30587.80078,2207.560423
30588.79688,2207.560592
30589.79688,2207.561097
30590.79688,2207.561602
30591.79688,2207.563623
30592.80078,2207.562444
30593.79688,2207.564297
30594.79688,2207.564466
30595.79688,2207.562613
30596.80078,2207.562276
30597.79688,2207.561771
30598.79688,2207.564466
30599.80078,2207.563118
30600.79688,2207.562613
30601.79688,2207.564634
30602.80078,2207.563455
30603.80078,2207.563287
30604.80078,2207.561939
30605.80078,2207.561939
30606.80078,2207.562444
30607.80078,2207.560087
30608.80078,2207.56396
30609.80078,2207.563118
30610.80078,2207.56295
30611.80469,2207.563118
30612.80078,2207.56396
30613.80078,2207.563118
30614.80078,2207.562276
30615.80078,2207.564634
30616.80078,2207.562276
30617.80469,2207.562444
30618.80078,2207.560929
30619.80078,2207.563287
30620.80469,2207.563287
30621.80469,2207.563287
30622.80078,2207.560423
30623.80469,2207.561602
30624.80469,2207.56295
30625.80469,2207.562613
30626.80469,2207.56396
30627.80469,2207.56396
30628.80469,2207.56396
30629.80469,2207.561602
30630.80469,2207.563287
30631.80469,2207.562613
30632.80469,2207.563623
30633.80469,2207.563118
30634.80469,2207.563287
30635.80469,2207.563455
30636.80469,2207.561939
30637.80469,2207.563287
30638.80469,2207.564297
30639.80469,2207.56295
30640.80469,2207.564466
30641.80469,2207.564297
30642.80469,2207.56396
30643.80469,2207.561939
30644.80469,2207.563118
30645.80469,2207.561602
30646.80469,2207.560087
30647.80469,2207.562613
30648.80469,2207.562276
30649.80469,2207.563118
30650.80469,2207.563287
30651.80469,2207.56396
30652.80859,2207.56396
30653.80859,2207.563118
30654.80859,2207.563287
30655.80859,2207.564297
30656.80859,2207.564802
30657.80859,2207.563455
30658.80859,2207.56295
30659.80859,2207.564297
30660.80859,2207.564802
30661.80859,2207.56396
30662.80859,2207.561266
30663.80859,2207.563118
30664.80859,2207.564802
30665.80859,2207.561939
30666.80859,2207.561097
30667.80859,2207.562444
30668.80859,2207.563287
30669.80859,2207.56295
30670.80859,2207.562444
30671.80859,2207.561939
30672.80859,2207.562613
30673.80859,2207.562108
30674.8125,2207.561771
30675.8125,2207.561602
30676.8125,2207.563287
30677.80859,2207.563792
30678.8125,2207.562276
30679.8125,2207.562276
30680.8125,2207.563455
30681.8125,2207.561602
30682.81641,2207.560929
30683.8125,2207.56295
30684.81641,2207.561097
30685.81641,2207.561266
30686.81641,2207.561266
30687.81641,2207.56076
30688.81641,2207.560929
30689.81641,2207.560255
30690.82031,2207.561602
30691.81641,2207.563118
30692.82031,2207.561939
30693.82031,2207.562613
30694.82422,2207.562444
30695.82031,2207.561097
30696.82031,2207.56076
30697.82031,2207.562108
30698.82031,2207.562613
30699.82422,2207.561771
30700.82422,2207.563623
30701.82422,2207.564466
30702.82031,2207.564802
30703.82422,2207.564466
30704.82422,2207.561939
30705.82422,2207.562613
30706.82422,2207.563455
30707.82422,2207.564634
30708.82422,2207.563287
30709.82422,2207.561097
30710.82422,2207.562613
30711.82422,2207.563623
30712.82422,2207.564802
30713.82422,2207.56396
30714.82422,2207.561602
30715.82422,2207.563792
30716.82813,2207.561266
30717.82422,2207.563287
30718.82422,2207.56295
30719.82422,2207.562108
30720.82422,2207.563792
30721.82813,2207.565139
30722.82813,2207.563623
30723.82422,2207.56295
30724.82422,2207.564802
30725.82422,2207.564634
30726.82813,2207.563455
30727.82422,2207.56295
30728.82813,2207.565308
30729.82422,2207.563623
30730.82422,2207.562108
30731.82422,2207.564971
30732.82422,2207.564297
30733.82422,2207.564971
30734.82422,2207.560929
30735.82813,2207.562444
30736.82422,2207.562108
30737.82813,2207.563623
30738.82422,2207.56615
30739.82422,2207.563455
30740.82422,2207.56295
30741.82813,2207.563792
30742.82422,2207.561602
30743.82422,2207.562613
30744.82813,2207.563455
30745.82813,2207.561266
30746.82813,2207.562108
30747.82813,2207.564634
30748.82813,2207.563118
30749.82813,2207.56396
30750.82422,2207.564971
30751.82813,2207.563287
30752.82813,2207.562276
30753.82813,2207.563792
30754.82813,2207.563455
30755.83203,2207.562444
30756.83203,2207.561771
30757.83203,2207.564466
30758.83203,2207.564634
30759.83203,2207.563792
30760.83203,2207.56295
30761.83203,2207.56396
30762.83203,2207.564971
30763.83203,2207.564466
30764.83203,2207.562444
30765.83203,2207.561602
30766.83203,2207.562444
30767.83203,2207.563623
30768.83203,2207.564634
30769.83203,2207.564297
30770.83594,2207.565308
30771.83203,2207.563792
30772.83594,2207.561939
30773.83594,2207.564634
30774.83594,2207.562108
30775.83594,2207.562276
30776.83594,2207.562276
30777.83594,2207.562444
30778.83594,2207.560592
30779.83594,2207.560592
30780.83984,2207.563287
30781.83984,2207.564971
30782.83594,2207.56396
30783.83984,2207.563623
30784.83594,2207.564297
30785.83984,2207.563118
30786.83984,2207.561939
30787.83984,2207.564634
30788.83594,2207.564297
30789.83984,2207.565139
30790.83984,2207.563118
30791.83984,2207.563287
30792.83984,2207.56295
30793.83984,2207.56295
30794.84375,2207.564634
30795.83984,2207.562613
30796.83984,2207.56396
30797.84375,2207.564971
30798.84375,2207.564297
30799.83984,2207.56295
30800.84375,2207.562108
30801.84375,2207.561939
30802.84375,2207.563287
30803.84375,2207.563792
30804.84375,2207.563792
30805.84375,2207.56396
30806.84375,2207.563455
30807.84375,2207.563287
30808.84375,2207.56615
30809.84375,2207.563287
30810.84375,2207.565981
30811.84375,2207.564297
30812.84375,2207.561939
30813.84375,2207.562108
30814.84375,2207.560087
30815.84766,2207.563118
30816.84375,2207.561939
30817.84375,2207.561771
30818.84766,2207.561771
30819.84375,2207.561266
30820.84375,2207.562613
30821.84766,2207.562276
30822.84375,2207.561771
30823.84375,2207.563792
30824.84766,2207.562444
30825.84766,2207.562444
30826.84766,2207.562108
30827.84766,2207.562613
30828.84766,2207.55975
30829.84766,2207.560929
30830.84766,2207.561266
30831.84766,2207.561602
30832.84766,2207.563623
30833.84766,2207.562613
30834.85156,2207.563287
30835.84766,2207.562444
30836.85156,2207.561939
30837.85156,2207.563118
30838.84766,2207.56295
30839.85156,2207.564634
30840.85156,2207.561266
30841.85156,2207.562444
30842.85156,2207.562613
30843.85156,2207.562444
30844.85156,2207.564802
30845.85156,2207.562108
30846.85156,2207.561771
30847.85156,2207.563792
30848.85156,2207.563455
30849.85156,2207.562613
30850.85156,2207.564466
30851.85156,2207.560929
30852.85156,2207.560423
30853.85156,2207.563118
30854.85156,2207.562108
30855.85156,2207.56295
30856.85156,2207.561602
30857.85156,2207.563455
30858.85156,2207.560929
30859.85547,2207.55975
30860.85547,2207.560423
30861.85156,2207.561771
30862.85547,2207.561939
30863.85547,2207.56076
30864.85547,2207.561266
30865.85547,2207.561939
30866.85547,2207.564634
30867.85547,2207.562444
30868.85547,2207.561771
30869.85547,2207.55975
30870.85547,2207.560929
30871.85547,2207.563455
30872.85547,2207.56076
30873.85938,2207.560929
30874.85938,2207.563287
30875.85547,2207.560929
30876.85938,2207.561602
30877.85938,2207.561602
30878.85938,2207.561939
30879.85938,2207.560929
30880.85547,2207.562444
30881.85547,2207.561939
30882.85938,2207.562444
30883.85547,2207.564297
30884.85938,2207.563287
30885.85547,2207.564634
30886.85938,2207.561939
30887.85938,2207.56295
30888.85938,2207.563287
30889.85938,2207.561939
30890.85938,2207.562108
30891.85938,2207.564297
30892.86328,2207.564297
30893.85938,2207.564971
30894.85938,2207.563287
30895.85938,2207.563623
30896.85938,2207.562613
30897.85938,2207.564634
30898.85938,2207.564297
30899.86328,2207.562276
30900.85938,2207.562444
30901.85938,2207.561771
30902.85938,2207.561097
30903.85938,2207.561602
30904.86328,2207.562108
30905.85938,2207.561771
30906.85938,2207.562108
30907.85938,2207.562108
30908.85938,2207.561939
30909.85938,2207.560929
30910.86328,2207.563623
30911.85938,2207.563455
30912.86328,2207.563623
30913.86328,2207.563623
30914.86328,2207.564634
30915.86328,2207.564634
30916.86328,2207.562108
30917.85938,2207.563287
30918.86328,2207.564634
30919.86328,2207.563455
30920.86328,2207.563118
30921.86328,2207.565139
30922.86328,2207.563792
30923.86328,2207.563623
30924.86328,2207.563287
30925.86328,2207.561939
30926.86328,2207.563287
30927.86328,2207.563792
30928.86328,2207.561602
30929.86328,2207.56295
30930.86328,2207.563287
30931.86719,2207.563623
30932.86719,2207.562276
30933.86719,2207.563118
30934.86719,2207.56396
30935.87109,2207.563287
30936.87109,2207.562444
30937.87109,2207.562276
30938.87109,2207.561602
30939.87109,2207.56396
30940.87109,2207.564802
30941.875,2207.562613
30942.87109,2207.563623
30943.875,2207.56396
30944.875,2207.563287
30945.87109,2207.565981
30946.87109,2207.564634
30947.875,2207.563455
30948.87109,2207.56396
30949.875,2207.563623
30950.875,2207.562613
30951.875,2207.562108
30952.875,2207.561097
30953.87109,2207.561266
30954.875,2207.563623
30955.875,2207.55975
30956.875,2207.56076
30957.875,2207.562108
30958.87891,2207.562108
30959.875,2207.56295
30960.87891,2207.562613
30961.87891,2207.562108
30962.875,2207.563118
30963.87891,2207.56396
30964.87891,2207.564466
30965.875,2207.563287
30966.875,2207.563623
30967.875,2207.563455
30968.87891,2207.564634
30969.87891,2207.563118
30970.87891,2207.560423
30971.87891,2207.563455
30972.87891,2207.56295
30973.875,2207.562613
30974.87891,2207.564634
30975.87891,2207.561771
30976.87891,2207.561097
30977.87891,2207.56295
30978.875,2207.561771
30979.87891,2207.563792
30980.87891,2207.563455
30981.87891,2207.563455
30982.87891,2207.563118
30983.87891,2207.563792
30984.87891,2207.562613
30985.87891,2207.563792
30986.87891,2207.564297
30987.87891,2207.563792
30988.88281,2207.561097
30989.88281,2207.563287
30990.88281,2207.563455
30991.87891,2207.563118
30992.88281,2207.563118
30993.88281,2207.563455
30994.88281,2207.563455
30995.88672,2207.563455
30996.88281,2207.563287
30997.88281,2207.56396
30998.88281,2207.56396
30999.88281,2207.56076
31000.88672,2207.563623
31001.88281,2207.564466
31002.88672,2207.562276
31003.88672,2207.561602
31004.88672,2207.564802
31005.88672,2207.562613
31006.88672,2207.564971
31007.88672,2207.56295
31008.89063,2207.562276
31009.88672,2207.561939
31010.89063,2207.56295
31011.88672,2207.563455
31012.89063,2207.562613
31013.89063,2207.56295
31014.89063,2207.559076
31015.89453,2207.563792
31016.89063,2207.563455
31017.89453,2207.562613
31018.89453,2207.562276
31019.89453,2207.56076
31020.89453,2207.561266
31021.89453,2207.559245
31022.89453,2207.56396
31023.89453,2207.563287
31024.89453,2207.562108
31025.89453,2207.564802
31026.89453,2207.564971
31027.89453,2207.563287
31028.89453,2207.564634
31029.89453,2207.563623
31030.89453,2207.56295
31031.89453,2207.562444
31032.89453,2207.564971
31033.89453,2207.564634
31034.89453,2207.562108
31035.89453,2207.562444
31036.89453,2207.563287
31037.89453,2207.561939
31038.89453,2207.564297
31039.89453,2207.563623
31040.89453,2207.563118
31041.89453,2207.564971
31042.89844,2207.561771
31043.89453,2207.564466
31044.89844,2207.565139
31045.89453,2207.563623
31046.89453,2207.563623
31047.89453,2207.563623
31048.89453,2207.564297
31049.89844,2207.562613
31050.89453,2207.561771
31051.89453,2207.56076
31052.89453,2207.563118
31053.89844,2207.562276
31054.89453,2207.561939
31055.89844,2207.564297
31056.89844,2207.559245
31057.89844,2207.563623
31058.89844,2207.562276
31059.89844,2207.562444
31060.89844,2207.563792
31061.89844,2207.563118
31062.89844,2207.563118
31063.89844,2207.56396
31064.89844,2207.56295
31065.89844,2207.564297
31066.90234,2207.55975
31067.89844,2207.561939
31068.90234,2207.561266
31069.90234,2207.564634
31070.90234,2207.560255
31071.90234,2207.564466
31072.90234,2207.562613
31073.90234,2207.562444
31074.90625,2207.564971
31075.90625,2207.563792
31076.90625,2207.563287
31077.90625,2207.562108
31078.90625,2207.564297
31079.90625,2207.563118
31080.90625,2207.564802
31081.90625,2207.565139
31082.90625,2207.56295
31083.90625,2207.56396
31084.91016,2207.563623
31085.91016,2207.563118
31086.90625,2207.563118
31087.91016,2207.561266
31088.90625,2207.563623
31089.91016,2207.562444
31090.90625,2207.565476
31091.91016,2207.564297
31092.91016,2207.564802
31093.91016,2207.563792
31094.91016,2207.562108
31095.91016,2207.563455
31096.91016,2207.565308
31097.91016,2207.563118
31098.91016,2207.563623
31099.91016,2207.56396
31100.91016,2207.561602
31101.91406,2207.562613
31102.91406,2207.564634
31103.91406,2207.563455
31104.91016,2207.561602
31105.91406,2207.564466
31106.91406,2207.56295
31107.91406,2207.562613
31108.91406,2207.563623
31109.91406,2207.561097
31110.91797,2207.561602
31111.91797,2207.56295
31112.91797,2207.564634
31113.91406,2207.560255
31114.91797,2207.562276
31115.91797,2207.561266
31116.91797,2207.563623
31117.91797,2207.562276
31118.91797,2207.562108
31119.91406,2207.561097
31120.91797,2207.562613
31121.91797,2207.56396
31122.91797,2207.561771
31123.91797,2207.561602
31124.91797,2207.562613
31125.92188,2207.563287
31126.91797,2207.563623
31127.91797,2207.56295
31128.91797,2207.562444
31129.92188,2207.56396
31130.92188,2207.564802
31131.92188,2207.562444
31132.92188,2207.563623
31133.92188,2207.563623
31134.92188,2207.563455
31135.92188,2207.56295
31136.92188,2207.563792
31137.92188,2207.564466
31138.92188,2207.56396
31139.92188,2207.562108
31140.92188,2207.564634
31141.92188,2207.561266
31142.92188,2207.564802
31143.92188,2207.563455
31144.92188,2207.561602
31145.92188,2207.563623
31146.92188,2207.564971
31147.92188,2207.564971
31148.92578,2207.563623
31149.92188,2207.563118
31150.92188,2207.564634
31151.92188,2207.563287
31152.92188,2207.564297
31153.92578,2207.563623
31154.92578,2207.562276
31155.92578,2207.565981
31156.92188,2207.563623
31157.92578,2207.564634
31158.92578,2207.563792
31159.92578,2207.563792
31160.92578,2207.562276
31161.92969,2207.56295
31162.92578,2207.563623
31163.92969,2207.563792
31164.92578,2207.564297
31165.92969,2207.561771
31166.92578,2207.563118
31167.92578,2207.563623
31168.92578,2207.562276
31169.92578,2207.563287
31170.92969,2207.562613
31171.92578,2207.564466
31172.92969,2207.562613
31173.92578,2207.563118
31174.92578,2207.563287
31175.92969,2207.560929
31176.92578,2207.562276
31177.92578,2207.559076
31178.92578,2207.564297
31179.92969,2207.563623
31180.92578,2207.561939
31181.92969,2207.56396
31182.92969,2207.562444
31183.92969,2207.562108
31184.92969,2207.563118
31185.92969,2207.564466
31186.92578,2207.564297
31187.92969,2207.563118
31188.92969,2207.562444
31189.92969,2207.562613
31190.92969,2207.562444
31191.92969,2207.562613
31192.92969,2207.561097
31193.92969,2207.563287
31194.93359,2207.563287
31195.92969,2207.562444
31196.93359,2207.564802
31197.93359,2207.563623
31198.93359,2207.562108
31199.93359,2207.562108
31200.93359,2207.562108
31201.93359,2207.562444
31202.93359,2207.562613
31203.93359,2207.564466
31204.93359,2207.561771
31205.93359,2207.563792
31206.93359,2207.562108
31207.93359,2207.561771
31208.9375,2207.562276
31209.93359,2207.562613
31210.9375,2207.562613
31211.9375,2207.564466
31212.9375,2207.563118
31213.9375,2207.564466
31214.9375,2207.56396
31215.9375,2207.561939
31216.9375,2207.564971
31217.9375,2207.563455
31218.9375,2207.56076
31219.9375,2207.562444
31220.9375,2207.563118
31221.9375,2207.563118
31222.9375,2207.56295
31223.94141,2207.560929
31224.9375,2207.562613
31225.9375,2207.563792
31226.9375,2207.564297
31227.9375,2207.563455
31228.9375,2207.562613
31229.9375,2207.561939
31230.9375,2207.563455
31231.94141,2207.56295
31232.9375,2207.561097
31233.9375,2207.562444
31234.9375,2207.560087
31235.9375,2207.563118
31236.9375,2207.563287
31237.9375,2207.563287
31238.9375,2207.564297
31239.9375,2207.563287
31240.94141,2207.56295
31241.94141,2207.561939
31242.94141,2207.562108
31243.94141,2207.562276
31244.94141,2207.561771
31245.94141,2207.563623
31246.94141,2207.563287
31247.94141,2207.563792
31248.94141,2207.56615
31249.94141,2207.561097
31250.94141,2207.561097
31251.94141,2207.562444
31252.94141,2207.564297
31253.94531,2207.563792
31254.94531,2207.563455
31255.94141,2207.564634
31256.94531,2207.563455
31257.94531,2207.564634
31258.94531,2207.564297
31259.94141,2207.56396
31260.94531,2207.561939
31261.94531,2207.562444
31262.94531,2207.564297
31263.94531,2207.562108
31264.94531,2207.562108
31265.94531,2207.561266
31266.94531,2207.564802
31267.94531,2207.56295
31268.94531,2207.561602
31269.94531,2207.563287
31270.94922,2207.563287
31271.94922,2207.562108
31272.94922,2207.562276
31273.94531,2207.563623
31274.94531,2207.564802
31275.94922,2207.561602
31276.94922,2207.564802
31277.94531,2207.561939
31278.94922,2207.56396
31279.94922,2207.562108
31280.94922,2207.563455
31281.94922,2207.563287
31282.94922,2207.562108
31283.94922,2207.563792
31284.94922,2207.562108
31285.95313,2207.561771
31286.95313,2207.562108
31287.95313,2207.561602
31288.95313,2207.561771
31289.95313,2207.564297
31290.95313,2207.562108
31291.95313,2207.563287
31292.95313,2207.560929
31293.95703,2207.562276
31294.95703,2207.56396
31295.95703,2207.560592
31296.95703,2207.562276
31297.95703,2207.562613
31298.95703,2207.563623
31299.95313,2207.564297
31300.95313,2207.563623
31301.95703,2207.562108
31302.95703,2207.562276
31303.95703,2207.56396
31304.95703,2207.565476
31305.95313,2207.564802
31306.95703,2207.565476
31307.95703,2207.56396
31308.95703,2207.561939
31309.95703,2207.563287
31310.95703,2207.563623
31311.95703,2207.563455
31312.95313,2207.563118
31313.95703,2207.56076
31314.95703,2207.561266
31315.95703,2207.562276
31316.95703,2207.562108
31317.95703,2207.562276
31318.95703,2207.565981
31319.95703,2207.562108
31320.95703,2207.563287
31321.95703,2207.564466
31322.95703,2207.563118
31323.95703,2207.562444
31324.95703,2207.561771
31325.95703,2207.562108
31326.95703,2207.560592
31327.95703,2207.56295
31328.96094,2207.562276
31329.96094,2207.561602
31330.96094,2207.563118
31331.96094,2207.563455
31332.96094,2207.563792
31333.96484,2207.564971
31334.96484,2207.56295
31335.96484,2207.563792
31336.96484,2207.564802
31337.96484,2207.564466
31338.96484,2207.564634
31339.96484,2207.564466
31340.96484,2207.564297
31341.96484,2207.563118
31342.96484,2207.561602
31343.96484,2207.563792
31344.96484,2207.564971
31345.96484,2207.564971
31346.96484,2207.563792
31347.96484,2207.564802
31348.96484,2207.563455
31349.96484,2207.56396
31350.96484,2207.564971
31351.96484,2207.563118
31352.96484,2207.564634
31353.96484,2207.563623
31354.96484,2207.561602
31355.96484,2207.563792
31356.96484,2207.56295
31357.96484,2207.561602
31358.96484,2207.561602
31359.96484,2207.562613
31360.96484,2207.562613
31361.96484,2207.562276
31362.96484,2207.564466
31363.96484,2207.563118
31364.96484,2207.56076
31365.96484,2207.560592
31366.96484,2207.564802
31367.96484,2207.561097
31368.96484,2207.563623
31369.96484,2207.562276
31370.96484,2207.561602
31371.96484,2207.563287
31372.96484,2207.562444
31373.96484,2207.564971
31374.96875,2207.561771
31375.96484,2207.56295
31376.96875,2207.561266
31377.96875,2207.563118
31378.96875,2207.561939
31379.96875,2207.561771
31380.96875,2207.563287
31381.97266,2207.562444
31382.97266,2207.560592
31383.97266,2207.561602
31384.97266,2207.562444
31385.96875,2207.56295
31386.97266,2207.561602
31387.97266,2207.561266
31388.97266,2207.561602
31389.96875,2207.56396
31390.97266,2207.564297
31391.97266,2207.563792
31392.97266,2207.56076
31393.97266,2207.563455
31394.97266,2207.563623
31395.97266,2207.563287
31396.97266,2207.565139
31397.97266,2207.565139
31398.97266,2207.563623
31399.97266,2207.563623
31400.97266,2207.56295
31401.97656,2207.564297
31402.97266,2207.56396
31403.97656,2207.56295
31404.97656,2207.563792
31405.97656,2207.563455
31406.97656,2207.562276
31407.97656,2207.563118
31408.98047,2207.563623
31409.97656,2207.563118
31410.97656,2207.561771
31411.98047,2207.562108
31412.98047,2207.562276
31413.98047,2207.563792
31414.98047,2207.56396
31415.98047,2207.562444
31416.98047,2207.56396
31417.98047,2207.561266
31418.97656,2207.562108
31419.98047,2207.563118
31420.97656,2207.563287
31421.98047,2207.56295
31422.98047,2207.56076
31423.98047,2207.561266
31424.98047,2207.562613
31425.98047,2207.565139
31426.98047,2207.565139
31427.98047,2207.563792
31428.98047,2207.563118
31429.98047,2207.564634
31430.98047,2207.563455
31431.98047,2207.563118
31432.98047,2207.563287
31433.98438,2207.56295
31434.98047,2207.561097
31435.98047,2207.562444
31436.98438,2207.561602
31437.98047,2207.562613
31438.98047,2207.56295
31439.98047,2207.562276
31440.98047,2207.563287
31441.98047,2207.563623
31442.98438,2207.563455
31443.98438,2207.559413
31444.98438,2207.563623
31445.98438,2207.56076
31446.98438,2207.564297
31447.98828,2207.561939
31448.98438,2207.56295
31449.98438,2207.564297
31450.98438,2207.563623
31451.98828,2207.562276
31452.98438,2207.563287
31453.98438,2207.564297
31454.98438,2207.563623
31455.98828,2207.565981
31456.98828,2207.563287
31457.98828,2207.562108
31458.98828,2207.562613
31459.98828,2207.562108
31460.98828,2207.56295
31461.98828,2207.562108
31462.98828,2207.564297
31463.98438,2207.564466
31464.98828,2207.562276
31465.98828,2207.56295
31466.98438,2207.563792
31467.98828,2207.561939
31468.98828,2207.563287
31469.98828,2207.563287
31470.98828,2207.561939
31471.98828,2207.564466
31472.98828,2207.563287
31473.98828,2207.562276
31474.98828,2207.562613
31475.98828,2207.565308
31476.98828,2207.562108
31477.98828,2207.56396
31478.98828,2207.562108
31479.98828,2207.562613
31480.98828,2207.562108
31481.98828,2207.563455
31482.98828,2207.561602
31483.98828,2207.564466
31484.98828,2207.563623
31485.98828,2207.563455
31486.98828,2207.563287
31487.98828,2207.56295
31488.98828,2207.561771
31489.98438,2207.564466
31490.98828,2207.561939
31491.98828,2207.564297
31492.98828,2207.56295
31493.98828,2207.563792
31494.99219,2207.561771
31495.99219,2207.56396
31496.98828,2207.564466
31497.98828,2207.56615
31498.98828,2207.563287
31499.98828,2207.562444
31500.98828,2207.561602
31501.98828,2207.562276
31502.99219,2207.560929
31503.99219,2207.563792
31504.98828,2207.562276
31505.99219,2207.56295
31506.98828,2207.562613
31507.99219,2207.561266
31508.99219,2207.562444
31509.98828,2207.562444
31510.99219,2207.563287
31511.99219,2207.561939
31512.99219,2207.563455
31513.99219,2207.56295
31514.99219,2207.563118
31515.99219,2207.563118
31516.98828,2207.563118
31517.99219,2207.561266
31518.99219,2207.560929
31519.99219,2207.563118
31520.99219,2207.563792
31521.99219,2207.564634
31522.99219,2207.563118
31523.99219,2207.562613
31524.99219,2207.561771
31525.99219,2207.55975
31526.99219,2207.561939
31527.99219,2207.562444
31528.99219,2207.564297
31529.99219,2207.563792
31530.99219,2207.561602
31531.98828,2207.563455
31532.99219,2207.562108
31533.99219,2207.562276
31534.99219,2207.563455
31535.99219,2207.564297
31536.99219,2207.564297
31537.99219,2207.565813
31538.99219,2207.564971
31539.99219,2207.563455
31540.99219,2207.56615
31541.99219,2207.566992
31542.99219,2207.563455
31543.99219,2207.564634
31544.99219,2207.562108
31545.99219,2207.564634
31546.99219,2207.563455
31547.99219,2207.563287
31548.99219,2207.561266
31549.99219,2207.56396
31550.99219,2207.56396
31551.99219,2207.562613
31552.99219,2207.563287
31553.99219,2207.562108
31554.99219,2207.563623
31555.99219,2207.564297
31556.99219,2207.562108
31557.99219,2207.565476
31558.99609,2207.562108
31559.99609,2207.564297
31560.99609,2207.563287
31561.99219,2207.563623
31562.99609,2207.563623
31563.99609,2207.561771
31564.99609,2207.562108
31565.99219,2207.562108
31566.99609,2207.564971
31567.99219,2207.562613
31568.99219,2207.559581
31569.99609,2207.56295
31570.99609,2207.563455
31571.99609,2207.561266
31572.99609,2207.563455
31573.99609,2207.564802
31574.99609,2207.56295
31575.99609,2207.566655
31576.99609,2207.56396
31577.99609,2207.563792
31579,2207.563287
31579.99609,2207.561097
31580.99609,2207.564802
31582,2207.563623
31582.99609,2207.562444
31583.99609,2207.564634
31584.99609,2207.562444
31586,2207.561771
31587,2207.562613
31588,2207.561771
31588.99609,2207.560087
31589.99609,2207.56295
31591,2207.563287
31591.99609,2207.562444
31593,2207.562108
31593.99609,2207.560592
31594.99609,2207.562108
31595.99609,2207.561939
31596.99609,2207.561097
31598,2207.561939
31599,2207.562613
31600,2207.56396
31600.99609,2207.561771
31601.99609,2207.561097
31602.99609,2207.562444
31604,2207.561097
31604.99609,2207.563118
31605.99609,2207.562276
31606.99609,2207.562613
31608,2207.563287
31609,2207.564802
31610,2207.563455
31610.99609,2207.56295
31612,2207.564466
31613,2207.562613
31614,2207.564634
31614.99609,2207.565139
31616,2207.56076
31616.99609,2207.561771
31618,2207.561266
31619,2207.563118
31620,2207.562276
31621,2207.56396
31622,2207.564634
31623,2207.561939
31624,2207.563455
31625.00391,2207.561771
31626,2207.563118
31627.00391,2207.562276
31628.00391,2207.562108
31629.00391,2207.562613
31630.00391,2207.562276
31631,2207.560423
31632.00391,2207.564971
31633.00391,2207.56295
31634.00391,2207.564802
31635.00391,2207.561097
31636.00391,2207.560929
31637.00391,2207.562108
31638.00391,2207.559581
31639.00781,2207.562444
31640.00391,2207.562108
31641.00781,2207.561771
31642.00781,2207.561602
31643.00781,2207.563623
31644.00781,2207.562444
31645.00781,2207.560929
31646.00781,2207.56396
31647.00781,2207.562108
31648.00781,2207.561602
31649.00781,2207.561602
31650.00781,2207.560929
31651.01172,2207.562444
31652.00781,2207.564466
31653.01172,2207.563287
31654.00781,2207.561097
31655.00781,2207.56295
31656.00781,2207.563455
31657.00781,2207.561771
31658.00781,2207.563455
31659.00781,2207.563623
31660.01172,2207.56295
31661.01172,2207.563455
31662.01172,2207.562613
31663.01172,2207.564297
31664.01172,2207.563623
31665.01172,2207.562276
31666.01172,2207.564802
31667.01172,2207.56295
31668.01172,2207.564971
31669.01172,2207.564971
31670.01563,2207.562613
31671.01172,2207.563455
31672.01172,2207.560929
31673.01563,2207.563792
31674.01563,2207.561602
31675.01563,2207.563287
31676.01953,2207.562613
31677.01953,2207.563455
31678.02344,2207.562276
31679.01953,2207.561939
31680.01953,2207.563287
31681.01953,2207.563455
31682.01953,2207.563455
31683.01953,2207.562108
31684.01953,2207.563287
31685.01953,2207.562444
31686.02344,2207.564297
31687.02344,2207.561602
31688.01953,2207.563455
31689.02344,2207.561602
31690.02344,2207.563623
31691.01953,2207.564297
31692.01953,2207.563118
31693.01953,2207.562276
31694.01953,2207.562613
31695.01953,2207.561939
31696.02344,2207.561939
31697.02344,2207.563118
31698.01953,2207.565476
31699.02344,2207.564466
31700.01953,2207.56396
31701.01953,2207.562108
31702.02344,2207.562276
31703.02344,2207.564466
31704.01953,2207.561939
31705.02344,2207.56295
31706.01953,2207.563455
31707.02344,2207.563623
31708.02344,2207.563623
31709.01953,2207.561602
31710.01953,2207.563118
31711.02344,2207.562613
31712.02734,2207.562276
31713.01953,2207.563792
31714.02344,2207.561771
31715.02344,2207.564802
31716.02344,2207.561771
31717.02344,2207.563792
31718.02734,2207.562444
31719.02344,2207.563455
31720.02344,2207.56076
31721.02344,2207.56396
31722.02344,2207.56295
31723.02344,2207.561939
31724.02734,2207.562444
31725.02344,2207.56076
31726.02344,2207.562276
31727.02344,2207.563118
31728.02344,2207.563455
31729.02734,2207.56396
31730.02344,2207.564297
31731.02734,2207.564634
31732.02344,2207.563118
31733.02734,2207.563118
31734.02344,2207.562276
31735.02344,2207.56295
31736.02344,2207.562444
31737.02344,2207.564634
31738.02344,2207.564634
31739.02344,2207.563623
31740.02344,2207.56396
31741.02734,2207.565139
31742.02734,2207.564297
31743.02734,2207.563118
31744.02734,2207.564634
31745.02734,2207.56396
31746.02734,2207.56295
31747.02734,2207.563455
31748.02734,2207.561602
31749.02734,2207.561939
31750.03125,2207.561771
31751.02734,2207.562108
31752.02734,2207.563287
31753.02734,2207.561266
31754.02734,2207.564297
31755.03125,2207.56396
31756.02734,2207.561939
31757.02734,2207.561602
31758.02734,2207.561771
31759.02734,2207.561097
31760.03125,2207.560929
31761.03125,2207.56295
31762.03125,2207.559245
31763.03125,2207.560255
31764.03125,2207.565308
31765.03125,2207.56396
31766.03516,2207.563118
31767.03125,2207.564297
31768.03516,2207.565308
31769.03125,2207.563455
31770.03125,2207.564971
31771.03125,2207.562444
31772.03125,2207.562276
31773.03125,2207.563792
31774.03125,2207.562613
31775.03125,2207.564466
31776.03125,2207.561266
31777.03125,2207.563455
31778.03125,2207.56295
31779.03516,2207.564297
31780.03516,2207.561097
31781.03125,2207.56396
31782.03516,2207.562444
31783.03516,2207.564466
31784.03516,2207.562613
31785.03516,2207.563623
31786.03125,2207.563455
31787.03516,2207.563118
31788.03516,2207.560592
31789.03516,2207.563623
31790.03516,2207.562276
31791.03906,2207.562276
31792.03906,2207.56076
31793.03906,2207.563623
31794.03906,2207.560592
31795.03516,2207.561097
31796.03516,2207.561771
31797.03516,2207.564297
31798.03906,2207.563623
31799.03906,2207.562444
31800.03906,2207.563287
31801.03906,2207.56295
31802.03516,2207.563455
31803.03906,2207.560255
31804.03906,2207.562276
31805.03906,2207.561602
31806.03906,2207.562108
31807.03906,2207.562276
31808.03906,2207.56076
31809.03906,2207.56396
31810.03906,2207.563287
31811.03906,2207.563455
31812.04297,2207.563623
31813.03906,2207.564466
31814.03906,2207.56295
31815.03906,2207.563623
31816.04297,2207.563623
31817.04297,2207.562444
31818.04297,2207.562108
31819.04297,2207.563792
31820.03906,2207.561097
31821.03906,2207.561602
31822.04297,2207.562613
31823.04297,2207.563455
31824.04297,2207.564971
31825.04297,2207.56396
31826.04297,2207.562613
31827.03906,2207.564297
31828.04297,2207.561266
31829.04297,2207.560087
31830.04297,2207.563118
31831.04297,2207.564466
31832.04297,2207.564634
31833.04297,2207.562444
31834.04297,2207.563455
31835.04297,2207.563792
31836.04297,2207.563455
31837.04688,2207.565981
31838.04688,2207.563287
31839.04688,2207.564802
31840.04297,2207.563623
31841.04297,2207.561097
31842.04297,2207.562444
31843.04297,2207.56295
31844.04297,2207.564634
31845.04688,2207.561939
31846.04688,2207.563623
31847.04688,2207.561602
31848.04688,2207.56396
31849.04688,2207.563623
31850.04688,2207.561771
31851.04688,2207.561097
31852.04688,2207.564466
31853.04688,2207.561266
31854.04688,2207.561939
31855.04688,2207.562276
31856.04688,2207.561939
31857.04688,2207.561097
31858.04688,2207.56295
31859.04688,2207.562613
31860.04688,2207.563792
31861.05078,2207.562276
31862.05078,2207.56396
31863.04688,2207.560592
31864.05078,2207.564466
31865.04688,2207.563287
31866.04688,2207.562276
31867.05078,2207.562613
31868.05078,2207.563118
31869.05078,2207.564634
31870.05078,2207.564297
31871.05078,2207.564466
31872.05078,2207.561771
31873.05078,2207.563287
31874.05078,2207.562444
31875.05078,2207.564297
31876.05078,2207.563792
31877.05078,2207.563118
31878.05078,2207.563287
31879.05078,2207.561602
31880.05469,2207.56295
31881.05078,2207.561939
31882.05078,2207.563792
31883.05078,2207.562108
31884.05078,2207.56076
31885.05078,2207.56295
31886.05469,2207.562276
31887.05469,2207.563792
31888.05078,2207.56295
31889.05469,2207.563623
31890.05078,2207.562276
31891.05078,2207.564297
31892.05078,2207.564802
31893.05469,2207.562108
31894.05469,2207.56295
31895.05469,2207.562108
31896.05469,2207.560592
31897.05469,2207.563623
31898.05469,2207.564634
31899.05469,2207.561266
31900.05469,2207.562613
31901.05469,2207.563287
31902.05469,2207.563623
31903.05469,2207.563792
31904.05078,2207.56076
31905.05078,2207.563623
31906.05469,2207.563623
31907.05469,2207.56396
31908.05469,2207.563623
31909.05469,2207.564466
31910.05469,2207.563792
31911.05469,2207.563792
31912.05469,2207.563792
31913.05469,2207.564297
31914.05469,2207.56396
31915.05469,2207.562276
31916.05859,2207.564297
31917.05859,2207.563455
31918.05469,2207.562108
31919.05859,2207.561266
31920.05859,2207.561771
31921.05859,2207.561939
31922.05859,2207.564634
31923.05859,2207.562276
31924.05859,2207.56396
31925.05859,2207.562108
31926.05859,2207.561939
31927.05859,2207.561266
31928.05859,2207.560929
31929.05859,2207.561939
31930.05859,2207.563623
31931.05859,2207.560592
31932.05859,2207.564802
31933.05859,2207.563455
31934.0625,2207.564634
31935.05859,2207.56396
31936.05859,2207.564971
31937.05859,2207.561771
31938.0625,2207.56295
31939.0625,2207.562613
31940.0625,2207.562108
31941.05859,2207.56396
31942.0625,2207.562444
31943.0625,2207.561602
31944.0625,2207.56295
31945.0625,2207.560423
31946.0625,2207.560592
31947.0625,2207.562276
31948.0625,2207.561097
31949.0625,2207.561939
31950.06641,2207.563455
31951.0625,2207.562613
31952.0625,2207.561771
31953.0625,2207.562444
31954.0625,2207.560087
31955.0625,2207.560592
31956.0625,2207.56396
31957.06641,2207.561771
31958.0625,2207.564466
31959.0625,2207.562108
31960.06641,2207.56396
31961.0625,2207.563287
31962.06641,2207.56295
31963.0625,2207.56295
31964.06641,2207.561602
31965.07031,2207.562444
31966.06641,2207.564297
31967.06641,2207.563792
31968.06641,2207.562613
31969.06641,2207.56295
31970.06641,2207.562613
31971.06641,2207.563455
31972.06641,2207.562613
31973.06641,2207.562444
31974.06641,2207.561266
31975.06641,2207.563623
31976.06641,2207.562444
31977.06641,2207.563287
31978.07031,2207.563455
31979.06641,2207.562108
31980.06641,2207.563623
31981.07031,2207.564297
31982.06641,2207.561771
31983.06641,2207.56295
31984.06641,2207.562108
31985.07031,2207.562108
31986.06641,2207.561771
31987.06641,2207.56076
31988.07031,2207.562613
31989.07031,2207.562613
31990.07031,2207.562444
31991.07031,2207.565139
31992.07031,2207.564297
31993.07031,2207.56396
31994.07031,2207.562108
31995.07031,2207.564971
31996.07031,2207.564466
31997.07031,2207.564802
31998.07031,2207.56076
31999.07031,2207.562613
32000.07031,2207.563287
32001.07031,2207.562108
32002.07031,2207.562276
32003.07031,2207.563455
32004.07031,2207.561939
32005.07031,2207.562613
32006.07031,2207.566487
32007.07422,2207.563455
32008.07422,2207.563287
32009.07422,2207.563455
32010.07422,2207.56615
32011.07031,2207.56396
32012.07422,2207.565308
32013.07031,2207.564634
32014.07422,2207.562276
32015.07422,2207.561771
32016.07422,2207.562613
32017.07422,2207.561771
32018.07422,2207.563455
32019.07422,2207.563792
32020.07422,2207.563792
32021.07422,2207.561771
32022.07422,2207.562444
32023.07422,2207.561602
32024.07813,2207.560929
32025.07422,2207.562276
32026.07813,2207.561771
32027.07813,2207.562444
32028.07422,2207.560929
32029.07422,2207.562444
32030.07422,2207.56396
32031.07422,2207.564466
32032.07813,2207.562108
32033.07422,2207.564297
32034.07422,2207.56295
32035.07813,2207.55975
32036.07813,2207.563118
32037.07813,2207.562276
32038.07813,2207.560929
32039.07813,2207.562613
32040.07813,2207.561771
32041.07422,2207.561771
32042.07813,2207.563455
32043.07813,2207.562276
32044.07422,2207.561602
32045.07813,2207.56295
32046.07813,2207.56396
32047.07422,2207.562444
32048.07422,2207.56295
32049.07813,2207.564634
32050.07813,2207.562444
32051.07422,2207.562444
32052.07813,2207.562276
32053.07422,2207.561939
32054.07813,2207.562613
32055.07813,2207.561939
32056.07813,2207.562108
32057.07422,2207.561939
32058.07813,2207.561266
32059.07813,2207.563118
32060.07813,2207.564466
32061.07813,2207.55975
32062.07813,2207.562276
32063.07813,2207.562276
32064.07813,2207.56295
32065.07813,2207.564297
32066.07813,2207.561939
32067.07813,2207.564971
32068.07813,2207.563623
32069.07813,2207.563118
32070.07813,2207.563118
32071.07813,2207.562613
32072.07813,2207.565476
32073.07813,2207.562108
32074.07813,2207.563623
32075.07813,2207.56396
32076.07813,2207.561097
32077.07813,2207.564634
32078.07813,2207.562444
32079.07813,2207.563455
32080.08203,2207.561266
32081.07813,2207.564466
32082.07813,2207.563623
32083.07813,2207.563118
32084.07813,2207.564297
32085.07813,2207.56076
32086.07813,2207.562108
32087.08203,2207.565308
32088.08203,2207.56295
32089.08203,2207.56295
32090.08203,2207.564802
32091.08203,2207.564297
32092.08203,2207.56396
32093.08594,2207.565139
32094.08594,2207.564466
32095.08203,2207.562613
32096.08203,2207.561266
32097.08203,2207.563287
32098.08594,2207.560929
32099.08594,2207.562108
32100.08594,2207.563623
32101.08594,2207.562108
32102.08594,2207.564634
32103.08594,2207.563792
32104.08594,2207.563792
32105.08594,2207.563792
32106.08594,2207.564297
32107.08594,2207.56295
32108.08594,2207.561771
32109.08594,2207.56295
32110.08594,2207.563287
32111.08594,2207.561266
32112.08594,2207.561939
32113.08594,2207.561266
32114.08594,2207.562444
32115.08594,2207.562613
32116.08594,2207.563455
32117.08594,2207.56295
32118.08594,2207.56396
32119.08594,2207.563792
32120.08594,2207.562444
32121.08984,2207.561771
32122.08594,2207.562444
32123.08594,2207.563287
32124.08594,2207.562613
32125.08594,2207.562108
32126.08984,2207.564971
32127.08984,2207.563287
32128.08594,2207.56295
32129.08984,2207.563455
32130.08984,2207.560592
32131.08594,2207.55975
32132.08594,2207.561939
32133.08984,2207.561097
32134.08984,2207.561771
32135.08984,2207.561097
32136.08984,2207.563623
32137.08984,2207.563623
32138.08984,2207.559581
32139.09375,2207.562613
32140.09375,2207.561771
32141.09375,2207.563118
32142.09375,2207.563792
32143.09375,2207.564634
32144.09375,2207.563455
32145.09375,2207.559413
32146.09375,2207.56295
32147.08984,2207.561097
32148.09375,2207.565139
32149.09375,2207.562108
32150.08984,2207.563623
32151.09375,2207.564466
32152.09375,2207.563118
32153.09375,2207.563792
32154.09375,2207.562276
32155.09375,2207.561939
32156.09375,2207.562276
32157.09375,2207.561266
32158.09375,2207.560255
32159.09375,2207.560592
32160.09766,2207.564634
32161.09375,2207.561771
32162.09375,2207.563792
32163.09766,2207.562613
32164.09766,2207.561939
32165.09766,2207.563455
32166.09766,2207.561939
32167.09766,2207.56076
32168.09375,2207.563287
32169.09375,2207.561939
32170.09766,2207.561939
32171.09766,2207.564466
32172.09766,2207.563118
32173.09766,2207.562444
32174.09766,2207.561939
32175.09766,2207.563455
32176.09766,2207.561266
32177.09766,2207.560929
32178.10547,2207.562444
32179.09766,2207.562613
32180.09766,2207.562613
32181.09766,2207.561266
32182.10547,2207.562444
32183.09766,2207.56396
32184.10547,2207.560929
32185.10547,2207.561602
32186.09766,2207.56295
32187.10547,2207.564466
32188.10547,2207.56396
32189.10547,2207.561266
32190.10547,2207.563792
32191.10547,2207.562613
32192.10547,2207.562108
32193.10547,2207.558571
32194.10547,2207.560592
32195.10547,2207.561771
32196.10547,2207.562444
32197.10547,2207.562108
32198.10547,2207.563287
32199.10547,2207.561939
32200.10547,2207.560423
32201.10547,2207.56295
32202.10547,2207.560255
32203.10547,2207.562444
32204.10547,2207.562108
32205.10547,2207.562613
32206.10547,2207.563455
32207.10547,2207.564634
32208.10547,2207.562108
32209.10547,2207.561266
32210.10547,2207.561097
32211.10547,2207.563118
32212.10547,2207.562108
32213.10547,2207.562444
32214.10547,2207.564297
32215.10547,2207.563118
32216.11328,2207.562444
32217.10547,2207.562613
32218.10547,2207.560255
32219.11328,2207.562108
32220.11328,2207.562108
32221.11328,2207.562108
32222.10547,2207.561602
32223.10547,2207.562108
32224.10547,2207.562276
32225.11328,2207.562276
32226.10547,2207.561939
32227.10547,2207.560929
32228.11328,2207.56295
32229.11328,2207.559245
32230.11328,2207.564971
32231.11328,2207.562444
32232.10547,2207.562276
32233.11328,2207.56295
32234.11328,2207.562613
32235.11328,2207.561939
32236.11328,2207.562613
32237.11328,2207.56396
32238.11328,2207.56295
32239.11328,2207.561602
32240.11328,2207.561939
32241.11328,2207.563455
32242.11328,2207.561771
32243.11328,2207.563118
32244.11328,2207.561939
32245.11328,2207.561266
32246.11328,2207.563792
32247.11328,2207.562613
32248.11328,2207.562613
32249.11328,2207.563623
32250.11328,2207.564634
32251.11328,2207.56295
32252.11328,2207.563287
32253.11328,2207.564466
32254.11328,2207.563623
32255.11328,2207.563792
32256.11328,2207.562613
32257.11328,2207.561771
32258.11328,2207.564971
32259.11328,2207.563118
32260.11328,2207.563118
32261.11328,2207.564466
32262.11328,2207.563287
32263.11328,2207.561266
32264.11328,2207.563455
32265.11328,2207.561266
32266.11328,2207.563623
32267.11328,2207.564971
32268.11328,2207.561939
32269.11328,2207.562444
32270.11328,2207.56396
32271.11328,2207.562613
32272.12109,2207.561602
32273.11328,2207.56076
32274.12109,2207.560929
32275.11328,2207.562613
32276.12109,2207.564466
32277.11328,2207.56076
32278.11328,2207.56295
32279.11328,2207.563623
32280.12109,2207.56396
32281.11328,2207.562276
32282.12109,2207.563287
32283.11328,2207.562613
32284.12109,2207.563455
32285.12109,2207.56396
32286.12109,2207.561939
32287.12109,2207.560929
32288.12109,2207.56295
32289.12109,2207.565981
32290.12109,2207.563287
32291.12109,2207.563287
32292.12109,2207.55975
32293.12109,2207.562108
32294.12109,2207.561939
32295.12109,2207.562108
32296.12109,2207.561602
32297.12109,2207.561097
32298.12109,2207.561097
32299.12109,2207.562444
32300.12109,2207.562108
32301.12109,2207.563118
32302.12109,2207.56076
32303.12109,2207.563287
32304.12109,2207.563118
32305.12109,2207.561771
32306.12109,2207.561771
32307.11328,2207.563118
32308.12109,2207.561939
32309.12109,2207.563792
32310.12109,2207.56295
32311.12109,2207.564802
32312.12109,2207.56076
32313.12109,2207.563623
32314.12109,2207.564802
32315.12109,2207.564297
32316.12109,2207.564466
32317.12109,2207.564466
32318.12109,2207.563287
32319.12109,2207.561939
32320.12109,2207.56396
32321.12109,2207.564634
32322.12109,2207.563118
32323.12109,2207.561771
32324.12109,2207.561939
32325.12109,2207.562613
32326.12109,2207.563623
32327.12109,2207.563623
32328.12109,2207.564634
32329.12109,2207.564466
32330.12109,2207.562276
32331.12109,2207.565139
32332.12109,2207.561939
32333.12109,2207.563455
32334.12109,2207.563455
32335.12109,2207.563455
32336.12109,2207.564634
32337.12109,2207.56295
32338.12891,2207.561771
32339.12891,2207.563792
32340.12109,2207.563623
32341.12109,2207.563623
32342.12109,2207.562276
32343.12891,2207.565139
32344.12109,2207.56396
32345.12891,2207.562108
32346.12109,2207.563287
32347.12109,2207.563455
32348.12891,2207.561097
32349.12109,2207.561939
32350.12891,2207.563623
32351.12891,2207.560592
32352.12891,2207.563623
32353.12891,2207.561602
32354.12891,2207.563287
32355.12891,2207.563118
32356.12891,2207.561266
32357.12891,2207.563287
32358.12891,2207.561097
32359.12891,2207.561097
32360.12891,2207.563118
32361.12891,2207.561939
32362.13672,2207.561266
32363.13672,2207.562108
32364.13672,2207.563118
32365.13672,2207.56295
32366.13672,2207.563623
32367.13672,2207.564297
32368.13672,2207.563118
32369.13672,2207.561602
32370.13672,2207.561771
32371.13672,2207.560423
32372.13672,2207.56295
32373.13672,2207.562108
32374.13672,2207.560255
32375.13672,2207.563118
32376.13672,2207.564634
32377.13672,2207.564971
32378.13672,2207.564802
32379.13672,2207.562613
32380.13672,2207.563455
32381.13672,2207.563118
32382.13672,2207.563455
32383.13672,2207.564802
32384.13672,2207.564802
32385.13672,2207.562613
32386.13672,2207.561939
32387.13672,2207.563792
32388.13672,2207.564297
32389.13672,2207.56295
32390.13672,2207.563792
32391.13672,2207.564297
32392.13672,2207.56076
32393.13672,2207.565981
32394.13672,2207.565308
32395.13672,2207.562444
32396.13672,2207.562613
32397.13672,2207.563287
32398.13672,2207.56396
32399.13672,2207.564297
32400.13672,2207.563455
32401.13672,2207.563455
32402.14453,2207.562276
32403.13672,2207.562444
32404.14453,2207.561771
32405.13672,2207.562276
