dark,0.1Sun
0.158191842,1.610753026
0.155451214,1.611961401
0.152389949,1.616070898
0.152609293,1.614798707
0.150785,1.61327323
0.157499939,1.611819462
0.147031112,1.612898727
0.14547752,1.609479684
0.14105233,1.613104646
0.139880364,1.607510625
0.141307734,1.603544054
0.140468937,1.613059087
0.132890285,1.610079184
0.132047263,1.608551075
0.129141228,1.609776885
0.1294142,1.605449462
0.129773499,1.609025083
0.12921007,1.614277331
0.129226568,1.627184105
0.131162918,1.608354202
0.125629823,1.623844995
0.124586053,1.611906632
0.126913835,1.607282009
0.120674365,1.623388914
0.118833471,1.601556575
0.115327103,1.622483661
0.112090624,1.605926267
0.113498596,1.606740567
0.109012058,1.60606541
0.112308816,1.611501867
0.115239183,1.60665093
0.115398967,1.602513144
0.112078165,1.604872659
0.108195845,1.609658958
0.111488286,1.61404411
0.112194745,1.60926587
0.108641287,1.62262412
0.110524522,1.607579539
0.112160278,1.600957897
0.112363627,1.612673236
0.113272509,1.606474123
0.110893967,1.60469651
0.10653696,1.609100247
0.103712473,1.611259106
0.099825537,1.606052746
0.101720213,1.602545381
0.100175328,1.611806962
0.099433683,1.609320804
0.10563845,1.604997493
0.098911433,1.626204181
0.094200277,1.598581277
0.096451323,1.601300657
0.096818959,1.604927264
0.09386093,1.609129029
0.091780462,1.611710582
0.091809564,1.612060578
0.093971219,1.612803004
0.109540743,1.608782487
0.094584812,1.611154502
0.1029345,1.606584648
0.099576496,1.606277908
0.10338982,1.607307667
0.099775085,1.611588214
0.104709255,1.607040564
0.098911402,1.607362436
0.093673113,1.609273271
0.093001276,1.615740145
0.093572107,1.612534586
0.094704579,1.625087252
0.092744278,1.610506976
0.093876452,1.610083131
0.093605752,1.609176726
0.088680844,1.613035897
0.087180171,1.609046958
0.093305498,1.608705514
0.092697702,1.611748246
0.088839056,1.603175802
0.089359476,1.611806633
0.098274412,1.611841337
0.088831819,1.612293306
0.086566629,1.612186563
0.0867767,1.602436171
0.082857611,1.624848274
0.081756127,1.599845902
0.076498672,1.605750117
0.081377733,1.603496687
0.085235655,1.604979072
0.089619434,1.612597414
0.082052865,1.610451549
0.082867921,1.62431226
0.089020078,1.602497848
0.098355096,1.596651198
0.103057247,1.599412189
0.103519979,1.60554683
0.087427434,1.610886577
0.104580741,1.609268502
0.091750035,1.607424771
0.100022369,1.611200718
0.102446357,1.608485779
0.096016232,1.612805965
0.092672743,1.610376714
0.094993237,1.609981159
0.091982557,1.604410986
0.094456812,1.60736885
0.08782376,1.607699932
0.089688101,1.605577422
0.094596644,1.623679536
0.088692316,1.601115297
0.084483627,1.60148026
0.089827121,1.613037541
0.09016692,1.606283335
0.089000577,1.612420114
0.087895367,1.605118874
0.088543654,1.600364318
0.089712525,1.608884295
0.084751778,1.607710623
0.086886208,1.601564305
0.085187793,1.612773235
0.085527808,1.607748945
0.080234894,1.608871795
0.082045366,1.601968413
0.079725427,1.607404376
0.079957888,1.605633013
0.07806207,1.622868361
0.073806307,1.604379901
0.079068351,1.609845634
0.076876176,1.609187746
0.080755006,1.611163383
0.075609382,1.605287128
0.074027635,1.606709811
0.076718499,1.610336747
0.079303664,1.613576681
0.073662892,1.60433977
0.078221711,1.60956636
0.073601261,1.606932177
0.072385454,1.61124529
0.073150567,1.60826917
0.072799563,1.608425912
0.068997681,1.60677231
0.081365166,1.608613903
0.072347127,1.609168503
0.072271351,1.60828019
0.074027527,1.607746971
0.074214274,1.625109785
0.075171491,1.607210793
0.075351958,1.604212633
0.074188149,1.603135342
0.085607485,1.609454848
0.080575793,1.608786928
0.076238832,1.609162746
0.083358767,1.607856181
0.084574446,1.604222172
0.105731746,1.603158861
0.104146134,1.605078414
0.090958596,1.606231856
0.10756969,1.604923974
0.075593701,1.607975752
0.072911029,1.606796981
0.07312822,1.600877799
0.070664285,1.606722475
0.073723377,1.607964074
0.07241951,1.626440034
0.074707757,1.606664088
0.070934364,1.606334815
0.07224114,1.602403935
0.074776943,1.604440591
0.075229344,1.604175462
0.069858111,1.603910005
0.068597001,1.60596574
0.070732325,1.621573473
0.069167662,1.598397562
0.066707568,1.601484372
0.065282665,1.602491598
0.077795461,1.607618519
0.065182378,1.602461335
0.067087287,1.606572806
0.06611443,1.616058069
0.06647615,1.605494857
0.068309746,1.608879525
0.070634105,1.603357379
0.070452589,1.606307513
0.072058992,1.607105037
0.070986337,1.608232164
0.07195354,1.609176068
0.074569945,1.6089514
0.070713427,1.604520031
0.070537046,1.602614788
0.07190904,1.607606841
0.071914365,1.609945139
0.074814782,1.605198478
0.071399311,1.609967343
0.075407909,1.607572796
0.071161387,1.613474215
0.070083103,1.608368346
0.068859617,1.608186605
0.067798171,1.609353369
0.069286853,1.605649954
0.06982479,1.605627585
0.066014755,1.614213516
0.068599864,1.609643991
0.066978227,1.609270969
0.066520337,1.610660592
0.06894159,1.606041397
0.070751265,1.608538082
0.065889355,1.606717212
0.066140376,1.610163558
0.065658113,1.606816718
0.065840754,1.614250687
0.065229982,1.605457521
0.064511677,1.60918347
0.064945826,1.609338896
0.065245509,1.604854732
0.06272807,1.610195137
0.064587899,1.629373556
0.063751055,1.609739714
0.061404816,1.606772804
0.061963307,1.607730524
0.065569267,1.606524616
0.067167,1.60678333
0.063268834,1.607247634
0.066082076,1.613898388
0.064963049,1.624965872
0.063574454,1.608765053
0.060083592,1.62737259
0.05867562,1.603592409
0.058600338,1.608515056
0.057651612,1.614105294
0.060724745,1.611955151
0.06046802,1.610153032
0.055938585,1.62806255
0.05783931,1.607063919
0.057311052,1.607150925
0.059212292,1.609820634
0.058018266,1.603758197
0.056270227,1.627065192
0.056596468,1.606860796
0.055402838,1.606719844
0.056070553,1.604903415
0.058792636,1.605483015
0.058545384,1.609274752
0.072678671,1.608855512
0.057742622,1.611585089
0.058317132,1.606445669
0.059513496,1.603568232
0.05792499,1.605480383
0.057474136,1.625158139
0.056827417,1.602557387
0.057620866,1.601293749
0.058990702,1.602887153
0.057230826,1.603337149
0.052804068,1.609272284
0.055201062,1.608477227
0.054345083,1.605989095
0.053905835,1.601301315
0.054888776,1.609938067
0.05400422,1.607726412
0.05561806,1.603387148
0.051587782,1.608488247
0.050019249,1.60673366
0.051913565,1.605576764
0.054447199,1.60797312
0.05428815,1.610492502
0.062473936,1.607047965
0.051644489,1.606702574
0.050299622,1.605939589
0.050726833,1.605814261
0.04915334,1.604579077
0.049763824,1.603792243
0.04984774,1.607704538
0.050521089,1.627656469
0.051980706,1.604818548
0.052378239,1.604428256
0.050872272,1.605787946
0.052799678,1.606429222
0.049047836,1.608391373
0.04763715,1.605229399
0.045846646,1.60379471
0.04716861,1.621453079
0.048955999,1.61072194
0.046836053,1.60675685
0.046155941,1.604276284
0.047485913,1.607825918
0.047216734,1.607393357
0.045653273,1.605456699
0.045335133,1.608397129
0.045424847,1.609571952
0.046512716,1.610385924
0.046305662,1.612115018
0.044684328,1.628918133
0.045346456,1.608742685
0.044690367,1.608565055
0.047452905,1.606384157
0.047766497,1.607329048
0.048533054,1.604601445
0.051156033,1.626707465
0.052983543,1.606941717
0.048226705,1.598391641
0.046183408,1.605521666
0.048684554,1.608542687
0.04578407,1.610686579
0.046748143,1.604508518
0.048446372,1.609756819
0.048707749,1.62126295
0.047287534,1.606258993
0.04744296,1.610187736
0.049469131,1.607595164
0.047772824,1.611219139
0.048627107,1.607040729
0.049894168,1.606023141
0.049433903,1.607616381
0.047653309,1.611221442
0.051284475,1.611292165
0.050750769,1.611074239
0.048347915,1.609626064
0.050728904,1.612165676
0.049880655,1.609846292
0.048142038,1.607971969
0.051057596,1.608452063
0.047853867,1.607575756
0.051770906,1.608811763
0.049729572,1.611034273
0.046798749,1.608238743
0.046900459,1.60614008
0.045406899,1.60768184
0.050698975,1.609356659
0.044759219,1.604203916
0.047615496,1.609622116
0.047197007,1.609738398
0.047109339,1.607636611
0.046592712,1.606042384
0.04871697,1.607893516
0.047031307,1.609859943
0.051772577,1.608634956
0.046452545,1.621791069
0.044705493,1.60657001
0.045553907,1.60534124
0.048837528,1.606240408
0.053061266,1.606319684
0.047690953,1.607958318
0.046712504,1.602437487
0.048789178,1.61223903
0.049338741,1.602347356
0.046811207,1.606396492
0.049546109,1.608386767
0.054984077,1.62461275
0.050328471,1.607826576
0.058732301,1.605711137
0.046625359,1.604557695
0.048845741,1.608329531
0.045873666,1.606358828
0.044169258,1.606792705
0.043406699,1.606087285
0.044048345,1.60752921
0.044403682,1.607548454
0.044712992,1.601761014
0.044611333,1.607071649
0.043180509,1.605510317
0.044802521,1.605871991
0.043413648,1.607736774
0.044777938,1.605330385
0.045524394,1.60389109
0.044132365,1.60968182
0.04491022,1.614934068
0.045570282,1.610305662
0.047616786,1.609677543
0.046335395,1.614495915
0.046665295,1.611112068
0.045722316,1.605509001
0.045147147,1.608613574
0.045998022,1.607010959
0.044313007,1.606889743
0.041758595,1.60974876
0.041992713,1.608471964
0.04179337,1.605566731
0.041917056,1.607278391
0.043496799,1.606128567
0.044003624,1.605447489
0.044080931,1.609245311
0.042632242,1.606305539
0.044202039,1.606709976
0.045250636,1.605697322
0.044018746,1.606069028
0.046372247,1.602637978
0.044526332,1.625266855
0.044233027,1.622055047
0.047437578,1.606336295
0.04438944,1.606524451
0.044868649,1.606782014
0.044475366,1.60605916
0.043753031,1.608745316
0.040363356,1.609385441
0.040896037,1.606066726
0.043229614,1.606430867
0.044241759,1.609362415
0.044838309,1.603347017
0.046263146,1.604775127
0.041862158,1.604980717
0.042531742,1.604903415
0.046716071,1.603764447
0.045301627,1.608341209
0.044331212,1.606273467
0.045539649,1.607825096
0.045957305,1.606586128
0.046324956,1.610931971
0.047317031,1.608852223
0.0477144,1.613170435
0.047154522,1.609049096
0.046283129,1.606160475
0.046646196,1.609530834
0.045330723,1.613272079
0.043332461,1.610174907
0.049046227,1.612190182
0.043816954,1.606255211
0.043456308,1.606193698
0.044656758,1.607661939
0.046563153,1.606075607
0.044045539,1.626619308
0.043758304,1.602119234
0.04676846,1.625431985
0.044830034,1.622451589
0.043221365,1.606104719
0.052500077,1.605128249
0.042901529,1.604008359
0.042140463,1.609319652
0.044925922,1.607629045
0.041650627,1.608064731
0.041919045,1.609472776
0.045675384,1.607308982
0.043903775,1.607407995
0.045114951,1.605781696
0.042504,1.615021731
0.048105905,1.607711281
0.044608275,1.610934767
0.042964187,1.608127395
0.044716158,1.611814034
0.045049306,1.613176191
0.046426934,1.609935436
0.042110051,1.6055391
0.041448581,1.609985435
0.040409634,1.603434845
0.040174712,1.605458015
0.04028187,1.607962923
0.042252458,1.608831171
0.055190479,1.602689458
0.04044185,1.60793118
0.039309584,1.608538082
0.040105297,1.603991089
0.041861405,1.599638009
0.037778219,1.607243194
0.038131769,1.605033842
0.039509479,1.602780247
0.039665856,1.602719227
0.040353482,1.610680658
0.040433192,1.609742345
0.039578077,1.607678387
0.039841425,1.609718004
0.041625259,1.613231947
0.044143179,1.626213227
0.04300779,1.608316373
0.041848276,1.60455786
0.042456647,1.608282163
0.042008603,1.610391516
0.044794473,1.609269488
0.041836501,1.607796642
0.037257454,1.61298491
0.041662546,1.623965224
0.040738303,1.607723781
0.037831256,1.611018483
0.037540205,1.609343501
0.038432627,1.605145025
0.043850403,1.608764231
0.041127238,1.61574179
0.03872661,1.608623278
0.038517158,1.625641194
0.035839636,1.604830554
0.037078139,1.607847135
0.039630942,1.613279151
0.039171183,1.605974621
0.037380551,1.603099487
0.036507871,1.605842715
0.037648684,1.605556205
0.038372949,1.604693385
0.03816976,1.603369714
0.039261129,1.611953507
0.037245625,1.605219695
0.036687698,1.607794833
0.037107142,1.610054349
0.037530647,1.609533302
0.038183398,1.610507634
0.037420163,1.606615569
0.034850242,1.612365509
0.034595624,1.61166601
0.036170091,1.610706974
0.037384406,1.607630854
0.039020627,1.603990596
0.035967143,1.606051759
0.036298141,1.602683537
0.033491005,1.610004514
0.033936236,1.610034448
0.035939838,1.607604045
0.034837966,1.62112249
0.035255147,1.609230838
0.037273367,1.608257328
0.034674031,1.613226684
0.033614729,1.606353236
0.033563316,1.612026203
0.034469431,1.609511591
0.032882155,1.606856849
0.033219819,1.610897268
0.033324883,1.611686075
0.034597487,1.613727008
0.034674658,1.606076923
0.037306819,1.606494024
0.03587131,1.605311635
0.036536234,1.606695502
0.041782127,1.608400419
0.036960927,1.608051409
0.035560975,1.613149218
0.036854282,1.610185926
0.041424465,1.611430486
0.040732542,1.606050607
0.043041461,1.607989403
0.041852819,1.612207451
0.03742125,1.624513738
0.038610121,1.610869965
0.036919963,1.623069674
0.036933362,1.609224752
0.037701138,1.608356669
0.037460503,1.605729558
0.037184899,1.625829021
0.037958159,1.605098315
0.039604292,1.60747954
0.03685496,1.60898561
0.037318306,1.624516041
0.038340901,1.60725224
0.039867229,1.610407635
0.047580988,1.608202888
0.044096772,1.606662608
0.04428593,1.603312807
0.046115383,1.603653593
0.041501898,1.603869544
0.043915375,1.608574101
0.043760324,1.628949712
0.035247404,1.624357819
0.03829437,1.607889075
0.03614466,1.601371873
0.037329331,1.606507511
0.037296444,1.626808122
0.037336116,1.609206167
0.034607461,1.607912595
0.034326844,1.608783967
0.037242888,1.603425964
0.038512856,1.609873594
0.036914908,1.608831006
0.035848148,1.607112603
0.035973532,1.606285638
0.036310031,1.601721376
0.037064436,1.60866308
0.048047929,1.606917704
0.047346127,1.607080202
0.044220106,1.605066078
0.041775463,1.612454817
0.040785797,1.606896158
0.041490392,1.608193842
0.041444641,1.602966429
0.043277625,1.605780709
0.040535787,1.60644863
0.042748765,1.609126891
0.040332857,1.608118185
0.044302969,1.609372941
0.042934284,1.608417524
0.043601691,1.606456853
0.037292237,1.610519969
0.037016698,1.606920664
0.038031963,1.606280375
0.041795837,1.607610953
0.035593622,1.626313226
0.037755375,1.604114937
0.037961297,1.603756223
0.035727415,1.611680154
0.038030742,1.612387877
0.034573976,1.607830359
0.038144408,1.610715197
0.040078639,1.606832672
0.03682597,1.604738285
0.039047174,1.602715774
0.039658252,1.606950927
0.042766289,1.608070159
0.043058802,1.609456493
0.040166573,1.608409136
0.040319128,1.606222152
0.041921193,1.6085042
0.04070748,1.610368161
0.041083419,1.60803562
0.039406106,1.607196484
0.034619768,1.608236769
0.033860859,1.611269468
0.034241879,1.606989249
0.035820486,1.604330559
0.037274161,1.612670769
0.059566585,1.614225358
0.036070177,1.616177147
0.033860599,1.608665383
0.033035549,1.609116036
0.033095334,1.609779187
0.038906574,1.608310781
0.04033793,1.603310011
0.034661166,1.609188897
0.032353732,1.608446964
0.034495885,1.60573992
0.035481483,1.604564603
0.03277897,1.606196987
0.032353314,1.607074774
0.033421631,1.608134467
0.037408267,1.611204666
0.030349811,1.611592491
0.030516542,1.60545489
0.031636984,1.608225585
0.030646233,1.608407984
0.030578684,1.610054349
0.03168556,1.611448413
0.031420172,1.610927859
0.031327785,1.603897834
0.030310762,1.626664538
0.031119378,1.610401878
0.033270998,1.61014267
0.032917052,1.61210811
0.030807521,1.609917179
0.030229479,1.613386058
0.030684751,1.609162911
0.03341386,1.612195609
0.032418301,1.606863921
0.029813023,1.60816473
0.030739484,1.610880985
0.032012553,1.603723987
0.032882618,1.608351241
0.035149972,1.612343799
0.035843892,1.611107134
0.032685102,1.612670276
0.0340014,1.611788048
0.034534664,1.611140851
0.034225832,1.605508672
0.037270923,1.605693374
0.034080591,1.608698113
0.033339213,1.606674121
0.033857636,1.610337734
0.035684706,1.602230746
0.031897495,1.626151879
0.033253086,1.610927202
0.035704669,1.607808155
0.035078979,1.604065431
0.030599708,1.609097122
0.032237397,1.609666688
0.031103604,1.611940842
0.035013327,1.609156661
0.036498617,1.610732631
0.03550407,1.606426097
0.035569155,1.604660655
0.034073914,1.609897936
0.034881603,1.609453368
0.036262622,1.606377413
0.0334341,1.610616185
0.033509022,1.622431852
0.035367157,1.603804249
0.038457074,1.608078711
0.035880197,1.60969728
0.034260716,1.626041847
0.037956617,1.604693385
0.033787121,1.606231198
0.033450887,1.607974436
0.035633594,1.607054709
0.037523704,1.602580084
0.037314202,1.606577082
0.039738144,1.607885457
0.039342424,1.607276088
0.039797583,1.607523125
0.04119376,1.610025566
0.039003869,1.611790022
0.036003648,1.611859922
0.038091155,1.606534319
0.03805161,1.609441197
0.040099587,1.604058029
0.045870628,1.606383334
0.037266061,1.604557037
0.037085075,1.61042293
0.036713926,1.607373127
0.036782703,1.606738265
0.036263177,1.605029236
0.038895736,1.609741852
0.040733595,1.607635624
0.035462944,1.608484135
0.035492212,1.605147985
0.040237324,1.623715556
0.037224295,1.608294499
0.040936137,1.608523279
0.038685783,1.611846106
0.041483446,1.607680854
0.038916036,1.604594372
0.039109406,1.608616535
0.039906933,1.605192557
0.038666108,1.606723298
0.038097675,1.606764251
0.036254332,1.607784307
0.043551568,1.613025206
0.041017942,1.602636991
0.038372348,1.607935621
0.036357096,1.608427392
0.041012511,1.608824098
0.038941049,1.610111092
0.042391642,1.609868824
0.03981688,1.613281124
0.043393891,1.605309332
0.038778257,1.604355395
0.035269849,1.610151223
0.035847218,1.612009263
0.040346328,1.611124074
0.038312866,1.615417451
0.041506953,1.621040255
0.041964264,1.626493158
0.03614511,1.624585777
0.044728113,1.620951769
0.035117571,1.617690618
0.034029653,1.611772423
0.031558531,1.612865504
0.032451951,1.613720923
0.033734706,1.60786424
0.034520368,1.608022297
0.031172839,1.610564705
0.031142718,1.607763583
0.030957913,1.607981179
0.031062034,1.611705483
0.032344931,1.612068144
0.033117756,1.612779814
0.033561471,1.609824746
0.034106277,1.609366527
0.034960999,1.610443489
0.031626327,1.609419158
0.032299305,1.608268676
0.03345983,1.611102364
0.032941041,1.613439511
0.035156916,1.61117835
0.036085008,1.611782785
0.035483794,1.611269468
0.033111627,1.602851463
0.033039694,1.614122399
0.032487471,1.610996773
0.031737042,1.613457932
0.031884823,1.608648771
0.032806866,1.609257646
0.035276639,1.610463226
0.032595026,1.613992301
0.033535805,1.613608095
0.030925286,1.613640989
0.031191733,1.608259959
0.03210391,1.61048839
0.032659494,1.615748698
0.044059853,1.617162828
0.031809366,1.612168143
0.034080177,1.612975371
0.032441296,1.611928178
0.034500207,1.616535696
0.035962081,1.627919788
0.033487613,1.624587422
0.035002035,1.633135359
0.03335942,1.615380116
0.03470772,1.615382747
0.032295121,1.622735467
0.033793769,1.62520781
0.03195809,1.617966438
0.032408566,1.621103247
0.03230739,1.632826974
0.031831765,1.620694534
0.032095992,1.6260004
0.032020926,1.630187528
0.033779615,1.625055673
0.033892219,1.622327248
0.032258084,1.62385914
0.033166702,1.625433959
0.033165916,1.623890718
0.03844882,1.629839999
0.040545049,1.629643784
0.033592798,1.63423765
0.033420575,1.63388568
0.035483167,1.63273964
0.031340423,1.649426144
0.031011744,1.629885229
0.031384348,1.623041385
0.035849718,1.629395431
0.034389307,1.619746189
0.039244155,1.619815761
0.034613989,1.620112139
0.031020135,1.622727737
0.032826502,1.62624497
0.030283573,1.622122974
0.031230183,1.627644627
0.03062921,1.627585252
0.032990483,1.624192195
0.0347011,1.624627717
0.044205108,1.622220505
0.038476664,1.624273609
0.042215693,1.623966375
0.03467749,1.616776154
0.035091903,1.617880254
0.032386193,1.616747536
0.030816508,1.63647595
0.029917841,1.611624234
0.030526968,1.617818742
0.034366353,1.617249669
0.031261803,1.620933841
0.02997657,1.619267082
0.031131307,1.621923305
0.035998619,1.616581419
0.033312406,1.614650683
0.03368916,1.617720881
0.030334453,1.617675322
0.030810996,1.612995601
0.030858926,1.614010393
0.031180084,1.612068802
0.030300955,1.615292123
0.031259932,1.614858575
0.030659792,1.633950482
0.030895087,1.622194519
0.034276374,1.615353142
0.036805141,1.612503336
0.036064051,1.619883359
0.042148725,1.622625435
0.037062121,1.676379154
0.03704582,1.636504897
0.035562339,1.642906475
0.031900347,1.630796239
0.038088642,1.634206894
0.034178688,1.638880365
0.032878981,1.625518498
0.033369324,1.633471869
0.031395138,1.621081208
0.03148834,1.636733842
0.032951753,1.628383599
0.033008274,1.62738032
0.033405829,1.625350243
0.034344052,1.618497024
0.034243498,1.622654054
0.037190332,1.625252711
0.033419755,1.628351198
0.03160804,1.637129726
0.031686102,1.632225829
0.034252731,1.628253667
0.032661308,1.637162291
0.032949812,1.640226569
0.032988065,1.645577335
0.031677709,1.63282352
0.03205317,1.634667251
0.030512417,1.626247931
0.031383931,1.625409288
0.032808747,1.633909858
0.032335756,1.624338904
0.03208984,1.621814095
0.033302152,1.616072214
0.033852931,1.611414532
0.031938551,1.615175019
0.032167047,1.612450048
0.033634797,1.613679476
0.033208694,1.616349185
0.032033133,1.622755862
0.032872341,1.617587659
0.031502634,1.619650795
0.031285287,1.617745716
0.030512787,1.610891511
0.031242311,1.621729228
0.031452118,1.615074691
0.030196649,1.621772155
0.029734452,1.624985115
0.03046764,1.626491185
0.029770656,1.630000194
0.030644121,1.629875196
0.031496744,1.638950102
0.034126188,1.624473443
0.03584205,1.633342265
0.036800772,1.61524969
0.040827822,1.611840843
0.037041562,1.618161995
0.038463029,1.618291599
0.035642784,1.627517161
0.037079303,1.618239132
0.036115512,1.615613995
0.035338788,1.611748246
0.028248879,1.614366311
0.027195493,1.6222534
0.030206887,1.613631943
0.027170465,1.62112101
0.028806427,1.615076501
0.028379131,1.614095754
0.028824778,1.609183141
0.030190661,1.61685066
0.028866695,1.608443675
0.028819764,1.611232955
0.02761649,1.620345854
0.027494171,1.619684512
0.027862368,1.61891725
0.028715075,1.610156486
0.0279496,1.612637381
0.026202437,1.60812904
0.028273692,1.614497395
0.027867132,1.623927231
0.028915703,1.63644766
0.026842652,1.61539426
0.026771551,1.616693096
0.028252464,1.611284599
0.027627497,1.61717286
0.027672295,1.610067178
0.030119609,1.610380168
0.027237518,1.611434104
0.027670904,1.613607437
0.027698677,1.613562372
0.028948685,1.620983018
0.026984383,1.612955305
0.02643372,1.612673894
0.026731371,1.617874498
0.026927098,1.614661702
0.027187799,1.618874816
0.02684084,1.620281874
0.02781814,1.61899998
0.027527408,1.627653344
0.027280607,1.626350232
0.026872804,1.62162413
0.03335254,1.6237797
0.028464715,1.616841285
0.029569237,1.622646323
0.028894676,1.63435459
0.026750632,1.621266239
0.026747428,1.621278081
0.024705896,1.625808297
0.024793344,1.639687758
0.025099035,1.646216145
0.025340976,1.648795888
0.025229906,1.622778065
0.024955069,1.650106236
0.025828792,1.630574366
0.026073095,1.624119499
0.02617287,1.635085339
0.026341554,1.635810989
0.027961182,1.636470522
0.029631351,1.654847305
0.027783755,1.650402779
0.027599788,1.649767259
0.027414333,1.641803197
0.030644915,1.64106077
0.033969485,1.635736484
0.028698615,1.623060957
0.029057771,1.628325705
0.025513585,1.64134136
0.025620602,1.634323505
0.025602207,1.622640402
0.028426743,1.626081321
0.028012184,1.671818017
0.026489317,1.623383322
0.027979585,1.633018913
0.026413755,1.618114627
0.026395131,1.619637144
0.027011747,1.645097735
0.025188254,1.633261016
0.025580643,1.650210182
0.024574912,1.638582013
0.025557054,1.627598575
0.025051585,1.62884297
0.024460871,1.646452655
0.025503906,1.634752119
0.024057234,1.62762489
0.02554707,1.637415414
0.025322206,1.631859879
0.028547571,1.642581149
0.026482697,1.657802538
0.024229991,1.651583852
0.025077613,1.633747195
0.025419103,1.659887549
0.026926278,1.632039647
0.024002714,1.627147592
0.023702566,1.616979606
0.024126353,1.618684193
0.025219455,1.620938611
0.023877273,1.624318345
0.024789723,1.628306133
0.024539055,1.62197314
0.024065167,1.619533856
0.0245752,1.626993811
0.023968234,1.622865729
0.024569058,1.624218347
0.023531363,1.640445152
0.023742794,1.621567552
0.024258905,1.629121585
0.024621586,1.626465198
0.023973608,1.629915985
0.024492167,1.627910742
0.024723662,1.625056331
0.025237675,1.62709529
0.024744768,1.634296367
0.026485465,1.636860979
0.024594726,1.629234084
0.023476268,1.636859498
0.024157541,1.625139719
0.023710242,1.621192884
0.024566313,1.629323886
0.025687971,1.624448772
0.026207302,1.627534102
0.024292537,1.628999876
0.02382997,1.628041333
0.02384038,1.622633988
0.023550064,1.618846198
0.024118487,1.627055653
0.024044726,1.6232751
0.027312129,1.622894018
0.026301135,1.620412629
0.024670974,1.630495749
0.026136609,1.628176529
0.024553569,1.627175388
0.024848796,1.627192329
0.024998391,1.632678456
0.024602924,1.648717106
0.02544677,1.652222497
0.025196883,1.633634532
0.024837759,1.641192513
0.024345777,1.662191308
0.024844443,1.63234096
0.02671349,1.632387505
0.026569086,1.639464734
0.025896468,1.630026181
0.024196292,1.635918225
0.024880537,1.64064663
0.024738122,1.637136798
0.02459377,1.635062971
0.024339301,1.623895653
0.02615878,1.631146729
0.023343148,1.63785258
0.023161221,1.647709715
0.023987621,1.672881822
0.024777197,1.647272877
0.023978827,1.676349714
0.023349704,1.651162475
0.025334811,1.647467612
0.024574211,1.647677478
0.024530227,1.643391338
0.023735008,1.652825944
0.023737649,1.64895707
0.024203437,1.662874195
0.024685432,1.670156028
0.024954472,1.659545447
0.025059765,1.640815543
0.027440988,1.639483649
0.024691613,1.650523995
0.024328782,1.639695324
0.030016755,1.659920937
0.026233733,1.637047325
0.025268822,1.631561198
0.024539206,1.649871699
0.024691972,1.652142399
0.024515091,1.654776089
0.025207656,1.63917658
0.023328608,1.651186323
0.022927885,1.645575197
0.023870098,1.649017925
0.024458929,1.649283547
0.023919651,1.629467963
0.023284506,1.653667054
0.023641778,1.665756402
0.025459067,1.651521024
0.025607197,1.632255599
0.026157801,1.629560561
0.027793924,1.624720808
0.029197836,1.619785662
0.031328196,1.622148796
0.025497556,1.625986749
0.025927447,1.632707074
0.026015923,1.633406409
0.02643968,1.636730223
0.025661232,1.632368098
0.025860798,1.636380556
0.025542059,1.641237578
0.024770482,1.629357602
0.027293287,1.634897183
0.027389614,1.638409647
0.026660075,1.631729946
0.026308316,1.634517582
0.024867364,1.620770192
0.02450615,1.629217801
0.024865501,1.625837902
0.024645419,1.633447198
0.024205842,1.650794387
0.023941628,1.659807944
0.023877584,1.643615185
0.023509894,1.642995619
0.024163596,1.646126836
0.025158728,1.628265508
0.02377345,1.633499829
0.024409243,1.630654135
0.023323193,1.627541832
0.023376813,1.619933852
0.023606175,1.621826924
0.023722156,1.624747782
0.022730014,1.623849929
0.023364445,1.632180764
0.023049645,1.628467973
0.022941001,1.625996124
0.023103885,1.63334539
0.023041748,1.629161387
0.022899094,1.626109939
0.022720259,1.628111563
0.023766969,1.624857485
0.025119111,1.622551259
0.024415259,1.630037201
0.025013166,1.622453727
0.026270934,1.625997604
0.025074449,1.622460635
0.025396974,1.630338678
0.025369142,1.625713561
0.025244681,1.628754977
0.023953763,1.630426835
0.025521782,1.62432147
0.025821854,1.622636126
0.025393368,1.628081464
0.028699312,1.630951336
0.028222813,1.632589477
0.024711069,1.638716222
0.026118148,1.645708749
0.027062672,1.654331521
0.027358824,1.626581644
0.025812196,1.635043728
0.024989554,1.644443466
0.025377268,1.641629021
0.030915813,1.64516632
0.027642852,1.64274595
0.024887699,1.645839175
0.026764713,1.645643947
0.025473993,1.644272579
0.025702917,1.634964452
0.025082802,1.641579186
0.02527491,1.636717888
0.026904874,1.635638952
0.027066917,1.62790992
0.027476701,1.645929799
0.025477537,1.63976506
0.027576623,1.645369936
0.025744323,1.630867291
0.024582619,1.65423514
0.02533183,1.6603234
0.025495405,1.652076117
0.024701437,1.667353425
0.025481356,1.66858384
0.024513148,1.673226062
0.025786932,1.67001672
0.028799544,1.662150519
0.026688983,1.633175162
0.023625215,1.636755059
0.024071741,1.660881124
0.025859688,1.665766764
0.026096244,1.645712696
0.024023643,1.650650145
0.024997888,1.674169966
0.025667132,1.6866501
0.025578335,1.665165619
0.027044667,1.685889417
0.025951003,1.722761897
0.028699587,1.688998267
0.024966034,1.706518151
0.025738664,1.708083101
0.025601392,1.671756176
0.025646164,1.668132529
0.024558146,1.661988349
0.024147493,1.659196109
0.023909458,1.674672757
0.024891978,1.662591139
0.025091691,1.661099378
0.026571509,1.650729749
0.024630409,1.681542587
0.023361821,1.654828884
0.023557545,1.661597893
0.023570546,1.653899453
0.024219776,1.651839277
0.024102965,1.658180988
0.022094634,1.652758018
0.022372563,1.65417297
0.022861764,1.647551657
0.022434931,1.657303036
0.022048052,1.649855252
0.021828896,1.645536053
0.02215693,1.65133846
0.022694075,1.655433319
0.023731225,1.644457281
0.023889547,1.645214017
0.022857377,1.654606354
0.023037518,1.646883572
0.022695391,1.652891898
0.022362348,1.668173976
0.023492471,1.665404761
0.025035315,1.672751231
0.024896827,1.660939018
0.024618202,1.651452439
0.024150333,1.640576565
0.024265085,1.628956126
0.024782121,1.634231236
0.024832252,1.666835174
0.024366886,1.638803886
0.025808804,1.651047345
0.026995526,1.635629741
0.025539062,1.639631673
0.028417073,1.632546385
0.032666895,1.635389941
0.026920403,1.64129761
0.03028983,1.631250346
0.028210372,1.638752077
0.03184296,1.645340002
0.029314465,1.645304805
0.032826217,1.64372719
0.029577649,1.649896863
0.027979513,1.656727549
0.028143584,1.649605419
0.026143348,1.642527038
0.027882264,1.640442849
0.030949455,1.667109349
0.030282511,1.639739567
0.030000933,1.663048207
0.030707622,1.643729493
0.025825506,1.65121231
0.024595499,1.639292039
0.024813489,1.647285048
0.025380044,1.657848096
0.027194437,1.638495172
0.026385456,1.652925614
0.02727426,1.666251956
0.026263186,1.660768954
0.026782822,1.644407282
0.028803073,1.640061274
0.027123205,1.631051499
0.029687372,1.648074185
0.029795443,1.634301137
0.031079653,1.634853598
0.028209026,1.636393714
0.02565253,1.673159286
0.026749003,1.653796658
0.025287736,1.657671618
0.025243146,1.656771134
0.0289078,1.642387073
0.026572491,1.664437502
0.024909466,1.64358558
0.027178121,1.639063752
0.033608482,1.645213688
0.0271269,1.650899484
0.025107061,1.658347762
0.025396169,1.643079828
0.023413938,1.665969558
0.023221418,1.658688877
0.02397719,1.648338327
0.023091403,1.638200932
0.022189485,1.640687255
0.022522584,1.649787983
0.022133804,1.650567086
0.022638761,1.647826325
0.022135212,1.652017565
0.022535048,1.662753473
0.021939087,1.648804111
0.022280543,1.651377275
0.022688267,1.65065475
0.023035382,1.648597534
0.023171784,1.646078317
0.023262986,1.67099171
0.02144082,1.661783088
0.023096145,1.657217182
0.022909004,1.658175067
0.021693926,1.658216349
0.021677527,1.657730499
0.022472169,1.664012835
0.022901633,1.657317839
0.022755474,1.676133762
0.023803875,1.679567937
0.021783802,1.668876436
0.024390585,1.683837629
0.02171282,1.689420302
0.022725908,1.667553094
0.022571006,1.682951948
0.022233638,1.697779097
0.023173336,1.672392682
0.023153442,1.68589172
0.022953894,1.707823236
0.023202501,1.684851764
0.022271297,1.695103466
0.021956431,1.695686684
0.022023063,1.683638289
0.021497689,1.686244677
0.022680992,1.678439988
0.022957315,1.679488003
0.022961355,1.706003518
0.025081735,1.693790651
0.026549293,1.684110653
0.026954421,1.709051348
0.025829712,1.685889746
0.024091388,1.7075836
0.025751894,1.699705063
0.027409546,1.701955533
0.025846111,1.699189444
0.023455973,1.68060411
0.022736426,1.736936092
0.024123861,1.721729341
0.022482805,1.703641371
0.021914236,1.694752977
0.021875786,1.685687446
0.022598506,1.681460516
0.026935874,1.681109697
0.022219804,1.681091112
0.024077287,1.679664811
0.023711974,1.689009944
0.023068649,1.688479686
0.022933132,1.701297152
0.024089668,1.67676665
0.02407234,1.682633037
0.022656344,1.707899551
0.022318058,1.697561994
0.022309737,1.704823596
0.022636381,1.716262622
0.023925538,1.679300012
0.023456428,1.682243731
0.023834246,1.68000132
0.026649993,1.708444611
0.026353864,1.696848185
0.028162624,1.709178156
0.025489117,1.678970739
0.026343718,1.682610339
0.029506974,1.684307526
0.030213528,1.692388363
0.022553333,1.685684814
0.022550447,1.664486679
0.023296775,1.684405716
0.022121399,1.655425589
0.022584264,1.643159433
0.022064746,1.668918212
0.022178612,1.665735679
0.021549771,1.678955279
0.022521225,1.728537001
0.022755729,1.692952666
0.023144605,1.683893385
0.023454077,1.683357207
0.024610315,1.690221938
0.023666849,1.706835088
0.023995732,1.684272329
0.023998219,1.674558778
0.024824036,1.697911661
0.023833621,1.693541147
0.02378944,1.739463039
0.026345887,1.777311166
0.027750825,1.747489601
0.025042552,1.723063209
0.027465119,1.700759
0.030449715,1.733888097
0.028926884,1.731406873
0.03217479,1.736233796
0.030768621,1.738922749
0.032742981,1.731269539
0.034206394,1.731478418
0.033430983,1.764342222
0.032498637,1.75899935
0.032124335,1.735523935
0.026481484,1.77796083
0.028259606,1.740441483
0.02643721,1.736107975
0.027568176,1.796607512
0.026781175,1.733186953
0.027335854,1.766100263
0.031531923,1.755792146
0.032679207,1.722065687
0.034751837,1.727009385
0.026856095,1.728517593
0.026404298,1.727702799
0.027540252,1.732031208
0.027136499,1.743451813
0.024466224,1.736898099
0.028995569,1.721584935
0.025864951,1.71866309
0.02558788,1.719195815
0.024511331,1.714996681
0.024957844,1.730126294
0.027781859,1.782125425
0.024817012,1.754509265
0.032146079,1.783205184
0.028025835,1.748609655
0.032009341,1.760447361
0.027608235,1.741429466
0.030074647,1.739018471
0.023469298,1.738199401
0.023404175,1.741040819
0.023211547,1.754382621
0.023126335,1.749441883
0.024288844,1.751844325
0.023528618,1.733287774
0.02477095,1.716328082
0.024056319,1.715293553
0.022544423,1.714589777
0.022867575,1.714807374
0.022374742,1.708734246
0.022586813,1.793621523
0.022326046,1.712079113
0.022003398,1.74467088
0.021845016,1.731282696
0.022128176,1.723606954
0.021700124,1.705093823
0.022057044,1.720870469
0.022821299,1.738009107
0.023356131,1.72123132
0.024508011,1.737442007
0.023866598,1.728144406
0.024093675,1.724848059
0.025214379,1.712057731
0.024745549,1.728778281
0.024801056,1.724018956
0.024191798,1.727650333
0.025431469,1.730173004
0.024804672,1.770666498
0.023677273,1.757838671
0.02469996,1.740491647
0.025098768,1.720683793
0.0255146,1.734015727
0.026843867,1.71147254
0.026866056,1.739382777
0.026897079,1.723783103
0.027725131,1.707104493
0.026473404,1.678104794
0.025824452,1.697663144
0.024559878,1.691719126
0.025546248,1.686113264
0.026271124,1.700020356
0.024307493,1.718613584
0.023803747,1.741248876
0.023611764,1.709740815
0.024955999,1.711983061
0.024060069,1.714922175
0.024156195,1.733986287
0.023886777,1.730730564
0.024059385,1.733545173
0.023598172,1.732783174
0.024557935,1.740590494
0.02605277,1.706802358
0.026784092,1.737735425
0.028188251,1.735501074
0.028548254,1.702513916
0.028242822,1.718966706
0.040931504,1.71458435
0.026851448,1.70617243
0.027848968,1.709162038
0.026000057,1.713095056
0.025553382,1.709030953
0.027107236,1.699920357
0.026117022,1.708154647
0.025652697,1.723767643
0.024899662,1.727761022
0.030168828,1.729029595
0.025337995,1.711298035
0.025427933,1.698435998
0.027780808,1.710816955
0.032007375,1.717062778
0.027929562,1.706054175
0.030306776,1.718314245
0.028999545,1.734242205
0.029994289,1.723724715
0.028866027,1.70165751
0.028273062,1.707428339
0.027183759,1.737191681
0.028693594,1.707961063
0.026395355,1.701393862
0.026902702,1.707266992
0.027370607,1.718859963
0.025948777,1.704158965
0.026990987,1.719761763
0.02447645,1.708938027
0.025276891,1.690359601
0.025051811,1.691026864
0.024824262,1.70348759
0.02619898,1.706325883
0.026396737,1.692086557
0.025878401,1.671538579
0.025383053,1.676642474
0.025355473,1.703288908
0.025683738,1.692603986
0.026376484,1.688600738
0.024299324,1.687589235
0.025078831,1.683219708
0.026828204,1.691822415
0.031399104,1.707696428
0.030409697,1.733473956
0.030204865,1.702656677
0.032823069,1.696669569
0.03154011,1.684954559
0.026456369,1.688221136
0.034879099,1.709637197
0.031009279,1.687048945
0.031315737,1.712956571
0.030939574,1.717732179
0.032923145,1.695628461
0.030884219,1.720808792
0.036110067,1.689702207
0.033107639,1.681149664
0.035871439,1.72540529
0.028075608,1.71247253
0.027614801,1.694866133
0.02923751,1.697827287
0.028147477,1.714491094
0.026517568,1.720342678
0.026935244,1.693702823
0.028229927,1.709104143
0.027439875,1.730773984
0.026530458,1.75087575
0.027095394,1.741173219
0.028359456,1.73349139
0.029107197,1.748528734
0.029245551,1.7470225
0.027169797,1.785549732
0.026535282,1.744374172
0.025965857,1.726055283
0.025949769,1.729136008
0.02625488,1.748242718
0.0288629,1.713068247
0.0270764,1.72593785
0.026583087,1.749653887
0.027585335,1.732755707
0.027726164,1.756431449
0.029089565,1.754166012
0.026652784,1.731190921
0.028633081,1.698289453
0.027171125,1.728859202
0.027039016,1.724966314
0.026544492,1.706733773
0.025000838,1.701073799
0.025990404,1.724041817
0.032602229,1.729607549
0.033676429,1.742025184
0.033998391,1.738807289
0.039774117,1.732410316
0.038253093,1.75132887
0.037066107,1.735284957
0.031526284,1.749077413
0.029324159,1.726276169
0.029279137,1.706146937
0.029179372,1.736886586
0.026333202,1.71177303
0.0262167,1.720473433
0.030518988,1.71375722
0.029173343,1.744825812
0.033732085,1.748524129
0.031811653,1.731608844
0.031144373,1.757436537
0.028033442,1.747230064
0.027158225,1.722885251
0.028019233,1.742296233
0.028662812,1.751198279
0.026685481,1.734893185
0.028475879,1.758024195
0.026891181,1.718482829
0.027448258,1.722703838
0.027586042,1.718121813
0.027761408,1.742696394
0.026594325,1.751380185
0.026824503,1.7593403
0.026712909,1.738051047
0.025922351,1.778049481
0.026706006,1.750468681
0.029689315,1.716125617
0.0293187,1.720102056
0.02593104,1.730924147
0.026379776,1.705004515
0.027369425,1.728180261
0.027124359,1.736629022
0.026937699,1.736182317
0.029856282,1.733929215
0.029110034,1.72589739
0.03009785,1.716565908
0.033918336,1.717089587
0.032735223,1.706743477
0.031184648,1.711512671
0.033200987,1.723076038
0.030468287,1.735609132
0.034026939,1.728863478
0.033391612,1.744499335
0.038363374,1.73064619
0.033067942,1.713899488
0.029521898,1.701594024
0.029584343,1.71546888
0.041517846,1.733461786
0.036921461,1.759512667
0.041413265,1.755581622
0.035848993,1.74968744
0.041635575,1.818359424
0.036946728,1.706518973
0.046353641,1.692108103
0.03708602,1.700498641
0.039158005,1.707813696
0.03274626,1.70019815
0.034083538,1.724572897
0.035471715,1.709900352
0.028730351,1.720892179
0.02964647,1.708308264
0.029186419,1.704255181
0.029247322,1.717158007
0.027093975,1.704093998
0.028942887,1.712301808
0.030108389,1.727517933
0.029598079,1.708475203
0.029325367,1.717708495
0.030020448,1.725919265
0.031134042,1.723340838
0.02898915,1.727592439
0.029731913,1.714459351
0.031377172,1.710165975
0.029957296,1.717661456
0.03059583,1.717050772
0.028241691,1.732144694
0.030466781,1.750347301
0.033416859,1.748331368
0.03353993,1.757821895
0.032469395,1.754268971
0.036258559,1.743468425
0.034720531,1.762850461
0.033299066,1.744942259
0.034009467,1.74223505
0.029422091,1.758841785
0.02996581,1.727896712
0.033386712,1.739622412
0.030663418,1.734921474
0.028635604,1.759218097
0.029800292,1.750975749
0.032229078,1.741332263
0.036090294,1.75048776
0.04701636,1.762795527
0.042536892,1.737949403
0.037985019,1.748463933
0.03240927,1.776032232
0.029823305,1.770680643
0.028918887,1.753186252
0.026276997,1.761672184
0.028493953,1.786284264
0.032594635,1.74676724
0.025931767,1.728611013
0.027767336,1.749224615
0.032834615,1.758196562
0.034812218,1.72602535
0.027574141,1.730477113
0.028345201,1.724847237
0.028079468,1.730942239
0.027156241,1.735901563
0.029411095,1.74386102
0.027737382,1.749756847
0.027185596,1.749140735
0.027569397,1.734389572
0.02890235,1.732300613
0.030543657,1.75184597
0.035671304,1.743900986
0.028351088,1.746213627
0.028093317,1.762894704
0.027506152,1.751356995
0.027149215,1.734529209
0.027221662,1.738648903
0.028593245,1.724269611
0.028153604,1.736303368
0.030137139,1.741765811
0.029012823,1.767184791
0.029252441,1.74998316
0.0303242,1.763650782
0.031260343,1.771855302
0.033068931,1.776702949
0.035009736,1.810387797
0.03049016,1.808991265
0.037865677,1.797566055
0.028480584,1.778018725
0.035035669,1.768603033
0.02924181,1.776771698
0.027842631,1.762902763
0.031846694,1.782768511
0.031319445,1.778478753
0.026777187,1.777543401
0.025535791,1.780603237
0.025047265,1.78680416
0.025109171,1.787523725
0.031940522,1.775649506
0.027333942,1.772898876
0.028388136,1.801356969
0.028732445,1.779832522
0.029679295,1.756420758
0.025630236,1.765942205
0.027689423,1.767282981
0.026779993,1.774508564
0.026231554,1.770726695
0.025984966,1.773944425
0.026720847,1.764385642
0.02745541,1.748540248
0.028468177,1.800074252
0.028487947,1.797445661
0.028365105,1.793575636
0.029705019,1.785513219
0.027189932,1.800175238
0.026559382,1.812413598
0.034012291,1.772258258
0.03380876,1.758418763
0.031785104,1.774690305
0.033697463,1.779202594
0.030351682,1.803607604
0.030333523,1.780910142
0.029151843,1.791190627
0.028663082,1.796189424
0.030409365,1.798337757
0.030118898,1.80980902
0.035909799,1.808346864
0.037089117,1.773506929
0.032261559,1.79389652
0.037357294,1.789568276
0.034484878,1.796610144
0.031801885,1.78417524
0.032156574,1.82429785
0.03331299,1.808996693
0.029569708,1.79560374
0.034809153,1.826787955
0.028379028,1.828617213
0.02922463,1.825533692
0.028991342,1.786676694
0.03127412,1.806513166
0.028373164,1.794828583
0.032496797,1.788176185
0.026285503,1.814375749
0.026586947,1.818535903
0.028245297,1.782518678
0.025854124,1.767963895
0.025210355,1.773902978
0.024785089,1.767331664
0.028755792,1.762042081
0.028421655,1.773394924
0.029148207,1.765887107
0.030093086,1.779714102
0.033888721,1.756992134
0.029810461,1.76683611
0.028472672,1.772601182
0.027677378,1.786802679
0.030884324,1.769261414
0.026660951,1.764326103
0.027189911,1.775545066
0.027186796,1.748141238
0.026939816,1.75714575
0.028527043,1.765652406
0.028114994,1.805741957
0.028486043,1.804717296
0.028535477,1.790377313
0.029526243,1.75845725
0.028336844,1.778993386
0.030721433,1.759054777
0.029520559,1.826538616
0.031975912,1.796372646
0.031311862,1.80589656
0.033451439,1.791256252
0.031671634,1.810531052
0.030051454,1.792134861
0.031215913,1.786135088
0.030615366,1.781984637
0.032341423,1.815819319
0.031184989,1.793991256
0.032212914,1.783483142
0.033689253,1.815621295
0.036914376,1.812724779
0.033727197,1.778150138
0.040043018,1.775348193
0.051884567,1.801057959
0.055973741,1.814500254
0.030865112,1.782931174
0.029722181,1.824134858
0.028513911,1.834851359
0.028494469,1.87950879
0.028539946,1.826815422
0.027918093,1.798887094
0.029667998,1.814109798
0.030576022,1.785465193
0.033379431,1.805436203
0.032265216,1.819417802
0.033299428,1.804550193
0.029358369,1.82724453
0.02886642,1.805818765
0.030389302,1.830715053
0.02991009,1.794646348
0.028599734,1.770802681
0.028515997,1.794113294
0.030219323,1.798953705
0.031925435,1.794590099
0.03342553,1.806530764
0.034786021,1.794105729
0.042059198,1.79166809
0.044595641,1.795218217
0.031612976,1.804753809
0.031479333,1.81529416
0.030291205,1.83340565
0.030621205,1.845991046
0.031196528,1.826965914
0.031649494,1.809984511
0.032240866,1.804061053
0.031846537,1.790250506
0.040154705,1.78648936
0.032750714,1.781202902
0.033212919,1.774974842
0.032060304,1.742834386
0.032086229,1.755767804
0.031497155,1.779449302
0.030197546,1.79931324
0.029518906,1.803482934
0.029981535,1.828627575
0.030286466,1.807702956
0.029975,1.81696536
0.028832963,1.819399874
0.028422842,1.778711481
0.031844096,1.795137955
0.030978487,1.812611458
0.030835325,1.784672932
0.031755854,1.789039992
0.029912334,1.799713565
0.02883755,1.807500984
0.029923374,1.79325656
0.028888334,1.822744083
0.032514257,1.803715662
0.032558667,1.845086121
0.034523231,1.807084048
0.03570471,1.795268546
0.035771046,1.776175816
0.032425435,1.812596655
0.031039049,1.848924074
0.029003626,1.807300658
0.030567202,1.82397236
0.032871621,1.827846004
0.035481288,1.828150935
0.025872604,1.831541525
0.029270875,1.818702513
0.027810862,1.808566927
0.02601994,1.827391897
0.026283072,1.823757724
0.027576053,1.784621946
0.028976236,1.830928866
0.026971634,1.819922895
0.028200995,1.839806735
0.027884348,1.817322264
0.027065059,1.80711135
0.028748216,1.809065935
0.029885368,1.781730693
0.030109674,1.814412755
0.031135139,1.811843703
0.029590835,1.782626078
0.031761202,1.774307085
0.029516755,1.782248286
0.027560567,1.76518366
0.031479148,1.800176718
0.027369584,1.796426428
0.026654768,1.817865844
0.026762078,1.791167601
0.026726856,1.804748381
0.026076295,1.75778456
0.026756474,1.751464395
0.026379555,1.743112014
0.027093749,1.765196983
0.02672452,1.805210877
0.029030214,1.821349361
0.02710197,1.804522726
0.033159704,1.836190983
0.028757327,1.80454164
0.027965898,1.816627041
0.029986981,1.851684901
0.027217422,1.852204797
0.026206978,1.874385159
0.026545304,1.837485871
0.026474067,1.837983727
0.025755315,1.847153698
0.025366493,1.854434873
0.025151224,1.840324493
0.024702057,1.811761631
0.027108469,1.832040533
0.025874292,1.816793651
0.025555497,1.851019776
0.027474286,1.802294624
0.025792922,1.825722999
0.024919155,1.81053467
0.024423444,1.814668673
0.025740319,1.824763799
0.025702437,1.843358672
0.026038772,1.856903761
0.02541661,1.84717952
0.025766941,1.82761048
0.025461326,1.849565186
0.024842498,1.869967935
0.02670908,1.859412288
0.025356437,1.855298022
0.024312227,1.872504093
0.026417474,1.840091765
0.025779564,1.901883065
0.026391711,1.856416924
0.025618528,1.870843748
0.02567579,1.832421614
0.025806072,1.86223989
0.026196475,1.837431102
0.024983096,1.817927357
0.025664883,1.816216519
0.025345235,1.802323736
0.025080597,1.796600275
0.026970171,1.793780403
0.026167787,1.798656997
0.02674137,1.80727204
0.025623611,1.778376451
0.026237446,1.767157653
0.026310436,1.774621062
0.027290062,1.802215349
0.025598056,1.803471586
0.026416438,1.766055197
0.026876376,1.771711882
0.026676797,1.785456147
0.02617624,1.807999664
0.025955397,1.795585154
0.025920116,1.810074971
0.026391125,1.809708363
0.025110777,1.827774294
0.025905308,1.829966541
0.026611949,1.829298456
0.026130539,1.813116387
0.02711907,1.847960598
0.029866587,1.813813912
0.025507036,1.846670644
0.024503701,1.843584327
0.025317498,1.818188209
0.026162313,1.837603139
0.025475908,1.797926742
0.025127001,1.775841609
0.025598539,1.785090197
0.023798157,1.788584733
0.024213159,1.76922227
0.02482639,1.787548724
0.025244328,1.762271191
0.025529006,1.772872067
0.02536859,1.770205812
0.024441166,1.775306746
0.023372828,1.80660527
0.025856375,1.796548631
0.02483154,1.792758539
0.024203324,1.809086165
0.024472407,1.797752401
0.023742021,1.796868693
0.023622671,1.823488648
0.023142199,1.805960375
0.023216798,1.833842652
0.023316015,1.812592872
0.024652862,1.797568851
0.02566063,1.806967931
0.026820995,1.789508572
0.028020564,1.76805567
0.0277898,1.778645198
0.025441736,1.808450975
0.026895293,1.808038808
0.026213307,1.840355084
0.025758136,1.792976464
0.026309693,1.791876147
0.026124022,1.77056798
0.026621601,1.763215753
0.026523114,1.792385681
0.025348948,1.783069001
0.024705161,1.786153344
0.024473112,1.794943056
0.025800722,1.79428599
0.026865878,1.811684329
0.027153653,1.812706358
0.026795638,1.85344508
0.028108294,1.832598421
0.02706878,1.825361819
0.028761351,1.833006148
0.027840064,1.828393366
0.027793996,1.812879547
0.02856548,1.833061081
0.02745054,1.8427021
0.030208735,1.866185737
0.030734827,1.87067829
0.027877216,1.845576083
0.028896614,1.869057912
0.028360931,1.846375581
0.029764278,1.819386223
0.028733637,1.852026674
0.030856729,1.830683803
0.030323282,1.802769455
0.027108798,1.805827318
0.032904929,1.814774429
0.027976172,1.799068506
0.026658255,1.839276642
0.027341847,1.842321676
0.026287353,1.833763212
0.02874807,1.849927518
0.03130517,1.834806458
0.029381837,1.829136451
0.02723593,1.838948356
0.025122737,1.831270475
0.030406783,1.866679318
0.03153653,1.854579114
0.030761921,1.829764734
0.031551559,1.837178802
0.033120097,1.846958141
0.03367187,1.884009401
0.032237371,1.86117329
0.031934884,1.847710271
0.039396477,1.856466595
0.032308056,1.875866887
0.051542737,1.891097157
0.045511581,1.874431211
0.042628071,1.890901271
0.040464755,1.886097537
0.036346932,1.899564339
0.039661814,1.846232326
0.041120477,1.839731242
0.042048379,1.860798622
0.040581525,1.854680758
0.047111472,1.825363299
0.04403986,1.833027035
0.047483476,1.844328563
0.045068159,1.837093441
0.049919558,1.833291342
0.047887188,1.867760063
0.041927063,1.834414192
0.041809085,1.847734942
0.047441094,1.868570746
0.040282287,1.854483556
0.038604505,1.856038474
0.038706491,1.841426126
0.044795593,1.844606685
0.045728874,1.876493032
0.043039533,1.884175353
0.046388042,1.856298833
0.046478198,1.886914963
0.044323476,1.871405256
0.040347672,1.865258938
0.040010417,1.873913618
0.043188393,1.870574837
0.038796472,1.880345459
0.042227738,1.893996798
0.037769633,1.880803349
0.039355066,1.858113124
0.042245075,1.890078746
0.040556508,1.874609828
0.041229085,1.856813795
0.043010422,1.865590513
0.027647824,1.832272767
0.027753726,1.830721138
0.032495032,1.835000041
0.026058878,1.844174782
0.025257761,1.8429993
0.026898924,1.834185741
0.027108672,1.837235709
0.02706217,1.821463998
0.026668417,1.803635564
0.028452444,1.826551938
0.02968877,1.814103054
0.02842489,1.830759789
0.027485935,1.854276157
0.02971213,1.833171935
0.034739247,1.874417396
0.030089408,1.851749868
0.027040026,1.852816304
0.025241232,1.903081243
0.026328944,1.880178849
0.025501912,1.866685403
0.027726275,1.875723139
0.027588386,1.880530326
0.025789607,1.893596802
0.026111124,1.883184903
0.024795626,1.864701707
0.026414924,1.841842405
0.026707654,1.820866471
0.025441006,1.86400599
0.026444709,1.846347621
0.025344744,1.834259588
0.026562481,1.839435686
0.027257188,1.824192423
0.024472757,1.846581994
0.0254062,1.854872533
0.02574863,1.849495615
0.027757897,1.857711483
0.025229552,1.864413223
0.023505081,1.859036305
0.02273343,1.879249582
0.022526904,1.875598962
0.024864131,1.861142862
0.022669371,1.885087022
0.023697452,1.89055111
0.023565154,1.890394203
0.023671159,1.92544384
0.026170303,1.871526636
0.024031461,1.890847159
0.023168862,1.862771299
0.024404244,1.88226534
0.023086343,1.849753836
0.023519215,1.828170178
0.02272598,1.837913991
0.022050378,1.822978455
0.023506695,1.836590321
0.024006268,1.837068276
0.024394414,1.856605245
0.024860564,1.871706897
0.028208239,1.830004369
0.027428863,1.828767376
0.026618988,1.816634113
0.030446395,1.797028396
0.036177953,1.798836601
0.034222168,1.796148635
0.03790506,1.801601704
0.035149982,1.821983071
0.03826171,1.818328668
0.024803762,1.796745011
0.025544117,1.822010209
0.02451838,1.83839096
0.02690108,1.811119204
0.02735713,1.815646953
0.026020878,1.789687025
0.025115354,1.79927607
0.026369008,1.823153618
0.025078078,1.825848492
0.026052952,1.802928335
0.027041599,1.794220366
0.02654284,1.799234129
0.027906513,1.778925952
0.029246787,1.790243927
0.027781985,1.806017776
0.029729351,1.807669239
0.034806269,1.809504418
0.035895721,1.787550369
0.037058978,1.779739595
0.036441223,1.815666525
0.033588511,1.816043001
0.033780925,1.79913265
0.036147302,1.79560374
0.036313372,1.811353905
0.035896009,1.785625718
0.030940206,1.808868569
0.032382829,1.814905842
0.030966727,1.789029137
0.03242351,1.81534416
0.031514656,1.779089931
0.032319381,1.791461184
0.031566593,1.817427691
0.030950231,1.805746397
0.030877805,1.806409548
0.029860085,1.829048952
0.029636553,1.820079472
0.029187868,1.807449505
0.028957959,1.835394774
0.028122899,1.829804865
0.027416119,1.841596683
0.028612583,1.834031795
0.026579191,1.855870877
0.027646347,1.872140281
0.027452606,1.826989269
0.028328854,1.853675505
0.028916163,1.850923067
0.030692208,1.873977597
0.030185601,1.858847327
0.030895383,1.873630397
0.033656032,1.890290422
0.032493205,1.883329968
0.0319775,1.871787653
0.03215439,1.834278174
0.032481964,1.814672785
0.031138398,1.835744606
0.029692748,1.835049054
0.030403339,1.854138987
0.029549771,1.85572828
0.029070625,1.862977383
0.027728971,1.857706385
0.028231348,1.865709098
0.028522001,1.857558689
0.026535076,1.851023559
0.028047101,1.846896464
0.02690209,1.825605895
0.03047389,1.824244561
0.031019186,1.806955431
0.030021813,1.818019954
0.030223355,1.802707942
0.028471184,1.817523084
0.031429056,1.816156322
0.028061561,1.809186658
0.02971792,1.814540879
0.031492154,1.832355661
0.031468873,1.854347209
0.032979605,1.817993639
0.032255455,1.818596429
0.03389418,1.819353329
0.032685002,1.815056992
0.032446834,1.857002609
0.032328918,1.855550486
0.029153868,1.807723351
0.029388395,1.819263362
0.028571715,1.843781694
0.02866514,1.853470902
0.028800989,1.866519451
0.030043264,1.843750773
0.02820238,1.85809421
0.029912909,1.834980469
0.03068206,1.835509575
0.034598934,1.854556582
0.035685832,1.841601946
0.034253124,1.873097179
0.036700632,1.849033613
0.042801419,1.838064319
0.033701223,1.871269895
0.037315222,1.843238114
0.036531421,1.860274121
0.03388344,1.870926149
0.037502368,1.885337512
0.036529753,1.877492528
0.039057358,1.905717893
0.042340116,1.894670804
0.041317489,1.895148924
0.041203628,1.88006964
0.045490749,1.890217067
0.043676397,1.872428436
0.044906997,1.8749891
0.042791368,1.872962312
0.042893958,1.888314126
0.042224421,1.86241604
0.041820871,1.874969528
0.040309016,1.866150212
0.072744465,1.868192131
0.045705056,1.851675526
0.042732865,1.864377039
0.039628819,1.853635539
0.035333649,1.848151714
0.037750056,1.825352608
0.033621578,1.869003142
0.033362208,1.820392298
0.030377864,1.811248972
0.030372459,1.819881119
0.032112516,1.845367203
0.03441029,1.831085115
0.03552687,1.819153989
0.032909106,1.855147694
0.032181744,1.838481749
0.031871534,1.817427362
0.034843926,1.816105172
0.034513519,1.866682772
0.034716599,1.846951727
0.034988443,1.856130908
0.035185549,1.870834538
0.035845948,1.858665092
0.039531261,1.841319055
0.033478934,1.83823356
0.038039056,1.86994162
0.037762178,1.864224245
0.037802103,1.882627508
0.033431864,1.8552347
0.032631485,1.846447126
0.029428914,1.854658226
0.030471618,1.868575844
0.028781617,1.876335797
0.028489132,1.848425889
0.027889015,1.877125756
0.02769945,1.871601964
0.028821815,1.891716229
0.027366223,1.89911385
0.026272582,1.925401242
0.026197395,1.888316922
0.026575845,1.897631793
0.027450453,1.889438786
0.027864465,1.851293787
0.026252048,1.891486626
0.027068983,1.86228841
0.027855306,1.865111407
0.028394509,1.861120823
0.0302673,1.872377779
0.029125381,1.882688033
0.027567834,1.899438189
0.032409509,1.878124594
0.033312021,1.879842668
0.030832328,1.875208341
0.036065675,1.864900882
0.029913074,1.864231317
0.030426655,1.874296344
0.029231224,1.853990305
0.027694087,1.859559162
0.027923873,1.855617426
0.027354632,1.865580974
0.027541573,1.859337124
0.026867009,1.870119743
0.027913724,1.857750134
0.027202254,1.854267605
0.027494382,1.848486908
0.026751095,1.834009591
0.027976429,1.86504644
0.027086353,1.864056977
0.03234676,1.91386748
0.029626856,1.888189292
0.030283588,1.882428003
0.028006959,1.874079735
0.029709591,1.868805283
0.027662722,1.882405142
0.026726059,1.908277406
0.026359086,1.879679841
0.025781795,1.841643887
0.026134934,1.833790185
0.025398177,1.828572641
0.025739171,1.839761012
0.025543621,1.83627141
0.027361777,1.838888159
0.028171308,1.859364591
0.025721259,1.876457177
0.025921719,1.864672102
0.027641623,1.839328121
0.02818814,1.878037753
0.027973731,1.859743535
0.026701023,1.841416587
0.027774807,1.809213302
0.028752123,1.824588143
0.030356657,1.833017825
0.026765399,1.861757165
0.027938788,1.842473812
0.0278665,1.854461188
0.028423305,1.862642353
0.025957834,1.914497901
0.026973656,1.873544049
0.025962701,1.858687953
0.025680303,1.850410901
0.024688475,1.846819984
0.024687732,1.876033662
0.027794662,1.855882719
0.026512927,1.858127762
0.027893291,1.835944768
0.027786191,1.882748395
0.02670625,1.873792073
0.028661277,1.858514929
0.025924489,1.922670842
0.024834153,1.919716761
0.026878609,1.865000388
0.031204253,1.885536359
0.031038358,1.839160853
0.027569088,1.870201485
0.027753922,1.862694326
0.028651998,1.890172331
0.02931086,1.892444182
0.027376582,1.879409613
0.026588034,1.856519061
0.026089668,1.845091055
0.025032023,1.824453605
0.026663866,1.851769769
0.025580769,1.89062874
0.026552693,1.890450617
0.024807794,1.889031882
0.02523438,1.860077413
0.023702157,1.889735329
0.025597365,1.889256551
0.025287744,1.873035173
0.033421654,1.87759779
0.026001781,1.881949225
0.027594248,1.910050743
0.031105925,1.860289582
0.026597619,1.852789001
0.02617276,1.83965394
0.026887928,1.863098763
0.027807223,1.865577027
0.028059097,1.889936478
0.029260557,1.950869892
0.031338085,1.927167013
0.033375841,1.916384394
0.029454516,1.893793346
0.028642849,1.886148359
0.029904089,1.92971271
0.028386473,1.847203698
0.033095342,1.871090127
0.031537941,1.868928801
0.027469285,1.878551234
0.026996479,1.879368002
0.026375032,1.888300146
0.026016961,1.869179785
0.026722569,1.890182857
0.028834865,1.863710763
0.030025467,1.889159677
0.025832819,1.869311363
0.025874672,1.907254555
0.026450692,1.888307054
0.026187835,1.910442186
0.024712483,1.859921329
0.026382837,1.866388203
0.025086662,1.844223136
0.026561435,1.848293653
0.025187801,1.858724302
0.02487524,1.879478198
0.025128448,1.867550197
0.026231767,1.844718362
0.027196583,1.811593376
0.027658045,1.836412033
0.0289863,1.842704567
0.030003073,1.853736031
0.027146228,1.845467202
0.025975591,1.856582712
0.025940094,1.858251609
0.025656539,1.870789308
0.025290172,1.843583505
0.025762012,1.864335099
0.025368595,1.848650887
0.023749173,1.848283621
0.023197043,1.849859427
0.024538255,1.842710488
0.024673852,1.835872072
0.024047134,1.86808177
0.023403648,1.869671392
0.023392305,1.83360351
0.023954788,1.867614341
0.024152692,1.841528263
0.024673757,1.879657144
0.023825627,1.847352545
0.025573108,1.878101074
0.024826719,1.861096481
0.023816974,1.848478191
0.023799776,1.84537921
0.024886928,1.870124019
0.024515689,1.859845343
0.023134909,1.853222714
0.023452455,1.882230308
0.024510804,1.866897901
0.023996605,1.87260146
0.022767625,1.885955269
0.023509062,1.886611183
0.023418494,1.893744827
0.02410674,1.878102226
0.023882349,1.899493945
0.027265537,1.888264785
0.028669532,1.889179249
0.024447117,1.906766073
0.025245683,1.893244503
0.024658672,1.905445363
0.022689074,1.94294629
0.032357531,1.872676953
0.028250252,1.876690398
0.030847835,1.877458811
0.029856133,1.89712966
0.02677518,1.887595713
0.02764372,1.868589002
0.025731361,1.866062384
0.024852042,1.871667917
0.026115285,1.879233957
0.024597108,1.912363548
0.027038525,1.9211452
0.025108649,1.894126895
0.024834464,1.895416191
0.024038186,1.936885004
0.02498501,1.887617094
0.025697629,1.88699687
0.025896817,1.934608218
0.026341858,1.944910414
0.026294269,1.925282328
0.027476208,1.903399332
0.027247453,1.896342661
0.027638401,1.975141022
0.027124212,1.993354813
0.028954043,1.924576415
0.028511143,1.918592266
0.028069908,1.951979913
0.027086985,1.918435524
0.02676212,1.910864221
0.029527384,1.913463372
0.029082326,1.890037628
0.029426666,1.919710511
0.029544741,1.91664278
0.026765211,1.894165381
0.025789774,1.94859804
0.026895036,1.920614285
0.025193535,1.870613323
0.024614812,1.904173666
0.024876921,1.906222822
0.025168252,1.885423202
0.027567194,1.91569279
0.026439521,1.907502414
0.027312576,1.915567955
0.025369093,1.916651826
0.025141647,1.920382544
0.024738089,1.928527032
0.025315075,1.921142898
0.02755215,1.910243011
0.027333344,1.902035201
0.02469142,1.8911988
0.025376867,1.882372741
0.025487588,1.885718101
0.025642808,1.895636254
0.025564417,1.883792298
0.025918381,1.897354822
0.026241455,1.892760955
0.02668369,1.897218804
0.02625571,1.872888135
0.024567809,1.900400021
0.025064376,1.888056234
0.025158749,1.898509251
0.02552168,1.893882819
0.025159222,1.885188007
0.028502305,1.883088687
0.026299483,1.928571932
0.024666582,1.878380019
0.025855401,1.895564873
0.025575046,1.90717495
0.025341236,1.94749246
0.02512559,1.934443911
0.026604699,1.933728129
0.026288754,1.937366413
0.026851818,1.872034526
0.025539337,1.873107376
0.025523753,1.859320513
0.025309393,1.869877311
0.026337219,1.879535599
0.027278541,1.897627188
0.028931209,1.853434061
0.025877402,1.856911327
0.028589655,1.861730192
0.027764589,1.857583195
0.028165122,1.848682959
0.02692496,1.875016238
0.028769415,1.863675566
0.026617744,1.88982694
0.027396167,1.87328517
0.028341215,1.893254536
0.027468403,1.954315086
0.029668648,1.907159819
0.02901822,1.864842988
0.030007427,1.872155083
0.026837448,1.881964028
0.026912331,1.899871243
0.025179066,1.878862744
0.027930624,1.89874461
0.026584084,1.893388251
0.025798913,1.896491015
0.02701767,1.910174919
0.027665518,1.909426572
0.027794127,1.889447009
0.022868168,1.864729832
0.024309331,1.861105856
0.027301652,1.859116403
0.026190924,1.879831978
0.025109934,1.84166313
0.023995811,1.856551627
0.02583091,1.867481777
0.024522744,1.853072387
0.02463486,1.850696096
0.025699155,1.878900737
0.024448518,1.856857709
0.024481703,1.867465329
0.024169738,1.855158385
0.023715641,1.894199921
0.022385515,1.887629429
0.023487755,1.887578443
0.024255551,1.907213601
0.022518933,1.880030989
0.022219846,1.900825016
0.023426111,1.926295969
0.023943972,1.868825513
0.024468152,1.875339425
0.024577988,1.90285164
0.027909689,1.87622889
0.025023579,1.876774443
0.024117091,1.865272096
0.028590179,1.865170945
0.026321103,1.876819838
0.027198865,1.882730796
0.02713819,1.8670479
0.024364822,1.86730316
0.024596753,1.856675803
0.024298219,1.880629502
0.024922683,1.892233494
0.024479909,1.889913616
0.024117816,1.879175734
0.025257974,1.886272536
0.024962948,1.885322052
0.027244611,1.874314601
0.026137393,1.887481734
0.026548332,1.859460972
0.027901091,1.836597887
0.025909605,1.860740564
0.033520777,1.835788849
0.027199605,1.861866868
0.028007776,1.869271232
0.02950459,1.907653728
0.029581583,1.870756578
0.031105747,1.894059626
0.028065804,1.853460541
0.022174814,1.859344855
0.022203923,1.864420953
0.022753634,1.85595262
0.021996367,1.834251365
0.020890007,1.832293161
0.021464738,1.856268735
0.022675068,1.835300861
0.021822147,1.843317389
0.020900428,1.859653733
0.021947318,1.842185329
0.022077636,1.853483731
0.023366783,1.866343631
0.022682223,1.858309997
0.022493542,1.831794154
0.023507458,1.869859219
0.022655026,1.858150623
0.02448326,1.850176364
0.022181606,1.849712553
0.022665333,1.822649018
0.023543932,1.84618907
0.026730068,1.844881189
0.022834246,1.829402238
0.023781291,1.844282182
0.028543194,1.829309311
0.025630072,1.825855564
0.025668229,1.820394107
0.024634551,1.835926676
0.023145078,1.823812657
0.022574146,1.801597098
0.022672878,1.817030655
0.024357914,1.840549161
0.022927833,1.82197715
0.023891151,1.834765011
0.023450366,1.825483035
0.023444853,1.860392377
0.024192204,1.835867138
0.024172932,1.836448217
0.025042822,1.872306727
0.024593562,1.816187243
0.024100295,1.805868107
0.024787947,1.804495588
0.025858022,1.842933183
0.025781903,1.829425922
0.026402849,1.848949403
0.029452452,1.849547423
0.03019475,1.833975052
0.027365321,1.834092485
0.025160324,1.83560793
0.02539216,1.832960918
0.025388267,1.840423998
0.024715641,1.842230065
0.024046631,1.808284529
0.025639665,1.821125514
0.025638013,1.828988426
0.024861548,1.822906417
0.026312302,1.863797769
0.025469115,1.872585178
0.025326225,1.84720452
0.027896095,1.848100563
0.029312736,1.851660066
0.025922747,1.867870095
0.024125572,1.877628382
0.028183209,1.855463645
0.026753122,1.877212268
0.025904519,1.855845384
0.025794223,1.844290077
0.025585885,1.850932113
0.025836327,1.862730675
0.025592618,1.849670119
0.025813533,1.870479772
0.028150792,1.875588272
0.027457664,1.866179817
0.026061042,1.833336901
0.028635273,1.868693935
0.0266117,1.835618456
0.026530862,1.82011434
0.027109757,1.824586827
0.028761999,1.820096906
0.027515047,1.808913634
0.029363174,1.785800058
0.028391973,1.797898617
0.02741393,1.809812145
0.02767726,1.790784875
0.026716273,1.795064929
0.026587779,1.795213612
0.025631244,1.776678607
0.025712698,1.792956892
0.026106159,1.779181541
0.024838558,1.798188746
0.028019207,1.807932559
0.02422571,1.819844113
0.024050478,1.818918136
0.025269218,1.816191355
0.028304494,1.820410226
0.026460843,1.821268934
0.02915053,1.813926411
0.029413428,1.799710276
0.023423744,1.794001947
0.023686306,1.798203548
0.02613231,1.793279422
0.026640238,1.808645216
0.027089964,1.809276295
0.026249838,1.832107802
0.025573678,1.819991315
0.02365886,1.824655741
0.022493527,1.809501951
0.023890531,1.804560554
0.024156231,1.80423342
0.023523602,1.795857191
0.022919031,1.809018238
0.023812381,1.810805884
0.024135106,1.812514913
0.023604404,1.814718015
0.024797474,1.828039916
0.024427448,1.827393706
0.028909353,1.823229769
0.026114413,1.80104513
0.025173251,1.815368666
0.024974918,1.821719423
0.02502272,1.809725139
0.025648917,1.806860202
0.025768521,1.802036239
0.028013417,1.82374802
0.029416386,1.806322049
0.025743344,1.813186616
0.024196434,1.817592327
0.024818986,1.837090809
0.024378222,1.816876216
0.025843397,1.806897372
0.026452038,1.796714583
0.028106788,1.79044228
0.026131035,1.785674731
0.026147388,1.798901732
0.03006877,1.820757261
0.026670265,1.820794432
0.026803227,1.822001821
0.027368055,1.816527536
0.02445706,1.798773115
0.025631555,1.795881368
0.027502339,1.815798596
0.028603941,1.818417483
0.026854571,1.82594849
0.029022728,1.802817809
0.027064118,1.823447365
0.026352129,1.81517426
0.02532144,1.808055584
0.024840537,1.808472849
0.025491239,1.826176942
0.036523537,1.820789991
0.026232982,1.831730174
0.025396866,1.815546789
0.026941062,1.802670607
0.025452869,1.810128589
0.026294107,1.805182094
0.027472199,1.791078458
0.02519868,1.799120644
0.025096034,1.811577916
0.024670527,1.806419252
0.024209016,1.814588246
0.025877343,1.827352917
0.027315938,1.81468512
0.025607318,1.807105265
0.025680855,1.833023253
0.025761254,1.819571912
0.025082478,1.849864361
0.026270916,1.814603707
0.025901163,1.847807145
0.031672063,1.838135206
0.028922181,1.841701452
0.025618962,1.812194686
0.026647349,1.79994103
0.025919766,1.784357146
0.025086163,1.792765118
0.025371769,1.793743397
0.025266892,1.810932034
0.025800886,1.825996352
0.024948559,1.814939065
0.026725049,1.819330632
0.025828638,1.817630156
0.025451252,1.816357801
0.026295274,1.833691667
0.025230451,1.859620345
0.025685427,1.851184742
0.027359605,1.850190015
0.044757461,1.863957142
0.029227182,1.832059447
0.02581094,1.851802005
0.027288803,1.866771258
0.027993822,1.8632958
0.026861278,1.867341811
0.030715229,1.858105723
0.026205605,1.871810515
0.025356226,1.836629465
0.026421411,1.859519688
0.025297124,1.870143098
0.023407156,1.885754942
0.022898012,1.887017429
0.025147717,1.889025632
0.0244955,1.874752096
0.024177594,1.859744521
0.024971595,1.878085943
0.024249332,1.873883519
0.024289664,1.860878391
0.024063504,1.887709198
0.024247158,1.870028132
0.023680359,1.877206182
0.022395018,1.860298628
0.024145543,1.881512059
0.023767149,1.892236619
0.023567354,1.891448633
0.024043842,1.88451433
0.029351433,1.866906289
0.025519076,1.872512481
0.026359035,1.871203942
0.026361021,1.891621987
0.024823766,1.862390218
0.025394209,1.880415195
0.025343811,1.900662518
0.025176625,1.859649292
0.025994493,1.843311304
0.027113049,1.842193881
0.027674204,1.83504412
0.026588111,1.811750283
0.027060523,1.816401057
0.027247461,1.830408806
0.025538137,1.826077765
0.025339134,1.802579161
0.026727185,1.786304658
0.02574411,1.79795207
0.026464358,1.801136412
0.027010973,1.803825529
0.028172289,1.807498517
0.029701601,1.78775892
0.02582924,1.803928653
0.027265131,1.823734698
0.026886278,1.818822742
0.027366721,1.803055471
0.027872925,1.843299791
0.027754356,1.81989954
0.027733465,1.826395361
0.026404164,1.798097957
0.025985103,1.839996207
0.029300757,1.807708877
0.025134428,1.794328753
0.024657025,1.811019862
0.024448228,1.785661573
0.024443134,1.805136042
0.023888332,1.812667543
0.024533198,1.797061619
0.025173906,1.826024148
0.025004346,1.83351009
0.026289995,1.836993935
0.028601895,1.837584061
0.028268264,1.852854297
0.027068125,1.830014896
0.026055625,1.831793825
0.026329124,1.818042322
0.024039612,1.830642521
0.024851883,1.838869409
0.026482766,1.8213589
0.024402671,1.835346748
0.029578348,1.826177764
0.033629863,1.82850126
0.026506692,1.833936894
0.025638115,1.829332666
0.024860543,1.835173724
0.025633649,1.843318705
0.039839669,1.849672093
0.026382431,1.858817722
0.025682063,1.844134979
0.023652558,1.828417215
0.024809531,1.843539426
0.025901345,1.834224063
0.027163521,1.855560519
0.030377072,1.852516965
0.031742773,1.853003802
0.030469847,1.839765781
0.033434578,1.851634573
0.035319119,1.852426012
0.033336082,1.887958209
0.032929241,1.885073699
0.024960607,1.878203376
0.025491391,1.853074031
0.024871807,1.850332612
0.025381925,1.853052157
0.026299743,1.815565868
0.02703474,1.821887348
0.031231427,1.841522013
0.031593633,1.849253183
0.028809289,1.867111386
0.027751683,1.844458002
0.025795392,1.847594154
0.026128594,1.849426536
0.025580034,1.844292708
0.024806576,1.863645797
0.026852307,1.849473904
0.026236041,1.83445383
0.026890015,1.839270721
0.028667491,1.812579386
0.027940906,1.829416547
0.029768845,1.821138343
0.030109898,1.808458869
0.033490437,1.830170486
0.03240752,1.853415146
0.034618519,1.850236232
0.042195982,1.854597042
0.03280896,1.848569144
0.033915602,1.87284455
0.027592156,1.8397444
0.024043722,1.860291884
0.027400219,1.856311827
0.023850932,1.846770314
0.02446818,1.851982924
0.025057388,1.862270811
0.025609914,1.867928976
0.025696991,1.874281871
0.024860638,1.883656115
0.024107501,1.857624971
0.024935527,1.865581632
0.025161067,1.858308846
0.02746257,1.857564939
0.025608189,1.832926379
0.024937331,1.840323012
0.024289168,1.883364178
0.024657616,1.835833914
0.024166256,1.839875155
0.025170848,1.84760945
0.023516977,1.834072255
0.024106555,1.845907001
0.024427926,1.824836495
0.023846283,1.839806077
0.024802721,1.867140168
0.025416019,1.84911223
0.025196076,1.849548904
0.024562985,1.836290982
0.024796371,1.855077629
0.026330427,1.854383886
0.03223787,1.840772185
0.025638642,1.861662594
0.025893391,1.85800227
0.026894424,1.843885146
0.025921488,1.860038268
0.024757466,1.82488633
0.025351423,1.850741325
0.026267635,1.864100068
0.026692093,1.89758903
0.025357629,1.861334801
0.024900515,1.889240761
0.024447845,1.89507853
0.026213441,1.918042601
0.024826192,1.910019822
0.023704768,1.878780015
0.025180536,1.854774343
0.02450055,1.901371557
0.022189876,1.883132601
0.022570176,1.948235544
0.023474451,1.905116419
0.022516663,1.889297504
0.023607205,1.920501786
0.027516645,1.922273313
0.026925926,1.921733188
0.023798,1.918566115
0.022609289,1.894904683
0.02490273,1.87203321
0.022951073,1.899483418
0.023190724,1.887737817
0.025782512,1.891812116
0.023818074,1.913395774
0.022842107,1.885432906
0.023992828,1.871344072
0.025105229,1.886976311
0.025912257,1.911993157
0.025209517,1.885960368
0.025669016,1.892441715
0.024121681,1.942198271
0.023987647,1.916200844
0.025096699,1.911598753
0.026637082,1.897665016
0.025345157,1.882318794
0.025164426,1.870218261
0.024260912,1.890778246
0.024051501,1.886045729
0.024928817,1.876131029
0.024225903,1.910062914
0.024056263,1.86768309
0.025392644,1.878196304
0.024851672,1.843367389
0.025567732,1.845261119
0.02831501,1.877883642
0.025911774,1.88150219
0.026723769,1.844355207
0.02513624,1.854173527
0.02637917,1.864628846
0.0261039,1.870820558
0.025224219,1.893875417
0.026780556,1.863415043
0.025203727,1.889355069
0.026129113,1.894561923
0.028483535,1.906263447
0.028245793,1.893350423
0.025498199,1.88926461
0.027661344,1.885270079
0.026593017,1.862974587
0.025874482,1.880771441
0.026345214,1.870722697
0.025338864,1.86852749
0.025191073,1.856628271
0.027265147,1.85485148
0.024906346,1.867867792
0.024769369,1.85593387
0.02545191,1.873592075
0.02595116,1.861973446
0.025902119,1.846078709
0.027708018,1.864056812
0.027867171,1.851323885
0.029019993,1.867569769
0.028203025,1.874139602
0.026937118,1.855903607
0.027990376,1.864959599
0.029253492,1.866439847
0.027193625,1.860560796
0.027949553,1.851021257
0.028964913,1.862346304
0.028116302,1.869413336
0.028261372,1.85234394
0.029191124,1.833460913
0.029372385,1.862964554
0.029917931,1.866514188
0.028652735,1.842199309
0.027185008,1.849036738
0.027417653,1.874360653
0.027016465,1.844110638
0.026900135,1.832340694
0.026728022,1.84429978
0.027727311,1.829607334
0.030659031,1.837476167
0.026883145,1.833873573
0.026358652,1.848670459
0.026374236,1.836060063
0.034678058,1.833782291
0.028686832,1.867736873
0.025645522,1.905670525
0.030831398,1.875571824
0.032757714,1.841956055
0.030263489,1.84735863
0.02890456,1.86006886
0.030587928,1.859253902
0.027878054,1.888494388
0.028123272,1.871687161
0.026303238,1.852860382
0.029844561,1.889017902
0.028330252,1.849489858
0.027422744,1.860205043
0.028889192,1.849822914
0.030012191,1.841866582
0.027534436,1.852354302
0.027463523,1.876403066
0.029330087,1.83975065
0.029922102,1.844004882
0.029178825,1.813072802
0.028083801,1.834571263
0.028479025,1.856317748
0.03004093,1.865244629
0.030038129,1.880473747
0.027550426,1.866011068
0.02826342,1.868014995
0.027154344,1.86178529
0.02913194,1.88191518
0.026441705,1.858950286
0.027252652,1.861008982
0.027539013,1.860938917
0.027082113,1.852855284
0.026036336,1.832384114
0.02611087,1.83187458
0.028090429,1.835875855
0.025448852,1.874935976
0.025128093,1.854767435
0.024356013,1.81893705
0.02410323,1.806414976
0.024150973,1.80694951
0.02377794,1.836998211
0.024163704,1.856511167
0.024253855,1.831617675
0.024411057,1.901645896
0.02359268,1.816910097
0.024056247,1.812354388
0.024166343,1.819780956
0.024536863,1.812896652
0.025380758,1.844067053
0.024721893,1.849145947
0.025694738,1.845493025
0.025555561,1.823935353
0.024353993,1.842003752
0.024733905,1.870265465
0.024028755,1.827455054
0.023801046,1.839027631
0.024611065,1.853698367
0.024969267,1.823482069
0.025773782,1.835744935
0.026412033,1.834376364
0.023014132,1.859854224
0.024073126,1.833023088
0.024063533,1.81889182
0.024236478,1.83127656
0.024550241,1.842776112
0.02372958,1.819825034
0.024434019,1.838762502
0.023743622,1.82301908
0.023182199,1.826888777
0.024357778,1.81779874
0.023961339,1.822559052
0.024221577,1.830215551
0.025598611,1.876335468
0.024480248,1.851002507
0.02489167,1.838715134
0.024549732,1.880289539
0.024667433,1.873930065
0.023231464,1.918131745
0.023225566,1.900436205
0.0230511,1.882572245
0.023192037,1.864939533
0.023203773,1.871333381
0.022632824,1.924663749
0.023352364,1.942414058
0.02292228,1.890206048
0.024402201,1.883716148
0.024240271,1.868422556
0.024442355,1.904056891
0.026081152,1.89368134
0.025754883,1.949986677
0.025125629,1.898937042
0.025441792,1.890336967
0.024850053,1.879325897
0.026447187,1.917897208
0.026350863,1.8911539
0.025917995,1.890235817
0.025539759,1.920855401
0.024358174,1.896977688
0.024279865,1.896493976
0.024915148,1.883394276
0.025829512,1.896838544
0.024197498,1.949082575
0.025000781,1.92300176
0.024596859,1.90605062
0.024551128,1.915515653
0.024971701,1.877439568
0.024714243,1.874503579
0.024546458,1.913705804
0.024971932,1.911021785
0.024904971,1.920570864
0.024536099,1.892698949
0.02626112,1.912747754
0.026235709,1.884355779
0.026223574,1.901643593
0.025611718,1.936810498
0.026776796,1.921299804
0.024698608,1.923301428
0.026218642,1.907637446
0.02689711,1.897791331
0.02670588,1.951443899
0.026328142,1.941465055
0.026697978,1.927874242
0.02693498,1.925625746
0.026805085,1.923815074
0.025803888,1.932850671
0.025962863,1.943084446
0.02765769,1.912841339
0.029494978,1.916031109
0.028223173,1.909453052
0.030962544,1.906675778
0.02931694,1.913462385
0.027313342,1.923709812
0.027263679,1.933546552
0.028971305,1.898001197
0.031508221,1.889482371
0.029042955,1.899245427
0.027834852,1.88615132
0.027189729,1.88519508
0.036142298,1.887398675
0.034098492,1.876964902
0.027238667,1.867141649
0.03176343,1.877869004
0.032526901,1.878694818
0.027420879,1.886196056
0.02639802,1.891388601
0.026235686,1.869204621
0.026399323,1.887846861
0.028107459,1.882121427
0.02576398,1.881433606
0.02481775,1.861613745
0.025569595,1.86768161
0.025108624,1.890225949
0.025754423,1.850362053
0.027547846,1.853798366
0.02746496,1.873378591
0.037083381,1.851519113
0.026746091,1.842166414
0.033659285,1.849233117
0.03509971,1.883311547
0.029009935,1.899371577
0.031110139,1.893065064
0.030730086,1.888706392
0.029128835,1.900889983
0.029079383,1.89040292
0.032469711,1.8752914
0.030129085,1.899642956
0.029554666,1.883659076
0.028800755,1.888405737
0.029437395,1.867671413
0.028481594,1.871389631
0.027088005,1.881433277
0.028292092,1.866590996
0.029690422,1.870904439
0.028157883,1.892941545
0.027941492,1.885296066
0.027931538,1.913433932
0.027425579,1.888182878
0.025406364,1.879347279
0.028775858,1.885656588
0.027595892,1.92832177
0.027430683,1.901587837
0.027077417,1.873951282
0.027135476,1.941591041
0.027171868,1.898131952
0.029672901,1.879823754
0.032104583,1.907200115
0.029990476,1.91708965
0.029316364,1.887099007
0.028363277,1.894092191
0.025615043,1.879632966
0.025962634,1.883652004
0.028229181,1.87108947
0.025924849,1.893650749
0.027055301,1.866311559
0.025962408,1.889525791
0.02685518,1.868720086
0.029898878,1.870878616
0.027973674,1.870568916
0.025264607,1.864429999
0.025076711,1.8557643
0.025416279,1.860695169
0.027284056,1.876588426
0.029450586,1.869405934
0.027649479,1.874892226
0.02559784,1.894311104
0.025088982,1.886838977
0.024369206,1.910402384
0.027176499,1.898222741
0.023593289,1.916269593
0.024809169,1.877384634
0.024925153,1.87809466
0.024815105,1.878965539
0.025856527,1.892104054
0.025792853,1.927855492
0.026625502,1.894835276
0.02966614,1.90130511
0.026188051,1.909516045
0.024251563,1.858927096
0.024505597,1.896095789
0.028504322,1.879744478
0.025786734,1.879274582
0.02529292,1.897840837
0.023925628,1.883630787
0.024652826,1.893967686
0.024169856,1.898313365
0.025311071,1.900467948
0.026041714,1.918205757
0.028489512,1.95752229
0.034773768,1.95787278
0.025737218,1.968270863
0.040767605,1.952554249
0.038163785,1.935610017
0.027586309,1.952858523
0.033695652,1.960098743
0.043026774,1.965627962
0.028866865,1.976961726
0.029795741,1.964791458
0.029809269,1.949900165
0.028306871,1.914658425
0.027718388,1.918500491
0.029539301,1.926056169
0.030629992,1.928468973
0.02905342,1.954183344
0.028635237,1.964310871
0.029249342,1.925207987
0.028887732,1.907977738
0.028207687,1.892446978
0.033691532,1.935060845
0.033827034,1.928209601
0.02859931,1.92169651
0.029143828,1.943814537
0.028377476,1.931967785
0.031679557,1.929896919
0.030073406,1.946541318
0.031920534,1.923824449
0.035247124,1.956967197
0.031627987,1.957353542
0.033460878,1.9684804
0.033938718,1.941060619
0.029254055,1.966142102
0.029597218,1.95897211
0.029616767,1.947586209
0.029603286,1.953923808
0.028737551,2.021832149
0.028944678,2.00361441
0.027011899,1.984111652
0.028570653,1.928310093
0.027985627,1.984354084
0.029170971,1.994564833
0.026533809,2.022585595
0.026315542,2.036998604
0.025490926,2.08237856
0.027035349,2.123422213
0.026298912,2.018466066
0.026267581,2.036282986
0.027207959,2.019219183
0.028148348,2.017467556
0.044286542,2.025256127
0.043107609,2.062630245
0.036203795,2.049212128
0.032532539,2.068814227
0.054951208,2.064601771
0.038554377,2.043289821
0.040876151,2.01413338
0.044371517,2.038552864
0.049565049,2.054541514
0.058603504,2.013525327
0.051177687,2.029344736
0.043243044,1.974788723
0.03943587,1.981077802
0.039479944,2.00992849
0.04471291,2.026871406
0.050110577,2.00845186
0.044176921,2.034394025
0.036075816,2.059553304
0.044545411,2.045973675
0.047687093,1.999110345
0.048208207,2.04433833
0.045808679,2.011274528
0.038280223,2.05755941
0.036719186,2.026707921
0.043421214,2.028319746
0.047270742,2.051791378
0.044164529,2.068390548
0.042564502,2.027631924
0.038116155,2.039789857
0.036428464,2.015490932
0.036214193,2.033852419
0.04081568,2.031475635
0.046199927,2.057478161
0.043776247,2.053755338
0.039938612,2.039894462
0.041356692,2.039051214
0.039622967,2.042772721
0.039367352,2.02747765
0.042101365,2.047840761
0.042428888,2.035147965
0.046077971,2.048642397
0.047120266,2.084012589
0.039266204,2.051957823
0.039739195,2.014868899
0.035073947,2.024882775
0.033819275,2.000735328
0.035359586,2.023562723
0.039320963,2.022117837
0.03037598,2.031616094
0.030790139,2.044152641
0.032558621,2.046580905
0.030077913,2.047009684
0.031460534,2.046561991
0.032372852,2.016644374
0.031683812,2.05451158
0.031594227,2.011211536
0.034351643,1.994992131
0.032010952,1.999108536
0.03188749,2.024140842
0.032208308,2.054505494
0.032046208,2.016337798
0.032354028,2.028971549
0.031587157,2.006747602
0.031849806,2.000116091
0.031677401,1.97888243
0.029958399,1.973878535
0.031325132,1.984869539
0.03275407,1.988710453
0.032860627,1.9836559
0.031873991,1.965538983
0.031810245,1.953328254
0.03152918,1.963519761
0.030564519,1.990832471
0.030432147,1.966012662
0.029755815,1.983044887
0.029811636,1.997575164
0.030151702,1.997556907
0.030209056,1.965346715
0.03851632,1.97016706
0.036889795,1.980377316
0.030936999,1.99694573
0.035807181,2.020123614
0.041266816,2.019260136
0.030910324,2.000400135
0.031398911,2.017427754
0.031578409,2.007842985
0.034005548,1.990148925
0.040662595,1.984095698
0.038002636,1.973091372
0.040682617,1.990160438
0.033606929,1.974815203
0.032067592,2.014395384
0.030612599,1.998106902
0.032340503,1.973801562
0.028394136,1.991052699
0.026826734,1.954637945
0.027276053,1.971431685
0.026076719,1.967243571
0.027897395,1.957043183
0.030055219,1.960891992
0.027598904,1.945937871
0.029878547,1.948525179
0.027872763,1.982329269
0.026904884,1.978966969
0.028864182,1.983838135
0.02894458,1.977600536
0.028861908,1.97683903
0.031734164,1.966395882
0.035903852,1.950034374
0.031491116,1.983049986
0.031971782,1.960590844
0.032270705,1.963805119
0.031563712,1.939884973
0.033197476,1.936122676
0.030447569,1.961616984
0.032406415,1.939717376
0.031814491,1.9795492
0.031248136,2.019032507
0.03078736,1.969153584
0.032442452,1.96058558
0.031203989,1.930382275
0.034847649,1.945220444
0.034725398,1.951248671
0.037148235,1.930496912
0.028601967,1.954518045
0.029348197,1.967669718
0.02917047,1.962844439
0.028460537,1.95798939
0.027877129,1.957523112
0.026292061,1.942878034
0.027134237,1.961617807
0.028786973,1.942620635
0.029183923,1.973438079
0.031591801,1.947195423
0.040028028,1.961528992
0.042249392,1.956325921
0.036634679,1.993237051
0.035672302,2.017265914
0.038406049,2.041005634
0.035818969,1.980722543
0.032866428,1.971083004
0.027539088,1.931734893
0.027948307,1.917946056
0.030892592,1.905210333
0.03115992,1.911259941
0.032775374,1.939376919
0.02710233,1.941818505
0.028162511,1.916379131
0.033448985,1.924278227
0.039646035,1.929150874
0.026593351,1.947044438
0.027399659,1.929188209
0.029346851,1.933930594
0.026360836,1.926326068
0.031516383,1.931982094
0.03304103,1.901637837
0.029244012,1.945272581
0.035425347,1.922105223
0.032871583,1.929347418
0.032174975,1.929629816
0.03741819,1.926296463
0.03727172,1.943368654
0.036022933,1.937794041
0.034255468,1.970691232
0.037168483,1.925286111
0.035932082,1.927754342
0.039389379,1.975756147
0.042107144,1.945715669
0.040005185,1.932006601
0.040803146,1.971952074
0.039911919,1.953085987
0.037968212,1.952281884
0.03664052,1.922535811
0.033886362,1.901573693
0.033026307,1.930125864
0.03131484,1.955813591
0.032142283,1.917297872
0.033357482,1.971607177
0.032673453,1.947476999
0.029897279,1.950481738
0.031187212,1.963814823
0.031451948,1.943512896
0.033266346,1.959969633
0.031732154,1.978174872
0.034009331,1.982331243
0.036672145,1.971711287
0.037671196,1.938675939
0.039243947,1.951074824
0.037933264,1.948433239
0.034556064,1.962643125
0.037963571,1.99393359
0.042949824,1.95868264
0.033411681,1.956783482
0.03449258,1.988308648
0.035596197,1.955284484
0.03935486,1.96255908
0.034697407,1.959608452
0.039623975,1.952502934
0.03509712,1.957963897
0.033921945,1.944246112
0.037266749,1.95553037
0.038472159,1.973858469
0.036787157,1.98518072
0.035487047,1.978526677
0.035479607,2.005480838
0.039317448,1.966118418
0.035611534,1.979220091
0.035442694,1.981545889
0.034048136,1.98744994
0.03453809,1.980481591
0.03595874,1.976461238
0.034823277,1.953368715
0.036332508,2.020116048
0.034621678,2.051372468
0.035253129,2.068352061
0.032787214,1.99507042
0.034126257,1.987509479
0.040973876,1.988611441
0.037654004,1.981447371
0.032907014,1.972687758
0.033711276,1.989618996
0.033221643,1.980024359
0.034346331,2.016706709
0.032555236,1.967268241
0.032669958,1.959753188
0.032326379,2.016578256
0.035610627,2.044239318
0.036765734,2.020754364
0.032844183,1.990165043
0.031608068,2.026459075
0.036608502,2.036199763
0.032801574,2.060760035
0.032417604,2.03933904
0.033159972,2.048686147
0.032661914,2.025177509
0.03098311,1.97756649
0.030982828,2.014570218
0.03191213,2.028296062
0.031474858,2.075454455
0.032836106,2.017786138
0.042083838,2.01456627
0.037167825,2.071712553
0.035096161,2.029702791
0.034592859,2.085591849
0.043552925,2.011651498
0.033040501,2.011733405
0.037449424,2.005384129
0.032795381,2.002799287
0.033213584,2.020232166
0.032827995,1.98917706
0.034259552,1.987964408
0.033917473,1.991582298
0.0379467,1.966902291
0.036100715,2.013048194
0.028761819,2.017012298
0.030061615,2.014646862
0.032081776,1.98588943
0.035357495,1.987290896
0.029952316,1.974954017
0.031450725,2.007605323
0.032150926,2.003132343
0.031759631,2.005596956
0.032653377,2.014501633
0.030096429,2.052062756
0.030142057,2.034551096
0.030124955,2.028851978
0.028890138,2.0478753
0.027625513,2.043255282
0.029317451,2.035416877
0.03176391,2.01780752
0.030788183,2.0408558
0.035125882,2.047091262
0.033125114,2.034738265
0.031279134,2.024680475
0.029153098,2.002353568
0.030642032,2.035621973
0.028834464,2.013158061
0.030628113,2.051746641
0.03025231,1.999194884
0.028674646,1.983930075
0.028355989,1.997611348
0.027670267,1.992276699
0.029963348,1.989179198
0.029779923,2.01269754
0.033105734,2.00872916
0.030046586,2.013763154
0.04145022,1.994555623
0.033537193,2.004644498
0.029068906,2.009278167
0.027539075,2.015170869
0.027023982,2.002352088
0.028960748,1.969899135
0.027237415,2.001990908
0.025611317,2.04459984
0.025379915,2.047702769
0.030605249,2.025528328
0.048420047,1.998108382
0.038411138,2.029372367
0.051757255,2.011656432
0.056376661,2.008245119
0.044398892,1.984760001
0.052808858,2.002475606
0.031131259,1.974997438
0.032254947,1.999670372
0.033096622,2.01784798
0.027207741,2.002713268
0.029159756,2.022752041
0.032659684,2.00509252
0.03087865,2.002096992
0.029765776,1.993792966
0.0274202,2.011999521
0.027568924,2.013169574
0.025985485,2.013680918
0.026318603,1.97798063
0.027343014,2.011079136
0.028473163,1.986036797
0.028093315,1.999227285
0.026105141,1.990858128
0.025806054,1.983924154
0.025943558,1.942381329
0.027038926,1.938994028
0.025523671,1.957620644
0.027583606,1.93646889
0.025573488,1.962387207
0.027071532,1.948131104
0.023561472,1.945847247
0.023374524,1.954371171
0.023240389,1.955202084
0.023358043,1.957963075
0.023819667,1.961502841
0.023530312,1.954499624
0.024866164,1.939644515
0.024046836,1.935805081
0.024615863,1.925174599
0.025252819,1.919334693
0.025236889,1.950736012
0.024703807,1.932201993
0.024906444,1.925643509
0.024058198,1.945352679
0.025001339,1.944347591
0.029118001,1.942465374
0.029182702,1.951730903
0.026868751,1.952595696
0.02669537,1.948863498
0.025618371,1.936032052
0.026269999,1.921556545
0.02711943,1.914960725
0.026242743,1.928647425
0.025090028,1.924598947
0.025567696,1.929293306
0.024782589,1.933299186
0.024762163,1.995205781
0.02573637,1.945544783
0.023585847,1.975917658
0.023566853,1.952314449
0.024222521,1.95870287
0.024230582,1.97141606
0.023419543,1.936656552
0.022541709,1.957437587
0.023571417,1.98797625
0.023844903,2.030817418
0.027250139,1.992481302
0.022557219,1.976300549
0.022768293,1.958324913
0.022407135,1.966325159
0.022225296,1.965385202
0.022914041,1.968216751
0.022727486,1.983316266
0.023691752,1.989554523
0.023933009,2.06488861
0.023283954,2.056115182
0.025086286,2.015794383
0.02426645,2.110152943
0.026304212,2.053146298
0.025823815,2.036415715
0.023663976,2.010790652
0.024116883,2.046295218
0.024042007,2.024303012
0.024616341,2.020808969
0.024932559,1.999454914
0.023443504,2.044833062
0.023969208,2.054759768
0.023819652,2.052104532
0.023881945,2.044153792
0.023386849,2.044746056
0.023156894,2.022730824
0.024090385,2.018129391
0.024263441,2.062667087
0.022603302,2.000948978
0.023672406,2.026483088
0.022873316,1.982965283
0.022183004,2.011325844
0.023679938,2.03537691
0.023046924,2.005839552
0.024463683,2.031487805
0.023021207,2.003737435
0.022175569,2.001652095
0.022734358,1.982637654
0.022400441,2.039400059
0.023895229,1.975248093
0.022597247,1.976085749
0.023738577,1.980969251
0.024348414,2.010464339
0.025122162,1.981992431
0.025184142,2.007227695
0.024667715,2.00809512
0.025984483,2.037986587
0.026322075,1.997429606
0.027605514,2.006027543
0.025129974,2.008725871
0.024378037,2.00048862
0.024708497,2.005691034
0.022937614,2.001743377
0.023642374,2.029526148
0.023709846,2.020106345
0.022820163,2.047903918
0.023966918,2.042652986
0.024132118,2.038267998
0.023315666,2.03507313
0.023438673,2.038003034
0.02380239,2.053410275
0.023540607,2.054965687
0.024886712,2.064928577
0.023965397,2.051305199
0.025421711,2.012294748
0.024834009,1.973607485
0.023424716,1.995052657
0.023918124,1.990346291
0.02242873,1.974867998
0.023962786,2.019331682
0.023618117,1.989775903
0.023754814,1.988867524
0.023257664,1.981586843
0.023303405,1.98692182
0.023411748,1.983512316
0.024000483,2.002981193
0.025383148,2.036809461
0.025453894,2.002239589
0.026588188,1.993778493
0.025601166,1.994083753
0.026647989,1.984409675
0.026574275,1.99588653
0.027883466,1.990129353
0.027586055,1.977950861
0.026668093,1.999009359
0.026731862,2.0104798
0.027193458,1.975983447
0.027208759,2.005509292
0.026466484,1.986225446
0.025557524,1.992622584
0.025890477,1.983418732
0.024878581,1.981573027
0.02554164,1.96074298
0.025118641,1.960020619
0.025710959,2.026739335
0.025499566,2.005633797
0.025037729,2.009446093
0.026492768,2.035734307
0.025902946,2.011150187
0.026934335,2.01125364
0.024930686,2.002121498
0.02394693,1.980897047
0.024103427,1.984052442
0.024736889,1.995059072
0.023955932,2.032993875
0.025183718,2.033535646
0.026749155,2.033306537
0.025749915,2.019856347
0.024613691,2.01229113
0.025516648,2.003735297
0.027353435,1.997693913
0.028218262,2.022917006
0.026388897,1.993960399
0.027605958,1.998039304
0.025026334,1.998729428
0.024141045,1.971938917
0.024635553,1.972452234
0.02475422,1.96284559
0.025466407,1.966725648
0.024712524,1.991145954
0.025861923,1.95820123
0.02701488,1.955233004
0.028088702,1.963146574
0.025989626,1.981253952
0.027366253,1.957712584
0.027080707,1.9426907
0.024845134,1.98705274
0.0256634,1.981557731
0.025260591,1.974571784
0.025550277,1.948078967
0.027085813,1.978289015
0.026331478,2.016567894
0.030276379,1.962643125
0.027954755,1.984530891
0.026694719,2.004566703
0.025451861,2.011406106
0.026454457,2.030006406
0.026436797,1.989597944
0.025727717,1.992108115
0.026502151,2.017015094
0.027350048,2.009661881
0.028706818,2.031587804
0.027519672,2.05398198
0.027278371,2.021509948
0.025871635,2.033506699
0.025474204,2.028563165
0.024858367,2.023494796
0.02536896,2.001131212
0.025643134,1.989906987
0.026787191,1.98594535
0.028636545,2.00669053
0.027393188,2.026282267
0.026931981,2.000972004
0.027570327,2.046463801
0.027887984,2.029598516
0.028269528,2.032055069
0.026782655,2.03482708
0.028544883,2.025170601
0.028221667,2.001057529
0.027073629,2.022933289
0.02847059,2.037336758
0.027623243,2.039078845
0.026410972,2.036662258
0.025843477,2.021314391
0.026680937,2.020472295
0.025459229,2.027667779
0.025281723,2.028736025
0.024979703,2.030777615
0.024489199,2.047975134
0.02711246,2.057126191
0.027632246,2.063455401
0.025577253,2.072683266
0.02605884,2.064208848
0.026165323,2.071859097
0.02629791,2.074773047
0.025784056,2.081090909
0.027112144,2.036328051
0.026572807,2.035165563
0.028816978,2.055055653
0.027547807,2.0738923
0.028230276,2.057292636
0.028793377,2.051987922
0.025671257,2.044950166
0.024942785,2.057042146
0.025603936,2.090560383
0.026869635,2.080230885
0.025591675,2.097295017
0.025723371,2.067386117
0.026940495,2.049454889
0.02694181,2.073925359
0.025981027,2.074360387
0.024659708,2.023389863
0.025260529,2.027149528
0.025605293,2.030595874
0.025699574,2.028949838
0.025064435,2.001748805
0.026176918,2.031284847
0.025144304,2.079155403
0.023986447,2.034652246
0.025238459,2.066386128
0.0229483,2.087318147
0.023749569,2.04526332
0.023592662,2.029548352
0.026859132,2.067608977
0.023091467,2.087083775
0.02416301,2.05284663
0.024454421,2.062944551
0.022774427,2.045392431
0.023718648,2.03433498
0.024328993,2.039027859
0.025023093,2.006900067
0.024584511,2.03197711
0.024152553,2.035628552
0.023189141,2.044773029
0.02299246,2.021668006
0.023420018,2.076777303
0.023907097,2.017896828
0.023793274,2.046388967
0.025511315,2.046076634
0.02700773,2.032934172
0.026015625,2.032394539
0.026142284,2.004166872
0.026262007,2.016799964
0.02765246,2.032499966
0.026966756,2.04828944
0.025202247,2.010200033
0.026227439,2.087525875
0.025451735,2.075352317
0.02392249,2.056654321
0.023308961,2.04635196
0.023440366,2.087581796
0.023145512,2.094348009
0.022751907,2.100269329
0.023082547,2.112575122
0.022127248,2.06389816
0.021578017,2.094053439
0.022296939,2.07805673
0.0229304,2.095701777
0.021602001,2.092262833
0.022845703,2.14625224
0.022684451,2.079201455
0.023891937,2.090484891
0.02417001,2.093436834
0.024249219,2.055462063
0.02290758,2.097975438
0.023446043,2.104255307
0.023450314,2.106659887
0.025414976,2.139344088
0.026647413,2.073028822
0.028222762,2.068453047
0.026440307,2.106166471
0.024691417,2.168436056
0.024127266,2.035328226
0.024855026,2.07668158
0.026506106,2.109693409
0.028719236,2.101029847
0.02751157,2.042848049
0.026502727,2.089125694
0.027634661,2.129665405
0.031119907,2.120067314
0.027964597,2.107173369
0.027131742,2.089574374
0.028709673,2.095208526
0.02910409,2.05814641
0.025072113,2.07841199
0.027446498,2.101417672
0.026216106,2.07743996
0.025176761,2.054667499
0.024985429,2.01405871
0.025893723,2.02010618
0.026546443,2.053555833
0.025034054,2.064646507
0.026012045,2.049032196
0.026972507,2.035882332
0.026855195,2.01357911
0.028174297,2.041599214
0.037664124,2.066283333
0.040194397,2.041510399
0.03245976,2.068284957
0.0309785,2.091872541
0.028510531,2.077612162
0.033737836,2.060238823
0.031358284,2.082874772
0.028265851,2.07894126
0.030035318,2.087526698
0.035131122,2.069068172
0.034124469,2.057124217
0.042366352,2.115604531
0.035080837,2.09261398
0.032865395,2.136508097
0.034925807,2.11074274
0.027009465,2.117131489
0.027480698,2.14497972
0.030150101,2.127892726
0.025953999,2.123334879
0.029612501,2.136162871
0.025597789,2.111604573
0.028000265,2.131939066
0.030889973,2.076468095
0.030159774,2.074437524
0.03304249,2.093998012
0.032298401,2.091807574
0.031676357,2.080312792
0.027727763,2.070935916
0.031795188,2.07025862
0.050065769,2.063225141
0.030972525,2.068980837
0.030220744,2.123045902
0.03337294,2.068233477
0.03072619,2.088009423
0.029866567,2.089842134
0.029741218,2.059668928
0.03564072,2.078799815
0.036787386,2.107344749
0.03349974,2.094355739
0.030132109,2.125900642
0.032415836,2.11596933
0.031788771,2.101724083
0.037294651,2.098961283
0.031219647,2.054840688
0.031643268,2.07416779
0.041760468,2.081983992
0.035392517,2.063800135
0.033626712,2.071445779
0.036090364,2.062647515
0.032319707,2.068389396
0.040896913,2.072778989
0.035491812,2.077123023
0.037976068,2.042279305
0.046250019,2.047280569
0.03409242,2.078732546
0.041733539,2.044851483
0.041604945,2.064916242
0.04345106,2.034804547
0.050929966,2.070239377
0.037511969,2.069864052
0.034323536,2.058926008
0.033118306,2.094150642
0.029238027,2.084822449
0.029167103,2.063087642
0.031846943,2.062411991
0.0407291,2.090166966
0.033748275,2.054048098
0.031908736,2.066053894
0.028523486,2.084625741
0.030238731,2.086242007
0.03138353,2.063885167
0.028020698,2.085548922
0.033193735,2.103037228
0.047430707,2.093439794
0.048737051,2.106151833
0.044928137,2.104833755
0.041557171,2.069147448
0.047370931,2.105542465
0.047383719,2.076486187
0.035580696,2.071986234
0.037407584,2.081479063
0.036589965,2.109583706
0.047715654,2.084453539
0.064668501,2.090787519
0.067433125,2.065644359
0.038866265,2.147696468
0.042809784,2.143065595
0.039454512,2.110408533
0.044939192,2.08438298
0.039496648,2.076949669
0.061235898,2.098447637
0.058174273,2.098008497
0.053157549,2.088116165
0.043540965,2.13848982
0.051163732,2.128945676
0.053324735,2.101547769
0.038842201,2.116965537
0.038279884,2.090675185
0.057339388,2.151879484
0.06290552,2.173391596
0.057811895,2.217948042
0.035863259,2.179982317
0.037639733,2.13496387
0.035560163,2.155114154
0.029453632,2.151426528
0.035572151,2.149355662
0.03169955,2.12493256
0.036041927,2.093591602
0.032686732,2.126834843
0.0341841,2.127345857
0.029774414,2.132876063
0.037114287,2.115018189
0.03983473,2.145664088
0.030887516,2.238914107
0.030301166,2.218019423
0.026838661,2.208351102
0.027582408,2.221434026
0.026400883,2.165413883
0.027177219,2.256812441
0.025637573,2.257648617
0.025136854,2.172310358
0.028299072,2.178781343
0.026802988,2.232555785
0.029520371,2.179562914
0.023427733,2.219821049
0.027235714,2.191396179
0.025678596,2.138738173
0.027028006,2.204556898
0.027228259,2.146989732
0.02800754,2.168522732
0.027429737,2.191867885
0.02696856,2.150034766
0.026709411,2.173119889
0.026575102,2.141581565
0.025948101,2.118324405
0.026277652,2.120450534
0.025806959,2.152104153
0.025012896,2.134792326
0.026836338,2.153096083
0.029843566,2.116169657
0.027414567,2.159542233
0.036314418,2.157503603
0.034566885,2.230848731
0.030620378,2.228448262
0.026818302,2.16210849
0.029866179,2.177565402
0.029635959,2.173407386
0.030508262,2.199714185
0.029761829,2.190694542
0.029532856,2.184588684
0.037623846,2.171868092
0.030883559,2.230935572
0.026439891,2.190795034
0.02747618,2.153052498
0.032101869,2.166295288
0.034607014,2.170004625
0.045408719,2.12881821
0.036683889,2.177409976
0.038739894,2.158769709
0.04038329,2.184256286
0.034065775,2.215269451
0.034223761,2.171509379
0.027693141,2.217683242
0.027958371,2.183939184
0.027099647,2.189509357
0.028156811,2.212852536
0.028552734,2.210041545
0.032192786,2.175739434
0.029920002,2.143330231
0.028252955,2.162631017
0.026600382,2.187822039
0.025551264,2.110115115
0.02714738,2.122137358
0.025166567,2.139957075
0.025806915,2.132644651
0.026034051,2.117534281
0.024486791,2.115287923
0.027184478,2.103527683
0.026077497,2.104872899
0.026074195,2.117575564
0.026326505,2.132351562
0.02604016,2.106642289
0.026503834,2.157320217
0.028462248,2.139214977
0.026737649,2.139123695
0.02699981,2.115679695
0.023814034,2.123196722
0.024118137,2.154188671
0.023209461,2.117841515
0.022708962,2.134865351
0.02414187,2.127284673
0.024796273,2.112377591
0.026193504,2.126049818
0.032171297,2.141279923
0.029958082,2.158452607
0.031457908,2.121917459
0.032005638,2.132347121
0.051129085,2.16308973
0.028471549,2.110442414
0.026841739,2.134764201
0.033416137,2.149317833
0.047252974,2.142826946
0.0262157,2.12030843
0.026088476,2.163961102
0.029734609,2.120261062
0.027904938,2.147258808
0.025290853,2.128645679
0.026120807,2.151682118
0.027993938,2.119896428
0.029645835,2.146062275
0.027197055,2.139426653
0.031702051,2.18014498
0.02874549,2.173251466
0.030583022,2.123589153
0.026985447,2.166891993
0.031581824,2.182165519
0.029749951,2.14979694
0.028170544,2.212017018
0.025061397,2.220283709
0.022909656,2.225576252
0.021959651,2.113414094
0.021955819,2.163176077
0.022886168,2.151962707
0.021722282,2.113390245
0.022411535,2.151532119
0.022435949,2.075648203
0.021111486,2.138272388
0.020550704,2.098904047
0.022144875,2.162327073
0.020638492,2.156116282
0.021750191,2.151297418
0.02211079,2.105658089
0.020776126,2.075985864
0.020941788,2.100547122
0.021299653,2.057395431
0.023731985,2.068195813
0.022858526,2.062537648
0.021239477,2.094905404
0.021647776,2.080960976
0.022623503,2.08549662
0.020849754,2.062721198
0.023615596,2.069880664
0.020714189,2.042590651
0.019121177,2.083879203
0.019520797,2.075697215
0.019708881,2.137689006
0.020644904,2.096455059
0.019287782,2.098606517
0.020849091,2.105372894
0.021201029,2.10917746
0.020883504,2.113547974
0.020350683,2.111425956
0.02092037,2.117362901
0.0200352,2.140635522
0.020717723,2.124380427
0.021915621,2.110952442
0.02116861,2.101996942
0.02132606,2.140618417
0.022111438,2.137892952
0.023148773,2.151443798
0.024083136,2.137940813
0.023429761,2.144596994
0.023546291,2.143388783
0.022536621,2.18494822
0.022239467,2.17757675
0.02120165,2.163569659
0.022246891,2.150943967
0.02259368,2.129925929
0.022355347,2.122009235
0.022361708,2.131841205
0.022988991,2.199621423
0.025807483,2.16807323
0.021117897,2.159277434
0.020947591,2.163962582
0.020887536,2.186797214
0.024577353,2.166886565
0.024270068,2.141086339
0.02509276,2.164198764
0.028142561,2.138404459
0.027540971,2.154426168
0.020906885,2.151858761
0.020885956,2.149546449
0.020982226,2.113665571
0.020803714,2.157419723
0.020454407,2.179793833
0.020846179,2.115765221
0.021659739,2.143101944
0.021129349,2.177397311
0.020916575,2.148840206
0.019835683,2.162694997
0.020565415,2.188622853
0.020450926,2.166773737
0.022188588,2.161832012
0.023251882,2.195335283
0.022725438,2.143889764
0.024986603,2.132994976
0.022922233,2.129127582
0.022622494,2.131908639
0.023163339,2.149978023
0.024829304,2.133305828
0.027085572,2.135575541
0.02317459,2.097863433
0.023426684,2.082778392
0.024519346,2.126819876
0.021958803,2.113451429
0.022178458,2.118088223
0.021649986,2.104750368
0.021395383,2.072048075
0.022330946,2.140785191
0.021862833,2.107910532
0.021578641,2.119723897
0.021992532,2.139976154
0.022209617,2.113840569
0.022543807,2.166075225
0.023198924,2.122384724
0.023800953,2.114381024
0.024923976,2.118407627
0.02417965,2.073538027
0.023597491,2.113184326
0.024399361,2.096354731
0.025293508,2.084269495
0.02495125,2.149396615
0.024390775,2.121269933
0.026674641,2.113994515
0.0254328,2.145963263
0.024879185,2.170508238
0.026573092,2.075981423
0.026609793,2.077277462
0.026134669,2.0925301
0.026223368,2.066353891
0.025530091,2.147337426
0.025818716,2.105633747
0.026919982,2.13515219
0.026867898,2.121565654
0.02698714,2.097858498
0.027302513,2.090817124
0.028778826,2.113365245
0.026233684,2.095478753
0.025145712,2.076352472
0.028791082,2.113683992
0.027593682,2.11117086
0.027287898,2.10718554
0.026134227,2.152546747
0.023836631,2.132751886
0.023656393,2.162122963
0.022852531,2.145795008
0.024105712,2.103832779
0.023708355,2.138791133
0.023791283,2.169636208
0.025114213,2.155747536
0.026372049,2.130402075
0.029661439,2.141008709
0.026064902,2.165691347
0.024442653,2.15068295
0.023960679,2.195600083
0.025365017,2.183618793
0.025131794,2.109491108
0.025209011,2.124725983
0.023637782,2.087929819
0.024294426,2.102569305
0.0235933,2.140369242
0.022743948,2.15078739
0.023161085,2.157597681
0.023718787,2.129390408
0.024211082,2.144456699
0.023410301,2.115311113
0.022706577,2.159450294
0.022945789,2.182726039
0.022569654,2.16460353
0.022639514,2.210532494
0.025066159,2.146301581
0.023699261,2.168195598
0.02281479,2.152370762
0.023028248,2.17638071
0.023274437,2.2108343
0.022973531,2.149720131
0.023419766,2.149094316
0.02355673,2.15488817
0.023195329,2.119982118
0.023311312,2.176838107
0.022545053,2.139735202
0.022768033,2.152378656
0.02384986,2.125232885
0.023617438,2.150980974
0.023943052,2.134355982
0.023662465,2.115420816
0.023954956,2.153848871
0.022443504,2.108897693
0.022639362,2.130984635
0.023643697,2.130374115
0.0226048,2.143425624
0.023638992,2.16289812
0.025624775,2.161905531
0.026317775,2.187387668
0.025364396,2.168179973
0.025253711,2.169464006
0.026386139,2.164162909
0.026279538,2.128125619
0.025342734,2.156407233
0.024907834,2.152651515
0.031217036,2.139557901
0.035772036,2.151151367
0.024369587,2.144138117
0.025061019,2.234577804
0.025431462,2.160195023
0.02459249,2.190920526
0.025541717,2.216766804
0.024694432,2.155279284
0.029954808,2.197955815
0.037991508,2.114345334
0.024991646,2.145528234
0.024759234,2.142645534
0.023185831,2.101035604
0.024112581,2.118689203
0.024868225,2.165154017
0.025043503,2.135797414
0.023727203,2.133908618
0.023526347,2.14602017
0.024646905,2.085966681
0.02349492,2.102491345
0.024354931,2.078735013
0.025212573,2.096438612
0.023797163,2.073363522
0.024389632,2.078624816
0.024880396,2.074934559
0.023691985,2.083508154
0.024494429,2.086879007
0.024872953,2.09235099
0.025351857,2.137335885
0.024074483,2.138859389
0.024772063,2.102583943
0.02439334,2.125283543
0.024459157,2.147769165
0.03359629,2.095135007
0.024237439,2.13610399
0.023413187,2.15693009
0.022824717,2.179259628
0.023641734,2.174040932
0.023963693,2.128996169
0.025173904,2.127905226
0.024854193,2.108592927
0.025669954,2.094110182
0.024980803,2.077097365
0.025659836,2.08085555
0.026026226,2.091652971
0.02714538,2.078663138
0.025422058,2.085021625
0.026857431,2.049702584
0.026311561,2.060151488
0.025657485,2.045308221
0.027021754,2.04888302
0.026294508,2.06760322
0.026823956,2.075977146
0.025880832,2.071735908
0.025346394,2.048447498
0.025440878,2.091433236
0.026081555,2.07881067
0.028036364,2.069796783
0.027768724,2.082938587
0.0270844,2.062724817
0.028198641,2.061589631
0.027635949,2.088817145
0.030862375,2.094817083
0.029053898,2.087816826
0.031215553,2.10560924
0.029919809,2.121929466
0.03231989,2.136642471
0.03383711,2.085589876
0.03173244,2.060903125
0.028974481,2.075896062
0.032056771,2.09032157
0.030359009,2.108557401
0.041893981,2.074524037
0.034026353,2.073904142
0.031686847,2.093414466
0.041012468,2.03387084
0.036831289,2.075273042
0.032437649,2.09736278
0.044256773,2.064415095
0.031926057,2.096435158
0.030268439,2.098470992
0.028311348,2.096432197
0.029337633,2.120529974
0.026403702,2.119136732
0.025976987,2.122726333
0.02696479,2.079457374
0.026609739,2.090151506
0.027727082,2.098201423
0.0269829,2.072014359
0.027783002,2.078321859
0.029118648,2.061112827
0.030167669,2.092715789
0.029183607,2.115848114
0.031848225,2.070202206
0.029394198,2.077638313
0.028813681,2.076075336
0.029688462,2.052033974
0.029600775,2.078174492
0.029988158,2.050537443
0.028488212,2.084230515
0.026835248,2.075533072
0.027395221,2.092035039
0.026134795,2.077940613
0.028550156,2.049340087
0.026820376,2.078775308
0.026369741,2.078728763
0.025266216,2.078915767
0.025655552,2.071555317
0.025713585,2.06530752
0.025966353,2.052669823
0.025712686,2.024732777
0.025985383,2.030415284
0.025891487,2.042175195
0.028604129,2.048797494
0.02616282,2.007274241
0.02700102,2.046690444
0.027711141,2.055461899
0.026769413,2.056053998
0.028066783,2.069666192
0.027859764,2.076859703
0.028265011,2.082832667
0.025696256,2.137629303
0.026258524,2.092736019
0.027172151,2.123121394
0.029593767,2.110351461
0.029051456,2.111864274
0.030016285,2.111983681
0.030088208,2.083622297
0.031158466,2.080160656
0.030845314,2.082426751
0.030504469,2.074800021
0.030027662,2.084008807
0.031012659,2.067503057
0.029950406,2.075287844
0.029492712,2.056590834
0.029055399,2.065818864
0.031171801,2.04895917
0.029026855,2.083429536
0.030205279,2.067152731
0.02962909,2.079027937
0.030106778,2.10303657
0.03129433,2.071793473
0.034411346,2.089060892
0.034316544,2.059066467
0.029727387,2.057225367
0.030031152,2.085233794
0.031930957,2.085575896
0.030672058,2.07509755
0.032631662,2.080951273
0.032297288,2.062281236
0.029816539,2.076220894
0.031111727,2.072201363
0.029420454,2.056397415
0.031065233,2.072240343
0.033741588,2.075209885
0.033364027,2.094518895
0.030030823,2.124690128
0.030566976,2.102642495
0.032117245,2.100533471
0.031799881,2.120919772
0.029665777,2.162081516
0.029235205,2.13530663
0.028997821,2.087588375
0.032790917,2.093792422
0.030938228,2.08744956
0.02986706,2.094843234
0.029489273,2.100790211
0.030597339,2.129787772
0.031042415,2.117097115
0.032044302,2.110894054
0.031171806,2.144645513
0.029655858,2.096913113
0.029986423,2.103406303
0.032399939,2.131195653
0.032109661,2.151498731
0.032227557,2.122416467
0.030346208,2.118184932
0.030896215,2.112963276
0.031107269,2.115222956
0.030154246,2.09107995
0.031056524,2.104719118
0.029813566,2.134314206
0.028781059,2.137025526
0.02997676,2.171737337
0.028206744,2.13213857
0.028595694,2.169654629
0.028578623,2.097592547
0.02963288,2.104232939
0.032473712,2.110907705
0.029850896,2.080899793
0.029680986,2.093837488
0.031876738,2.078110348
0.029801796,2.083245821
0.031941566,2.055903835
0.028418931,2.121267302
0.031456512,2.087722584
0.029926142,2.101576223
0.029436873,2.119947414
0.027112116,2.114200105
0.027404156,2.078378437
0.028863624,2.118375391
0.030213854,2.090094105
0.030676946,2.129973626
0.027701707,2.128778079
0.037626696,2.133917993
0.030075557,2.119284756
0.034923057,2.085184781
0.033825089,2.112745186
0.034170832,2.083590719
0.031076541,2.110531558
0.032594188,2.103039859
0.033927778,2.106376502
0.033288404,2.10899358
0.031206828,2.098092378
0.030574657,2.105778153
0.029084705,2.135192322
0.029561361,2.112009338
0.030051829,2.123939807
0.031089485,2.141398672
0.028902154,2.127097504
0.03336972,2.147754362
0.02989352,2.128888111
0.029570229,2.10812007
0.030954793,2.143233686
0.034520982,2.147179697
0.027340362,2.104160242
0.026679123,2.080788281
0.026438667,2.095221355
0.028037643,2.064077105
0.029335219,2.063607702
0.028493709,2.083312597
0.029896704,2.095484839
0.031892807,2.105925356
0.03381557,2.103389033
0.031946567,2.114497635
0.031024565,2.110731227
0.034479302,2.130287274
0.032265876,2.093526142
0.032420781,2.10548934
0.030046242,2.086293487
0.030398988,2.122563176
0.031341814,2.135654981
0.03022094,2.091223534
0.033362922,2.110090115
0.032582225,2.071507949
0.030337,2.080228254
0.028521194,2.108883713
0.026934622,2.095468885
0.027948554,2.075949844
0.029651638,2.093223349
0.030892234,2.091593925
0.027916384,2.086811738
0.032998301,2.087847583
0.031789884,2.069738724
0.029381133,2.107750501
0.029828725,2.10831941
0.031247309,2.093128778
0.031409638,2.082076919
0.033861244,2.104168466
0.037458881,2.096909989
0.033645883,2.083057336
0.036660413,2.111956707
0.035833384,2.108883713
0.037341463,2.117477209
0.037034304,2.13578623
0.042841586,2.156023849
0.04630525,2.152367637
0.04570189,2.136406289
0.038493042,2.179668998
0.035836789,2.123399023
0.041261728,2.138635214
0.057017542,2.132420969
0.054172824,2.092368753
0.046252368,2.122415645
0.04002258,2.128621008
0.037630358,2.104856781
0.038335982,2.132421133
0.037240658,2.108681741
0.038634288,2.139925825
0.036643683,2.084447618
0.038077607,2.120035407
0.038639155,2.086042996
0.034664181,2.106174202
0.032202172,2.082978061
0.033545928,2.075399356
0.031946556,2.112205225
0.03326409,2.116000415
0.03093757,2.063554578
0.031243236,2.112258514
0.031478857,2.088046594
0.031656852,2.068271799
0.027499995,2.066759479
0.029845972,2.097539258
0.026954804,2.084138904
0.029703891,2.088034258
0.02820733,2.107316953
0.028975049,2.084934126
0.029975853,2.122290317
0.032934586,2.155906251
0.034985885,2.139047545
0.033798891,2.101095965
0.03162847,2.100330183
0.030535993,2.102439372
0.032123893,2.122464
0.03362745,2.090339004
0.032789899,2.098953717
0.03517536,2.091434881
0.042564849,2.08517886
0.035725912,2.149994306
0.036122402,2.145454386
0.033600407,2.130511778
0.034490964,2.122321567
0.035719916,2.068197293
0.034848857,2.072460736
0.037671541,2.090307754
0.033128318,2.068919161
0.03464824,2.119384097
0.032658291,2.132325904
0.034968696,2.105138851
0.032981887,2.074689989
0.034851869,2.092867103
0.035607677,2.104847735
0.033413032,2.081040087
0.035338526,2.079627109
0.035411459,2.075815635
0.036037314,2.105954138
0.035585491,2.099185458
0.03863601,2.097347484
0.036860026,2.091002484
0.035486317,2.086438058
0.03993303,2.100495478
0.037619082,2.118174735
0.045719751,2.107095409
0.039673224,2.113330542
0.044040029,2.091001168
0.046437907,2.136910231
0.051459854,2.185246737
0.042169446,2.134864858
0.036658167,2.152827829
0.03566912,2.137899037
0.038021992,2.108873845
0.037277014,2.107951157
0.038921613,2.124319902
0.040745172,2.12519555
0.045552267,2.116584949
0.038366255,2.134425389
0.040622808,2.093322855
0.035921993,2.13520219
0.036334522,2.127278095
0.036458131,2.132305838
0.033644945,2.101956811
0.035296722,2.146522467
0.037545995,2.105453979
0.034366091,2.084320317
0.030802273,2.103435743
0.035543338,2.098732831
0.034118453,2.067832659
0.035024007,2.119231303
0.033023249,2.131296474
0.032240123,2.131210455
0.03105812,2.148252548
0.030213171,2.128726764
0.02874991,2.122636366
0.032660118,2.095587963
0.035064115,2.084849587
0.038486782,2.066542047
0.036453472,2.071464529
0.032531229,2.070328685
0.034914248,2.062304591
0.032443755,2.087597256
0.036335517,2.09333996
0.037358109,2.068669163
0.036128184,2.053978033
0.031761459,2.078759354
0.032939374,2.076077639
0.037356274,2.080242892
0.034028011,2.083180855
0.036288069,2.073340825
0.038228682,2.06746934
0.030734843,2.085607474
0.026325274,2.082161786
0.03453081,2.08584711
0.02896278,2.02622536
0.028995207,2.052589067
0.030782496,2.060741449
0.03509978,2.071492654
0.028701817,2.096366738
0.026660139,2.07506038
0.02761345,2.066058006
0.025906701,2.074151672
0.026129077,2.076382077
0.033309099,2.077385685
0.025805743,2.076559213
0.024371185,2.068578375
0.025593114,2.079903093
0.025308922,2.099838248
0.024780535,2.080910155
0.025222413,2.11303219
0.029082891,2.078201301
0.028777212,2.069404024
0.026946331,2.053813232
0.02962432,2.077719234
0.033610668,2.084451236
0.030367885,2.108972199
0.029769567,2.047436489
0.027906068,2.079966743
0.027054893,2.097486298
0.026676142,2.103080977
0.028836648,2.075570901
0.028230189,2.083089079
0.029913444,2.099643513
0.030634936,2.05522177
0.028267002,2.079744706
0.026534079,2.089484243
0.028516326,2.075776984
0.027684586,2.079368065
0.027884728,2.106112525
0.025942517,2.121942459
0.028559508,2.096283679
0.029409116,2.103403342
0.027455168,2.0851884
0.028733589,2.079092904
0.030097586,2.101245141
0.026936234,2.079735331
0.033146084,2.122561367
0.027279929,2.106293937
0.02985686,2.108407238
0.026752588,2.106895247
0.027795487,2.115959955
0.030067991,2.112433018
0.028591153,2.130510956
0.026910147,2.142888952
0.027971127,2.12941952
0.027655305,2.081871658
0.049425736,2.150909099
0.031987495,2.146553717
0.03679602,2.146942858
0.03406603,2.135885407
0.033714065,2.137793117
0.02920761,2.166342821
0.031874538,2.144390253
0.030928763,2.128534167
0.03048476,2.148675076
0.033509125,2.168660231
0.030691188,2.195200252
0.031297915,2.179216207
0.033651213,2.189327122
0.037002073,2.190269546
0.035576484,2.15547846
0.033377933,2.177282839
0.034823929,2.182107953
0.029521304,2.187281913
0.029950882,2.174796845
0.027494123,2.207636142
0.027297286,2.176625773
0.028259282,2.171569247
0.027862262,2.160674788
0.029676311,2.160948633
0.032642813,2.144559988
0.034219647,2.173432714
0.031052471,2.188768411
0.026350562,2.181509933
0.026812206,2.169920415
0.025822848,2.216550195
0.026418031,2.199844611
0.027541401,2.176324296
0.025343875,2.178580687
0.027776061,2.157790771
0.029849729,2.172158714
0.025923338,2.177908984
0.026256998,2.217266635
0.026529065,2.169969428
0.025803155,2.158615763
0.024307843,2.135130151
0.02570468,2.13336438
0.025872938,2.137792295
0.025525516,2.119932283
0.025392965,2.131742193
0.025932281,2.135489194
0.025600225,2.146546316
0.02493914,2.149929504
0.026115847,2.142337478
0.024780821,2.128858341
0.025223433,2.117567176
0.027020903,2.132360443
0.026753433,2.097351925
0.02667,2.130497469
0.024167045,2.111571843
0.02471026,2.117968652
0.027154771,2.136563689
0.026808192,2.11449155
0.027844864,2.084595478
0.028260778,2.084906824
0.028256676,2.086567333
0.027907757,2.123965793
0.028213847,2.097683007
0.033987921,2.090027988
0.032289994,2.117491189
0.038743531,2.137538843
0.037912708,2.076730593
0.032012769,2.085793163
0.044025988,2.083979037
0.028990463,2.099039407
0.031167669,2.1146626
0.026343173,2.105372072
0.026980559,2.073527336
0.02771535,2.096696339
0.026946544,2.102985912
0.028102769,2.102031153
0.028449952,2.124274178
0.027093492,2.115950087
0.027480042,2.08798393
0.027596085,2.145607839
0.029482483,2.137082598
0.029202491,2.11938015
0.028497124,2.132016532
0.029492709,2.116516035
0.028144355,2.145754548
0.028232062,2.085208794
0.029123539,2.092901149
0.027939464,2.073719275
0.028364778,2.064814269
0.026834241,2.054383785
0.027726884,2.091030115
0.028169244,2.086578517
0.027033791,2.068197622
0.025769367,2.063463625
0.027332845,2.056588038
0.027306247,2.073541317
0.026000614,2.05270946
0.028800919,2.102278354
0.027933412,2.067138751
0.029697669,2.07599935
0.029498131,2.050777901
0.028176129,2.06474848
0.027394728,2.092921872
0.029346933,2.086103028
0.029701128,2.095747994
0.029052197,2.071722914
0.028756743,2.086243323
0.027293729,2.103000715
0.026615981,2.103652682
0.026233188,2.089053162
0.025506821,2.105545261
0.02749174,2.102388715
0.022852109,2.093796041
0.023802279,2.107964315
0.022647133,2.071900051
0.022629355,2.095598325
0.025137393,2.096400454
0.024292804,2.10619032
0.026666769,2.11159158
0.027848418,2.034021496
0.027174191,2.09735801
0.025469131,2.085007809
0.027088118,2.058951994
0.027092449,2.096132529
0.027445555,2.083612923
0.028498399,2.123410207
0.027735272,2.044252969
0.026452923,2.085459943
0.032677069,2.114484477
0.028670786,2.10875378
0.028495698,2.097872972
0.02818775,2.054484113
0.02577225,2.088212381
0.029088876,2.078789946
0.027316835,2.077289304
0.025665199,2.046376302
0.026042878,2.058371737
0.026601726,2.103732286
0.030290244,2.092221386
0.027067475,2.080827919
0.028644129,2.090576502
0.025731983,2.101741188
0.025370473,2.09796228
0.026280792,2.057527667
0.025706104,2.076713816
0.024068518,2.050493529
0.025193535,2.044749345
0.023456094,2.06242959
0.02454542,2.087936233
0.024200237,2.080517231
0.026069644,2.120207773
0.025180871,2.061096051
0.025210365,2.121076514
0.025724725,2.116129855
0.025029808,2.082358495
0.026145925,2.107053469
0.025413529,2.097607185
0.026446074,2.069043995
0.02597396,2.048302434
0.027298329,2.071050717
0.026785762,2.131063911
0.028733694,2.102756967
0.027925032,2.110559354
0.028030301,2.109576469
0.026103474,2.114082343
0.02660086,2.128289433
0.02943161,2.097369194
0.026516044,2.080172498
0.026682875,2.095812631
0.027473322,2.092016454
0.027325369,2.093594562
0.025524473,2.124883547
0.028237104,2.141232062
0.028511865,2.08987766
0.028179467,2.108503618
0.026973641,2.114346156
0.028173587,2.110063306
0.027571787,2.097237452
0.028914785,2.064676606
0.030051708,2.072462545
0.029320242,2.092149512
0.03028817,2.081596167
0.026616752,2.057732106
0.026657518,2.031669054
0.027444303,2.072910073
0.026995549,2.041285566
0.027112342,2.061728281
0.025657076,2.053414387
0.027455228,2.080193057
0.028586145,2.047984016
0.032691496,2.078829091
0.027912113,2.062004265
0.028173343,2.080191083
0.027017313,2.06724204
0.025699782,2.06675438
0.02693591,2.039237561
0.027926725,2.055687554
0.02924816,2.067498452
0.028488523,2.082159155
0.027511713,2.09520096
0.028257938,2.063497013
0.02810858,2.092425496
0.028369013,2.08970809
0.027475142,2.116621297
0.027997461,2.081753073
0.027546643,2.062884026
0.032315796,2.082564414
0.046578459,2.102564371
0.035753846,2.06644139
0.026243408,2.072592149
0.035611897,2.080024637
0.027585644,2.065764424
0.028303428,2.070021287
0.030585561,2.066532014
0.028566292,2.093278118
0.028902108,2.098019023
0.02861971,2.057473391
0.035109232,2.06472973
0.027721891,2.059683401
0.028725481,2.099748775
0.02897609,2.083128882
0.0281781,2.081102916
0.027297108,2.079271356
0.028370766,2.085279024
0.028955513,2.093999986
0.026462662,2.044869739
0.026323072,2.04456119
0.028164613,2.049836628
0.028831799,2.058591143
0.025886905,2.05391652
0.025379637,2.091596886
0.025260416,2.056090511
0.026810742,2.059173045
0.027842718,2.061469073
0.026211429,2.088051857
0.03037385,2.077194568
0.026002128,2.076167441
0.024824018,2.079149318
0.025649109,2.043523536
0.026085024,2.045954432
0.028895403,2.047903425
0.027966178,2.083799434
0.027114586,2.060731745
0.025499193,2.046443078
0.025742702,2.031838789
0.025514016,2.06141085
0.025073951,2.065246995
0.025740677,2.059023868
0.024647159,2.055429004
0.024717566,2.046023839
0.024602037,2.040646756
0.024673277,2.046226304
0.025087713,2.055937058
0.025234789,2.024214032
0.025252526,2.046080911
0.024777195,2.056165839
0.027776082,2.042079965
0.025079137,2.057129316
0.025571977,2.044225667
0.024952768,2.076313327
0.024939598,2.047906879
0.0254919,2.039104009
0.025349711,2.027815969
0.026968953,2.030677616
0.02674328,2.025148726
0.026938364,2.025716155
0.025771849,2.011835213
0.026915945,2.012829775
0.026694784,2.019636448
0.028584081,2.014705907
0.027007376,2.009829313
0.026377553,1.999047517
0.025321373,2.014158709
0.026071643,1.974477871
0.026031083,2.011866956
0.028852037,1.990303529
0.027974813,2.00351178
0.028070101,1.997626808
0.029476683,2.061739794
0.028424037,2.03103304
0.029855136,2.005454358
0.029599899,2.017892881
0.029948466,2.040161729
0.027128535,2.034298467
0.026078882,1.994679141
0.026696811,2.005154033
0.026636861,2.033191077
0.026744205,2.057984241
0.027196475,2.030678603
0.027669,2.052228873
0.027333739,2.066216886
0.027985054,2.04769767
0.027740407,2.049383179
0.027801814,2.093208382
0.032017015,2.056784747
0.029335001,2.079523656
0.030101615,2.088464024
0.03045892,2.045712987
0.029970086,2.048638943
0.031185933,2.057005139
0.033402187,2.033016901
0.032096079,2.00791782
0.032361527,2.065683668
0.030012877,2.039998737
0.030869419,2.032583353
0.03222355,2.024602022
0.028942686,2.059063835
0.030310736,2.018174457
0.029749069,2.058691142
0.029980744,2.036114731
0.029152671,2.048704403
0.028740697,2.034225935
0.030876075,2.065485643
0.029572851,2.073846083
0.028944632,2.069637739
0.028896311,2.056731458
0.027851888,2.084258475
0.026411044,2.023323252
0.028996327,2.057848881
0.02798124,2.060042443
0.027622652,2.043855769
0.029804954,2.048080561
0.028459126,2.068665051
0.029287469,2.035603059
0.028726033,2.038270301
0.029021523,2.042753642
0.028393116,2.029419241
0.046955177,2.057763684
0.030588349,2.012635534
0.028876463,2.038301057
0.029808801,2.031004751
0.02904469,2.014165946
0.029136113,2.062274986
0.027802222,2.047216261
0.029068592,2.059063671
0.027703704,2.050403399
0.038274359,2.110325803
0.040528591,2.073061552
0.028891243,2.085133137
0.029826032,2.09326973
0.042700767,2.098921152
0.040540055,2.113438107
0.033137041,2.091814482
0.028672405,2.093747521
0.035531208,2.099987588
0.038101894,2.09794205
0.038008801,2.060903454
0.039289318,2.075935206
0.045085603,2.069838065
0.028027521,2.060267112
0.029272417,2.089130957
0.027419075,2.070206154
0.03041,2.065155713
0.027999424,2.076612502
0.027473538,2.104631126
0.026529962,2.084887909
0.02705846,2.094323667
0.028352666,2.065231205
0.028370712,2.068953864
0.029704449,2.072121594
0.030125153,2.042817458
0.03132337,2.095163296
0.027646061,2.092294247
0.028942584,2.093922848
0.030412395,2.098472308
0.031605763,2.125202129
0.030573927,2.097953563
0.029988656,2.114982663
0.031427395,2.180455832
0.029615852,2.150435256
0.02970917,2.14115328
0.025600701,2.098711779
0.026627646,2.07398243
0.02643692,2.094997015
0.031138917,2.069705994
0.0267511,2.080118057
0.028898878,2.05090142
0.032350171,2.039085917
0.030945955,2.048494208
0.033837907,2.037174095
0.035634008,2.036422623
0.036463096,2.030062985
0.034593463,2.026189176
0.028017023,2.008291171
0.032603311,2.036319334
0.030053761,2.023432955
0.028117934,2.029140461
0.026116863,2.05806878
0.028873194,2.080173485
0.031513851,2.015262316
0.029904547,2.08184123
0.028580686,2.017312952
0.025632328,2.066339089
0.031836656,2.034841225
0.028232764,2.069571127
0.027935496,2.059901162
0.033575209,2.024633107
0.033189404,2.049744524
0.033465609,2.085068335
0.028168877,2.081816066
0.029215828,2.048255724
0.02905179,2.084229692
0.029416307,2.050326919
0.033167884,2.058566965
0.031016018,2.064113125
0.028215612,2.083262762
0.029717077,2.05578377
0.030612118,2.089991804
0.030770983,2.046677779
0.030553456,2.018572643
0.02938168,2.030205911
0.030592238,2.038047935
0.031493405,1.983364949
0.034492084,2.02990871
0.026695364,2.017720514
0.028264368,2.014969062
0.026529091,2.01498995
0.028665567,2.014569724
0.026852446,2.053827541
0.027951226,2.029693416
0.027998864,1.992137885
0.029674415,1.971963094
0.027393491,1.985876601
0.029430837,1.988934957
0.029634068,1.981512502
0.026007134,2.011189661
0.026925101,2.00452575
0.031804306,2.003693686
0.022990985,2.007331971
0.026530728,2.014486008
0.027040034,1.983908529
0.027225537,1.99709655
0.03080536,1.984455563
0.028561428,2.009803326
0.026040332,2.004283811
0.024832113,1.984276453
0.026412028,1.973245647
0.027233918,2.002298635
0.025787767,2.006479019
0.024886049,1.979597061
0.026020605,1.993891649
0.026727827,1.97955216
0.026507327,1.996708068
0.028482494,2.007349569
0.030545597,2.011339988
0.030326271,1.980715306
0.024981389,2.019520495
0.024899963,1.999325968
0.025273283,1.9893639
0.032098056,1.999935501
0.026620805,1.992733438
0.026708455,2.007160262
0.029257499,2.006592669
0.032106505,1.994185232
0.033337666,2.034506195
0.035213589,2.032281054
0.031346208,2.012688987
0.029944637,2.008923566
0.028524763,2.018827575
0.032399977,2.034709483
0.026903057,2.019196321
0.030552767,2.040994779
0.029696148,2.006966843
0.031296589,2.020167364
0.033446559,2.024096435
0.033392255,1.997426646
0.032557626,2.003645989
0.031424242,2.000609672
0.028033244,2.03047729
0.02976069,2.005170644
0.032000046,1.99426533
0.028396205,2.000011487
0.028951925,2.002527744
0.02936889,1.99558127
0.032871084,2.012292445
0.03436109,2.039611734
0.036088614,2.017921828
0.030274041,2.019235794
0.034592086,2.029186678
0.033088187,2.03001463
0.034456424,2.005549752
0.034145981,2.030219891
0.030414251,2.022186257
0.028699605,2.000373655
0.030314257,2.014747354
0.029135139,2.014750808
0.031133196,1.998334531
0.030133294,2.033170847
0.030158384,1.998287656
0.027220724,1.987044023
0.026109775,1.998841598
0.028420933,1.996413663
0.027557216,2.012427806
0.028831951,2.009382772
0.028302341,1.979663508
0.027541763,1.978554473
0.024079448,2.001888935
0.027108796,2.00979757
0.028474977,2.004856832
0.030948209,1.997636841
0.030501233,2.010201184
0.028806851,1.999851127
0.026375263,1.997193589
0.025663591,2.016062472
0.026250822,2.001956862
0.025919504,2.009179484
0.027832308,2.009454975
0.02971653,2.005260281
0.025019046,1.998470549
0.022927479,1.993250702
0.024373113,2.031230078
0.024054605,2.026648875
0.027242128,2.021532317
0.028170223,2.023382626
0.024738079,2.038256156
0.023432544,2.038479838
0.024540604,2.026714664
0.023507507,2.004183977
0.023061721,2.021939878
0.022299419,2.042775682
0.022457497,2.023559927
0.024143299,2.016717893
0.02517084,2.028708722
0.024975386,2.018320179
0.023885006,2.019856676
0.024550208,2.005780013
0.027896578,2.01596198
0.027220747,2.009244944
0.027012687,2.021742018
0.026144602,2.048729732
0.028851602,2.045028619
0.028212654,2.0472258
0.029822946,2.066491883
0.027669375,2.062863138
0.028355038,2.066364911
0.029802631,2.0328771
0.030593399,2.076877137
0.029595155,2.068897944
0.030015242,2.058982915
0.029987968,2.050619021
0.028743809,2.04850901
0.030586833,2.081295183
0.028567449,2.070519637
0.029599469,2.060103956
0.032520833,2.084793338
0.032880066,2.117644806
0.029102641,2.092098854
0.026790118,2.068345482
0.027725576,2.081135152
0.027421012,2.10043232
0.027640778,2.080167235
0.027784249,2.060986019
0.027478948,2.086130989
0.028910057,2.056985238
0.029072727,2.057956281
0.022664917,2.080275293
0.022788207,2.092069578
0.023180349,2.088812046
0.023566493,2.084303211
0.02526111,2.101679182
0.023576333,2.039987059
0.02392277,2.052608474
0.02416558,2.066047973
0.023814836,2.061218911
0.024730528,2.068179201
0.02603345,2.055476372
0.023929007,2.075271562
0.02505938,2.105514505
0.025516918,2.07141601
0.025165914,2.081744192
0.024061384,2.085014553
0.022409721,2.061826635
0.023024417,2.072336559
0.024328556,2.072770107
0.023310647,2.064352267
0.024790003,2.066334977
0.024622157,2.079554576
0.025050308,2.071259103
0.026482607,2.04998087
0.024858292,2.076636515
0.024313404,2.085090703
0.02470486,2.039079174
0.026203637,2.050650271
0.028360582,2.04717136
0.026470136,2.064301281
0.029026117,2.047136821
0.028091212,2.052572291
0.028956782,2.051784305
0.029123893,2.051587597
0.031099878,2.078330576
0.029650643,2.047264451
0.028844309,2.049395679
0.025947169,2.066953556
0.026488513,2.027823205
0.025715672,2.027694753
0.028350955,2.009534744
0.02612679,2.024305314
0.026944355,2.045283222
0.027430012,2.064683185
0.025971636,2.070988711
0.025332126,2.025824871
0.025807897,2.049856036
0.026378972,2.067973776
0.025723389,2.043860539
0.023590378,2.041126192
0.023979598,2.040057453
0.023182479,2.059450015
0.024129304,2.048374308
0.024735563,2.052488081
0.025189487,2.029484701
0.023795806,2.03965203
0.028634797,2.064604074
0.024979732,2.048548813
0.026781188,2.028325503
0.024096964,2.035644341
0.023798484,2.03113896
0.025613964,2.028814807
0.023603096,2.024969288
0.024981734,2.020466209
0.023206374,2.03271822
0.024473071,2.03265276
0.02468774,2.029953611
0.025420707,2.054281648
0.025137743,2.040494126
0.025102862,2.023737228
0.024821193,2.063234022
0.025904432,2.047972338
0.027485367,2.030525644
0.028781381,2.050934314
0.026808149,2.034453235
0.028563054,2.025802338
0.026013202,2.018841555
0.028631544,2.02655414
0.026792344,2.028225504
0.030117965,2.015198994
0.030104912,2.05216769
0.028479541,2.053936915
0.026929228,2.039786239
0.026582372,2.027669424
0.026143486,2.01774206
0.025583768,2.024358603
0.027059909,2.051735786
0.030910684,2.048049805
0.027302706,2.06500851
0.027039705,2.082609315
0.02709757,2.055634759
0.028373457,2.078279425
0.026371195,2.053360934
0.026247209,2.040791327
0.026347216,2.076892926
0.024078366,2.092355266
0.025094829,2.09601411
0.027998497,2.083438911
0.027491126,2.070629998
0.023736205,2.067158324
0.025717512,2.06132368
0.026670354,2.064858183
0.025524614,2.029976801
0.025866593,2.023599729
0.024392713,2.030968567
0.024014402,2.022677699
0.024943571,2.016144708
0.024942019,2.012551653
0.027819885,2.057230466
0.02699982,2.046206896
0.028279674,2.05883637
0.03009343,2.053659944
0.034361794,2.045125986
0.029389094,2.084276731
0.028769148,2.059475344
0.028704701,2.067554865
0.027934453,2.07764407
0.027055065,2.09278092
0.029839665,2.075827806
0.027946241,2.084042194
0.028940746,2.059638171
0.028584533,2.022678522
0.028503454,2.040019131
0.028056046,2.076815131
0.028230263,2.059044098
0.028778831,2.055598411
0.030182291,2.043795408
0.029384224,2.051819009
0.029348886,2.064152927
0.030524028,2.063477934
0.028517668,2.071851202
0.031629722,2.055667653
0.031242059,2.069748099
0.033932985,2.074189665
0.03476465,2.059537679
0.033464987,2.079081391
0.031777068,2.082953719
0.034760608,2.056258766
0.034563802,2.051110628
0.032267845,2.071668474
0.032986364,2.053527215
0.034044325,2.064865749
0.03340955,2.049714919
0.033770869,2.045398023
0.033216218,2.067213422
0.036713545,2.066182182
0.043169674,2.050539746
0.041411526,2.040560244
0.041212293,2.053394815
0.041379636,2.024049396
0.041845377,2.04881131
0.03707119,2.034952901
0.031024311,2.009185076
0.034957034,2.0170396
0.036339287,2.050729382
0.025690235,2.025776187
0.025149531,2.035521974
0.026531771,2.021363897
0.025539946,2.019909965
0.025514235,2.032897495
0.024795754,2.016974469
0.023935928,2.058610221
0.022882662,2.03624894
0.022172174,2.058493282
0.02375264,2.056252022
0.024376053,2.041516155
0.023007982,2.041823553
0.021955177,2.047814445
0.021630933,2.03344716
0.020876609,2.041145435
0.020886777,2.062952775
0.022913701,2.049300779
0.023582992,2.042318285
0.025614241,2.056882937
0.025583328,2.059263833
0.026146396,2.094364785
0.025032229,2.081805869
0.02667903,2.063594874
0.023722043,2.063789773
0.02408043,2.136317803
0.021833131,2.117627372
0.022170021,2.071829821
0.023137263,2.114982827
0.022214906,2.094276792
0.024123203,2.107113008
0.026027937,2.092736019
0.026839146,2.141976626
0.029396467,2.130903386
0.026151515,2.082487112
0.027042742,2.143786476
0.027116235,2.150865679
0.026489862,2.15622911
0.025568621,2.143690918
0.022620582,2.122586696
0.022089681,2.12939748
0.02274677,2.185463017
0.023193538,2.156495226
0.022483006,2.173771691
0.022573154,2.187349346
0.021981459,2.263093297
0.019118818,2.185224368
0.018927192,2.161333498
0.019817017,2.14140229
0.020422713,2.108031584
0.023135559,2.083990715
0.019806115,2.066778064
0.019669639,2.067836606
0.019939913,2.063869871
0.022677607,2.122525019
0.021675058,2.041605135
0.023008584,2.060024351
0.022918137,2.05938324
0.024912242,2.093555089
0.022799154,2.111953911
0.024086196,2.083830519
0.023930439,2.060981085
0.024381462,2.019824933
0.02407464,2.055108942
0.023808426,2.059406759
0.022771914,2.037503861
0.024700718,2.025399875
0.023551914,2.047689282
0.023737243,2.042003486
0.02354238,2.051905357
0.024368741,2.109027297
0.026337733,2.040148735
0.02487901,2.033150288
0.023655118,2.051512927
0.023741191,2.079084516
0.022910152,2.078359852
0.023069988,2.035321483
0.023497618,2.048433847
0.025195773,2.025488526
0.025391775,2.019438753
0.02685482,2.046198673
0.031745929,2.055507129
0.027950563,2.050443859
0.02905205,2.054348424
0.0298847,2.034559813
0.029255116,2.019859637
0.034131194,2.03402347
0.03310327,2.026176018
0.03099589,2.022297605
0.0344925,2.010061054
0.039563274,2.018928232
0.037692136,2.030600973
0.028843957,2.032952264
0.030000665,2.044558394
0.029568767,2.020950744
0.027007543,2.006635267
0.026016352,2.034973789
0.026024771,2.02281783
0.026055193,2.002827083
0.028758442,2.044219252
0.026602075,2.039785252
0.025450232,2.042394271
0.025817829,2.052339563
0.023381013,2.026916636
0.028937441,2.018793858
0.032752485,2.011576005
0.033403994,2.021528205
0.031091423,2.006159285
0.030285852,2.011226502
0.031520358,2.010336216
0.042029673,2.038046948
0.042172758,2.005748105
0.030751598,2.012398365
0.035353195,2.014132393
0.028631531,2.00154634
0.047653242,1.994348388
0.05873815,2.01272879
0.048950376,2.028675992
0.026037813,2.01233455
0.044447005,2.021693828
0.059929518,2.044239482
0.062538681,2.024053179
0.035865307,2.043755277
0.045840242,2.070202864
0.03225028,2.067331019
0.021558768,2.050206526
0.063908794,2.049205385
0.064354642,2.064396346
0.05761293,2.115154043
0.035460207,2.125154268
0.040008878,2.126464123
0.047037469,2.066643362
0.036713083,2.064500292
0.032857395,2.053717345
0.027047851,2.053658628
0.027572702,2.069565042
0.024485938,2.051490229
0.023919728,2.038689375
0.024546854,2.063315436
0.021426872,2.077052135
0.025065023,2.071135091
0.026492766,2.074297559
0.032954472,2.07823288
0.032025146,2.048976769
0.029178305,2.087707946
0.032114963,2.093385354
0.032236808,2.065783996
0.032436719,2.088320933
0.033861285,2.090207755
0.038427002,2.066710631
0.033461922,2.088515339
0.030698628,2.057606942
0.031915985,2.077453611
0.029125561,2.112492228
0.033766431,2.114599772
0.032491365,2.130882169
0.049347694,2.130159644
0.054520672,2.121480951
0.046175215,2.146430856
0.056435002,2.121019442
0.043276293,2.137025526
0.042971437,2.123444088
0.045924678,2.090380615
0.031583536,2.093280256
0.033933553,2.051645984
0.044022261,2.085204189
0.036111624,2.09075298
0.043133018,2.081828237
0.032957039,2.086493156
0.041306199,2.094033374
0.030309575,2.111896017
0.036602545,2.08904905
0.039963016,2.043725836
0.045782661,2.078908695
0.036965234,2.09291924
0.038525364,2.139036196
0.027721975,2.097441397
0.027881267,2.095461813
0.029297193,2.112194205
0.028590583,2.069414057
0.028491442,2.101012742
0.026442396,2.090140815
0.034970967,2.062517911
0.027170573,2.067242533
0.032250051,2.020938573
0.0384572,2.081018871
0.037457838,2.093101146
0.043875424,2.030379922
0.042011393,2.032070365
0.039123021,2.029274835
0.041112289,2.055873901
0.042770992,2.103381961
0.041382422,2.10640512
0.044892344,2.09304095
0.040126306,2.104998227
0.051362029,2.105720752
0.047196946,2.09815537
0.049556856,2.056282778
0.046388185,2.05957633
0.041162785,2.081063442
0.04050886,2.067283322
0.042753563,2.064486312
0.04908291,2.063880397
0.042852303,2.094351462
0.049904391,2.089948877
0.046303549,2.123372872
0.051529785,2.098342375
0.042649103,2.121732757
0.040248076,2.071578015
0.03669807,2.063680564
0.041035286,2.132416857
0.041171715,2.135877347
0.038113515,2.105516314
0.041097356,2.113086794
0.037894387,2.098346816
0.04101908,2.100787415
0.040394397,2.132432317
0.040558314,2.140181908
0.043131656,2.095930229
0.044291481,2.120676025
0.042932275,2.137391641
0.039207804,2.050794349
0.040565818,2.083596804
0.038665815,2.068505842
0.040405011,2.087454659
0.035729232,2.053620964
0.034187963,2.075481757
0.036803519,2.04783007
0.039440933,2.063847832
0.04258841,2.044110865
0.043082538,2.076532239
0.043718214,2.095491253
0.044717186,2.047589777
0.057828018,2.056004985
0.051244457,2.047089946
0.054785451,2.05414086
0.045435214,2.033662783
0.042674832,2.057405793
0.048241379,2.065088608
0.04456875,2.044112346
0.040999577,2.032314771
0.042044321,2.078026138
0.043882203,2.066912931
0.040496172,2.068949588
0.044963097,2.062190612
0.04459816,2.066415239
0.046497647,2.057869275
0.04465518,2.074510879
0.042173039,2.065816726
0.045975921,2.044105438
0.046946362,2.055211079
0.041520822,2.054808123
0.037945333,2.078591264
0.039823096,2.038152868
0.043338428,2.057487865
0.041977787,2.057059744
0.042497375,2.078277945
0.045768599,2.042082761
0.045530444,2.062384195
0.038949174,2.046806725
0.034161472,2.04807612
0.034275896,2.058661701
0.041856538,2.056555144
0.036460785,2.056006466
0.036936731,2.056624222
0.032041596,2.077120062
0.036370737,2.082118201
0.033176563,2.066013434
0.031930836,2.056618959
0.031312386,2.055720449
0.035657689,2.047517902
0.028618808,2.061665782
0.044227281,2.077603774
0.026036973,2.094544717
0.02817231,2.053606984
0.02850544,2.067369834
0.029150893,2.059036862
0.030983678,2.062491431
0.030599462,2.063894706
0.028171616,2.063940265
0.028892343,2.085316688
0.029937452,2.07164956
0.029888187,2.124792101
0.029905819,2.090048382
0.028778924,2.112226113
0.030264059,2.085733131
0.03043491,2.123554778
0.030345126,2.08775038
0.030712297,2.099676407
0.031946515,2.102000561
0.027677213,2.08759298
0.027754587,2.074369433
0.029185694,2.088278993
0.029189333,2.08493906
0.028109109,2.071987879
0.027855208,2.060531254
0.028748908,2.06926192
0.027005556,2.069160441
0.026213112,2.066932832
0.026485503,2.076228789
0.026652568,2.077235028
0.025403072,2.092190959
0.027642674,2.085058631
0.029635327,2.103091668
0.024635083,2.106922549
0.026154922,2.093365617
0.024431711,2.067965881
0.024483121,2.054355167
0.024139041,2.08271211
0.024674826,2.085380503
0.026159582,2.082656847
0.026534017,2.079256882
0.026327659,2.063174154
0.025929825,2.050177908
0.026173955,2.072667148
0.024709401,2.086586905
0.02530276,2.082530697
0.025238217,2.064635488
0.026702488,2.056029821
0.026136854,2.055083942
0.026437945,2.060103791
0.027254726,2.075819911
0.026632004,2.083070165
0.030317117,2.054880819
0.027675358,2.087976693
0.027250612,2.036377228
0.026289165,2.060672864
0.026318382,2.067456676
0.026079504,2.075299686
0.025212146,2.052129368
0.025095643,2.05622768
0.024943478,2.045220558
0.02447508,2.049287456
0.027182238,2.067652233
0.025287826,2.076308886
0.025960434,2.085377871
0.024447272,2.092754275
0.024861618,2.114888256
0.02435958,2.106911858
0.025186979,2.097747644
0.028906557,2.068201569
0.028899826,2.076802302
0.028707152,2.056350047
0.026359397,2.051228719
0.025847846,2.071823407
0.026184317,2.079295698
0.026298753,2.084537091
0.027995133,2.061676472
0.028880701,2.080064933
0.026862519,2.07707878
0.026359014,2.085951714
0.027603245,2.10245697
0.026964798,2.107038995
0.027469902,2.058532755
0.027454033,2.114803388
0.028400785,2.110518893
0.02747838,2.037505835
0.029769086,2.037894482
0.03028063,2.049365416
0.028825282,2.057522404
0.028239641,2.046859521
0.031270628,2.054542336
0.042027324,2.057232604
0.032632109,2.032021681
0.039517728,2.036302065
0.029140382,2.027672549
0.03003227,2.054006486
0.031644722,2.059790637
0.02838966,2.06067895
0.030899571,2.050353235
0.028460976,2.06280475
0.028320422,2.063211818
0.029537887,2.068822944
0.027390552,2.06108536
0.026396773,2.023929002
0.026660995,2.03945746
0.025949109,2.036811599
0.027366122,2.025561058
0.026500756,2.056629321
0.031421757,2.041844277
0.028107457,2.038546778
0.035576833,2.045029606
0.029481697,2.045785848
0.032085833,2.041726186
0.031097467,2.060835034
0.033713795,2.049003413
0.027787854,2.069155671
0.027669457,2.1077056
0.027228948,2.082533822
0.028048501,2.087876365
0.027197443,2.072381625
0.027662308,2.082908654
0.030358001,2.070918975
0.026844196,2.109625153
0.028042917,2.102108125
0.026530402,2.055890677
0.025908888,2.1096166
0.02777307,2.084641366
0.027896483,2.083815388
0.030741262,2.078095052
0.025084929,2.098306356
0.025017581,2.087076867
0.025489944,2.058568281
0.025842909,2.075395245
0.025129532,2.065644688
0.026591179,2.07566465
0.024879375,2.072895106
0.025078006,2.070625228
0.025417625,2.088159092
0.026130737,2.063766911
0.025530099,2.078963629
0.025257854,2.076591778
0.026044693,2.079938619
0.025279374,2.064333024
0.024186871,2.093083055
0.025476928,2.070157963
0.026876443,2.078676296
0.027405177,2.036060784
0.02496139,2.015549648
0.025037962,2.01699289
0.02522324,2.028504777
0.024946778,2.019556844
0.024195886,2.016842234
0.024998908,2.004582657
0.024580257,2.039247429
0.025512513,2.01674059
0.024709946,2.004881338
0.02453703,2.012586192
0.024408603,2.023399567
0.023224225,1.992023083
0.025315586,2.025403822
0.025145193,2.025268462
0.027030967,2.017221999
0.02963546,2.015123995
0.027560826,2.025424875
0.027839876,2.013316283
0.028018986,2.034942539
0.027018094,2.029876967
0.027510881,2.024022093
0.029342266,2.041191323
0.028608204,2.030742747
0.036361413,2.04316104
0.028094849,2.054341845
0.028277821,2.055008285
0.026467214,2.071750875
0.026570201,2.042341805
0.025885813,2.047764939
0.028448186,2.041377012
0.030479027,2.049809819
0.030285276,2.066992865
0.0284372,2.094135675
0.034951655,2.054740525
0.038337526,2.040295115
0.045170944,2.070044313
0.041806006,2.072564188
0.028856603,2.079763291
0.028519793,2.082116392
0.027213318,2.069233302
0.029649376,2.05675251
0.027433921,2.061972522
0.038064888,2.08609612
0.033524786,2.077349336
0.029755864,2.105062536
0.030544451,2.088967143
0.031995315,2.077833377
0.031996605,2.07604606
0.039709976,2.05621847
0.031560762,2.070262403
0.033642699,2.075603631
0.033940759,2.059895405
0.034965046,2.053012089
0.032550012,2.065146009
0.030832133,2.060444413
0.029638896,2.087916167
0.027677201,2.08630171
0.027474455,2.080804564
0.028294479,2.054310102
0.031000426,2.08239879
0.031833795,2.059054131
0.031840935,2.050180539
0.033776176,2.046068904
0.03400747,2.058460716
0.034437258,2.085404351
0.03578986,2.051056517
0.033696274,2.069752376
0.032378951,2.08556504
0.032169668,2.092612994
0.034272442,2.08344072
0.033919901,2.090426339
0.031866531,2.073293786
0.032060998,2.08288645
0.032684707,2.06089852
0.032881001,2.068841694
0.032630457,2.073354312
0.032089023,2.058581274
0.035128609,2.058444598
0.037194251,2.035564408
0.037098808,2.023919134
0.037377208,2.053482807
0.034505897,2.063401455
0.037420256,2.059115479
0.034729638,2.049224464
0.036750796,2.05257262
0.033238458,2.08683608
0.033174807,2.103827844
0.036329221,2.089640821
0.039106117,2.084876396
0.03701832,2.064309998
0.035274968,2.054495133
0.037982197,2.071265682
0.037923591,2.079082048
0.040065453,2.053200409
0.038448771,2.065082523
0.037762106,2.05098234
0.037976366,2.058084898
0.037638801,2.056861226
0.040929738,2.079451124
0.042442217,2.040984253
0.041697748,2.035890062
0.041857047,2.059164492
0.041338423,2.046355743
0.040483911,2.046709851
0.044376118,2.061090623
0.045477108,2.016676117
0.043819226,2.044887831
0.045021578,2.044720398
0.04545824,2.014027625
0.041108674,2.051831838
0.039276237,2.012716125
0.035739979,2.035148623
0.036986101,2.028756255
0.035750775,2.044445237
0.037049436,2.049739754
0.036437456,2.046920705
0.03783657,2.028049354
0.037767608,2.013330757
0.035998701,2.034148798
0.036569602,2.023852358
0.037671551,2.03007384
0.039315235,2.028145406
0.038776505,2.01500722
0.040017425,2.030102787
0.038242027,2.03071857
0.038451015,2.022824408
0.037962065,2.04004923
0.036233709,2.052193841
0.037665902,2.046090943
0.038204728,2.050875598
0.041247678,2.042518283
0.04251293,2.057353984
0.043022308,2.066208498
0.040707781,2.091429453
0.043030598,2.065832186
0.037355806,2.104510074
0.036920158,2.075728136
0.036975066,2.106151011
0.038180445,2.112720515
0.038046861,2.079427275
0.039296025,2.113988101
0.038878195,2.092984865
0.034459868,2.120940989
0.034549878,2.089447237
0.036456124,2.102263716
0.035358075,2.083340557
0.040525487,2.115578216
0.042023839,2.078067256
0.035469032,2.073320266
0.03592547,2.07887284
0.036631081,2.118563053
0.034287137,2.084419493
0.034591829,2.072161397
0.034865764,2.046530741
0.035198537,2.080190261
0.031079879,2.081105383
0.033040182,2.049373311
0.032438091,2.09676328
0.033600852,2.039028023
0.030891777,2.072781127
0.031001824,2.048588944
0.02959739,2.034030213
0.03020744,2.051586939
0.027880616,2.044251324
0.029972366,2.078411332
0.03117278,2.060578293
0.033522879,2.054015039
0.033153185,2.071815512
0.031949699,2.095106882
0.036393398,2.061782392
0.032243636,2.059257419
0.031930729,2.080613447
0.032217897,2.077511835
0.029838475,2.053379355
0.031910761,2.075797379
0.033065644,2.046236337
0.034645544,2.071215683
0.037924113,2.074803803
0.038141365,2.048882855
0.035532901,2.087874063
0.033404272,2.095997169
0.031923482,2.096407033
0.031628848,2.09159705
0.033841132,2.105162534
0.031161611,2.129009162
0.036975115,2.075868759
0.033180937,2.097863762
0.033528931,2.097985635
0.032000534,2.114105369
0.030577278,2.084006997
0.032564141,2.1061219
0.032473422,2.084783963
0.0354159,2.080479567
0.034096914,2.118094966
0.03425278,2.149834604
0.034040991,2.090271406
0.033196207,2.105997888
0.035065035,2.099808972
0.031968652,2.054308128
0.032594615,2.073830294
0.032442262,2.093821863
0.036810532,2.085622441
0.03491111,2.098546485
0.034931301,2.064812789
0.035748758,2.086369637
0.033744204,2.087157458
0.03113565,2.108505921
0.028701781,2.114400925
0.03225452,2.084961593
0.030365313,2.118370128
0.030713477,2.123572376
0.030815565,2.090744427
0.030737083,2.141399659
0.028930456,2.160451106
0.029706502,2.164270474
0.030021522,2.163340714
0.030510544,2.136128825
0.030326068,2.119692647
0.029372125,2.083604863
0.030675311,2.13515219
0.030956808,2.135495608
0.028139241,2.115450092
0.030156747,2.097934649
0.034864587,2.131924099
0.031068076,2.127793879
0.030644198,2.132731163
0.03007291,2.116695474
0.029354229,2.126781718
0.027748371,2.137977819
0.028781535,2.159057864
0.030573475,2.172865451
0.029853967,2.152349052
0.030515496,2.126920368
0.031183694,2.120549546
0.033283827,2.126776784
0.034797069,2.178269671
0.031822971,2.14455456
0.034832628,2.094786326
0.038081382,2.129357514
0.027338594,2.1235556
0.028580568,2.137285556
0.028295813,2.116144657
0.027156469,2.159212467
0.024744953,2.103889686
0.024985956,2.096120852
0.025884109,2.11487921
0.025237536,2.131564892
0.026879403,2.140317104
0.028187066,2.141269397
0.030476313,2.105089509
0.029864984,2.146557171
0.029965656,2.129483828
0.029740776,2.133198263
0.028623431,2.145587609
0.027827181,2.137157762
0.028587209,2.12247469
0.02776792,2.151424226
0.027596725,2.130667533
0.028181551,2.129856522
0.028711285,2.12772957
0.029351176,2.152840823
0.027977549,2.122308738
0.027744847,2.122403474
0.029838848,2.114363426
0.028351548,2.146809471
0.028463831,2.132696459
0.02727437,2.103745115
0.027998928,2.136995921
0.028251981,2.125948339
0.027363928,2.092405759
0.029042899,2.068449429
0.045390298,2.078287484
0.029951077,2.086424571
0.030136717,2.094994548
0.0294691,2.071898241
0.028236344,2.088315505
0.028535359,2.082876746
0.026989839,2.095183691
0.027280669,2.057540496
0.028115706,2.088440175
0.028996957,2.103358606
0.027580835,2.090399365
0.027966394,2.149579508
0.028645992,2.125935345
0.028026251,2.082007347
0.029391184,2.096010985
0.029407641,2.13239564
0.029000247,2.141454263
0.02871645,2.126087153
0.028188156,2.103687221
0.028353463,2.131249435
0.02870697,2.160246831
0.029947934,2.135753007
0.03201076,2.166175553
0.031342631,2.124226317
0.031050421,2.126115771
0.030325662,2.14492824
0.029195639,2.142552607
0.031809749,2.111492403
0.027854959,2.069335439
0.02873971,2.130443687
0.030407361,2.112633016
0.028129036,2.116198275
0.02737782,2.117819969
0.029223589,2.099703052
0.029484701,2.092773025
0.030761747,2.12045185
0.030160141,2.084363408
0.029066333,2.089065333
0.029456332,2.092272043
0.028727367,2.084199594
0.028916302,2.108276482
0.028596082,2.093276474
0.029182888,2.099581342
0.029425939,2.118648085
0.029020705,2.11286854
0.029687315,2.091707904
0.032232499,2.11795681
0.033245949,2.126763462
0.030869586,2.102783447
0.029262456,2.105843942
0.031001958,2.094699979
0.030644758,2.097298471
0.028807627,2.077945712
0.028597696,2.131122627
0.027503652,2.101026558
0.028120663,2.091661359
0.026990581,2.073283589
0.028642075,2.090245255
0.027382845,2.128369531
0.028382207,2.116612909
0.02937809,2.131505682
0.0300583,2.120164846
0.031650078,2.133211092
0.028925754,2.120353331
0.029698307,2.127532697
0.028589696,2.100665048
0.028832097,2.101912733
0.02811668,2.121341807
0.028854897,2.107109718
0.028382079,2.129504058
0.028253068,2.130137111
0.027381827,2.098304875
0.029501467,2.098090239
0.028499488,2.100994157
0.028621511,2.11041873
0.027625844,2.115689399
0.031259719,2.125663144
0.031905654,2.10093692
0.030766226,2.077023517
0.030338362,2.106456107
0.029924309,2.112894856
0.030260575,2.074893934
0.029153822,2.085077546
0.028976778,2.09122337
0.0307193,2.107280111
0.03212745,2.112249303
0.030479885,2.119750706
0.032594653,2.130488752
0.032583302,2.14826735
0.031615145,2.18518654
0.031719475,2.115713412
0.032474003,2.134563545
0.032942306,2.100309131
0.03813088,2.084797614
0.035793497,2.122079135
0.034810119,2.106936036
0.034809058,2.1254916
0.038924822,2.117022609
0.037052761,2.08586882
0.055381436,2.094152122
0.04259109,2.101500895
0.050540306,2.077167924
0.039833414,2.12278801
0.035972196,2.113922312
0.037004584,2.134262068
0.038165979,2.117009287
0.034573315,2.13290797
0.036287853,2.124711509
0.037577293,2.114171323
0.043637006,2.103241502
0.050258237,2.08732522
0.076136068,2.112070193
0.031803877,2.114356847
0.030573629,2.171551648
0.030838355,2.180914874
0.030883278,2.208226926
0.030859533,2.16151491
0.030874495,2.109904755
0.031022075,2.120910726
0.032592243,2.156242103
0.034862444,2.100433801
0.034561,2.107162185
0.032846444,2.081691561
0.035733598,2.09253635
0.033624314,2.091961356
0.035614713,2.11308334
0.031970754,2.095324314
0.032857438,2.107770402
0.035821133,2.133287901
0.037442231,2.126979742
0.037368218,2.133806316
0.0378465,2.129854877
0.0359615,2.109310518
0.036572228,2.090578804
0.04127431,2.125842254
0.042438648,2.085851551
0.041649105,2.086664536
0.038434768,2.104102513
0.033796034,2.094626624
0.033603627,2.120376686
0.033031272,2.095929736
0.032701005,2.100569983
0.031551366,2.088216822
0.03272326,2.102015034
0.03666764,2.120407278
0.034992534,2.123468924
0.034671197,2.117781976
0.040794445,2.101101721
0.032209198,2.092659375
0.032953737,2.074320749
0.037188204,2.083294011
0.036441691,2.104115506
0.030436362,2.124625819
0.035370257,2.107561194
0.036714756,2.092437831
0.033309289,2.120887207
0.039264557,2.119181797
0.037864952,2.117296455
0.036357813,2.091399848
0.0375873,2.094933529
0.038864489,2.076351814
0.038405248,2.08301556
0.039960166,2.058722227
0.03677347,2.107572871
0.034819327,2.13020438
0.035547298,2.115123944
0.036254162,2.098108496
0.037346326,2.08280849
0.036109345,2.109927452
0.038271833,2.108218917
0.035031501,2.105278981
0.03349296,2.106270582
0.035789722,2.113394028
0.036752829,2.107366788
0.04318016,2.10403179
0.036378375,2.115833805
0.035075769,2.096065425
0.034326301,2.106540974
0.03487765,2.102167829
0.037481486,2.130852728
0.033607387,2.09794205
0.039785856,2.100726725
0.04106495,2.078778927
0.040151418,2.090380451
0.040022842,2.107578463
0.031755052,2.10008364
0.034623991,2.088628002
0.036791996,2.092247372
0.040682131,2.083065889
0.046084138,2.107213336
0.040192629,2.096060326
0.037269471,2.099473778
0.036236289,2.109515779
0.040810699,2.099024934
0.040669978,2.099449271
0.041004684,2.066404713
0.036377606,2.081954223
0.038329619,2.10501895
0.045134796,2.078846031
0.043173858,2.1063367
0.042982922,2.094560177
0.048186887,2.072123075
0.040905602,2.095457043
0.052365642,2.103947909
0.042898697,2.086650555
0.048117963,2.130045829
0.040752039,2.083824434
0.047624891,2.108290134
0.040891103,2.109705908
0.042096675,2.090952813
0.04097485,2.118794794
0.055775074,2.102765026
0.040358887,2.14008783
0.04284256,2.130573126
0.046925654,2.123922866
0.062758189,2.123028303
0.041694399,2.128920512
0.043645065,2.132918661
0.039968238,2.103675379
0.040457691,2.096645682
0.043989526,2.08942454
0.044409788,2.090053974
0.045623283,2.088013699
0.04387475,2.107369255
0.040454335,2.10861513
0.039838523,2.114353887
0.03354573,2.152352176
0.032983059,2.123939807
0.032975467,2.096363613
0.032883628,2.116586923
0.03447963,2.133511418
0.03466524,2.120173892
0.033052741,2.14645158
0.03213731,2.106694262
0.032218573,2.129843528
0.032867139,2.110389289
0.035547984,2.103064037
0.033846323,2.096377757
0.034479756,2.130938254
0.039101103,2.109263643
0.03553128,2.149259445
0.037555346,2.148889712
0.03289887,2.115264239
0.035304319,2.095410826
0.034771676,2.137633579
0.035973159,2.111533192
0.034269821,2.135717152
0.032793433,2.17528105
0.034347606,2.18273969
0.036087241,2.194373287
0.035434321,2.178191876
0.035061311,2.148176233
0.036678672,2.110628103
0.037657956,2.089568288
0.040065659,2.087564691
0.040892783,2.100644654
0.041912332,2.111076618
0.046217237,2.105343125
0.037567723,2.101212247
0.038468975,2.100663239
0.051102549,2.117544643
0.063189671,2.125629592
0.045648303,2.133251717
0.03711339,2.116249591
0.034134005,2.099330687
0.035535407,2.102960584
0.037229288,2.111622829
0.038675177,2.089511217
0.036395202,2.116809782
0.03524238,2.130969833
0.038075389,2.115213582
0.047270557,2.128431701
0.047748302,2.125327786
0.035426593,2.123248038
0.035510551,2.122445414
0.037221103,2.124553452
0.039737766,2.101026558
0.042393241,2.112736469
0.040844714,2.055210421
0.047522754,2.083148125
0.037392879,2.066484317
0.036682442,2.099193353
0.038098014,2.086261744
0.042126048,2.097007027
0.035529224,2.081490247
0.035311067,2.107756422
0.043916737,2.082623295
0.041167141,2.069694481
0.035217305,2.094386824
0.033742393,2.072449058
0.042847767,2.0838769
0.037221078,2.081980867
0.041785373,2.098353724
0.039410326,2.123500338
0.040911795,2.10633045
0.035246242,2.085005178
0.034429078,2.084353046
0.048474728,2.102393978
0.044050376,2.118062401
0.038325916,2.100244658
0.041360984,2.11981008
0.03777614,2.095306716
0.036633509,2.094047025
0.036348998,2.134598413
0.036274981,2.096534335
0.038251546,2.095442898
0.037278257,2.113323634
0.035602653,2.10100238
0.035177166,2.130783486
0.034300369,2.132658631
0.03446563,2.131146969
0.038246026,2.114145994
0.039009597,2.102737724
0.038439468,2.116291037
0.036687682,2.103874225
0.036855187,2.095603588
0.035398417,2.11265818
0.035365438,2.135812874
0.03236383,2.173470543
0.031020643,2.140079935
0.030235174,2.166817651
0.032274444,2.123072546
0.032499889,2.16361127
0.033216689,2.105455788
0.031983645,2.133189875
0.032910298,2.126110672
0.036444973,2.151267813
0.035902514,2.130811775
0.034671721,2.141315449
0.035552772,2.167697412
0.038802609,2.180150243
0.04510204,2.169280948
0.039220543,2.146476415
0.03960604,2.14403121
0.039917619,2.143971836
0.034477153,2.121771079
0.033812391,2.13065125
0.032891276,2.137537528
0.03982092,2.122229792
0.040270154,2.117991349
0.034003895,2.132276562
0.027871468,2.122947876
0.026774201,2.100739719
0.027363997,2.132152222
0.026189898,2.105932592
0.026403257,2.128826105
0.025924453,2.136229153
0.025896064,2.145296
0.02573152,2.11177069
0.027037967,2.116182157
0.026238718,2.077501637
0.026673009,2.087885247
0.027601119,2.064387135
0.027722107,2.107120244
0.028719912,2.116498601
0.029331277,2.102318814
0.027882644,2.106824524
0.028976933,2.082757997
0.028754453,2.113342219
0.032359921,2.104398233
0.027867482,2.116268834
0.027212747,2.096524137
0.027467699,2.137998543
0.02786881,2.081598141
0.02782457,2.117376553
0.029604807,2.075339489
0.029735439,2.132133801
0.028701858,2.126954414
0.026635363,2.110152614
0.027283395,2.147339235
0.02792266,2.078750144
0.028543097,2.082921811
0.02902963,2.076475168
0.030568664,2.071383609
0.027186537,2.113981686
0.029117214,2.088520437
0.028713806,2.102986406
0.02756481,2.087134103
0.027406801,2.137479633
0.026381051,2.122480447
0.027869985,2.07780443
0.028185144,2.13382704
0.028386136,2.113983989
0.026822347,2.139002973
0.026394836,2.134959758
0.028315758,2.126432709
0.027928267,2.085422937
0.028500038,2.127718057
0.030217388,2.129737773
0.030517693,2.106973042
0.027479007,2.127074478
0.029244315,2.11755188
0.02949799,2.115887094
0.031416114,2.148472611
0.03329322,2.157262158
0.033923083,2.123775335
0.032636085,2.113352417
0.033112002,2.144644033
0.031579756,2.11595387
0.030580676,2.108652301
0.032601139,2.133105501
0.030491758,2.136879475
0.030200982,2.135541989
0.031548871,2.115121971
0.030897986,2.121124375
0.030231846,2.151841984
0.029755594,2.154717612
0.030939577,2.135502187
0.031410069,2.133308624
0.031614452,2.123333728
0.033087031,2.100956657
0.030767357,2.160260154
0.032877059,2.133721284
0.035741169,2.121512694
0.032044718,2.143094213
0.033091194,2.118699565
0.031950103,2.126963131
0.032399266,2.148967508
0.034246317,2.114279052
0.033447289,2.127211154
0.033324564,2.085232972
0.035736042,2.086241678
0.036818324,2.1072135
0.034222954,2.102174408
0.033493636,2.088378663
0.034404557,2.081937118
0.037516798,2.083983642
0.035176082,2.097241564
0.035063588,2.095357538
0.038533317,2.089579472
0.037188057,2.078446858
0.035109219,2.064479239
0.03510265,2.113698466
0.038545152,2.105673056
0.035650337,2.119702186
0.037331945,2.099460455
0.037438224,2.07655066
0.036844522,2.08482541
0.03822808,2.068234135
0.036050603,2.086260757
0.036489923,2.087225714
0.036945011,2.076212835
0.037517808,2.101681156
0.037222424,2.111291583
0.036425681,2.107705765
0.035537779,2.109523345
0.035394516,2.085197939
0.034642206,2.095210664
0.033716059,2.10361436
0.033005705,2.08687029
0.035003821,2.078142256
0.032996229,2.088797902
0.031034457,2.082733162
0.030483149,2.099208484
0.029660028,2.08701371
0.03163601,2.0960498
0.032136277,2.12103112
0.034542168,2.136952501
0.031085009,2.129539091
0.029869535,2.152923881
0.030126366,2.140393583
0.028642147,2.107573694
0.029811366,2.13458394
0.029414174,2.119647746
0.029987968,2.180621785
0.030120889,2.111136815
0.032882096,2.194853874
0.032800639,2.147872782
0.03300196,2.096359007
0.030251575,2.11977883
0.028045433,2.111370529
0.029503114,2.099253221
0.029635098,2.095521187
0.030620542,2.123083072
0.030536623,2.104389352
0.031171714,2.110492578
0.031112773,2.102373254
0.03834741,2.113777248
0.053052904,2.10444593
0.032366232,2.109692586
0.030617014,2.099715552
0.030074274,2.129956685
0.031584952,2.102916176
0.035410434,2.115335291
0.02988701,2.121492957
0.030466591,2.10286667
0.030249388,2.084905014
0.037660865,2.115944988
0.037942413,2.097070678
0.035793669,2.123882406
0.037779635,2.128387458
0.036264735,2.095029416
0.036351453,2.121204802
0.035304881,2.118367167
0.035646842,2.140594075
0.029399086,2.126172185
0.029764306,2.136048727
0.028485182,2.147279532
0.027551513,2.12718451
0.029462089,2.11242463
0.02875846,2.121116974
0.028256602,2.117026392
0.029376839,2.127388126
0.029648513,2.122223542
0.029046941,2.107192283
0.028817428,2.11054784
0.03026684,2.096425619
0.029644301,2.090749691
0.031325808,2.095122343
0.030226884,2.144577422
0.029942717,2.107134718
0.029776143,2.115251081
0.029005291,2.150011905
0.028069759,2.108113162
0.028954837,2.120234747
0.029497335,2.126233697
0.031717367,2.098943027
0.030885591,2.115553381
0.034283153,2.120125702
0.040373026,2.132527547
0.038518864,2.126914447
0.032958547,2.132476889
0.031829486,2.1200609
0.035729358,2.089377665
0.032593101,2.124134213
0.035225226,2.128236966
0.038280663,2.133437077
0.040086079,2.136633754
0.038062182,2.124262994
0.042436857,2.143370362
0.040940568,2.123485371
0.037820334,2.129665076
0.039823826,2.104566488
0.039113592,2.118751045
0.03931899,2.116883137
0.043784188,2.102667988
0.040971596,2.113510968
0.039907864,2.08659776
0.040012093,2.152742962
0.040152693,2.107735863
0.045630874,2.153382593
0.040366034,2.140928117
0.039414805,2.113073637
0.039235957,2.131255027
0.04371072,2.115540223
0.039503635,2.092541942
0.043026178,2.134413053
0.038534042,2.119451038
0.034881672,2.110008866
0.036338351,2.120288035
0.03668373,2.121316972
0.036944921,2.121920255
0.042329184,2.131365881
0.04311444,2.118860748
0.040238339,2.118179176
0.033473553,2.120253003
0.030592441,2.124117108
0.03029893,2.120928818
0.032699347,2.135053836
0.034012512,2.134211082
0.038114412,2.121161053
0.034353496,2.135329491
0.031054815,2.121939663
0.031302325,2.122023708
0.029709766,2.152227836
0.031394863,2.10567618
0.033460649,2.141244726
0.032635432,2.167197746
0.036330053,2.127221187
0.038002263,2.17780882
0.03471453,2.166092823
0.03341139,2.135132947
0.033092628,2.17336084
0.033254165,2.155039978
0.03441821,2.160235154
0.035193074,2.119626036
0.034578113,2.14370572
0.036541664,2.16577786
0.03622382,2.164918987
0.035829966,2.150089535
0.038396006,2.171130929
0.034409152,2.130089085
0.034358931,2.177066887
0.035066297,2.170502153
0.040193104,2.121074376
0.037699565,2.147124106
0.035057336,2.123365142
0.035316117,2.107617937
0.036084067,2.140770718
0.037771231,2.128019041
0.036193937,2.113216892
0.037723696,2.117302211
0.036668791,2.114808158
0.034648931,2.075202812
0.03681246,2.099905023
0.03419569,2.075234391
0.028713664,2.098675924
0.030016994,2.102902854
0.03177181,2.112389762
0.028960917,2.105444111
0.028564157,2.1134511
0.02992876,2.075509059
0.027497253,2.080814925
0.0295673,2.094039459
0.028585045,2.102618317
0.027189158,2.112323809
0.029004132,2.132610112
0.028327883,2.140383222
0.027085985,2.11814513
0.028473283,2.115504861
0.026686226,2.126200474
0.028290488,2.118190524
0.029415723,2.097191894
0.031877599,2.127742892
0.028918214,2.152695923
0.033579858,2.17859993
0.031547321,2.143357862
0.031111771,2.160084498
0.028790684,2.149065862
0.030572344,2.173074494
0.030032981,2.144931859
0.031706016,2.131105522
0.028872498,2.14429601
0.031672153,2.171932072
0.029182587,2.162869502
0.025962202,2.143687957
0.026016383,2.136767799
0.025094949,2.130210136
0.025736698,2.103990014
0.025984149,2.136931284
0.025386283,2.13200321
0.027000604,2.109883538
0.026094723,2.11681965
0.025666366,2.117657306
0.026984041,2.134832292
0.033994513,2.129356856
0.031504571,2.084585774
0.027576513,2.158519382
0.027289638,2.141002623
0.025511547,2.176303408
0.026663017,2.191112794
0.026225622,2.220874327
0.027849973,2.217678143
0.027606305,2.154384228
0.027211532,2.189761492
0.026389007,2.16471718
0.028996698,2.293694625
0.028732096,2.241968516
0.029498098,2.210775912
0.028254101,2.176492222
0.029231916,2.189388141
0.027461938,2.186652479
0.026854584,2.175375457
0.026206993,2.190626779
0.024409551,2.182662553
0.024881367,2.132986423
0.025865999,2.17451494
0.024516422,2.178579043
0.025145018,2.144422982
0.027328065,2.167683103
0.026402008,2.170915306
0.027032396,2.162549275
0.025852847,2.165673255
0.028142415,2.155014649
0.028300123,2.184541316
0.027526629,2.142907044
0.026759234,2.1719
0.027424667,2.171441452
0.027362612,2.198902845
0.027531044,2.189587974
0.026630812,2.171380104
0.028162812,2.144841893
0.028985208,2.14834054
0.029730009,2.151551033
0.029312394,2.121541147
0.02898013,2.16158662
0.032216393,2.132689716
0.028867749,2.128581699
0.02884086,2.120842471
0.030753831,2.131627227
0.031099631,2.105631773
0.029416926,2.121401346
0.029682641,2.141302949
0.028256568,2.121566641
0.027469403,2.118322595
0.026735999,2.135542482
0.027299796,2.100442518
0.02805186,2.117757963
0.03017728,2.099151413
0.028174659,2.115390224
0.030531211,2.126415768
0.030365911,2.126000641
0.028303253,2.111030237
0.028202347,2.122906594
0.027866739,2.090873867
0.02654929,2.137726341
0.027486148,2.143132206
0.030200414,2.128185815
0.031578702,2.111838123
0.028638732,2.117741351
0.028251747,2.141662649
0.031135388,2.162755523
0.027639734,2.144740578
0.029045471,2.175658185
0.028625798,2.166789691
0.029539445,2.155079286
0.029868407,2.152983584
0.029407651,2.150447755
0.029375926,2.153749201
0.031317078,2.139832734
0.031372613,2.128356044
0.032152897,2.149632139
0.030377702,2.120575039
0.034721628,2.120993127
0.039603876,2.140452793
0.045398496,2.139383561
0.034708946,2.143950619
0.038628721,2.138442123
0.047096037,2.138499853
0.044724618,2.135439523
0.064009436,2.171548852
0.053358847,2.155459381
0.042029894,2.136804476
0.040855675,2.157170383
0.049465929,2.127632203
0.045806273,2.136699872
0.056000385,2.136544117
0.051346168,2.140430919
0.05611034,2.109523838
0.032776199,2.152325039
0.031890713,2.123004948
0.032501099,2.131964395
0.035780799,2.114955196
0.033415731,2.120480303
0.032880726,2.093709364
0.030030967,2.120771254
0.030322221,2.126701785
0.031534791,2.118920451
0.030272645,2.150573577
0.032859219,2.153204799
0.029744068,2.162641214
0.032280666,2.119956131
0.032383158,2.137102828
0.03289263,2.120899542
0.031627512,2.127423488
0.033070273,2.115836272
0.032191363,2.10594427
0.029777102,2.134441343
0.03224368,2.1004838
0.039015146,2.128389103
0.031376936,2.091296395
0.035402272,2.112660319
0.039913767,2.131144831
0.041006906,2.146392534
0.043486597,2.125976299
0.053187627,2.137079802
0.049827577,2.143009017
0.056664323,2.118947589
0.055824796,2.11600683
0.07998502,2.12102487
0.056310394,2.13908488
0.043039392,2.132657644
0.0389675,2.125481732
0.050312862,2.162142042
0.032535731,2.141417422
0.05378742,2.161895334
0.050646771,2.169599695
0.052838848,2.171376486
0.050012906,2.155526486
0.045275373,2.115550091
0.041783296,2.121565489
0.04742788,2.121826342
0.041420009,2.136371092
0.036037352,2.136807108
0.0373427,2.135436069
0.035865587,2.126729087
0.043172404,2.123547212
0.041888063,2.156989464
0.043354885,2.110463795
0.064272868,2.138415315
0.08620275,2.166074567
0.069856204,2.15777416
0.041466958,2.111622829
0.037603804,2.140082567
0.041054585,2.116368175
0.069962812,2.128304564
0.046307563,2.11653939
0.037531017,2.119075548
0.036959267,2.101741024
0.040757253,2.120784905
0.032874122,2.095790757
0.035579825,2.126440274
0.034631708,2.123421227
0.037600586,2.109156736
0.026018043,2.116671955
0.027649983,2.084871627
0.027296407,2.099714565
0.027279898,2.105824699
0.028668224,2.140695225
0.028526331,2.108701643
0.028348182,2.101113399
0.027940787,2.115497296
0.028104566,2.130486285
0.028730862,2.119195119
0.031710215,2.113451429
0.032518387,2.09449077
0.030987171,2.12121944
0.03235078,2.138747054
0.031647981,2.134031478
0.029655187,2.143042569
0.031534413,2.153080458
0.029410987,2.115464895
0.029878714,2.133965196
0.027584626,2.133305006
0.027594124,2.120451685
0.032517297,2.138521563
0.064484451,2.127556052
0.050732888,2.113575441
0.048218553,2.145718528
0.046578269,2.103311567
0.066783728,2.119836066
0.057828209,2.111371187
0.053535942,2.09138998
0.051675482,2.131434795
0.052946634,2.150268974
0.056101294,2.154078474
0.052789512,2.167632775
0.050937743,2.148157812
0.05174493,2.13993043
0.052370828,2.116390214
0.053656387,2.12734487
0.054302315,2.16758113
0.047975371,2.156401641
0.049143328,2.141159365
0.047321585,2.142564614
0.049101125,2.131821468
0.045351046,2.160431533
0.047969727,2.130577567
0.049345253,2.16236852
0.050089679,2.140834862
0.048591596,2.143077273
0.043591047,2.123268103
0.045014382,2.160290417
0.045228622,2.156944728
0.066337886,2.17677939
0.048329592,2.161842868
0.056814665,2.192777251
0.048872797,2.165138886
0.04247155,2.169130292
0.03800483,2.173115119
0.037381397,2.15454245
0.04473147,2.200016649
0.038746548,2.209331684
0.041319778,2.175422003
0.043327938,2.144527916
0.050027447,2.156833051
0.039114086,2.151098078
0.040126565,2.136125207
0.045674387,2.168167966
0.046093637,2.152656121
0.046891125,2.128779724
0.050570178,2.128071343
0.051513472,2.12732316
0.048674593,2.158902931
0.049869178,2.145192876
0.050162062,2.138356927
0.047549039,2.132556329
0.048389892,2.109280584
0.051677101,2.137705125
0.047157097,2.132433962
0.044850444,2.154686198
0.04985711,2.13571781
0.048413108,2.161598298
0.047767607,2.177777077
0.048799149,2.149095302
0.045624696,2.135151368
0.03891666,2.129057352
0.063908491,2.137652165
0.036559692,2.170317122
0.033649838,2.167420935
0.031786898,2.153742623
0.032600775,2.155667932
0.038933339,2.1803708
0.033289563,2.134472099
0.03293244,2.168441812
0.030044345,2.136931448
0.030931831,2.149432963
0.029871498,2.125352786
0.029165482,2.151605967
0.028868517,2.137908083
0.032916278,2.150612392
0.031443614,2.155731582
0.031231885,2.151091334
0.030471621,2.165165859
0.034363074,2.156672526
0.033645143,2.189061171
0.032321776,2.189780242
0.035251983,2.145834481
0.030785048,2.205348666
0.033478541,2.148062912
0.031914497,2.179766859
0.03104306,2.174847831
0.031324577,2.13382079
0.031430564,2.151996753
0.032100345,2.191952424
0.029763286,2.174174976
0.031175995,2.18077425
0.029953333,2.176752417
0.030699417,2.173246368
0.032296491,2.167167319
0.03178126,2.166709429
0.029115444,2.169182923
0.02989427,2.134865022
0.029708761,2.178039081
0.032269795,2.183873889
0.030186961,2.165811083
0.02824127,2.167230641
0.028382107,2.150168811
0.030472006,2.168622073
0.032777898,2.152676186
0.035211968,2.133415695
0.030392972,2.15928796
0.028335723,2.171638161
0.027905757,2.148558795
0.028064946,2.156442759
0.028701689,2.157546859
0.027836628,2.151769781
0.028013551,2.148223272
0.027134911,2.139853786
0.02663885,2.153801997
0.027456261,2.151163373
0.029508408,2.121496247
0.02860943,2.126805731
0.029243714,2.12788368
0.027817364,2.150426539
0.02672398,2.110676786
0.026670437,2.111785986
0.028054851,2.107243434
0.027902296,2.123417444
0.027260488,2.121916144
0.027252436,2.118438548
0.027063903,2.103473736
0.027156775,2.112027101
0.026283044,2.099282661
0.026652864,2.115381178
0.027807704,2.138252323
0.02607795,2.156152466
0.027341308,2.127730064
0.027766928,2.12556775
0.027631092,2.127187799
0.027256679,2.108914634
0.026452493,2.122699359
0.026761351,2.11282808
0.02636439,2.092133064
0.026201437,2.103619787
0.026288109,2.116969978
0.02621397,2.103699885
0.026887971,2.130284971
0.025883757,2.101493494
0.025945709,2.08980447
0.026295387,2.106341799
0.026759981,2.097728237
0.025943393,2.070548749
0.024827415,2.130236123
0.026351582,2.109333873
0.026049326,2.13577998
0.025864604,2.139173366
0.027336728,2.145530043
0.028087643,2.137750025
0.027132713,2.095024811
0.027320268,2.133693653
0.030304229,2.120481783
0.029045165,2.088101034
0.033664888,2.128779395
0.031915129,2.127713945
0.034515303,2.127747004
0.038433493,2.131660121
0.039164347,2.110412316
0.03538603,2.132908793
0.036592268,2.120368627
0.038507721,2.129283501
0.034857448,2.116038244
0.036438823,2.10256141
0.043454519,2.107263171
0.040081649,2.109279762
0.03370155,2.11960301
0.029454202,2.082826089
0.030575513,2.10493655
0.034065637,2.106943273
0.032337036,2.109533048
0.028877124,2.086028687
0.031699077,2.103458111
0.030404066,2.14378516
0.028628391,2.105068621
0.028478868,2.148866522
0.029034285,2.135429984
0.030062157,2.144771005
0.030123981,2.219943087
0.030761608,2.171914474
0.029821594,2.136072082
0.029573912,2.137315984
0.028746538,2.14609484
0.030624155,2.123353629
0.028989628,2.142977932
0.029708625,2.148477052
0.030101607,2.149474081
0.029538753,2.130388424
0.031866602,2.110305902
0.03317068,2.134243812
0.031348904,2.129580702
0.02984472,2.100364229
0.030558827,2.144322161
0.031430726,2.119914849
0.034654166,2.104797407
0.031734467,2.098344842
0.030199067,2.118293155
0.032215658,2.073459574
0.033188734,2.120370929
0.034875273,2.093257395
0.035907486,2.105250527
0.039586457,2.101903851
0.037189684,2.082693524
0.0351271,2.120591651
0.03373053,2.089751346
0.03403829,2.117669806
0.034523938,2.086965848
0.032262777,2.088502839
0.031574955,2.14782525
0.031787987,2.086187731
0.032944331,2.10371551
0.032688104,2.129606031
0.033227271,2.109041935
0.032881844,2.142395701
0.031939805,2.113952575
0.034126347,2.180428365
0.033826242,2.134568808
0.038083296,2.10091998
0.034997671,2.107832737
0.035411765,2.105477169
0.032774706,2.129078405
0.030525035,2.143513288
0.031591798,2.121514174
0.032815292,2.143572498
0.031599469,2.133345466
0.029933432,2.124592761
0.029259557,2.166976038
0.030677799,2.155342606
0.031818741,2.151232122
0.030910355,2.131341046
0.030383487,2.125820215
0.031404724,2.109493246
0.034215247,2.11892078
0.031933979,2.130165071
0.034205818,2.120840826
0.032822519,2.09861507
0.032086776,2.138967776
0.033396269,2.14308747
0.032965232,2.134000064
0.031534839,2.131305849
0.029238741,2.151265839
0.03126095,2.141155747
0.030697566,2.13709444
0.030113971,2.140630094
0.029687243,2.17820602
0.030795456,2.130082835
0.029816094,2.159709173
0.029155472,2.13402934
0.029042213,2.156416279
0.029719619,2.159605555
0.030662488,2.183266165
0.030354059,2.151564191
0.030647359,2.152806284
0.031080139,2.149255169
0.030490761,2.111837794
0.030962557,2.170996062
0.030139025,2.162818844
0.03164979,2.136419118
0.030864971,2.100995472
0.034200216,2.121463517
0.028408975,2.105731114
0.029250573,2.139542934
0.029447351,2.105607267
0.029291249,2.12960784
0.028711272,2.136477341
0.029836841,2.13275863
0.02999386,2.117700891
0.029046013,2.13200946
0.029116479,2.124160693
0.027724209,2.119506629
0.027503539,2.102195624
0.02858017,2.114067212
0.02794227,2.120385896
0.027256181,2.142117414
0.025733265,2.131244665
0.026978572,2.17104195
0.026299426,2.098148298
0.027715929,2.078480574
0.026613712,2.102075889
0.026942376,2.108903285
0.027606611,2.13546847
0.028968873,2.146447304
0.026697402,2.127010334
0.026450175,2.132921621
0.027379062,2.137549041
0.027489736,2.125225155
0.027912349,2.120492968
0.027951866,2.152373887
0.027378568,2.128593706
0.028736868,2.137960221
0.028334323,2.125608704
0.026996582,2.173450971
0.027370946,2.134538381
0.027869011,2.136700859
0.026380246,2.138386861
0.02778376,2.103766332
0.032545466,2.110624813
0.029076721,2.137010724
0.028462732,2.147251243
0.028804409,2.13705398
0.027895568,2.121467957
0.028688824,2.1486009
0.028500915,2.116153045
0.027425037,2.146270496
0.027426805,2.144497488
0.027667944,2.155150174
0.027459106,2.145670667
0.026632387,2.141855904
0.028375279,2.139258727
0.028463667,2.108750162
0.02806665,2.104979477
0.029755317,2.138797712
0.02948991,2.142116756
0.029226275,2.14902129
0.030277312,2.157013148
0.028234295,2.133447274
0.028093777,2.175948313
0.027483244,2.176686464
0.027738641,2.187613159
0.027399451,2.167098241
0.029122362,2.200202009
0.029536703,2.16027989
0.030040015,2.14031842
0.030893694,2.18029613
0.029994937,2.15357667
0.031863752,2.136168956
0.030080267,2.162080036
0.030089966,2.150103022
0.030495042,2.15462189
0.030085772,2.161554877
0.030688939,2.13889031
0.030086625,2.159223322
0.032855413,2.188541933
0.031145046,2.236451468
0.030362948,2.235671542
0.031539136,2.232143125
0.031475357,2.22656588
0.029192697,2.221141759
0.032285818,2.190077936
0.031191088,2.239103579
0.031491992,2.217030453
0.034849803,2.210270326
0.030829522,2.207612129
0.031323691,2.159732363
0.031995446,2.214332948
0.032798485,2.175453417
0.029973455,2.171273033
0.031551921,2.169236047
0.029661157,2.210989068
0.029660283,2.175952261
0.027100659,2.230224888
0.027905208,2.217779294
0.027740754,2.207724957
0.029175784,2.201062033
0.027781617,2.188017596
0.029398133,2.1999104
0.029022083,2.183351033
0.027505697,2.202520899
0.028876939,2.151537711
0.042066615,2.177089749
0.030867374,2.191547494
0.030870488,2.174656057
0.029958519,2.19063451
0.030056062,2.225413754
0.030745603,2.190075305
0.029719518,2.170795406
0.029605313,2.210585289
0.02939233,2.211502879
0.029138727,2.215550205
0.028304646,2.223757521
0.02910391,2.215669283
0.029526475,2.220692257
0.030433193,2.15115038
0.030344995,2.207664596
0.029171619,2.196454186
0.026575385,2.206569377
0.028237135,2.163977549
0.02869502,2.180606982
0.027854817,2.179306009
0.027895686,2.179669821
0.029564211,2.186579288
0.031249668,2.209056358
0.029033321,2.228030503
0.02944326,2.217599197
0.028875561,2.224251431
0.027855768,2.17316923
0.02801702,2.176265744
0.02717571,2.185958242
0.026502961,2.182781959
0.027963765,2.225994011
0.029765434,2.210065394
0.029813018,2.20788614
0.029316084,2.202996717
0.028801066,2.174898653
0.030446443,2.198209431
0.027422965,2.221593563
0.027009637,2.1817073
0.030928156,2.203656578
0.027609369,2.21916826
0.026338437,2.22115245
0.026150459,2.231230306
0.030160167,2.171159054
0.027876492,2.139509053
0.025903753,2.17620933
0.026599945,2.147467688
0.025793986,2.184766314
0.027124264,2.178623121
0.026826893,2.164982309
0.027873814,2.120802339
0.027676661,2.155920067
0.026604697,2.165775886
0.0257292,2.198959259
0.025690955,2.176678733
0.026102523,2.15952003
0.025904712,2.181464703
0.02625213,2.15034052
0.026296273,2.152566812
0.026681557,2.14024671
0.026676756,2.138575675
0.028540349,2.148925567
0.026700576,2.116360445
0.026135155,2.121658252
0.027055982,2.137440325
0.028679585,2.147034304
0.029180896,2.133920131
0.027545733,2.146239411
0.029102011,2.138012358
0.031252382,2.134796931
0.033160766,2.128814921
0.029289627,2.12864864
0.030598164,2.138613668
0.033631446,2.113539421
0.031392849,2.138837514
0.030741953,2.139730432
0.028980502,2.144579231
0.028710989,2.143347994
0.029592107,2.152329973
0.031506982,2.159444537
0.028400422,2.146284312
0.028261274,2.124510196
0.028327916,2.146099116
0.029355087,2.14418713
0.031398754,2.136948389
0.031034449,2.159725949
0.031210953,2.11823855
0.030490591,2.149960589
0.030083503,2.141310844
0.030904179,2.140844072
0.031195757,2.160000946
0.031317153,2.162753713
0.031205816,2.150858935
0.029467763,2.138526169
0.029907299,2.142606225
0.030715507,2.186035051
0.029542711,2.16960282
0.031512117,2.176666727
0.028125996,2.178826737
0.028873338,2.161391392
0.029718305,2.188305422
0.029361476,2.162159312
0.02748914,2.142355734
0.027577641,2.154926163
0.026592063,2.148348271
0.026219084,2.142294551
0.027309667,2.157134364
0.027960948,2.147057824
0.027574292,2.160242555
0.026363663,2.164907474
0.026520369,2.154657909
0.027963233,2.155157904
0.026978948,2.150052858
0.027020109,2.142332544
0.02863939,2.172726965
0.030535289,2.163952221
0.02857227,2.202269586
0.031091521,2.219330265
0.027393301,2.149388227
0.025937819,2.197682956
0.027052803,2.215678
0.02628998,2.194650751
0.027308686,2.184409903
0.027822679,2.15330743
0.027782432,2.1989137
0.025830525,2.15826297
0.026339026,2.208361957
0.026528531,2.223574135
0.027731304,2.216062206
0.029027228,2.214464361
0.026922904,2.230533931
0.02631564,2.211750244
0.027041902,2.230075877
0.030615521,2.181038721
0.027335546,2.191273812
0.027131827,2.218207743
0.027808346,2.210867523
0.027683774,2.204333052
0.033365865,2.23371153
0.03226088,2.235810357
0.027063928,2.227936919
0.02775652,2.237546523
0.028737693,2.221916093
0.028598501,2.241412437
0.027813342,2.241259971
0.028674805,2.211957808
0.026733016,2.199936222
0.026197567,2.240130707
0.026250799,2.230942973
0.026920771,2.226488414
0.026453848,2.226736438
0.028335764,2.239152427
0.030611026,2.209351421
0.031167314,2.232654139
0.025985771,2.223495682
0.030470002,2.215647901
0.02672508,2.226771635
0.026079448,2.214818634
0.026653252,2.20957132
0.026463844,2.211057817
0.026641906,2.218933887
0.026703578,2.178976571
0.027010429,2.210570651
0.027256687,2.197615523
0.028134091,2.16593493
0.027327459,2.202876323
0.026508167,2.215778986
0.027102512,2.212111589
0.02624403,2.178715719
0.027383721,2.174524973
0.02753042,2.198720939
0.028101163,2.181995619
0.026792966,2.179786596
0.02744695,2.129788595
0.029454662,2.148032813
0.027681752,2.16961828
0.028434234,2.181845456
0.02826259,2.183972737
0.027028397,2.155384053
0.03007248,2.142235176
0.028755844,2.151498896
0.029323375,2.137971898
0.029029235,2.181152536
0.031033552,2.18252489
0.029179123,2.163101736
0.02911281,2.190000799
0.028615017,2.178603713
0.02780554,2.20421677
0.028019395,2.120901845
0.028841857,2.151973726
0.028608145,2.135486398
0.028416831,2.127616578
0.028109757,2.186605604
0.027121157,2.170308734
0.027871863,2.153760386
0.027540555,2.184388686
0.026921051,2.167466493
0.026167461,2.163338576
0.028181646,2.154942775
0.027549218,2.199197579
0.028323136,2.169022727
0.028452604,2.165942332
0.027735305,2.162487762
0.027471071,2.142482542
0.027767061,2.156440456
0.027923731,2.161304222
0.032854293,2.137454634
0.028579951,2.163707486
0.02878551,2.147358149
0.02975092,2.14674582
0.02859812,2.16649578
0.030307935,2.169287856
0.029390564,2.10853569
0.030718696,2.132699255
0.030787533,2.158330404
0.029000681,2.13533311
0.031019564,2.154345248
0.034469593,2.171777962
0.030360062,2.156116282
0.034063889,2.188901962
0.032311728,2.185819428
0.035537938,2.176806035
0.032931505,2.167694123
0.037599394,2.159490589
0.035415481,2.192607515
0.031442285,2.18160911
0.036157664,2.201893274
0.03227621,2.173263802
0.034791009,2.163319497
0.031841973,2.143695358
0.032513008,2.176767548
0.033343838,2.160061143
0.033793266,2.167919449
0.034360897,2.153686867
0.033673016,2.143266415
0.030252963,2.174780069
0.02912027,2.202535044
0.029517709,2.205070544
0.030119041,2.207708675
0.031714068,2.165440363
0.031041125,2.210385785
0.032283968,2.231289351
0.033070663,2.239868209
0.035264444,2.212543986
0.034721499,2.178805849
0.034558685,2.206770855
0.035697823,2.19753707
0.033978551,2.173528273
0.042343236,2.184182767
0.033198091,2.170753466
0.037875961,2.154590476
0.034991722,2.157023181
0.037619485,2.166663212
0.040285674,2.186783727
0.041976548,2.19069964
0.044268399,2.171549346
0.029701699,2.158636815
0.02975966,2.167609913
0.029170927,2.153192135
0.029882292,2.173043409
0.029751814,2.17850832
0.031060011,2.191230885
0.037702965,2.211916032
0.031619578,2.169692293
0.031229042,2.191784333
0.031643496,2.205617907
0.032654644,2.209141719
0.029428619,2.216040496
0.029780597,2.23689028
0.031172711,2.227471792
0.034110884,2.198689525
0.032414271,2.171780593
0.029935573,2.156882722
0.031026007,2.179440218
0.032871205,2.188167923
0.03540551,2.15873813
0.033028453,2.167890831
0.030325156,2.177466225
0.029644237,2.136744773
0.032022524,2.183333105
0.027979518,2.183940336
0.029597619,2.179157655
0.029486852,2.200659077
0.030282501,2.184243622
0.031263751,2.187254446
0.028596123,2.143133851
0.030369535,2.160634985
0.028151407,2.16942667
0.029208638,2.15131551
0.029085109,2.138831429
0.0281416,2.191288615
0.028403103,2.208238603
0.029303206,2.196362904
0.030425761,2.170641296
0.037037918,2.152072739
0.033202233,2.186459388
0.03007385,2.193482177
0.028782619,2.172642098
0.027872357,2.149786249
0.029432913,2.151525047
0.028353206,2.2034551
0.029392055,2.180280834
0.030359993,2.185520418
0.030889731,2.182354497
0.029222325,2.172567921
0.0285093,2.161024784
0.029097981,2.158939115
0.029856585,2.157397683
0.029562879,2.146833155
0.033751287,2.18115418
0.029612738,2.157349329
0.029464417,2.15411877
0.029449435,2.139490632
0.029696359,2.175950945
0.030510801,2.165882135
0.03559399,2.156567593
0.030313553,2.153624696
0.029110656,2.173573009
0.030839454,2.159604404
0.029386031,2.155215305
0.03003449,2.11507378
0.029207612,2.118851044
0.028788831,2.17043587
0.029610707,2.149896774
0.031742308,2.152265006
0.03813705,2.153879792
0.053218003,2.149257143
0.037385981,2.126240112
0.048528064,2.153727491
0.033867913,2.13366339
0.034123731,2.168968287
0.030901676,2.169613511
0.032075651,2.173966755
0.032862223,2.212928028
0.032346876,2.175261807
0.032831156,2.189160018
0.029983478,2.186365968
0.030736336,2.193307673
0.032524932,2.209115403
0.031521687,2.188347527
0.032009742,2.135603337
0.036142478,2.138290809
0.035453618,2.138825179
0.041041083,2.169641471
0.041922789,2.129594353
0.030963022,2.12671889
0.029948898,2.103706464
0.031059235,2.098463591
0.031847925,2.136611715
0.032525225,2.13870643
0.031727043,2.115579861
0.031401435,2.14724894
0.032228819,2.128177592
0.031582397,2.133037903
0.032775251,2.137095427
0.032597624,2.128627916
0.032698633,2.10528227
0.032680785,2.14661046
0.033163289,2.127904239
0.031553456,2.189010842
0.034153904,2.149119644
0.032642365,2.137967457
0.031028132,2.1413791
0.031490884,2.151204162
0.035466922,2.120456784
0.037954014,2.12413339
0.041326206,2.17903611
0.039488982,2.146163754
0.036616561,2.130521482
0.036150794,2.175206709
0.036894521,2.181848581
0.03724267,2.148184457
0.037783878,2.134865187
0.038595516,2.169000359
0.045241692,2.127115432
0.033034395,2.131708476
0.032688849,2.146498948
0.033736266,2.132767018
0.033432288,2.136624544
0.032962693,2.141925804
0.037650411,2.14290063
0.039534255,2.145254059
0.039766043,2.145048798
0.033340266,2.161357182
0.031512129,2.164642838
0.031460799,2.118337891
0.031042636,2.128908176
0.033629177,2.1342397
0.034632271,2.135956787
0.032556149,2.177514086
0.040404469,2.18131931
0.032855285,2.214806134
0.032484202,2.167223404
0.037580783,2.21457538
0.034677817,2.160160977
0.031078291,2.199589022
0.027998463,2.162833811
0.029080123,2.200898877
0.02883626,2.147525088
0.028683625,2.162032833
0.029169668,2.153672886
0.028202909,2.16579332
0.029385702,2.171388163
0.029655801,2.149941346
0.030619594,2.142069224
0.030492925,2.137846406
0.030097318,2.168507765
0.029017344,2.192090909
0.029007838,2.157091765
0.030280378,2.162022306
0.029812931,2.192431859
0.034921831,2.181475723
0.03907451,2.179207819
0.057655575,2.176043049
0.04436794,2.165984107
0.043902094,2.144328247
0.038894732,2.145651259
0.048330409,2.165166846
0.051095821,2.177753393
0.0627365,2.126983361
0.030094658,2.16365025
0.029655123,2.123974675
0.072379836,2.156911669
0.068068743,2.128004567
0.063976068,2.138264658
0.049057144,2.156161347
0.074480061,2.154295742
0.052264091,2.173399327
0.047781772,2.141263805
0.064464761,2.151029822
0.058260559,2.152833093
0.07144085,2.134069307
0.053797386,2.204065456
0.064574448,2.169620912
0.072847456,2.184250859
0.056620923,2.166710251
0.055207327,2.145725436
0.047112124,2.159769698
0.051429308,2.175686967
0.058747586,2.147339893
0.059429559,2.18354034
0.054197135,2.119998236
0.060543261,2.170959056
0.071046379,2.183025542
0.06862382,2.141309034
0.074987596,2.178876572
0.047736994,2.162571478
0.052822427,2.170181103
0.046235103,2.135923893
0.053737528,2.145790896
0.065260944,2.18254808
0.077977948,2.186779944
0.099073129,2.174297672
0.076365059,2.1328083
0.091550715,2.111539606
0.036961692,2.151315181
0.038243181,2.161836618
0.035143771,2.16075028
0.035259829,2.158513461
0.039358689,2.152574214
0.056168337,2.138620411
0.057196014,2.164270638
0.059593121,2.149327372
0.057494259,2.173165283
0.049543298,2.145519188
0.047771498,2.103231305
0.050588954,2.150460749
0.048634657,2.114163757
0.047402962,2.13844163
0.050705626,2.118090196
0.045182986,2.118148255
0.05411108,2.119428669
0.060859098,2.115705517
0.052730091,2.133510596
0.058354257,2.128371175
0.068141928,2.129878725
0.06164787,2.116431661
0.051239687,2.108276318
0.050336834,2.118711407
0.053556553,2.119509425
0.050813273,2.115798279
0.053729181,2.131840876
0.058222931,2.104934741
0.05920982,2.134928673
0.056061625,2.127480395
0.053292729,2.097061303
0.055445755,2.135109757
0.061664322,2.136505301
0.067634028,2.127814109
0.054861545,2.123760368
0.069231868,2.119939848
0.052492923,2.099904859
0.057373151,2.126960828
0.053909772,2.121338189
0.048108989,2.096647656
0.043490914,2.135318143
0.049705272,2.141215943
0.04496116,2.12701017
0.048584015,2.128343051
0.042024798,2.139890464
0.047321091,2.135774388
0.049937912,2.145625766
0.047915925,2.145014095
0.048553397,2.130481022
0.05252261,2.124360362
0.048189113,2.106003809
0.048648601,2.14118124
0.044650662,2.116955833
0.05654709,2.156294241
0.065143686,2.169402329
0.052510064,2.177237116
0.057443874,2.157025154
0.052415492,2.128077264
0.057486477,2.141161174
0.054080905,2.134830154
0.042396929,2.125472686
0.054091873,2.110965106
0.047938334,2.117173101
0.04725743,2.124707233
0.059966211,2.131443676
0.068853922,2.12454605
0.048038276,2.146577401
0.043703535,2.130792367
0.047400654,2.120838359
0.046957284,2.135522088
0.044849077,2.142090276
0.05267892,2.159734501
0.054813273,2.156928609
0.06421189,2.15666529
0.075369258,2.156161512
0.065501495,2.112489926
0.06816703,2.143977757
0.074547119,2.110528104
0.070808383,2.12540443
0.075452039,2.148362909
0.076915768,2.141252127
0.064814618,2.128732027
0.072252288,2.133684936
0.063415193,2.126452116
0.05836153,2.109770546
0.055288602,2.08738887
0.05516293,2.106384561
0.068643835,2.103480973
0.055702377,2.104861222
0.058501413,2.12507269
0.049560685,2.101323265
0.055646123,2.090970248
0.058022265,2.140625818
0.060447343,2.077213153
0.054224211,2.10221717
0.053824637,2.114310466
0.058065948,2.134253022
0.058914479,2.112356374
0.06394947,2.117872436
0.069416699,2.132050907
0.051973489,2.095263131
0.060402108,2.079688457
0.057276734,2.090705612
0.064455854,2.109517424
0.057487227,2.118418482
0.057088249,2.089835062
0.048367852,2.119464689
0.041628554,2.135870769
0.042152649,2.130566383
0.045662052,2.104806124
0.042512609,2.100845145
0.041548544,2.105267797
0.040882591,2.112166574
0.037857633,2.138152817
0.038937304,2.110622675
0.042917634,2.113122814
0.045277784,2.137779959
0.041900442,2.124864304
0.041583648,2.124079937
0.04140579,2.109681238
0.050449035,2.117920297
0.039260219,2.097927741
0.042093555,2.108970061
0.037466799,2.108930259
0.039838914,2.106737189
0.04015488,2.11009176
0.044513385,2.08560402
0.041683632,2.1172231
0.045090121,2.115670485
0.04333722,2.139274681
0.04052109,2.129498631
0.037531256,2.112078252
0.038017289,2.119380973
0.038691375,2.109023679
0.038096585,2.115315554
0.037686117,2.104266162
0.037567358,2.107071725
0.042723871,2.132776722
0.042776281,2.091119095
0.044558738,2.10855148
0.043892678,2.119992973
0.040485165,2.099207991
0.041569388,2.082611453
0.046919044,2.114282012
0.042991022,2.089368619
0.041959927,2.12820144
0.039971964,2.110749812
0.047682292,2.121084573
0.045897365,2.113640736
0.046679943,2.086519142
0.043332897,2.098438756
0.047741713,2.124506906
0.042503725,2.088710403
0.045797376,2.105375197
0.052347843,2.110628761
0.042761172,2.126342578
0.041384542,2.119966986
0.041693826,2.134076708
0.035390579,2.120003828
0.036349338,2.099144998
0.038849461,2.122078148
0.033757282,2.100806823
0.039592057,2.125161505
0.03984262,2.138447058
0.0406731,2.101816188
0.045356468,2.134039044
0.044450618,2.124817594
0.050956019,2.114309644
0.041196442,2.099722295
0.045977967,2.113516395
0.040740164,2.135162717
0.043031878,2.114354709
0.048178406,2.121779138
0.04701101,2.172516112
0.040804542,2.122285383
0.037294813,2.143786147
0.040751482,2.149796282
0.040803742,2.144860149
0.049578484,2.142059849
0.037690627,2.168462536
0.044229496,2.13232097
0.049325537,2.156512989
0.053021345,2.16022545
0.042570457,2.147475253
0.044659349,2.159692396
0.047250101,2.149341352
0.040359293,2.138545412
0.043400799,2.148347777
0.046236727,2.153115326
0.048014186,2.151348733
0.047565491,2.166900545
0.04970852,2.125149992
0.049640948,2.146641052
0.058308935,2.131795975
0.049966289,2.167757773
0.049888432,2.159095692
0.048317478,2.173503108
0.060355691,2.175171512
0.049558768,2.171787995
0.057528618,2.161100934
0.056787774,2.153186214
0.063042911,2.157756561
0.0517624,2.171156751
0.049834243,2.163633309
0.045684872,2.172346377
0.048604209,2.151171761
0.054567541,2.18679853
0.052016262,2.150553675
0.047226119,2.196899576
0.058377828,2.194875091
0.056542922,2.15758107
0.062046087,2.1868982
0.062882623,2.185632423
0.056118666,2.180405504
0.061324456,2.170171728
0.061948458,2.184431613
0.063664636,2.19825647
0.058989052,2.179332653
0.055478963,2.178313585
0.063972445,2.184126024
0.058469989,2.187187012
0.050929221,2.187496878
0.05469254,2.1576587
0.061457195,2.194179703
0.057410141,2.168062211
0.061700398,2.178268684
0.061168609,2.184586875
0.057637565,2.183221758
0.05854213,2.150246113
0.055478922,2.16682275
0.056687739,2.219283883
0.057085443,2.193000603
0.057265884,2.205405409
0.062961446,2.159701771
0.065378269,2.178092534
0.059402853,2.219360527
0.062615366,2.177845498
0.058769379,2.200561709
0.059696908,2.150029503
0.065044098,2.161621653
0.059911431,2.215006132
0.059231884,2.194589732
0.060947564,2.160706695
0.063444161,2.174485993
0.064987761,2.183640997
0.056479729,2.182118644
0.053959879,2.158133367
0.057777305,2.230533273
0.060646518,2.208748137
0.062760302,2.1898059
0.07061665,2.222577928
0.062013995,2.183714351
0.076113175,2.201983898
0.065215262,2.173865769
0.062019479,2.198875871
0.053670218,2.228844968
0.063190257,2.217619756
0.063447383,2.209847633
0.062999357,2.207904561
0.062597505,2.21789722
0.054618111,2.221973
0.057397343,2.228701549
0.057532951,2.212264548
0.062627717,2.219874009
0.055733231,2.164411755
0.054245824,2.211097126
0.060211809,2.208391562
0.062292405,2.218060705
0.057896274,2.234840794
0.063828146,2.230937381
0.068300833,2.21940954
0.058488558,2.227182486
0.06060557,2.257908483
0.056299251,2.24058761
0.051722993,2.244078363
0.059056439,2.220655909
0.053703442,2.276099906
0.061582276,2.238544868
0.052363288,2.227798433
0.050478372,2.172102629
0.048991468,2.184872892
0.049239569,2.24549496
0.047271487,2.190607536
0.054404324,2.186860042
0.05208956,2.216950684
0.049333072,2.163033316
0.051546936,2.208809979
0.053437269,2.212365699
0.057905017,2.219899995
0.051152142,2.195437749
0.049471074,2.197515688
0.054127574,2.163638573
0.054800562,2.17632479
0.05055903,2.193708162
0.055515887,2.164416032
0.055072326,2.171874342
0.052172747,2.173614949
0.055334813,2.141589788
0.052285056,2.194677395
0.04563604,2.166842651
0.053398439,2.211858796
0.049203267,2.221218732
0.053286289,2.206261321
0.043445838,2.183795436
0.043700184,2.216061877
0.044825147,2.222928582
0.047213146,2.221789121
0.052420838,2.243051729
0.056204212,2.222063789
0.057180287,2.185000029
0.059063563,2.200100365
0.059497887,2.164881652
0.072591676,2.190594049
0.071921422,2.186358732
0.051065691,2.189085841
0.048742561,2.152416485
0.048191718,2.177858984
0.048735797,2.204081081
0.047687201,2.210048453
0.051080062,2.219668419
0.047450788,2.223808672
0.0451859,2.219957725
0.047161414,2.218936354
0.04844849,2.183694779
0.052749278,2.175109506
0.050799226,2.195617682
0.050351092,2.18988534
0.050968231,2.188762161
0.057158294,2.177066558
0.055941766,2.209482998
0.05275819,2.209971151
0.056763869,2.210651078
0.058925925,2.218620568
0.053672264,2.201711204
0.054722654,2.22119291
0.053378275,2.197631148
0.05098141,2.185951992
0.054410126,2.179425744
0.060138428,2.186201496
0.057465178,2.191124307
0.052810482,2.198114366
0.060932843,2.190384512
0.05340162,2.212515368
0.052760524,2.203596053
0.050866269,2.219599341
0.055684255,2.213871111
0.054583829,2.236361338
0.056476085,2.210669006
0.065786262,2.204813639
0.05774626,2.192051765
0.057327212,2.20062388
0.054246723,2.226365882
0.058596344,2.216297237
0.055585088,2.240496328
0.057895344,2.247880297
0.05860723,2.239799953
0.055073981,2.263670923
0.053696416,2.248507264
0.056597881,2.246990668
0.059350721,2.24452622
0.06421557,2.249300184
0.061459462,2.224864253
0.062575857,2.233765312
0.05885052,2.268581892
0.063080585,2.253653757
0.062471741,2.243884286
0.057260477,2.230729817
0.054914346,2.235593747
0.053145825,2.273627892
0.049643672,2.258572949
0.053207225,2.256658496
0.053795721,2.262109755
0.059528911,2.243017519
0.060778856,2.240223962
0.061599962,2.23492155
0.060650866,2.249930769
0.055492727,2.270375623
0.060663145,2.247542636
0.058475627,2.237778757
0.065441889,2.272472312
0.065978294,2.266952961
0.063552466,2.270535983
0.061328907,2.232763842
0.069625501,2.233955935
0.076230228,2.20780045
0.073368827,2.208171005
0.066411652,2.216796409
0.068420574,2.224396988
0.063076119,2.215105966
0.069400077,2.186706261
0.058849708,2.212528032
0.06278892,2.191432034
0.059942835,2.195183311
0.061850309,2.221171693
0.050764476,2.209636615
0.06674388,2.208879386
0.060152737,2.211879519
0.064936888,2.209124614
0.065314351,2.217462192
0.074119024,2.280559399
0.056661953,2.238950949
0.062763416,2.264602163
0.062535088,2.262245773
0.055208144,2.235218751
0.057423998,2.22337167
0.060065408,2.25510588
0.062964674,2.249051009
0.060694004,2.254428091
0.061115325,2.228224745
0.066318581,2.231958752
0.061123317,2.237076791
0.058172413,2.232664008
0.056672438,2.249426663
0.06120929,2.224217714
0.052155858,2.222387963
0.061433568,2.193752076
0.0609945,2.207698806
0.052275938,2.235500491
0.05342039,2.235939796
0.056896686,2.237939117
0.055943786,2.257840227
0.055632816,2.25701688
0.055043292,2.247345434
0.058245176,2.2316729
0.065699658,2.228258297
0.072387032,2.239080882
0.064123939,2.237894381
0.062119447,2.257179543
0.061542587,2.255649789
0.056217046,2.262559421
0.058636825,2.27684003
0.062752978,2.260888386
0.065367167,2.287653733
0.062826363,2.238006387
0.069085565,2.254511972
0.064125666,2.22413334
0.062604444,2.236666433
0.061319435,2.264034406
0.062593378,2.259701392
0.06195698,2.256885796
0.066391319,2.274160288
0.062166507,2.264758412
0.063257233,2.269394219
0.065296552,2.273238258
0.064709135,2.228085272
0.072236858,2.232676014
0.060006882,2.242915875
0.055249946,2.270840421
0.059840169,2.254687957
0.067045871,2.245450059
0.067949377,2.264921732
0.060842055,2.276519145
0.063821907,2.24215733
0.075253789,2.233224528
0.069729915,2.217414659
0.069214131,2.200407763
0.070836626,2.208125447
0.064748763,2.226524433
0.068674077,2.245527361
0.072351398,2.250082906
0.065726246,2.232188355
0.07227352,2.242665878
0.061076299,2.267284701
0.06768835,2.266815792
0.060974491,2.249648371
0.071152819,2.261950875
0.059776914,2.230972907
0.055709748,2.262140676
0.065124448,2.273684964
0.060749216,2.284885834
0.059641183,2.289024278
0.069868066,2.291892012
0.061539699,2.25618202
0.075214002,2.233559229
0.060494741,2.280723542
0.054610042,2.29004861
0.054958681,2.297425014
0.059410218,2.242378381
0.058074367,2.290015715
0.071046426,2.283966765
0.06129039,2.273475262
0.062162107,2.235240955
0.059685221,2.218901651
0.067182306,2.215914182
0.057693804,2.201958241
0.062615212,2.180907801
0.055924374,2.221282547
0.057639379,2.170911688
0.071780367,2.231385238
0.065605266,2.228595958
0.062169524,2.241610625
0.065726729,2.209344184
0.067509852,2.198897088
0.061132995,2.187641449
0.06717124,2.193785464
0.057962772,2.172856733
0.049994023,2.19155473
0.051351945,2.184546086
0.057204665,2.224139919
0.05505646,2.191189603
0.058435218,2.192009166
0.052113707,2.196364713
0.055526639,2.222739111
0.055242164,2.176910968
0.053333195,2.204805744
0.063253728,2.206439444
0.061539616,2.198951035
0.064822847,2.211738238
0.061565094,2.208041895
0.068225274,2.192537286
0.061321182,2.225462438
0.066043142,2.215694611
0.060140659,2.182751368
0.057963574,2.180219157
0.057896043,2.165593815
0.069869325,2.194586607
0.060416617,2.2006099
0.051827747,2.18755066
0.03181327,2.199918624
0.032332076,2.201454299
0.028940528,2.215745433
0.02947483,2.222921181
0.032038337,2.225965558
0.037242703,2.245301048
0.044878292,2.243041696
0.045544228,2.276588059
0.047301966,2.215377181
0.048867405,2.261435091
0.04993046,2.231476191
0.045086277,2.218685863
0.059735929,2.212886088
0.068655121,2.210542362
0.044277599,2.218093106
0.046877392,2.233222719
0.049115249,2.259163075
0.057240005,2.230055647
0.054853563,2.232732264
0.048639519,2.218678462
0.041951104,2.186012354
0.043718646,2.223040752
0.065454456,2.230869947
0.044123288,2.223712785
0.052594412,2.220718901
0.051225373,2.252904587
0.057481933,2.225489082
0.063133992,2.217057426
0.048021742,2.241993845
0.054036014,2.211846625
0.057551849,2.225943847
0.050392605,2.199761224
0.047072065,2.154164329
0.063921793,2.186164161
0.042114183,2.197516182
0.045136708,2.213044146
0.044666313,2.22167728
0.052524357,2.210095163
0.041702656,2.213691507
0.047018992,2.221810337
0.042853102,2.221235837
0.046207179,2.226214733
0.039394243,2.224367219
0.045855276,2.212979344
0.036603087,2.246531463
0.046441408,2.211380183
0.041004807,2.187436681
0.04915021,2.190056226
0.042879543,2.208590738
0.047245367,2.217598046
0.051777274,2.223391078
0.052067793,2.208261465
0.038810676,2.182944129
0.040147823,2.194074934
0.035694757,2.210983805
0.035513666,2.223454893
0.035285959,2.223420847
0.039767952,2.224539092
0.043809712,2.223680548
0.038372546,2.219892101
0.043970509,2.227642185
0.036482891,2.242476735
0.03625509,2.204156738
0.035284012,2.168326846
0.035194074,2.220795052
0.035607628,2.232897558
0.043978979,2.246596265
0.034142879,2.236078282
0.031664366,2.220155914
0.032803949,2.229746275
0.033531876,2.232094277
0.034550153,2.264183253
0.036284908,2.227250742
0.034581066,2.222207044
0.033240529,2.165136912
0.036814374,2.207514762
0.034270103,2.225641054
0.034776983,2.19813032
0.035124199,2.207792391
0.041265734,2.168023889
0.034472751,2.237132218
0.034654107,2.235070726
0.032852923,2.250415962
0.036706142,2.228536583
0.03667796,2.259207647
0.035294962,2.252586663
0.036276731,2.252129102
0.035035977,2.259870633
0.036541138,2.23216648
0.036859463,2.247458756
0.03428431,2.229991832
0.037032045,2.249538668
0.03451261,2.251758546
0.03513537,2.250188004
0.037249359,2.213798414
0.037391183,2.228903849
0.037852848,2.207790417
0.03842751,2.210695979
0.035746203,2.212430501
0.034599559,2.220272689
0.036539745,2.212707965
0.037878004,2.214903501
0.040547467,2.220218413
0.040304213,2.208160479
0.038737599,2.213495621
0.044511771,2.2216008
0.038570167,2.20291152
0.037542281,2.187373524
0.041055778,2.172737985
0.03611201,2.217269266
0.035735063,2.210123123
0.03601641,2.215860728
0.037789172,2.179568835
0.037771128,2.178791869
0.036434657,2.18453227
0.03738667,2.184858089
0.038373944,2.199507608
0.034271435,2.179160451
0.033431515,2.182542653
0.037027068,2.171886513
0.041308211,2.160719688
0.037159771,2.166315847
0.04137272,2.195133969
0.047855872,2.174265107
0.036751112,2.224432843
0.038087064,2.202559221
0.038420921,2.174372672
0.041338269,2.189522515
0.04119884,2.19796042
0.040512206,2.210989726
0.043743923,2.198186569
0.042639987,2.207461144
0.050144576,2.219488487
0.045696154,2.183627016
0.039221964,2.239111638
0.060891592,2.229897425
0.05897041,2.21774459
0.052932371,2.209422308
0.060211464,2.229426048
0.066029074,2.211886263
0.064124026,2.209561122
0.063763792,2.200157437
0.05856016,2.189190117
0.062568964,2.196252379
0.092828334,2.192600443
0.036884437,2.191697656
0.037675496,2.226644333
0.037757154,2.219735359
0.037428243,2.228976546
0.039360103,2.222553093
0.038221872,2.267510028
0.040217559,2.233441631
0.041368377,2.239685152
0.038658925,2.224346495
0.041120898,2.230779159
0.048752244,2.256482182
0.042520925,2.242826402
0.046126994,2.220998668
0.044838556,2.220328116
0.04400053,2.226155029
0.043260268,2.212055669
0.048975391,2.210333812
0.049964449,2.218551819
0.053364156,2.240074786
0.058353609,2.229166511
0.058537551,2.237699975
0.04631867,2.239324136
0.047064294,2.23689028
0.045329711,2.241236616
0.041793576,2.252653932
0.042406866,2.240602083
0.042618223,2.280642786
0.046122008,2.266233725
0.040476299,2.278222088
0.041541816,2.278437546
0.039159282,2.303927742
0.043833499,2.267501311
0.046708854,2.24016689
0.057934781,2.260000237
0.049988307,2.297590966
0.052283956,2.244415695
0.060027559,2.270091087
0.057916926,2.284563634
0.055709758,2.262727347
0.052775285,2.255020355
0.058682106,2.215365832
0.055835749,2.255495514
0.054014597,2.2376332
0.045848753,2.240922475
0.049562407,2.234722046
0.048389331,2.235216613
0.053409073,2.238289443
0.056093548,2.241665888
0.048974739,2.239817552
0.045732544,2.250412179
0.045366018,2.226259633
0.055163881,2.235789798
0.051507268,2.250022709
0.060780563,2.264072563
0.049180365,2.26103822
0.053027066,2.268711331
0.046496069,2.249373045
0.049049167,2.257158162
0.053178447,2.296283414
0.051349467,2.300317089
0.049456379,2.271384988
0.055272962,2.280977158
0.048786238,2.294134587
0.047570004,2.303869026
0.051957458,2.295497895
0.053098005,2.299596701
0.050479287,2.291842506
0.054116842,2.29247046
0.05273887,2.324895617
0.055964001,2.308809435
0.054315694,2.306460775
0.051739713,2.263411551
0.058980654,2.268549326
0.055207343,2.263502339
0.050937064,2.268095548
0.053335677,2.250424021
0.045227044,2.27166607
0.047400701,2.246039033
0.047312611,2.284721856
0.055579563,2.248821241
0.061466719,2.270637298
0.060606896,2.239482358
0.061541909,2.261001707
0.048881622,2.255575941
0.048661661,2.237653594
0.046429396,2.229435587
0.046110526,2.238611972
0.044120132,2.266120404
0.05934388,2.234012842
0.051998227,2.274705841
0.051249535,2.249274197
0.051319873,2.214137884
0.057273008,2.231015834
0.050086528,2.221019063
0.048877495,2.228835758
0.050383714,2.222095696
0.048637741,2.226199601
0.047209117,2.240566886
0.053383395,2.219648518
0.048677527,2.224887115
0.050313176,2.233358737
0.050605468,2.236420383
0.055647721,2.242725417
0.048921984,2.244868322
0.04660018,2.216202665
0.047293712,2.221691918
0.050546145,2.211838237
0.048431539,2.209411453
0.047919939,2.214630149
0.053415672,2.210472462
0.047315119,2.214913863
0.054379427,2.229875385
0.047828163,2.225624936
0.044277049,2.243705341
0.047695285,2.237076791
0.040799464,2.246835407
0.041920104,2.265965471
0.045264379,2.264228154
0.043239781,2.238433027
0.045434711,2.227396793
0.042113931,2.219526151
0.043975145,2.257208325
0.042397872,2.238802431
0.041592123,2.213304998
0.038011337,2.215203663
0.044458919,2.223309335
0.042061133,2.233500841
0.046092326,2.222750953
0.046356967,2.208302254
0.045721,2.222059184
0.047141498,2.225832006
0.044186939,2.18290005
0.04729531,2.210224273
0.045181074,2.20773647
0.051019341,2.235822199
0.050038934,2.237421853
0.046463915,2.201381438
0.054301847,2.21348493
0.048738973,2.249227487
0.051067059,2.246767151
0.049061122,2.233973863
0.045894338,2.231502178
0.042109915,2.250302969
0.04673755,2.209688917
0.047142742,2.223243875
0.042629471,2.22351509
0.04475614,2.234236689
0.043966207,2.229707131
0.04225695,2.219984863
0.05810557,2.236488146
0.043835277,2.249174856
0.050830913,2.245321771
0.048900053,2.236688308
0.05136612,2.22158534
0.052442851,2.225631186
0.045700657,2.232698053
0.048235093,2.23308226
0.051170527,2.222487798
0.050918083,2.212609939
0.046752918,2.223676765
0.046152153,2.231994607
0.041413309,2.233201502
0.04706083,2.240849449
0.046690033,2.22137827
0.042734772,2.229877524
0.047032972,2.248472396
0.049715752,2.221592083
0.049921419,2.22213813
0.045016628,2.243721459
0.044403651,2.247037707
0.041191963,2.234625501
0.039474408,2.217172392
0.043463257,2.230452024
0.045498706,2.217850675
0.042297181,2.230751692
0.042896564,2.207802753
0.041999927,2.18668784
0.043727625,2.257614078
0.046886243,2.234425503
0.044647548,2.233346402
0.047230883,2.231330304
0.05118186,2.230790672
0.05505388,2.252252949
0.050360251,2.233387027
0.051889367,2.237091922
0.05052333,2.232787033
0.054954153,2.259032978
0.049203555,2.249262191
0.049687838,2.259081003
0.049758103,2.228071457
0.04758107,2.2480025
0.046798163,2.231497079
0.048041196,2.222203097
0.048450582,2.23145333
0.034817649,2.251739139
0.035968606,2.253021362
0.034537959,2.287205547
0.036778337,2.26373408
0.042475672,2.248395917
0.043344801,2.240784154
0.042913106,2.215503331
0.043904366,2.220960511
0.043933498,2.221515439
0.042394731,2.249710541
0.044073098,2.224667051
0.044120163,2.2609073
0.045392046,2.242883968
0.045654846,2.288529218
0.049858046,2.229659434
0.050269786,2.232430951
0.053754222,2.180178039
0.048190392,2.233889653
0.054226041,2.233817614
0.05701841,2.240178568
0.054772576,2.218997538
0.045449174,2.232341314
0.043746544,2.222664605
0.046218286,2.209244349
0.044415637,2.202151166
0.042916876,2.21234037
0.045579641,2.220630909
0.039547431,2.209949112
0.043297623,2.222828583
0.043293902,2.217702979
0.046177502,2.23055153
0.045840936,2.243725242
0.044453337,2.242119173
0.042458767,2.244840362
0.043274551,2.22586194
0.043036049,2.220755908
0.044789693,2.210212103
0.048293825,2.211157981
0.055838514,2.188114799
0.057308894,2.220850972
0.055130128,2.236660183
0.055239774,2.240272317
0.047630617,2.253140933
0.053483219,2.244712567
0.05205737,2.258011607
0.052832876,2.257955028
0.051533923,2.292239048
0.051914002,2.305029869
0.050220989,2.280978638
0.052919224,2.282151488
0.048096088,2.293824228
0.047334141,2.317377931
0.04512944,2.299650977
0.051204665,2.271669853
0.047244925,2.236574658
0.048795361,2.237692903
0.051048602,2.228015536
0.046563184,2.251079442
0.049253138,2.227545969
0.044853621,2.21116308
0.04824658,2.171710693
0.052727367,2.224757182
0.051171791,2.210229537
0.047300974,2.178885947
0.043302172,2.21653605
0.045217068,2.185656601
0.050119268,2.222674144
0.042400884,2.16945792
0.043574245,2.232753645
0.046733448,2.216153488
0.050314224,2.22693808
0.041913592,2.243504685
0.040718173,2.262105479
0.044674829,2.226268021
0.04221105,2.211436432
0.045722033,2.226688247
0.046367056,2.209197968
0.042570264,2.217735873
0.050474872,2.217859392
0.045573695,2.200755293
0.049868618,2.218505438
0.050689523,2.179899095
0.043080767,2.219975488
0.046145672,2.17912032
0.044584303,2.207534992
0.044683536,2.187766118
0.04440268,2.183184093
0.046666282,2.225783816
0.045595446,2.208091236
0.048353672,2.208937116
0.048787261,2.214920113
0.046614417,2.181794141
0.044483014,2.243964384
0.044134868,2.221139456
0.045144443,2.223208678
0.047766625,2.24618196
0.048913252,2.240384487
0.050531851,2.276178688
0.048362368,2.251591443
0.049469229,2.166522589
0.048044038,2.244741185
0.046096094,2.238400955
0.047536467,2.234738822
0.045895222,2.23637943
0.045288711,2.2358296
0.046128058,2.262773893
0.05025377,2.220685349
0.045357445,2.254227764
0.047668898,2.252084365
0.044580119,2.25182302
0.046706506,2.281393107
0.047027365,2.307392838
0.047725461,2.245722096
0.044413113,2.270297334
0.047888838,2.2673023
0.049377022,2.247890988
0.048429082,2.229402199
0.045636703,2.230436893
0.045700559,2.244926545
0.045253822,2.243092354
0.04604503,2.185949361
0.045900526,2.236572026
0.045718456,2.233745411
0.045451327,2.248371082
0.043898511,2.24033679
0.043148463,2.234473693
0.041724331,2.245842161
0.045655581,2.231114353
0.046115558,2.225559805
0.045298774,2.246916163
0.044953712,2.224403567
0.045522508,2.220731566
0.044438956,2.228742831
0.044798312,2.221085674
0.044763017,2.207457032
0.0471232,2.218788165
0.044165521,2.218299519
0.044221899,2.208400937
0.043761506,2.212106491
0.043008184,2.223157198
0.042039058,2.208806689
0.0440417,2.218696061
0.042185903,2.211320479
0.04530559,2.228954671
0.042038634,2.207746339
0.042412623,2.265775342
0.041552463,2.231686386
0.043769632,2.229352858
0.04320205,2.235167107
0.043789636,2.230302519
0.043369652,2.223970677
0.044384942,2.247884738
0.044989141,2.263459576
0.043689175,2.272406523
0.044198776,2.26499558
0.043684097,2.244247769
0.043837991,2.248303155
0.040677721,2.244731152
0.041467505,2.231457112
0.045613055,2.246967971
0.04344755,2.228861087
0.0428306,2.228999079
0.045307713,2.213580489
0.04377948,2.247302343
0.045857445,2.220661665
0.049221205,2.211536924
0.047762688,2.232606114
0.049134055,2.209927566
0.045312976,2.238278588
0.047743321,2.224306693
0.047369225,2.223396999
0.053156346,2.229125558
0.0507168,2.241639573
0.049057792,2.222917892
0.048821523,2.238540592
0.063837655,2.192346334
0.051918808,2.222000138
0.052508373,2.237985334
0.047203874,2.237979907
0.049210992,2.21236833
0.050787071,2.161153072
0.042605104,2.180016034
0.043273569,2.211868335
0.042487712,2.164032976
0.042075936,2.179140879
0.042464007,2.186411692
0.0466765,2.174064451
0.044435122,2.21945
0.044810396,2.198628341
0.049015857,2.217196076
0.047183577,2.211349591
0.052075668,2.235733713
0.051207728,2.232166973
0.068704345,2.234978786
0.071629885,2.204197362
0.046599969,2.209830692
0.046941063,2.178428551
0.058016488,2.224516395
0.062928937,2.246953004
0.054163321,2.219280265
0.055035834,2.21013661
0.057114457,2.251433221
0.059832552,2.245938541
0.057941946,2.242968835
0.055293068,2.255884491
0.051607909,2.244237736
0.052122737,2.267746045
0.053765756,2.250872865
0.051345875,2.251732395
0.051039196,2.241049283
0.054954138,2.249184067
0.052373994,2.2606925
0.05450167,2.229217662
0.050636183,2.252266436
0.053723235,2.263589016
0.061404755,2.28675769
0.051638763,2.277845282
0.054344584,2.245657787
0.062552276,2.263327012
0.060495985,2.257130859
0.061311299,2.248618941
0.071409606,2.2670625
0.063445179,2.239804559
0.060679289,2.249163837
0.055085315,2.279179479
0.061126124,2.267913313
0.056602384,2.296787849
0.057443015,2.276045301
0.058066009,2.241125104
0.05421498,2.254495196
0.060163238,2.254516742
0.057010248,2.26101322
0.057462145,2.250747702
0.062997969,2.234502147
0.060279643,2.235383058
0.062348156,2.260033461
0.06051142,2.261767818
0.067388651,2.275940204
0.067358964,2.298574673
0.065486466,2.247957106
0.049231767,2.242969493
0.050147778,2.239827914
0.050343767,2.246625869
0.050189616,2.237466425
0.049360204,2.253720204
0.051684666,2.243863892
0.050052765,2.233975014
0.0482725,2.250418922
0.049144777,2.254828745
0.04744096,2.252751464
0.043960034,2.2644395
0.044432614,2.241304379
0.04166152,2.248883247
0.047025227,2.227100743
0.048391578,2.251274999
0.045738696,2.238243555
0.045259615,2.230547911
0.043877202,2.254691575
0.047238218,2.274592685
0.047049774,2.248250524
0.04844261,2.261287724
0.048759476,2.251506246
0.046204465,2.242711436
0.04934239,2.21909951
0.047746344,2.219627301
0.049343747,2.212656485
0.051335199,2.217008249
0.052427627,2.216406446
0.05173778,2.182484759
0.049871065,2.227187584
0.048929314,2.212835924
0.05087587,2.214120121
0.047974142,2.209269514
0.04549594,2.174584512
0.049152677,2.21684608
0.04927785,2.247347901
0.054709465,2.234294418
0.05245826,2.258977222
0.05118186,2.216858251
0.054350623,2.224238766
0.046126403,2.249100021
0.04499775,2.232247565
0.042428124,2.226686932
0.043351036,2.23747876
0.041129382,2.256583496
0.044256115,2.251296545
0.04732637,2.239917058
0.04864893,2.255908668
0.043583368,2.228064713
0.043773281,2.239726599
0.042511982,2.225830526
0.045588872,2.224347647
0.043846852,2.239467556
0.045786069,2.233554459
0.046953142,2.219448684
0.046801956,2.22184685
0.05312429,2.239404892
0.046580232,2.228047444
0.049494336,2.238554078
0.04969876,2.233445414
0.050184081,2.229469304
0.046937039,2.240651589
0.04826753,2.211374426
0.047999389,2.19852604
0.049290489,2.16916993
0.046661533,2.172519237
0.04701543,2.247293132
0.045971306,2.217118939
0.047212863,2.234906912
0.044890812,2.215018303
0.048310878,2.223738114
0.063145356,2.21670414
0.046674105,2.210707492
0.04800275,2.22926799
0.045723981,2.217963831
0.048396286,2.218823033
0.046179733,2.229106808
0.048444255,2.227197782
0.053407037,2.233400184
0.065225398,2.208364589
0.063312475,2.215716157
0.061588629,2.216460393
0.064656412,2.235802133
0.061676488,2.244711909
0.04560166,2.232788184
0.058426033,2.229069637
0.058567192,2.227430016
0.057194138,2.238697662
0.068396669,2.243953693
0.066312943,2.24318232
0.055324148,2.217173379
0.066674987,2.286143387
0.046613548,2.264987521
0.067146184,2.244150237
0.066179104,2.227236104
0.061089801,2.260284609
0.071467803,2.265141302
0.037283515,2.224788432
0.038119601,2.184667795
0.039330593,2.189029592
0.040151752,2.192104396
0.042782836,2.228556485
0.045530485,2.232156612
0.045360189,2.254866573
0.0460579,2.230812218
0.040229491,2.227838893
0.043206604,2.209352407
0.042332934,2.227995471
0.041961885,2.218987998
0.041164216,2.210956174
0.040572153,2.207945185
0.042908118,2.213047928
0.043176521,2.210886109
0.040877547,2.222733519
0.04022006,2.224718531
0.040504375,2.225167704
0.039568648,2.218430109
0.048197321,2.206858354
0.036534037,2.21608145
0.037798215,2.235605096
0.037721291,2.239937781
0.040221034,2.221111989
0.046440729,2.207797489
0.042462525,2.229464041
0.046643934,2.229284438
0.042463696,2.217784557
0.041657339,2.225266552
0.046615249,2.218497378
0.046437059,2.223758508
0.046595055,2.233517946
0.044288392,2.243443501
0.047638573,2.233395744
0.046291054,2.227699092
0.042828693,2.224181037
0.045351087,2.223471175
0.043636312,2.224021828
0.048951461,2.263089679
0.054245788,2.239455714
0.050154013,2.260663059
0.046856273,2.239729559
0.043825039,2.25604962
0.045444697,2.253477279
0.047453851,2.228916349
0.045744237,2.238705557
0.043393248,2.231894937
0.040578352,2.226519828
0.040346158,2.22466442
0.04504595,2.221762312
0.049011488,2.219656906
0.048006687,2.228897435
0.052229351,2.232877986
0.051151176,2.247466157
0.047427715,2.242054864
0.045231454,2.25952738
0.044489927,2.24446076
0.045269355,2.227502713
0.037987083,2.253026954
0.04425835,2.250329614
0.041574317,2.250320568
0.040758556,2.280206771
0.04174894,2.246692316
0.044445494,2.226569499
0.044751864,2.217898371
0.045102009,2.219423027
0.045042758,2.238876772
0.046353395,2.215406785
0.045975746,2.211347453
0.042562817,2.233900015
0.044467543,2.232121415
0.048863227,2.218739481
0.048644777,2.179520151
0.053045333,2.233867449
0.047044773,2.24775645
0.056579152,2.233179792
0.048693348,2.241939569
0.042528966,2.275754844
0.040811473,2.274717848
0.042064649,2.276063886
0.041694263,2.253105572
0.043562557,2.266495729
0.043577555,2.257509309
0.041610226,2.224805372
0.041464707,2.245699563
0.039373664,2.238424639
0.040657352,2.281263175
0.038444032,2.237058699
0.038917236,2.245816503
0.040437522,2.226631998
0.042595552,2.222815426
0.041792653,2.22812014
0.040544776,2.183184258
0.039340042,2.227875735
0.040171797,2.225158494
0.039599253,2.235392598
0.037544144,2.198478672
0.037335208,2.191426113
0.038653109,2.206021192
0.040350967,2.209560136
0.042576136,2.216039838
0.039994396,2.222415759
0.038947142,2.235118094
0.037829601,2.238400955
0.03963345,2.233937185
0.037166257,2.202488005
0.037913027,2.21410499
0.039293964,2.223932684
0.038610177,2.217033742
0.039213422,2.212766517
0.039721555,2.232078488
0.038638685,2.208557514
0.036505535,2.224567052
0.03776694,2.208353734
0.031892026,2.219031254
0.033826751,2.217347226
0.03225572,2.19849002
0.031519297,2.226464894
0.034480545,2.210280687
0.03336587,2.206634673
0.032215743,2.216078818
0.037195071,2.228159449
0.037212027,2.23575493
0.034411922,2.21182952
0.035844889,2.208899287
0.0343463,2.217473705
0.041507575,2.181817989
0.038815227,2.229844136
0.036242233,2.222031717
0.035076199,2.256132514
0.040057826,2.233456269
0.03950731,2.226889726
0.040792561,2.221225969
0.039969145,2.22570454
0.041060984,2.218335374
0.043322572,2.240010478
0.042456503,2.22736324
0.041540089,2.243725735
0.037197378,2.234720565
0.039380227,2.2274662
0.042043417,2.212905989
0.041469576,2.215913195
0.045759594,2.229392167
0.041634645,2.215283925
0.043579919,2.222543225
0.045592686,2.235756739
0.041652557,2.222551119
0.043188532,2.225866545
0.043308926,2.225239907
0.041412325,2.223675614
0.041001762,2.22177991
0.039393143,2.209972302
0.041338616,2.185158908
0.037680515,2.220606403
0.046807563,2.214778174
0.039802887,2.222533356
0.042358954,2.250861023
0.043713008,2.241103065
0.042699657,2.250741452
0.042947167,2.256306526
0.066527219,2.216328486
0.062297745,2.234880597
0.062700192,2.222191912
0.068602752,2.246412878
0.062474861,2.247845758
0.061615669,2.239761631
0.059643923,2.254521182
0.055978639,2.233111372
0.05279956,2.263997893
0.050165043,2.228495959
0.046255128,2.222039611
0.045996295,2.238199148
0.046059848,2.215760565
0.055568024,2.215023895
0.056952863,2.220147855
0.052249766,2.224194852
0.051759917,2.224909812
0.047802017,2.217263674
0.051639493,2.230666002
0.052413863,2.236723999
0.046568503,2.226083155
0.047320341,2.213064376
0.046541396,2.18831677
0.045572435,2.227851064
0.049906056,2.248301839
0.047913627,2.229128025
0.053442198,2.229556803
0.044786223,2.252238311
0.044151896,2.237730567
0.046299931,2.249785705
0.046895576,2.23043607
0.044747536,2.230676693
0.045572697,2.253277281
0.046474934,2.259125082
0.042477579,2.219269245
0.051701658,2.20623221
0.05045034,2.208217715
0.051577806,2.233396566
0.052370926,2.224932509
0.055174906,2.21357391
0.057712554,2.216606444
0.051582627,2.185602983
0.050598288,2.176766726
0.053121622,2.23747251
0.046429283,2.223639266
0.046400295,2.239402918
0.046300003,2.214958928
0.045988107,2.213378682
0.051511015,2.175831703
0.061295422,2.23870161
0.054367076,2.182307458
0.054334577,2.254302764
0.053630493,2.237192086
0.045658506,2.232693119
0.047773656,2.265565805
0.048554425,2.244134448
0.047829998,2.218263335
0.045985352,2.197701048
0.052531353,2.197696278
0.056882279,2.17796622
0.056730204,2.195557485
0.052028808,2.182424891
0.057377329,2.176287783
0.052905691,2.193578065
0.05813978,2.201584067
0.039343386,2.199143467
0.047260519,2.175086974
0.04437215,2.158076624
0.053869913,2.185987025
0.056012705,2.141043906
0.055795515,2.181237568
0.035545226,2.184929799
0.0399675,2.16938325
0.037584445,2.193923456
0.03892206,2.194817525
0.05115132,2.225596153
0.05664509,2.207690254
0.033443185,2.225464576
0.031806203,2.200570426
0.032541917,2.198588045
0.03238315,2.194679698
0.035973373,2.179681827
0.035362868,2.184044775
0.035153159,2.198418146
0.03509068,2.208881195
0.033287669,2.172462659
0.035165908,2.197471939
0.036576897,2.170928464
0.036846811,2.213824894
0.038589857,2.2360444
0.034819723,2.210454863
0.038401547,2.229625881
0.039479227,2.238008525
0.037314382,2.244844145
0.036493806,2.227301892
0.036185287,2.186865799
0.037841947,2.187633389
0.036563763,2.151637381
0.039069953,2.195252554
0.036245253,2.179429363
0.037006794,2.210028552
0.036524184,2.219639472
0.038577565,2.215851518
0.035731478,2.196495304
0.036888654,2.189517087
0.03587636,2.201376668
0.035267284,2.201991958
0.034536779,2.200602334
0.033683211,2.192444524
0.033495957,2.200895094
0.036803779,2.212409777
0.029755546,2.224053077
0.03027144,2.221838956
0.0292628,2.222026618
0.031762361,2.220804591
0.035216478,2.224150774
0.032807156,2.193138431
0.034065796,2.202453137
0.033358957,2.199997241
0.032789632,2.19011889
0.034789239,2.199703166
0.035415941,2.206307373
0.03813934,2.192480543
0.034555303,2.190512307
0.033545078,2.186051991
0.036250626,2.19285669
0.034542191,2.193179878
0.036254568,2.178499109
0.035772365,2.149381484
0.034528425,2.213299899
0.038135012,2.190452439
0.034617846,2.191082367
0.036645752,2.167446428
0.040748477,2.210266872
0.039439607,2.217076998
0.040400963,2.213206808
0.039895996,2.17539174
0.051985619,2.224014097
0.036175126,2.216991473
0.034108322,2.25226216
0.035079663,2.269509678
0.034553838,2.252687155
0.0346946,2.233665478
0.032588848,2.243068012
0.034807061,2.225934637
0.035023539,2.230288046
0.039375108,2.241785459
0.037709629,2.237607871
0.037208115,2.235137831
0.034088791,2.211426564
0.036303329,2.251207565
0.036810283,2.230849388
0.035237127,2.230729817
0.035530719,2.241811775
0.035782459,2.209833981
0.035451333,2.214379822
0.036132623,2.226932488
0.039006197,2.208826591
0.036247003,2.228138068
0.035906659,2.223252099
0.037561113,2.208370016
0.03994259,2.223009503
0.039849024,2.186888989
0.038204317,2.154888005
0.037739804,2.208750276
0.03619394,2.223268053
0.036893267,2.228471124
0.037554085,2.212613722
0.034937353,2.224112123
0.035988687,2.225002574
0.036014465,2.244062903
0.035066816,2.242048779
0.035240159,2.240877574
0.035929322,2.236096702
0.037507824,2.255608835
0.033149402,2.22994726
0.032914286,2.21021605
0.031573272,2.204773672
0.033661573,2.20985158
0.032459395,2.193297311
0.031905796,2.20809469
0.033068204,2.192918039
0.031988194,2.191245359
0.031482113,2.206930722
0.033617013,2.197322434
0.031598667,2.196374746
0.031971453,2.189180906
0.03419246,2.188358711
0.034994168,2.199319123
0.034892409,2.223224632
0.037529182,2.190864606
0.032996602,2.182831137
0.032702082,2.156917261
0.0334856,2.194535785
0.033840269,2.183483761
0.036363444,2.172257233
0.037206314,2.162286613
0.039516253,2.205859187
0.03952957,2.21092476
0.041188892,2.210229043
0.0485248,2.211815869
0.038692146,2.218995071
0.040567132,2.213385425
0.03830262,2.173475148
0.040247704,2.236964128
0.039666478,2.214656464
0.039640473,2.217859556
0.039425442,2.213096448
0.039265953,2.208998957
0.044521567,2.196143498
0.03855887,2.217651992
0.043092522,2.213803677
0.041092275,2.213111415
0.039175185,2.229992325
0.03864697,2.208952083
0.037550366,2.215258596
0.038631541,2.229335753
0.039479322,2.228102049
0.039076036,2.242821139
0.040222193,2.215429318
0.040426048,2.210291542
0.043338854,2.190061489
0.041889584,2.195894981
0.039388628,2.148154852
0.039047675,2.200083754
0.038947175,2.211353538
0.043418562,2.17212582
0.044673221,2.202052812
0.040285905,2.174175799
0.039111922,2.208298964
0.046548314,2.208621494
0.046341542,2.168693454
0.039738493,2.208530377
0.038608026,2.223011147
0.03701117,2.213451214
0.039819347,2.223474958
0.039027378,2.21354891
0.039261342,2.164410768
0.040720049,2.220420878
0.039554131,2.223553411
0.041469055,2.217381436
0.037570902,2.213592495
0.040901598,2.221940106
0.038654505,2.221264784
0.040112431,2.22498037
0.037660192,2.208312945
0.038754815,2.219218588
0.038580092,2.23070564
0.038122176,2.225634804
0.03623175,2.221294224
0.039651519,2.237272184
0.037678724,2.234523363
0.037079349,2.228143824
0.039949066,2.178420656
0.038792217,2.169115489
0.039919729,2.209076917
0.039606705,2.180084948
0.040102264,2.177096657
0.037898044,2.231176359
0.038537776,2.21936135
0.041888903,2.213480819
0.040324785,2.211881658
0.040697221,2.223778574
0.041120904,2.226316705
0.041546226,2.237843559
0.03928573,2.288697308
0.041509798,2.214445776
0.043901061,2.170170742
0.042854192,2.214561235
0.042941074,2.224202089
0.043949703,2.214543143
0.042629808,2.193568854
0.04194873,2.194130526
0.04049553,2.216324868
0.040660919,2.204491603
0.042058371,2.218267282
0.039367658,2.227453371
0.039380682,2.216765324
0.038227212,2.209118857
0.039749467,2.20689092
0.040228039,2.215524054
0.039677377,2.246776361
0.03940496,2.246079987
0.039363413,2.222644046
0.036450282,2.24353577
0.040178443,2.255765906
0.038418202,2.250213826
0.039253106,2.24060455
0.039853223,2.246019132
0.038025834,2.252371698
0.038107253,2.255554231
0.038171561,2.264135721
0.038154112,2.298638159
0.039694538,2.27653773
0.038724989,2.309204332
0.037935613,2.303421333
0.036253705,2.306602056
0.036835607,2.313473367
0.037895528,2.297855272
0.038498328,2.304797799
0.038686888,2.291502707
0.037802741,2.295291647
0.037545126,2.306009957
0.03761248,2.304008827
0.036751723,2.297761194
0.037243965,2.305161775
0.035808754,2.322012423
0.037081048,2.321002072
0.03799681,2.335984317
0.039707807,2.360626989
0.040280621,2.325925047
0.039802892,2.324029178
0.041123561,2.350174466
0.039675452,2.335844352
0.039914484,2.316003275
0.040655689,2.344852482
0.037770615,2.333131715
0.035550795,2.294996585
0.03548586,2.295320266
0.034617268,2.291851552
0.037640517,2.294041496
0.036218238,2.280516307
0.037730542,2.309924226
0.03609363,2.303056863
0.036085244,2.334555714
0.037062691,2.339087246
0.040696247,2.337314731
0.039119868,2.332103766
0.03858406,2.322704028
0.040028707,2.315413972
0.039172733,2.325007951
0.041027599,2.338849748
0.042557178,2.318379566
0.039254334,2.327898053
0.037583312,2.321391706
0.039388926,2.324050066
0.037913795,2.323293002
0.039506385,2.339420466
0.037289398,2.312531271
0.03592885,2.37221256
0.038390067,2.263355795
0.034288064,2.256003897
0.035183789,2.26143838
0.035967598,2.230080482
0.038401123,2.2632155
0.036549644,2.256968196
0.037394868,2.282318262
0.036431728,2.274716203
0.036859406,2.324827854
0.03531486,2.284478931
0.036751335,2.253244386
0.036487214,2.255445844
0.035111234,2.258576239
0.036662397,2.257414902
0.037255177,2.292968152
0.039904975,2.261643312
0.036543086,2.260805492
0.036468986,2.247506946
0.03660898,2.300066762
0.037333106,2.255662289
0.037801946,2.275326394
0.03864836,2.273110628
0.036941002,2.261799067
0.03611212,2.251608055
0.038180525,2.238340758
0.037502841,2.249788172
0.037971134,2.245363383
0.0412448,2.261793475
0.038551674,2.267009211
0.039716775,2.253020047
0.039427698,2.243382811
0.037499878,2.267122532
0.037118488,2.254492564
0.037049513,2.253195045
0.039575183,2.254480722
0.037323063,2.237979413
0.037088177,2.244821941
0.037593663,2.25003011
0.038332906,2.262720604
0.037679019,2.253890597
0.038410955,2.247969277
0.039514516,2.24401241
0.039092674,2.229794959
0.03834981,2.24437984
0.037341684,2.230620937
0.041380366,2.224248635
0.043784671,2.214319955
0.042155381,2.169819923
0.04334236,2.21930987
0.046983785,2.232796243
0.044690012,2.220269235
0.041398514,2.244354018
0.036606466,2.237637311
0.038719325,2.271453408
0.033151969,2.276255003
0.037976269,2.229004506
0.034882427,2.230751692
0.034614559,2.244674409
0.034818399,2.225447964
0.038170173,2.24369613
0.038812542,2.244613555
0.039831243,2.217506106
0.039412058,2.227171959
0.03850012,2.227390214
0.03708204,2.22179866
0.039010337,2.22456919
0.039886146,2.228249415
0.041848173,2.227261268
0.039843149,2.226618347
0.041130446,2.241868353
0.037508333,2.286398812
0.038317633,2.273537268
0.035189173,2.277267821
0.036401396,2.27056493
0.035938224,2.241288754
0.035909928,2.226542854
0.034074073,2.239055389
0.035509341,2.258633311
0.033645565,2.24791056
0.033306753,2.268841264
0.032831064,2.242373282
0.033328031,2.26126881
0.034023054,2.225515727
0.033267081,2.247554643
0.032325605,2.257798615
0.031234552,2.259404849
0.030877925,2.241979207
0.032196338,2.250694742
0.034005581,2.250477803
0.032516221,2.226693017
0.034804673,2.232638515
0.033942943,2.242532655
0.034276209,2.28063226
0.033930651,2.262576197
0.035551975,2.249854619
0.037087526,2.218409879
0.036378303,2.22455225
0.037545329,2.238344376
0.032745939,2.232910058
0.035299169,2.242318842
0.037042716,2.24786533
0.035301322,2.303639094
0.035446484,2.331825808
0.03642905,2.306324592
0.037493847,2.290712912
0.040492798,2.2899519
0.038033618,2.311198884
0.040120881,2.320841218
0.034995831,2.322064396
0.034712718,2.307944312
0.038193852,2.29539691
0.038642116,2.32599725
0.040064652,2.33464091
0.038036676,2.321213582
0.035996335,2.319422812
0.036542775,2.324438714
0.037190273,2.318552755
0.037103686,2.315237658
0.035691332,2.33986635
0.034574428,2.314899503
0.036723247,2.304250272
0.036569524,2.302523645
0.037081122,2.272212282
0.035732514,2.249758238
0.035735767,2.251438813
0.035860979,2.264384402
0.03708268,2.247216159
0.036264617,2.261553182
0.03609427,2.254392894
0.033094334,2.253230735
0.034463463,2.291675238
0.035554966,2.257416547
0.036273573,2.265790309
0.035072904,2.232966965
0.034417383,2.237059028
0.035027016,2.208341234
0.034734372,2.206834999
0.035481154,2.20969418
0.032480558,2.207937291
0.033051698,2.236340285
0.033984554,2.224989087
0.035207404,2.25292383
0.032760515,2.248820748
0.035329146,2.236469067
0.034224056,2.240411954
0.033530064,2.232888676
0.03299423,2.205982706
0.033593941,2.200203818
0.031661239,2.202032089
0.03413932,2.209821646
0.035956568,2.203747531
0.034233,2.207859331
0.034575836,2.194301906
0.034102106,2.208540903
0.036180993,2.22651144
0.036616008,2.239769362
0.03487379,2.207582196
0.036562396,2.191595355
0.03835788,2.213875716
0.040586807,2.220647192
0.040489347,2.218160704
0.039778964,2.217514494
0.037860694,2.189080578
0.042483693,2.201997385
0.041968279,2.17073965
0.04143954,2.193074287
0.039164078,2.215745762
0.03813733,2.209002576
0.041030747,2.210792524
0.038770635,2.162782167
0.040616304,2.147847125
0.039109622,2.168145269
0.034308731,2.190751449
0.037359198,2.187024679
0.037279373,2.177219517
0.040415735,2.164092186
0.03610925,2.199784086
0.039516197,2.232306281
0.03869855,2.198540513
0.038485399,2.165496777
0.041502987,2.229258615
0.038440473,2.218846881
0.039295175,2.258227394
0.040990721,2.250977962
0.038473244,2.228961086
0.037601057,2.219748846
0.039010499,2.197272434
0.043895412,2.200855456
0.039201372,2.201321734
0.039801165,2.23482665
0.038417861,2.217946891
0.036679528,2.214545117
0.038907815,2.23699143
0.037013422,2.279888353
0.039152858,2.240088273
0.036144292,2.242215882
0.036680011,2.244497109
0.040715388,2.239793375
0.039651817,2.243284621
0.041201186,2.242915875
0.041105425,2.259240541
0.037795984,2.20296777
0.042097903,2.210357331
0.037427883,2.208559159
0.037171803,2.184678486
0.036456715,2.186505934
0.036901228,2.216996901
0.035446921,2.21512192
0.040149105,2.194643514
0.037901239,2.216510392
0.037057158,2.194834466
0.034494389,2.221803265
0.034267541,2.220606238
0.037101016,2.220834525
0.038838752,2.239443214
0.042542188,2.253004586
0.040965275,2.21855593
0.038116782,2.233692451
0.040294237,2.244282966
0.043613564,2.289337597
0.041575368,2.285055734
0.04572671,2.278071431
0.047870021,2.26850311
0.055644915,2.291648264
0.037768584,2.268972842
0.047014752,2.245424895
0.036565035,2.249629292
0.037553748,2.259312744
0.038089012,2.252871528
0.035475215,2.281373206
0.038820013,2.295285233
0.043247233,2.343172401
0.043597183,2.298605758
0.041002648,2.317432372
0.058933836,2.282704278
0.037048511,2.286344207
0.039657627,2.281630605
0.039125157,2.282343755
0.039070398,2.283368745
0.053507967,2.268715772
0.041020707,2.272237939
0.034348073,2.271834325
0.033525978,2.314901477
0.036890273,2.301372834
0.038324931,2.299293415
0.040727325,2.278476855
0.044269046,2.287806034
0.042960273,2.291878854
0.04119643,2.249049857
0.041007873,2.25756967
0.040025818,2.257536118
0.039553892,2.278938857
0.039746316,2.302399797
0.040594881,2.315153448
0.04074976,2.29634065
0.036184182,2.3095989
0.03723219,2.265333735
0.036455368,2.287200613
0.039750328,2.300414127
0.051698477,2.2941711
0.056426769,2.282790461
0.060525796,2.293078184
0.060215509,2.307146294
0.048853019,2.284313143
0.048004786,2.312730611
0.048538677,2.304050932
0.046641364,2.314618092
0.04835212,2.270225131
0.050315961,2.328464165
0.051210468,2.312583573
0.053049131,2.313877639
0.051801909,2.306048608
0.048923423,2.314082406
0.053136985,2.345230439
0.055906497,2.291717178
0.053514114,2.266925823
0.052850752,2.284699981
0.051631475,2.273961277
0.049140701,2.272177085
0.049693687,2.25090099
0.053937526,2.250995561
0.049700353,2.263427504
0.050118076,2.262136564
0.05711033,2.29720199
0.054483332,2.271758503
0.056207235,2.267114966
0.052558038,2.279057276
0.05202759,2.270486477
0.051507879,2.261349894
0.047630211,2.242349927
0.045960147,2.243091367
0.052189765,2.27353184
0.047933857,2.275856487
0.048961997,2.230449064
0.048942029,2.277086573
0.05356675,2.266428131
0.055776153,2.288249286
0.053299298,2.281248372
0.055182327,2.260107309
0.054537201,2.228057806
0.05238248,2.225653225
0.052115758,2.238544374
0.050313186,2.232746902
0.055599942,2.232610719
0.061268926,2.241447963
0.0610916,2.210837261
0.055859972,2.222064118
0.053696575,2.261387887
0.057735339,2.229490685
0.059179618,2.257297469
0.05711937,2.262788037
0.060300084,2.263022574
0.058820144,2.230421268
0.056140361,2.244859605
0.054235976,2.210615717
0.056521088,2.21871333
0.056897755,2.259239554
0.058420704,2.254653911
0.049017501,2.220344892
0.050789224,2.21984095
0.051335467,2.224555539
0.048002653,2.213412727
0.050403173,2.220275485
0.048726622,2.167776852
0.051410867,2.236748011
0.052433456,2.209854869
0.051547841,2.197535918
0.053100086,2.200966146
0.058599664,2.177456028
0.057368211,2.180693823
0.048921578,2.190555234
0.053629563,2.211948104
0.06334022,2.217544099
0.09247918,2.229448252
0.039036704,2.216660391
0.03708004,2.213985912
0.038960849,2.225422471
0.038444359,2.223783837
0.039942238,2.217751827
0.042201207,2.215855136
0.041985068,2.195681826
0.043467508,2.225785296
0.040775656,2.238826608
0.036283736,2.211188573
0.036116548,2.214758437
0.034042562,2.218912177
0.037056487,2.226363909
0.034731458,2.215335405
0.036173939,2.160626762
0.034994674,2.187629771
0.038669315,2.237248335
0.036502484,2.248864004
0.036224521,2.229731801
0.036976469,2.22195277
0.038222866,2.234258893
0.038702775,2.239180059
0.042928366,2.215283267
0.044911792,2.235889139
0.038325671,2.244868486
0.036196898,2.218059225
0.038625278,2.20335395
0.038551725,2.16459876
0.038606705,2.219175825
0.040166557,2.219843417
0.038855875,2.214999388
0.038692629,2.178745159
0.039643005,2.179544
0.039301129,2.2153058
0.039669744,2.224761787
0.040524081,2.225554707
0.040904291,2.230423735
0.041850185,2.224557842
0.039202235,2.19269633
0.038492811,2.229318812
0.039350296,2.255544362
0.042196067,2.227885439
0.046357625,2.242401078
0.048555032,2.221969053
0.046723785,2.243583138
0.046002494,2.252702287
0.04351633,2.240976915
0.044950135,2.260819472
0.043845973,2.234946879
0.043069614,2.247353822
0.041688378,2.257776576
0.045526738,2.221241922
0.045684261,2.228082805
0.048735689,2.230336236
0.048634194,2.234196064
0.048768208,2.213648909
0.041469258,2.226719497
0.042936582,2.22087811
0.044110151,2.256059324
0.048741779,2.248273714
0.044258268,2.254181054
0.037880014,2.244662403
0.037453533,2.254061483
0.04014339,2.26898271
0.04037113,2.26342109
0.041489868,2.234691125
0.041433051,2.245060425
0.036466048,2.251179934
0.040075931,2.242944329
0.038141864,2.228744969
0.052508347,2.252441434
0.039806575,2.231581947
0.043481369,2.222790097
0.042329117,2.220810183
0.040176708,2.221275146
0.042748179,2.246425378
0.04201781,2.235961835
0.040485273,2.250627966
0.042489716,2.2619915
0.044139072,2.256833329
0.046353703,2.234757901
0.045813962,2.250091623
0.041263763,2.280115489
0.042185998,2.242542524
0.045962301,2.237266921
0.050965867,2.249361038
0.047208155,2.242760614
0.04889076,2.25229637
0.051586338,2.251233552
0.052796451,2.246935241
0.048581445,2.263179316
0.045815242,2.251686014
0.044497051,2.248007763
0.04297522,2.310504648
0.044538441,2.285335172
0.043923079,2.259866686
0.044771051,2.263713686
0.041737088,2.242846139
0.044209394,2.221031727
0.042813665,2.253185012
0.045761866,2.26008346
0.043571814,2.224577414
0.04451743,2.224416067
0.043413915,2.231301357
0.044635217,2.182664526
0.047825588,2.22295276
0.043694947,2.236910181
0.041621934,2.23624374
0.04317688,2.249003476
0.048417898,2.259466855
0.043710515,2.216417301
0.045591519,2.221938297
0.046049831,2.218470405
0.047635382,2.235949993
0.048752871,2.272949116
0.042511103,2.238799635
0.046817915,2.265512022
0.0451079,2.218102646
0.051433821,2.23302009
0.044462861,2.220451963
0.046891979,2.250612012
0.049875963,2.23293736
0.048241266,2.24337064
0.040351953,2.226935778
0.040791351,2.196474416
0.043421111,2.195050582
0.039468235,2.180000738
0.045342216,2.184192965
0.0498411,2.186751162
0.048310966,2.174680892
0.046177014,2.203538981
0.045039104,2.208555047
0.04237548,2.178892197
0.043954139,2.173228111
0.048108064,2.174959508
0.046011123,2.169283744
0.045367436,2.192447978
0.045110387,2.174274975
0.045893186,2.191210655
0.048446563,2.212743491
0.048012614,2.183399223
0.046073967,2.168446911
0.044056374,2.180309781
0.045242463,2.191589105
0.044157637,2.194657494
0.046747089,2.187322537
0.045777182,2.212378692
0.044240449,2.197351052
0.049193784,2.197020463
0.04911215,2.177641717
0.055056275,2.150317
0.052167124,2.19686734
0.051646334,2.193636617
0.046196812,2.185020752
0.051678925,2.215200373
0.051125518,2.215995595
0.050703416,2.191748807
0.052577605,2.207570189
0.058587052,2.21727897
0.052464125,2.200789009
0.049882722,2.209142377
0.052356637,2.189962477
0.050724227,2.213258124
0.051026326,2.168999701
0.050135664,2.211431333
0.049246734,2.224309654
0.051892261,2.203461679
0.049443813,2.232530128
0.051468817,2.191876109
0.052065876,2.17728728
0.056860466,2.250870891
0.052948274,2.23537023
0.053054039,2.217019433
0.047894435,2.177010802
0.04983799,2.170457252
0.051100842,2.188135358
0.04868681,2.192415741
0.050420201,2.176858666
0.053856899,2.204805415
0.044325594,2.171548359
0.046131691,2.189906886
0.04074306,2.180977373
0.042203404,2.170315477
0.04131293,2.148654682
0.041605258,2.221065444
0.045057227,2.210823445
0.044546187,2.229297431
0.043008142,2.236430745
0.044269442,2.140729764
0.042443744,2.153679301
0.042101917,2.213036744
0.041789092,2.207629728
0.042019668,2.165509441
0.039967387,2.158140439
0.043654779,2.167646097
0.043303195,2.149202538
0.045294483,2.139766616
0.04649004,2.181762398
0.045432526,2.173269558
0.04223186,2.180093829
0.043831361,2.160529888
0.04982254,2.189789124
0.044594547,2.194929366
0.045016777,2.177370996
0.041182141,2.173241598
0.044127821,2.172520553
0.051065275,2.170878465
0.048529081,2.157250316
0.050306443,2.179899259
0.052579579,2.176556366
0.053186177,2.176820837
0.052309475,2.192377419
0.055290154,2.142786322
0.048956832,2.149998747
0.051029621,2.153471573
0.050199397,2.163980345
0.055115891,2.154938992
0.051446593,2.13994145
0.053562623,2.141333541
0.050037921,2.147954689
0.050935666,2.142286656
0.047931092,2.157572353
0.046051994,2.167846917
0.054285451,2.157116436
0.052857907,2.160350449
0.061328373,2.16783343
0.057300824,2.162204706
0.055750326,2.176679556
0.051843973,2.168423062
0.055011539,2.179624097
0.058641327,2.184394443
0.05537055,2.168208262
0.051128895,2.166161079
0.045991798,2.163814393
0.047323553,2.184855293
0.050232631,2.185514168
0.043727702,2.164148929
0.043664021,2.177169518
0.044406427,2.182608442
0.045633069,2.185006279
0.045340098,2.183401854
0.048613317,2.218919414
0.048271374,2.187657402
0.050670244,2.149620461
0.050712164,2.19073714
0.047643189,2.210481508
0.048320001,2.204036509
0.05039185,2.213739204
0.046108496,2.224444027
0.047941027,2.219642432
0.050506158,2.196830498
0.047958132,2.210465389
0.048498623,2.215453989
0.04821035,2.230419952
0.048984026,2.234859544
0.049558594,2.219187009
0.046810447,2.240129884
0.045885343,2.236346864
0.0461561,2.229097104
0.046919091,2.227405181
0.050563122,2.245921107
0.049419342,2.252995869
0.050271867,2.25715076
0.050371316,2.251957887
0.042727324,2.242222955
0.045411962,2.235808054
0.045919394,2.234494416
0.040224238,2.238373488
0.041763025,2.239835808
0.03929134,2.227491529
0.042382188,2.254191416
0.039518281,2.259895633
0.038873183,2.234363661
0.040022447,2.222025302
0.041212841,2.242340717
0.046655936,2.272227742
0.045352901,2.249163837
0.04263182,2.235563484
0.038493394,2.248713348
0.040430931,2.238044544
0.046300835,2.237533694
0.047180221,2.225499115
0.044243039,2.222930063
0.040668457,2.215300208
0.03912325,2.253601455
0.037022439,2.221666424
0.035589608,2.2445652
0.036115525,2.241777071
0.035938471,2.241717697
0.034486112,2.251692593
0.03444816,2.241283491
0.036727492,2.242962092
0.04460201,2.234962833
0.037265362,2.22922605
0.043112053,2.239394366
0.038386297,2.248238024
0.039048002,2.227946787
0.044443782,2.22687739
0.040217436,2.217155123
0.04050334,2.229728841
0.036883977,2.233553143
0.036608772,2.247942468
0.036447425,2.245314534
0.036154161,2.256953065
0.038660305,2.245904824
0.039054347,2.269728097
0.036116838,2.252378606
0.03717594,2.251761507
0.042229622,2.233139496
0.036757593,2.265943761
0.039853909,2.242699594
0.03681818,2.231448231
0.036932769,2.273539406
0.038443955,2.254043885
0.038417544,2.263420432
0.038210078,2.251749994
0.038174935,2.266097214
0.037298009,2.280169436
0.038975647,2.260374247
0.035859833,2.290149925
0.042050332,2.295813024
0.033983691,2.283331903
0.03416726,2.358660891
0.039527759,2.313399848
0.039858774,2.258320485
0.040083561,2.263985064
0.03853009,2.296525352
0.036784849,2.265915308
0.038388438,2.29927154
0.037348451,2.301883684
0.036284813,2.276592335
0.035877755,2.267943905
0.035441653,2.263493293
0.034573649,2.2719261
0.036590713,2.311732431
0.036790868,2.257836115
0.037003975,2.241476416
0.035980586,2.253831551
0.037894614,2.259574584
0.038972905,2.242621799
0.038903564,2.275566688
0.038897124,2.265826328
0.040828287,2.276980982
0.037757904,2.291965366
0.038783001,2.301446189
0.051623514,2.277460911
0.041652153,2.292853186
0.0431581,2.298641942
0.045057648,2.293129334
0.046702687,2.302111314
0.045871661,2.293913372
0.044547024,2.255924293
0.04525578,2.22257283
0.049072137,2.242569004
0.047915919,2.244464379
0.045475387,2.239336636
0.067125511,2.251385689
0.077767614,2.257520987
0.044101429,2.257829207
0.041711731,2.231155306
0.041645425,2.241667533
0.0406431,2.221672674
0.040829729,2.222243557
0.044413622,2.238621018
0.041429068,2.231661716
0.042962648,2.230650542
0.040728126,2.197249408
0.040777615,2.213513713
0.041203643,2.21392884
0.042149403,2.208709815
0.042205242,2.208273471
0.039899858,2.209096654
0.039936654,2.213002699
0.041321341,2.215960727
0.040812696,2.239935478
0.044132051,2.29198428
0.042772141,2.292779831
0.040635228,2.288356851
0.04261886,2.25934383
0.039147687,2.256056035
0.039420225,2.189351464
0.040835465,2.173664949
0.040841756,2.278133931
0.037988686,2.176271172
0.038921669,2.221986158
0.041097425,2.214925705
0.039789133,2.215661882
0.040878076,2.216990651
0.040757976,2.217763176
0.040978576,2.211786099
0.040589011,2.223463116
0.043596433,2.245784924
0.045243214,2.258030521
0.046286331,2.181598419
0.044237612,2.222870359
0.046619006,2.269717242
0.0510522,2.243512908
0.051073072,2.254691904
0.054064463,2.264188845
0.048415503,2.270179737
0.048471876,2.268279428
0.044939141,2.276692663
0.04403968,2.265321564
0.040329834,2.270198322
0.038348985,2.301482373
0.038299366,2.2794127
0.041209688,2.279200203
0.040749901,2.286895517
0.041814035,2.280561044
0.040859504,2.271574788
0.039424884,2.314773518
0.038865867,2.371532962
0.038805092,2.360463833
0.039048832,2.307997108
0.03766767,2.279115171
0.037233333,2.305281511
0.038227574,2.319720012
0.04167678,2.330189147
0.042225616,2.322802546
0.039937849,2.313872705
0.04205558,2.336109152
0.040910297,2.353101245
0.043179861,2.315673837
0.040097428,2.342331784
0.042059571,2.328318607
0.040529853,2.345974674
0.040980406,2.333637138
0.039796465,2.311187371
0.040376925,2.326292971
0.037196751,2.307326062
0.039271884,2.343954136
0.037900591,2.344472387
0.038139805,2.349357041
0.038220484,2.318549136
0.037306146,2.337435289
0.037926107,2.344417618
0.037946325,2.336148789
0.039233374,2.356556308
0.03998029,2.37736596
0.039205047,2.363946856
0.041847865,2.353340881
0.037787907,2.347907384
0.037751132,2.361460862
0.038592998,2.373060084
0.039724765,2.380132215
0.037763599,2.345524843
0.036590531,2.339817501
0.038643799,2.334187954
0.041222614,2.340140195
0.039030745,2.334595023
0.039165537,2.355545957
0.038115363,2.346710686
0.041927857,2.340857293
0.039221121,2.301378426
0.041784075,2.287570839
0.039927865,2.314632401
0.041010964,2.348900302
0.040372297,2.360800343
0.036250991,2.332384026
0.036669315,2.297851983
0.03740047,2.293157624
0.039381309,2.309141833
0.038196671,2.308123258
0.038298382,2.291578857
0.039561234,2.318453414
0.041869421,2.316463632
0.040062601,2.330753615
0.040517975,2.31780194
0.041787948,2.329166954
0.040755095,2.2951553
0.038234487,2.263537207
0.040895035,2.2688985
0.039453433,2.256470175
0.043291826,2.26906988
0.041039128,2.261946434
0.040646772,2.277466668
0.046570605,2.290231338
0.042197563,2.264631768
0.042288814,2.272296656
0.039420685,2.280119436
0.037741919,2.288400272
0.039590417,2.271409658
0.040632324,2.270286808
0.039679628,2.311131121
0.041808715,2.297666623
0.040093648,2.300383206
0.041354575,2.292940849
0.043484628,2.289717528
0.040961301,2.3105132
0.041343689,2.325661727
0.048512135,2.278726523
0.044594855,2.259925567
0.043017985,2.285293231
0.04254466,2.269509843
0.042373219,2.279694276
0.047745444,2.30825796
0.04018365,2.257819503
0.038950688,2.285918225
0.040701251,2.259924087
0.039417866,2.263167474
0.042427883,2.284045054
0.041383791,2.31889058
0.040717022,2.292012899
0.042637955,2.254597168
0.044816332,2.262061071
0.044214164,2.262804978
0.044572441,2.270610325
0.041539372,2.298765789
0.038857934,2.300591757
0.040681321,2.273675753
0.038252006,2.294200211
0.038450236,2.302475455
0.039532081,2.313088338
0.040591694,2.290222457
0.04316582,2.296260223
0.042801694,2.283631736
0.045720044,2.277271933
0.042740043,2.292106483
0.043092301,2.289324769
0.0463832,2.28496988
0.041637551,2.299291277
0.043491284,2.303516233
0.042236332,2.334028581
0.045816836,2.301832534
0.045062325,2.278533762
0.043051961,2.258172131
0.043781007,2.278719287
0.043574209,2.279478654
0.043121942,2.293860412
0.045375429,2.294646424
0.041281526,2.263937861
0.042109971,2.27825416
0.043482289,2.311136384
0.043529714,2.290008643
0.043040502,2.277865348
0.042117013,2.270410327
0.042471129,2.272306195
0.04228922,2.269456718
0.042740354,2.262546099
0.043106088,2.255695841
0.041496964,2.255263609
0.041903343,2.242296803
0.04498085,2.252562486
0.045038462,2.233109233
0.045134616,2.243217846
0.048221591,2.239963439
0.046218281,2.236255911
0.048079451,2.242533313
0.046933348,2.236143906
0.048986781,2.231578822
0.042526939,2.225563917
0.046427875,2.241011454
0.039762391,2.214185252
0.041905461,2.243007979
0.045581939,2.250163333
0.044624902,2.225570002
0.047678263,2.209852238
0.045846199,2.237563628
0.049483579,2.210602395
0.047336217,2.294056627
0.046666241,2.272215407
0.046024697,2.271390086
0.043291101,2.280928803
0.043566042,2.24603854
0.042492746,2.232752658
0.042777106,2.263315006
0.04503051,2.279873222
0.043893325,2.24910216
0.043704409,2.255053414
0.044196679,2.250617111
0.043397242,2.249482583
0.042474341,2.262290181
0.042954666,2.271126767
0.044328693,2.276710919
0.043521213,2.239555713
0.043567594,2.243999416
0.043114199,2.280350191
0.042749544,2.264337363
0.045243435,2.284301301
0.045339939,2.272073303
0.047476471,2.262948891
0.047538492,2.23110284
0.048588574,2.224133175
0.047744745,2.215593461
0.048679265,2.245889364
0.04556893,2.224968199
0.044087695,2.230839849
0.049146566,2.211179033
0.045737884,2.186704781
0.045833684,2.192726922
0.041654947,2.199480635
0.044545606,2.192020515
0.046014999,2.20754963
0.043975705,2.200115497
0.043623345,2.195353375
0.044565522,2.189536495
0.043660099,2.170249359
0.044521942,2.155022215
0.042180779,2.177267379
0.042552994,2.163314398
0.043152965,2.160637452
0.042508333,2.158186491
0.044277342,2.175764763
0.043053377,2.167113372
0.04390986,2.176327586
0.043574178,2.178999762
0.041113613,2.175966076
0.041023153,2.170238997
0.042395459,2.214266666
0.041126454,2.200922232
0.040786504,2.22340588
0.042968379,2.214342816
0.03788521,2.205955568
0.04065112,2.183912375
0.045036144,2.239109336
0.043179568,2.179473606
0.045047497,2.219403948
0.043241184,2.189014461
0.04317099,2.199570272
0.045164869,2.201624198
0.051517234,2.160600775
0.047762724,2.205770043
0.050805815,2.213047928
0.051521885,2.158080571
0.049282229,2.179071801
0.048115588,2.154678468
0.048471362,2.188504433
0.049134482,2.170243274
0.046267355,2.152054811
0.048989927,2.197653845
0.046989824,2.202106759
0.047326478,2.193994343
0.045468432,2.174582538
0.046916033,2.180908295
0.051400633,2.160933337
0.050178252,2.187727303
0.051971074,2.195683306
0.046432937,2.20280264
0.047880404,2.168214676
0.046405866,2.195727384
0.051516725,2.218267447
0.048640629,2.182348247
0.048784892,2.16569365
0.050483959,2.177834149
0.051730271,2.180294814
0.055601705,2.187649014
0.04912964,2.227198604
0.048822448,2.214671596
0.048406704,2.222366088
0.045356705,2.233416303
0.047228021,2.24160454
0.0522067,2.213656804
0.044358272,2.2090432
0.043673853,2.218343926
0.04394168,2.164456163
0.044833679,2.194705849
0.043395253,2.183671424
0.04445987,2.194851407
0.041860765,2.188911995
0.041354464,2.205187484
0.041846436,2.187481088
0.042255113,2.20907593
0.043062768,2.196177215
0.043457814,2.217497553
0.043217155,2.226270982
0.043613168,2.212263726
0.043008358,2.219457895
0.040066469,2.221143404
0.041482726,2.210353877
0.039331962,2.190061489
0.041021341,2.178460623
0.04273304,2.160809655
0.040577519,2.190097673
0.04079005,2.208005546
0.040872499,2.211963729
0.0426719,2.202248863
0.042086868,2.166214862
0.043749654,2.217082262
0.039108304,2.19480815
0.041189918,2.176748963
0.039165774,2.170693763
0.042194204,2.186476165
0.040635976,2.168021422
0.04232396,2.191282365
0.040873276,2.172707228
0.041659855,2.170267287
0.040815854,2.205959844
0.041662022,2.197570951
0.040962111,2.18704902
0.041747339,2.193207838
0.03912417,2.18718142
0.040835827,2.192544687
0.040886341,2.181057306
0.039053578,2.171655101
0.039695006,2.158847504
0.039432409,2.190541747
0.042253016,2.179298936
0.042602776,2.178267039
0.04452479,2.181403684
0.03876723,2.19715385
0.039930419,2.181971277
0.042174724,2.155210535
0.040403901,2.196176228
0.042958498,2.223251605
0.040840145,2.207285653
0.040766189,2.192160316
0.04226956,2.21005717
0.043232564,2.213395129
0.041064849,2.190563622
0.040815957,2.182643639
0.039448123,2.194402727
0.039182871,2.207482855
0.040385847,2.188969395
0.042308689,2.200806115
0.044879736,2.20860258
0.039556855,2.18306995
0.038345539,2.221531886
0.038988216,2.210890549
0.039884187,2.237399649
0.040502507,2.228365697
0.04022128,2.234326819
0.039049723,2.176296171
0.040594789,2.209975427
0.043332826,2.242802554
0.038656103,2.267180919
0.040036977,2.241812104
0.040437019,2.251538154
0.042333149,2.238750951
0.040750101,2.228043825
0.037353506,2.229510093
0.036924753,2.208050941
0.040188425,2.225971314
0.038016803,2.220386832
0.03963537,2.204739133
0.039544473,2.214338704
0.038951017,2.226195489
0.038733878,2.206484345
0.039009207,2.208749782
0.037604673,2.215773722
0.039475032,2.224649453
0.041592655,2.247670595
0.042852519,2.230266335
0.042875658,2.222013296
0.037729561,2.222705229
0.03760356,2.19872357
0.037490681,2.204196375
0.038647391,2.211020647
0.040237419,2.233011373
0.038519134,2.236059696
0.039961258,2.230248243
0.038512347,2.225354709
0.039341255,2.219911837
0.040853398,2.197446445
0.04210807,2.2208189
0.041280195,2.21704394
0.040616494,2.169031444
0.044180057,2.206479247
0.041341877,2.208895998
0.038917578,2.219481085
0.040123741,2.195889718
0.038804254,2.187396879
0.039592555,2.204291605
0.040595878,2.207168713
0.03940084,2.207932192
0.042089703,2.226410948
0.046490143,2.212294482
0.046344821,2.179129201
0.044512187,2.189192748
0.042162859,2.238602762
0.043413016,2.223265586
0.043348049,2.226793674
0.041195692,2.225640561
0.040224739,2.217412521
0.043049196,2.211181171
0.04123992,2.189856393
0.039057179,2.236984851
0.039336185,2.230960078
0.039009659,2.176374789
0.039146222,2.209425269
0.041852089,2.216652167
0.04068881,2.222264774
0.042651724,2.25622725
0.039972141,2.244642666
0.040060363,2.2516796
0.04001154,2.272145506
0.039368509,2.289601904
0.040839101,2.255853405
0.041869922,2.254524143
0.042145443,2.237484352
0.042833771,2.247710069
0.047209158,2.228649576
0.046324432,2.177369022
0.047642361,2.229916174
0.048105432,2.236492915
0.045598962,2.238596019
0.046383519,2.247220436
0.044176834,2.239028415
0.04370409,2.241299938
0.0421968,2.23002341
0.043405008,2.26334313
0.041840934,2.238843055
0.04095455,2.248337365
0.040479548,2.261847751
0.041657789,2.238409343
0.042287287,2.241074776
0.042434223,2.264130951
0.044174526,2.232167631
0.041164496,2.25685323
0.041246023,2.25725043
0.04160054,2.261032299
0.04052339,2.248407759
0.039354027,2.290556006
0.040773503,2.225617699
0.041688422,2.237297512
0.042960425,2.252901133
0.04329014,2.235828284
0.04325722,2.272984971
0.041775684,2.256253072
0.042966767,2.262692479
0.040848782,2.227396793
0.042971758,2.234789973
0.041272205,2.220339136
0.040754779,2.244412077
0.040800486,2.248062532
0.040738642,2.249682581
0.040522372,2.256027417
0.039026723,2.23880128
0.037609375,2.228770792
0.040007642,2.268215777
0.038245026,2.235190791
0.038682283,2.244785264
0.040401364,2.253729908
0.037541089,2.273881837
0.036622081,2.251241447
0.038417586,2.288126919
0.037808083,2.286258518
0.038750893,2.276232799
0.038199683,2.249841461
0.038780863,2.230145777
0.039487905,2.218094422
0.038570306,2.242806666
0.039206676,2.264154306
0.041287331,2.278510407
0.041977188,2.278020281
0.041941403,2.29041604
0.043015174,2.25427579
0.042384806,2.216770258
0.042935785,2.260058789
0.04477396,2.226940876
0.04880984,2.225877729
0.047435486,2.297479454
0.043481292,2.233553637
0.047871152,2.227391201
0.049113517,2.228991348
0.052932397,2.215723065
0.043430064,2.229048585
0.04538447,2.243556329
0.045888895,2.253376457
0.042055307,2.218806915
0.042003154,2.232264505
0.041694769,2.248650684
0.042018473,2.25905107
0.043085927,2.222061486
0.046194278,2.225678883
0.046137813,2.224060808
0.045957104,2.243307976
0.044159025,2.198211076
0.047005731,2.222853419
0.044600843,2.23718304
0.053346764,2.231240503
0.04931849,2.215984411
0.046327521,2.210982489
0.043735304,2.21145403
0.044728067,2.208156696
0.045506451,2.224844517
0.045238012,2.197212237
0.046602205,2.213796769
0.057327165,2.199399879
0.049921208,2.195555511
0.055815524,2.182810413
0.045801159,2.196281655
0.051048314,2.169757588
0.046004236,2.176641727
0.044313197,2.214516499
0.042947791,2.246105974
0.054891197,2.175177927
0.06018353,2.220606238
0.052962742,2.191756537
0.059765719,2.178925421
0.053339131,2.221677938
0.059019155,2.218135211
0.055164996,2.222599638
0.046196781,2.211719653
0.056815344,2.2183084
0.052178792,2.208551593
0.046991525,2.226006018
0.058984277,2.213944465
0.046063451,2.23115251
0.051757718,2.196499909
0.05422857,2.206491088
0.045769689,2.170269589
0.054752783,2.217777814
0.042011545,2.183069292
0.041749572,2.207702918
0.043460353,2.244918157
0.042076334,2.217915805
0.040035283,2.238158688
0.041241387,2.246742316
0.038921607,2.265784059
0.039240971,2.245163878
0.041275543,2.233923534
0.051413904,2.231601025
0.077698515,2.262267155
0.077950034,2.264069603
0.074632614,2.243972608
0.071985263,2.271278903
0.062439602,2.257286121
0.040955997,2.257976245
0.038521609,2.263754639
0.036838385,2.261875053
0.036455286,2.301179909
0.03810505,2.260584113
0.036665098,2.257557993
0.039909053,2.259177384
0.039295252,2.246376201
0.038673586,2.237588957
0.041442053,2.251850651
0.038141059,2.238518552
0.039067152,2.257474441
0.038860136,2.245147431
0.040674907,2.232142138
0.037768512,2.209285303
0.038230866,2.230846263
0.038577321,2.226183812
0.03944956,2.193913752
0.036883812,2.220147361
0.037410575,2.215102677
0.037379277,2.222907037
0.037844902,2.232130625
0.038349008,2.243284128
0.03774607,2.234044586
0.036989118,2.248989496
0.036843756,2.276830819
0.038011676,2.265686856
0.038946959,2.231386225
0.03805972,2.238065925
0.036209449,2.222744209
0.042213846,2.232384899
0.043078698,2.229145952
0.038856883,2.210531343
0.037575854,2.246438865
0.037275839,2.216274375
0.036242297,2.241777071
0.03484022,2.25025001
0.0355986,2.225021324
0.036200478,2.236168906
0.035628508,2.271479066
0.035150491,2.275065377
0.035863798,2.254573813
0.033950722,2.220006573
0.034841767,2.221050806
0.035846375,2.231019617
0.035707835,2.208664915
0.045980557,2.219985685
0.035449342,2.210211116
0.036459341,2.218096396
0.039698874,2.251572858
0.036425442,2.245143319
0.037456802,2.245933936
0.03674395,2.244001061
0.03791065,2.241004711
0.03926245,2.220146539
0.035433373,2.228168331
0.03633214,2.237472017
0.036917665,2.229799235
0.035828743,2.256307512
0.035669118,2.241577402
0.033546267,2.251087994
0.034745448,2.231298726
0.034577273,2.223767225
0.034481825,2.22452429
0.034426642,2.229131972
0.033637876,2.234889478
0.035611542,2.220579923
0.035024855,2.223609167
0.034795468,2.222035335
0.034743562,2.203893089
0.035197548,2.213172269
0.035839773,2.232770092
0.035791228,2.216384242
0.038599795,2.247506124
0.036269415,2.248577823
0.03822199,2.245175062
0.039102737,2.226906995
0.035787185,2.225877072
0.036746124,2.230714686
0.037449347,2.216086384
0.053882428,2.220674165
0.043339826,2.219913482
0.039993782,2.196269977
0.045145065,2.176598471
0.04527506,2.247674214
0.044031621,2.232638186
0.038606929,2.234609711
0.039787994,2.262124228
0.040730748,2.271378738
0.042783063,2.255153577
0.043508029,2.298698191
0.044605345,2.302085491
0.044617819,2.320527076
0.04488539,2.310732441
0.043800964,2.298658389
0.047701407,2.297809385
0.047516247,2.3217019
0.042619364,2.31377912
0.045124182,2.301038627
0.043165244,2.201090816
0.043594028,2.197516675
0.042107571,2.212674413
0.042537619,2.172727787
0.044457284,2.177902076
0.038073248,2.186688498
0.036150303,2.183114851
0.040000749,2.201233906
0.047116041,2.16752817
0.051066329,2.212204187
0.041531886,2.24630811
0.035800649,2.230991986
0.040498737,2.218257907
0.043183223,2.219217437
0.057938343,2.231966482
0.042937191,2.235458387
0.036721353,2.222205399
0.039428351,2.213350721
0.038521717,2.164874086
0.04087241,2.2377656
0.03903959,2.248308253
0.038215295,2.219136681
0.038950614,2.215969115
0.038089336,2.215848886
0.036696224,2.230429163
0.037168177,2.22759235
0.03699414,2.212015373
0.036906713,2.229981141
0.041431974,2.207653576
0.036741508,2.209163758
0.037096644,2.217409561
0.035843766,2.228566188
0.036465075,2.235343585
0.036200205,2.222753255
0.036821072,2.209922961
0.036826299,2.214728174
0.037431504,2.230260085
0.035830493,2.230844454
0.034878791,2.223865415
0.035676997,2.239454398
0.03394551,2.221139127
0.035289141,2.211722778
0.035469775,2.232732757
0.038048138,2.257063097
0.038117494,2.238814108
0.036033924,2.265723533
0.036445101,2.281969911
0.035274385,2.272546489
0.036184514,2.256372972
0.036488581,2.225845328
0.038890692,2.239653902
0.037916298,2.249646397
0.03850675,2.239544693
0.037986623,2.24383955
0.036728523,2.240042221
0.035307708,2.239230551
0.03791012,2.24337212
0.036391139,2.244751053
0.035172936,2.227882314
0.034858623,2.224075774
0.035361329,2.235337335
0.034765573,2.217367127
0.035375692,2.218891947
0.034603948,2.229751373
0.036169647,2.228936415
0.036629007,2.229645947
0.037311522,2.227410279
0.038348754,2.255172656
0.03945112,2.212041195
0.038645798,2.195866528
0.035945492,2.163246142
0.066464236,2.212901055
0.058411915,2.233949027
0.052688038,2.211271138
0.062535993,2.203220892
0.064727844,2.215468627
0.066062323,2.241699605
0.066380942,2.216706936
0.064130944,2.192929223
0.066988141,2.213883117
0.060088768,2.225136125
0.061777006,2.184318786
0.06097006,2.159346183
0.065227885,2.171981249
0.066640057,2.175612955
0.068663381,2.21147278
0.066437813,2.191619532
0.061464777,2.162591215
0.054313252,2.174506387
0.05147663,2.175527594
0.050935435,2.209388098
0.05067947,2.174878094
0.051709378,2.176619359
0.04585082,2.191571342
0.041465244,2.168902334
0.040364538,2.177827899
0.042357468,2.183868297
0.045435703,2.231492145
0.043836685,2.226065721
0.041257022,2.222065269
0.040606165,2.230441827
0.039260296,2.23040959
0.039904674,2.241554705
0.038655415,2.235686345
0.036353583,2.233474361
0.03755511,2.229127038
0.03706807,2.238260167
0.036939635,2.253019224
0.037209945,2.231691485
0.036592856,2.215748394
0.035173705,2.248741144
0.036951945,2.231442639
0.038175357,2.244907137
0.037550065,2.24104994
0.036280265,2.237935828
0.036121385,2.254810324
0.035773084,2.245845943
0.035903655,2.228897928
0.036723226,2.233410053
0.035319198,2.226686438
0.035271907,2.225906019
0.035264059,2.231818457
0.034980535,2.227761756
0.036802162,2.219497368
0.037528278,2.232998379
0.03593806,2.21151324
0.036024403,2.204000654
0.036180903,2.232767132
0.03701052,2.228231981
0.036231643,2.2524615
0.035628046,2.229672427
0.035440247,2.222509508
0.035707411,2.228352375
0.038924139,2.224394028
0.034578093,2.171897204
0.035261047,2.213768974
0.034134041,2.214547913
0.034580814,2.225144513
0.034326705,2.229408285
0.034507519,2.22829925
0.033641538,2.24071376
0.033543572,2.269886648
0.034281326,2.22815912
0.035122248,2.228042839
0.035589158,2.219241779
0.035511528,2.221495209
0.036172841,2.212035932
0.036326759,2.228709937
0.03464346,2.223748146
0.03494119,2.222037144
0.034780717,2.211570477
0.035003343,2.211106501
0.034777592,2.235543748
0.032461652,2.234415305
0.033792993,2.222339608
0.033110396,2.250357574
0.034457188,2.221891422
0.034382759,2.222398818
0.034124872,2.232148717
0.033349271,2.246615179
0.035582125,2.277683771
0.033725601,2.273206844
0.035579575,2.249834882
0.033636133,2.266544413
0.034537396,2.239539923
0.033973823,2.227072125
0.034912243,2.219405428
0.036364091,2.194043191
0.037200187,2.219532236
0.03537444,2.211675081
0.037055819,2.198726366
0.034083788,2.223229731
0.035838554,2.215164354
0.035399728,2.248727986
0.034787185,2.237191921
0.036706429,2.235075167
0.034566906,2.21649082
0.044664154,2.23493701
0.034844655,2.213903676
0.037594241,2.232166973
0.047395268,2.216717627
0.041435153,2.199300538
0.041723953,2.249161205
0.044154615,2.187299018
0.048473942,2.166434596
0.051621504,2.169292461
0.045888381,2.157339789
0.041521465,2.190167574
0.043244175,2.173192421
0.042282633,2.189430081
0.04570263,2.187676646
0.033665327,2.17702692
0.035889227,2.156450489
0.037424208,2.198581796
0.040385362,2.227733467
0.03978195,2.208670507
0.041233765,2.219179115
0.040218484,2.231810398
0.040080354,2.179898437
0.038266721,2.187503621
0.038673807,2.195466038
0.041094277,2.237570536
0.04142493,2.272938261
0.042690804,2.23404179
0.041512473,2.211613404
0.041838135,2.242617852
0.042476042,2.21466255
0.041755568,2.228935921
0.044263917,2.244677863
0.041931146,2.221793397
0.04569526,2.230718798
0.047864568,2.218278631
0.046356149,2.225548292
0.048566992,2.216235066
0.04946908,2.221783529
0.047917929,2.235373519
0.047989423,2.208158341
0.04762301,2.233115977
0.043671329,2.231304482
0.053495498,2.197259441
0.045244545,2.2084312
0.041818226,2.195697779
0.040146667,2.214803502
0.043259975,2.177224287
0.041793871,2.208520179
0.041498225,2.178895158
0.047497523,2.182617816
0.0470638,2.21056177
0.040787789,2.213075889
0.042321182,2.204392755
0.04085329,2.194205525
0.040541446,2.191273319
0.040680815,2.226367363
0.043988226,2.173822842
0.044380389,2.205281233
0.046459474,2.228792666
0.04464155,2.217150682
0.04885435,2.196680993
0.04919103,2.191073485
0.04332361,2.209317704
0.040161577,2.230823402
0.03572438,2.241385463
0.035065367,2.239932518
0.033119843,2.232465161
0.032496183,2.226342692
0.034178657,2.21694246
0.033885473,2.196450897
0.034011381,2.200845917
0.0349126,2.169818607
0.034537674,2.200465
0.034417768,2.162343027
0.035958655,2.166538049
0.033299292,2.218875664
0.032816976,2.21450219
0.034854935,2.217701499
0.03419109,2.238778418
0.034535083,2.177313431
0.035904706,2.225062606
0.035976318,2.220840282
0.035078668,2.24553542
0.036267821,2.209496814
0.03701878,2.227052882
0.038606561,2.216218619
0.039696944,2.212567835
0.035215434,2.188777128
0.036382029,2.183651852
0.03700933,2.213212894
0.036076373,2.203594737
0.036769679,2.19745286
0.040057381,2.191911963
0.041487249,2.187037014
0.03992584,2.186591788
0.041654237,2.198086406
0.042957436,2.218498694
0.042363024,2.239118875
0.042959605,2.229306806
0.039920913,2.235622036
0.040070056,2.21576517
0.03985146,2.202936027
0.042984099,2.215685237
0.044824134,2.198190023
0.048100806,2.198246273
0.068487622,2.196245307
0.052588928,2.187900492
0.044049147,2.192339426
0.046176788,2.198110912
0.041532518,2.205452448
0.039928256,2.200162371
0.040493921,2.207854232
0.042389867,2.16755021
0.047131517,2.206019383
0.041697116,2.210275095
0.045278082,2.182411733
0.038576661,2.169214337
0.040372353,2.180897933
0.039427837,2.210126577
0.040870644,2.16405995
0.04030853,2.215197577
0.037230026,2.217998699
0.04297393,2.208169854
0.043774016,2.180193828
0.039160156,2.177898951
0.042611839,2.154279953
0.043460754,2.18442964
0.040060368,2.1926886
0.038919153,2.209982171
0.037791053,2.197512563
0.038235492,2.207749957
0.039954895,2.192782349
0.040255683,2.15735673
0.038140792,2.17472053
0.043548274,2.193190898
0.038700516,2.215488857
0.042606304,2.217947055
0.038365466,2.218098205
0.038252302,2.224529388
0.03869322,2.212078531
0.039249554,2.211329854
0.03900795,2.211732646
0.039898311,2.225094185
0.037327542,2.224233339
0.038497144,2.225688093
0.039418056,2.221816258
0.040802401,2.235073358
0.039078948,2.221985171
0.03867656,2.219699504
0.041468582,2.216372565
0.044507854,2.218045903
0.042078105,2.198539855
0.040354492,2.162884633
0.040843524,2.172030591
0.041451107,2.217602157
0.039783299,2.166952518
0.041908902,2.185161047
0.039624101,2.180190046
0.037499195,2.183797903
0.038515303,2.216202336
0.038383026,2.170341464
0.04285764,2.181390198
0.041566993,2.194533976
0.038640674,2.185610055
0.043373748,2.186867937
0.051422642,2.173752283
0.051285262,2.212780497
0.056779854,2.208173637
0.05291248,2.17488089
0.055915857,2.231642801
0.051804926,2.239924623
0.048901955,2.221814778
0.042827136,2.229763051
0.048752018,2.221705733
0.045942148,2.230338374
0.042730344,2.22827902
0.041503949,2.253194222
0.040172823,2.235181909
0.04072218,2.211136928
0.039932321,2.210794662
0.045005398,2.184549211
0.045020282,2.184948549
0.04607612,2.211569654
0.045768116,2.216385558
0.04463659,2.21866662
0.049288865,2.225552404
0.049010794,2.213023258
0.051667885,2.21252573
0.048263896,2.211265217
0.050697891,2.229462561
0.049425089,2.212234779
0.048785462,2.21949819
0.048713917,2.207565091
0.047946511,2.211423439
0.051783252,2.21061325
0.047124871,2.224806852
0.048031826,2.247483097
0.05038467,2.242872454
0.04659212,2.241247307
0.04586188,2.244552865
0.046975263,2.248036217
0.050324072,2.23808007
0.04956178,2.262897082
0.046802316,2.282121883
0.051167263,2.282516122
0.055067341,2.277432129
0.048852202,2.274535119
0.049506045,2.266982402
0.051463714,2.255062953
0.04203526,2.252585018
0.045266266,2.258780184
0.056318767,2.259935929
0.045405321,2.261795449
0.040234397,2.272116394
0.041273146,2.279745263
0.043699171,2.264867128
0.041742806,2.300287155
0.039710929,2.27046526
0.038777219,2.248634566
0.038253378,2.276275891
0.047681485,2.280677819
0.043071485,2.249407255
0.047112741,2.253853919
0.041367799,2.225131356
0.047355265,2.260609442
0.038516012,2.232780454
0.041119349,2.235543254
0.040542191,2.240209324
0.046153448,2.229742163
0.0422334,2.22424699
0.040080839,2.228675069
0.048622265,2.245927193
0.0432006,2.238071188
0.043324571,2.226096642
0.039260309,2.22317233
0.041284761,2.244148593
0.048092177,2.236888471
0.045484566,2.212279844
0.042945527,2.221303599
0.040190653,2.252233377
0.039301566,2.239150125
0.04243375,2.237011167
0.03968863,2.227003376
0.03760789,2.225033001
0.04098735,2.234293925
0.043665213,2.228219481
0.045188619,2.237741258
0.041612197,2.228536419
0.042390458,2.238959831
0.041586418,2.238025465
0.045772855,2.238846674
0.044622985,2.250391126
0.043721709,2.253888952
0.044720959,2.230053509
0.044516977,2.231035571
0.041392629,2.232323222
0.043685973,2.209006523
0.04218644,2.208027421
0.043816928,2.207816075
0.042811711,2.208818038
0.042652384,2.235022371
0.042976461,2.209404052
0.043779588,2.228606813
0.043704815,2.245269798
0.045603485,2.247054977
0.04577377,2.233972876
0.045145363,2.21308625
0.04538374,2.212034945
0.046395196,2.201394266
0.045622558,2.191546671
0.043151778,2.208251597
0.042478507,2.215717309
0.042337174,2.236168906
0.047199521,2.213300064
0.044568863,2.17938808
0.04563422,2.256097317
0.046646386,2.250326818
0.046731325,2.231484908
0.045866748,2.240499946
0.050892559,2.224210477
0.051164292,2.214890672
0.053640202,2.249481761
0.050231459,2.259113404
0.039868683,2.246260084
0.041942338,2.230272585
0.044431745,2.250736189
0.045085696,2.266712668
0.054127831,2.249429294
0.057755574,2.26198344
0.040632746,2.259190048
0.041079135,2.254281053
0.041304871,2.243779353
0.042520136,2.247903981
0.0407211,2.253972339
0.038959469,2.225949439
0.039699126,2.263004811
0.040613276,2.240889745
0.039526487,2.271511467
0.042508698,2.264439007
0.046743579,2.278957442
0.044899832,2.264130129
0.057290144,2.27417361
0.046939275,2.266317277
0.049747998,2.277385748
0.05185582,2.264969594
0.051140007,2.259757806
0.044256032,2.231771747
0.043490302,2.240938922
0.043236543,2.25165937
0.042991423,2.256383005
0.043354772,2.248307924
0.048788546,2.235508057
0.044665948,2.231559578
0.048528423,2.246155644
0.056205394,2.244076718
0.048253262,2.232887196
0.045724197,2.226920975
0.04591558,2.24316505
0.048910574,2.257607992
0.048283355,2.257315232
0.047298492,2.265962675
0.045322392,2.279613356
0.045802686,2.247047247
0.04557261,2.264203648
0.0459253,2.234834709
0.052613121,2.242579201
0.051837964,2.254675786
0.050886283,2.272743691
0.051016427,2.279288689
0.050705683,2.239045027
0.048317981,2.218375505
0.04837622,2.233597551
0.050135124,2.225539411
0.049247063,2.189666428
0.052519233,2.235385361
0.047960558,2.242616701
0.051411273,2.235620556
0.051718357,2.237035344
0.050721976,2.226537098
0.057054363,2.265976985
0.054086625,2.266156588
0.048431462,2.251010035
0.045400511,2.24674725
0.051695958,2.238152767
0.048550971,2.232797723
0.049055962,2.242764232
0.047990651,2.242243678
0.049451404,2.246418141
0.045321847,2.257285134
0.045312061,2.24787158
0.048939886,2.212219319
0.051943031,2.217837188
0.045136471,2.207434006
0.048310246,2.23674209
0.054768064,2.209844179
0.053732265,2.172109208
0.053865719,2.206649804
0.051875772,2.215492146
0.058551155,2.196047118
0.055174942,2.207951435
0.056274447,2.209542044
0.053542742,2.223049634
0.057471068,2.214693471
0.057136177,2.176689753
0.050987942,2.164576392
0.045244442,2.187969406
0.050068472,2.180459451
0.045114484,2.18482832
0.044857933,2.191176116
0.051626505,2.212758458
0.055677301,2.233949027
0.064043738,2.219492927
0.064310774,2.238919699
0.061314197,2.272351096
0.065612431,2.231782273
0.072620099,2.236161175
0.072736853,2.224588598
0.091979052,2.234575172
0.063978032,2.249520247
0.068451757,2.215682605
0.079985478,2.224931687
0.079872943,2.218360209
0.080105172,2.223290421
0.066594586,2.235240461
0.084313835,2.221455242
0.078515957,2.229497264
0.07492781,2.217659558
0.052733833,2.214885245
0.047921378,2.226732326
0.050394682,2.229351378
0.050270711,2.234574021
0.046210402,2.24493888
0.045264652,2.221657707
0.051272613,2.21459232
0.049069726,2.246756789
0.048985882,2.262051532
0.049277891,2.2577848
0.051861566,2.240081529
0.045548623,2.266547044
0.047029688,2.253290274
0.042737933,2.232752329
0.04667689,2.217935542
0.041975017,2.255026605
0.040017888,2.257149773
0.040788565,2.270306545
0.039542746,2.259453368
0.042896944,2.25046958
0.048819292,2.275666522
0.050330044,2.277714527
0.04998177,2.257989403
0.054394995,2.242861106
0.041001834,2.225715396
0.040988894,2.230070449
0.042200238,2.229254668
0.048833899,2.234205439
0.045005192,2.232501016
0.042861469,2.209157015
0.041706668,2.226258811
0.044265233,2.21847501
0.040866571,2.225141882
0.040475775,2.24149237
0.042507459,2.239140256
0.045132375,2.250628788
0.040737193,2.254348322
0.047041674,2.25187894
0.044066268,2.264631768
0.046448865,2.267692756
0.046418633,2.27248218
0.044631255,2.283314469
0.047558404,2.292235758
0.041400804,2.273812758
0.057476624,2.269875135
0.055152327,2.256544188
0.047430521,2.250260042
0.051176247,2.229634927
0.05137661,2.249842119
0.054342672,2.249171896
0.05204321,2.231922404
0.047804695,2.174185174
0.044509011,2.253881551
0.043095217,2.259278041
0.044314189,2.263552668
0.044660053,2.263892302
0.045611425,2.249993762
0.043792936,2.258909459
0.046232693,2.260189709
0.042921288,2.275187909
0.044490652,2.264405948
0.042284944,2.25933906
0.042719173,2.260637731
0.041699048,2.261391999
0.038592705,2.256558661
0.040319082,2.266205929
0.041868627,2.261947421
0.039300057,2.262839517
0.039283826,2.236682552
0.038734834,2.237130902
0.041625745,2.227346135
0.040166863,2.252515447
0.039610329,2.237018074
0.038756804,2.238800622
0.039649188,2.245692162
0.040844462,2.248264339
0.042714951,2.240441559
0.042722023,2.240875271
0.041707945,2.244638555
0.041763064,2.255820346
0.042274117,2.301717403
0.044698508,2.231070439
0.043823266,2.237251625
0.042361176,2.251936999
0.04593065,2.222665756
0.046155586,2.242664233
0.041186582,2.22012746
0.03664605,2.223632523
0.038593915,2.216008917
0.038348433,2.208048803
0.038747997,2.226458151
0.037013763,2.217561039
0.038738167,2.214910574
0.038546853,2.227143177
0.037723223,2.224627249
0.038833196,2.204357065
0.036854814,2.178126416
0.038633833,2.186458237
0.037239822,2.222433851
0.038831595,2.221609682
0.037197674,2.211761593
0.03975004,2.163261109
0.039169472,2.208242222
0.04064034,2.176728404
0.041450344,2.211536924
0.04058159,2.217012196
0.043584406,2.215683098
0.040569907,2.211749751
0.041413486,2.209449939
0.042661682,2.204811172
0.046291538,2.220414299
0.045491279,2.195302224
0.048064366,2.19751355
0.045612423,2.192720014
0.049087171,2.162978053
0.046264837,2.209772798
0.05218534,2.212389876
0.048599218,2.174585334
0.045209831,2.209321158
0.04341224,2.217915641
0.044154589,2.240692214
0.04135099,2.208401759
0.041169767,2.213540193
0.041693626,2.20812594
0.041928651,2.211026074
0.041189887,2.213576377
0.039563174,2.210311937
0.038389502,2.151379325
0.037076576,2.207075622
0.03886349,2.212034617
0.038794211,2.214665839
0.042318185,2.176403572
0.040443731,2.240453894
0.038729234,2.226288745
0.039305752,2.221625306
0.039212548,2.218507247
0.038739604,2.229439535
0.042139877,2.250878128
0.041333741,2.231945923
0.041850434,2.223139271
0.039164078,2.222357371
0.042043255,2.21330286
0.043362682,2.23517862
0.047216184,2.215855136
0.050136543,2.228649576
0.050646175,2.22448679
0.053090542,2.243454521
0.051023304,2.242136607
0.051623257,2.254019378
0.05738049,2.250450336
0.051505207,2.249492287
0.04946963,2.234396556
0.051456734,2.239961794
0.048880265,2.225533983
0.044298117,2.250333068
0.049219745,2.229672262
0.0453148,2.240577741
0.047880085,2.257204049
0.044458832,2.236180748
0.043409166,2.236423179
0.043800481,2.233812351
0.045635068,2.244440859
0.046117372,2.220005422
0.052911432,2.22766077
0.037144128,2.237635173
0.036514131,2.222113295
0.036726379,2.230116995
0.038374959,2.220251801
0.041269609,2.209883652
0.038130456,2.208745012
0.038769977,2.184452995
0.038780604,2.224157682
0.039499796,2.231962535
0.039829922,2.239470516
0.042804727,2.243095643
0.042137834,2.250468099
0.043193955,2.236719558
0.042007438,2.227433141
0.045622913,2.220654757
0.044888715,2.229814037
0.039792528,2.228384776
0.040726042,2.24091935
0.036840996,2.267778611
0.039754406,2.249884224
0.037057957,2.248172235
0.036914104,2.249751002
0.035618912,2.226720648
0.035103172,2.229620125
0.038194143,2.229820287
0.038241932,2.233260548
0.038493718,2.234894083
0.037527502,2.239515581
0.03760503,2.237440438
0.035269371,2.23052324
0.037264167,2.237341097
0.036754242,2.23821543
0.036233935,2.248994924
0.037548061,2.23380018
0.036149967,2.211252223
0.034276433,2.216837034
0.034365757,2.213579502
0.035037193,2.213331971
0.035223874,2.216097403
0.035405826,2.238989107
0.034299202,2.2129726
0.033902974,2.210632328
0.036295172,2.215094618
0.036014511,2.217464823
0.035015169,2.209685299
0.038190794,2.195122621
0.038416532,2.200103655
0.037439,2.19977175
0.038788115,2.207604399
0.035417979,2.178638417
0.034155921,2.224366725
0.036305634,2.209981019
0.035197304,2.209542537
0.036353419,2.230303999
0.033570075,2.224859483
0.036577545,2.244418327
0.037207218,2.22557543
0.034754748,2.228478196
0.034462847,2.229714203
0.034335504,2.233185877
0.035053746,2.246865341
0.034132595,2.23798665
0.035521979,2.254872988
0.035718634,2.256703561
0.039833569,2.245366179
0.035905466,2.238689439
0.036877912,2.238790753
0.038286756,2.225123461
0.037289218,2.244031653
0.036651606,2.230749718
0.034545615,2.268024003
0.036594244,2.278388369
0.035965953,2.272808822
0.036436485,2.269113465
0.038378852,2.288780202
0.037429716,2.286532528
0.038907797,2.268939618
0.041151387,2.267163156
0.042729907,2.284716757
0.03902541,2.284198835
0.040281493,2.281948036
0.060318962,2.272421654
0.037012748,2.281981259
0.03762232,2.268406894
0.039163582,2.258135783
0.038116748,2.265577482
0.037319378,2.261793804
0.037807497,2.253955234
0.036454489,2.243485442
0.040368288,2.243832477
0.039651945,2.252461006
0.03855143,2.269578098
0.038793229,2.263685396
0.043717006,2.270938282
0.047746333,2.265214163
0.059149484,2.270439932
0.041037442,2.277123579
0.050727984,2.274347621
0.035721756,2.279166157
0.036274798,2.293593474
0.039869285,2.286335161
0.041817252,2.277714692
0.042041358,2.270204901
0.041852896,2.272678724
0.043191369,2.275880336
0.039966855,2.276827365
0.036479579,2.288902898
0.038115039,2.286508679
0.035849685,2.306751068
0.036872171,2.300587316
0.039130908,2.290797615
0.037981961,2.30417297
0.037164653,2.294818462
0.039131869,2.299574498
0.037952374,2.292731641
0.03964505,2.29432669
0.062366736,2.298377471
0.0618224,2.292983283
0.046262102,2.3217718
0.045158074,2.295659242
0.053084873,2.294041167
0.055106809,2.279968616
0.053091025,2.285679412
0.040156643,2.292878186
0.055507406,2.298547535
0.064872595,2.276899075
0.05213681,2.294550043
0.051030479,2.276245957
0.049122902,2.270637791
0.047379602,2.291997274
0.047911006,2.29452307
0.045939254,2.313938
0.049619299,2.290713899
0.06298165,2.284494227
0.048961293,2.274662914
0.037497036,2.271617551
0.069765641,2.240324126
0.058374405,2.245776701
0.056514535,2.254570853
0.059328661,2.264705945
0.064476012,2.274325253
0.068736144,2.259135608
0.053345268,2.223210158
0.056274098,2.222930556
0.066595578,2.230193803
0.060180975,2.231445106
0.065850494,2.201118282
0.064521833,2.212653689
0.050865478,2.150884593
0.059348531,2.253386161
0.05518427,2.217117952
0.06154544,2.245671932
0.056712528,2.212827371
0.079714418,2.206737303
0.052271045,2.217107097
0.05363847,2.208068375
0.048535362,2.218414485
0.056978387,2.216730456
0.052786562,2.215125867
0.046256798,2.218998853
0.049428435,2.213020297
0.057181536,2.21555958
0.053873768,2.224375113
0.047499728,2.224926588
0.05246633,2.222950128
0.050289615,2.221471854
0.051292637,2.242627885
0.049071741,2.236502126
0.050900315,2.23445116
0.050919327,2.23222865
0.052281134,2.231432771
0.053122331,2.24665383
0.052852859,2.275248928
0.058347123,2.251348353
0.056591431,2.245844299
0.061973427,2.242574102
0.056911565,2.252342093
0.058880146,2.239905051
0.057527508,2.2456119
0.05036096,2.253276294
0.047027688,2.25910222
0.04815536,2.265294097
0.051557781,2.248389174
0.056621786,2.274252885
0.053603458,2.262316003
0.050691168,2.269455402
0.060021494,2.27506439
0.050382295,2.310582772
0.050566504,2.292423421
0.049595281,2.285120536
0.048666338,2.269000473
0.052575971,2.249188836
0.062615387,2.257741708
0.067985314,2.248277333
0.051561785,2.251823513
0.059591564,2.248593777
0.054173425,2.238712136
0.056012798,2.2399164
0.048444419,2.255668045
0.05532237,2.249836691
0.055349266,2.249293769
0.058098827,2.24034304
0.057620974,2.236387489
0.065816525,2.238979896
0.056941936,2.239327919
0.056524336,2.228347934
0.057359695,2.235397368
0.058972605,2.223459169
0.064088064,2.210237431
0.064754304,2.237918887
0.058813591,2.264432593
0.060694688,2.26109266
0.061420868,2.286051283
0.06537277,2.249174527
0.070254092,2.248514337
0.0793528,2.226757983
0.080652103,2.242224764
0.079709812,2.23729817
0.079848334,2.24216506
0.079589882,2.193523131
0.072639799,2.198820938
0.078138591,2.202785535
0.046565594,2.187847203
0.046032201,2.228514051
0.048074964,2.237874973
0.051330147,2.217821728
0.047368367,2.224802247
0.055362131,2.219955916
0.046594197,2.226919331
0.052100508,2.218367939
0.044555114,2.245289206
0.044391002,2.267942096
0.047140994,2.24286752
0.046507638,2.274895478
0.04879716,2.248810551
0.050721673,2.223982025
0.053403599,2.220373181
0.051295248,2.230642976
0.047672408,2.241586777
0.049744745,2.264599532
0.045061945,2.272519022
0.045937949,2.295823879
0.045877217,2.258231835
0.043244108,2.258851894
0.044681121,2.271388935
0.046349139,2.25887969
0.049646016,2.249523043
0.047365468,2.223127594
0.045837096,2.225797467
0.046814646,2.225517371
0.045178931,2.212758293
0.044279819,2.212316521
0.042599823,2.199752343
0.04495142,2.189072026
0.0459895,2.204599332
0.044840653,2.193616387
0.047951394,2.214519295
0.046953445,2.187052968
0.045009509,2.195663569
0.047665459,2.209962763
0.051541586,2.214033609
0.05086024,2.193643689
0.062135462,2.194734138
0.061387398,2.214699391
0.061514673,2.213195789
0.065189764,2.173200315
0.051695989,2.190742732
0.049311125,2.24690136
0.050566483,2.212996613
0.051347997,2.225658324
0.04731423,2.204568082
0.045276879,2.179941199
0.045804865,2.232373221
0.045028218,2.225377899
0.047942867,2.224582677
0.052429123,2.221498499
0.050983815,2.235024674
0.048745917,2.217508408
0.062097906,2.242824429
0.05732642,2.23355561
0.051893746,2.233311369
0.053973859,2.22236872
0.050785154,2.232380951
0.055485228,2.247878159
0.049208695,2.246464687
0.048123339,2.257230365
0.047584997,2.272480371
0.048861109,2.266689971
0.050019567,2.245991994
0.053330183,2.262638861
0.054241229,2.227376563
0.050025159,2.216191646
0.043767052,2.20156762
0.050245223,2.192929058
0.043176665,2.233026011
0.042253478,2.225698126
0.051859793,2.214529985
0.049991371,2.207422658
0.049606784,2.205340607
0.049486154,2.213866341
0.050868556,2.219532401
0.051655267,2.198482783
0.055951465,2.181262567
0.05154155,2.178085627
0.051236681,2.187773191
0.056329278,2.168591646
0.0483878,2.214270613
0.04910206,2.214339691
0.053014021,2.235952789
0.049422873,2.235164969
0.047870705,2.232295426
0.050742098,2.230431301
0.051731978,2.234268432
0.046771775,2.230669949
0.043771462,2.220651303
0.044827526,2.232204144
0.043333566,2.225145336
0.048061354,2.222677269
0.052435137,2.213526871
0.047467754,2.209302737
0.050077163,2.219704109
0.049918386,2.215270438
0.054087951,2.219794733
0.050465492,2.188566603
0.051886931,2.216590819
0.055908147,2.198741827
0.054713988,2.217716137
0.050161065,2.213494634
0.052429185,2.164856159
0.047300959,2.223231869
0.052241286,2.190483031
0.044147013,2.229986568
0.044941505,2.231705136
0.049312888,2.187317274
0.052574141,2.226466375
0.05785087,2.232857756
0.052307342,2.236527619
0.056918602,2.24932798
0.063714974,2.252890607
0.052020893,2.236059203
0.053506127,2.232327827
0.049764949,2.238569703
0.051439444,2.242647621
0.053620101,2.231404152
0.047104893,2.235937822
0.047749289,2.248323385
0.047924061,2.235078785
0.054879925,2.247571748
0.05015391,2.259677708
0.046896245,2.256878724
0.04462649,2.260816676
0.045415113,2.225281025
0.0459652,2.253259518
0.048139946,2.250232575
0.048106702,2.272798953
0.047540949,2.265457089
0.052024913,2.246815012
0.050939706,2.264837194
0.046413314,2.253986484
0.050076084,2.280360552
0.047745675,2.250062676
0.049027118,2.23649933
0.049822391,2.260747762
0.051277901,2.264028978
0.048380157,2.271746333
0.046501352,2.272643198
0.047879448,2.280344434
0.047102184,2.265759059
0.046086739,2.263173066
0.047981626,2.271017886
0.048166899,2.247875692
0.048131162,2.266670234
0.049617156,2.267950977
0.049032062,2.273854699
0.05939981,2.259346461
0.053550226,2.260786742
0.054630873,2.235886672
0.05483099,2.227664553
0.078863512,2.239570515
0.046056327,2.216753482
0.049794246,2.232787855
0.048341938,2.229081479
0.046021408,2.238155398
0.047291825,2.230431794
0.044000659,2.244773257
0.044651947,2.264975021
0.044656671,2.245808608
0.048753282,2.231964015
0.045649079,2.236770051
0.047231454,2.246222255
0.044237637,2.251270723
0.044596901,2.256840237
0.044896358,2.249327486
0.044885534,2.262561724
0.04646652,2.244867006
0.047670095,2.262594125
0.047465492,2.262325542
0.04826203,2.262916819
0.046240577,2.240888922
0.04466548,2.242451571
0.046676063,2.246469786
0.047966171,2.230365183
0.048882783,2.228845133
0.053461472,2.243939549
0.049151495,2.240912277
0.04893212,2.247436552
0.048085459,2.261754331
0.049416454,2.233226337
0.051121129,2.267764301
0.052349246,2.257022472
0.049818351,2.243129195
0.052008208,2.25079951
0.056334407,2.264097234
0.055349616,2.241728881
0.055797206,2.251791112
0.054908553,2.240756687
0.049806031,2.224503402
0.057717426,2.241991049
0.05774956,2.257016222
0.056161326,2.220922024
0.056226401,2.227910932
0.054304623,2.24851187
0.05481225,2.247347408
0.054516653,2.248716637
0.058170321,2.240306692
0.052323948,2.248686374
0.050351431,2.252212325
0.053043344,2.275675075
0.051153442,2.279574705
0.051712822,2.265052652
0.049089802,2.265859387
0.049639,2.274495811
0.051804155,2.27569366
0.051690675,2.290791036
0.051333981,2.291674744
0.054570086,2.28057634
0.050991242,2.310013699
0.051139498,2.273260297
0.051668224,2.26893271
0.052916813,2.277538049
0.048899714,2.30396261
0.050467959,2.305403714
0.051941551,2.276915687
0.052994249,2.292553518
0.052919573,2.304849114
0.05758535,2.288274286
0.052711655,2.275851389
0.055051048,2.280748377
0.060980407,2.276977035
0.061004553,2.27645204
0.053744215,2.293498903
0.059560099,2.273660951
0.053631794,2.265763664
0.055853656,2.273706016
0.060202521,2.293138709
0.057630662,2.283013156
0.059215972,2.289128389
0.052223631,2.269357048
0.053496274,2.269108695
0.052217622,2.25446592
0.049113096,2.265189328
0.052950951,2.266028135
0.056318392,2.255629723
0.057249673,2.28828695
0.057842842,2.287841725
0.055324796,2.279433917
0.05712745,2.274338411
0.061563157,2.270221184
0.080085071,2.267639961
0.053628088,2.299620057
0.054221539,2.29320236
0.05629846,2.295243293
0.058375078,2.295683255
0.055717735,2.303894354
0.054003608,2.305695487
0.05619734,2.315251144
0.059722643,2.323641518
0.059527132,2.308244967
0.062613994,2.299497854
0.058487248,2.301180402
0.054407829,2.289785126
0.054943005,2.278093635
0.053884633,2.286271346
0.063358656,2.300998332
0.057079743,2.304347804
0.053998787,2.300920701
0.052568945,2.298700823
0.057828008,2.308728679
0.060336889,2.28820603
0.063191028,2.299865449
0.057121519,2.291171789
0.07751461,2.289322795
0.081541686,2.310187052
0.090489604,2.313573037
0.056377951,2.292984106
0.060273989,2.290974258
0.055146807,2.290327225
0.074195807,2.280168449
0.060722196,2.276725393
0.051356817,2.281693433
0.059330784,2.291209289
0.0602856,2.268049989
0.056140957,2.263314019
0.055680169,2.265906426
0.055583983,2.2715664
0.059514684,2.286899794
0.055178781,2.296257098
0.069517916,2.292251054
0.056438914,2.306619984
0.051464921,2.300607875
0.053014001,2.293701368
0.054966098,2.290949587
0.053570692,2.308237895
0.048434546,2.303915571
0.047615439,2.281139985
0.047397946,2.285100306
0.049194103,2.275872934
0.049749921,2.283845549
0.050833257,2.289511444
0.048962686,2.273659635
0.046664072,2.268197521
0.053936689,2.268236829
0.049748677,2.299109207
0.044465452,2.26051964
0.050952853,2.252390448
0.063935572,2.286782361
0.057404508,2.266605761
0.044400773,2.273913744
0.044697768,2.259737904
0.053097861,2.278023899
0.046667341,2.261260915
0.045567609,2.251681738
0.04712998,2.273869337
0.045671859,2.277628344
0.043780405,2.268093574
0.044454247,2.292533452
0.045196709,2.276270792
0.046304968,2.292174903
0.048086364,2.286178255
0.051371979,2.271990738
0.044757225,2.292575228
0.04744831,2.285865923
0.04637033,2.282034548
0.045276951,2.286177597
0.043596834,2.301892072
0.045005028,2.29293131
0.046387589,2.279062046
0.053346445,2.272056527
0.046806499,2.277651041
0.046770871,2.297888824
0.053952488,2.296228644
0.04912264,2.27185916
0.050552832,2.292214377
0.060327715,2.297331593
0.05989262,2.276700393
0.053472687,2.318305882
0.05152188,2.303421826
0.06901698,2.300014131
0.061448838,2.309756958
0.060996998,2.330045399
0.062257084,2.284589291
0.068190724,2.3030641
0.052558269,2.275912737
0.054672469,2.312880116
0.059502898,2.284628436
0.044665259,2.278581623
0.052077261,2.308424077
0.049809583,2.299988803
0.049699269,2.292049247
0.05125394,2.263205961
0.048434011,2.28115561
0.053860014,2.280748377
0.064601082,2.297659386
0.06024645,2.281321069
0.052531568,2.27807176
0.050451276,2.284574982
0.062088763,2.309921594
0.06007672,2.290652715
0.054991082,2.314208556
0.056190088,2.30241608
0.060763514,2.30195819
0.058215196,2.304028399
0.050426918,2.308238717
0.051289224,2.312067131
0.050578628,2.285487473
0.050574424,2.275785435
0.05582404,2.286596014
0.065933054,2.291068501
0.055798203,2.308256316
0.05339151,2.28163373
0.049601485,2.291902044
0.05182547,2.27259287
0.053661064,2.283841602
0.050099881,2.295196747
0.051853975,2.285569215
0.053922313,2.273149607
0.049941191,2.288209978
0.050238839,2.260146782
0.049998165,2.276725722
0.055537618,2.274958306
0.054036975,2.273194015
0.057803584,2.285875956
0.060350438,2.289396807
0.06111368,2.28042996
0.065770859,2.27079256
0.065477919,2.281302319
0.058078617,2.282511023
0.060164353,2.284272683
0.060591502,2.285001787
0.058844363,2.292475558
0.060538804,2.28182386
0.065852473,2.304057346
0.062934776,2.287205876
0.059757151,2.289534964
0.059831966,2.294627674
0.059157867,2.28375509
0.060700743,2.300468239
0.082656025,2.311271416
0.05542591,2.320111949
0.050861916,2.32704839
0.076850873,2.309874391
0.071481295,2.314211353
0.073693165,2.331690776
0.052826698,2.316278272
0.051489263,2.321141708
0.052986169,2.297269916
0.046433348,2.315317098
0.050302516,2.277165026
0.050010722,2.313748857
0.055757584,2.286816406
0.046578618,2.329263499
0.052315267,2.304033498
0.051741147,2.313248862
0.053482283,2.305438582
0.050055361,2.295372897
0.045752974,2.290347455
0.04590012,2.304736122
0.047575118,2.295222734
0.04880026,2.3153319
0.051385929,2.316841095
0.050365293,2.314173031
0.052270279,2.30650288
0.049747073,2.312418279
0.048665783,2.297608071
0.056522162,2.30898394
0.051799493,2.280521406
0.051503274,2.260662401
0.054521422,2.271820345
0.052166271,2.271734326
0.053674088,2.293532455
0.049756715,2.298437503
0.050562777,2.293793472
0.059161907,2.258162263
0.058963101,2.266373033
0.056935691,2.296039008
0.059319964,2.304776582
0.058683113,2.300556231
0.057129131,2.281652973
0.057882639,2.289203717
0.055581748,2.28642118
0.056409576,2.287382519
0.059594648,2.291658955
0.052395514,2.278423401
0.05277419,2.280897553
0.051326929,2.294953822
0.052045266,2.276297437
0.050795562,2.286054901
0.054067809,2.296640976
0.056399384,2.294751028
0.05552373,2.306595313
0.062286412,2.310932933
0.057399142,2.264562197
0.050841691,2.284811822
0.05411862,2.27146377
0.051080931,2.270634338
0.049790232,2.261974394
0.054345849,2.252661991
0.055388904,2.274635941
0.053143142,2.26910261
0.051719689,2.272140407
0.051069711,2.266130108
0.051187211,2.285362474
0.051128823,2.268709522
0.050296194,2.291531325
0.051269441,2.273442532
0.051226463,2.298639804
0.051093133,2.273763746
0.04963865,2.278966652
0.050643769,2.262781294
0.053598195,2.254798153
0.056355753,2.252539788
0.056521551,2.263691975
0.052138306,2.273855686
0.053786952,2.267604435
0.062049526,2.294607609
0.059095897,2.283534368
0.06564825,2.283449501
0.056585366,2.268447847
0.055015388,2.287100779
0.050118189,2.298790624
0.05061988,2.275646128
0.055910984,2.294938362
0.059224499,2.424411361
0.054585726,2.41397035
0.057883153,2.39000152
0.058600497,2.339426716
0.06464604,2.342200536
0.063762897,2.357921425
0.062775176,2.360383077
0.069880453,2.399038269
0.068525661,2.311168456
0.063063532,2.298556087
0.066094719,2.296868934
0.060661819,2.273911113
0.061634039,2.278045938
0.064833106,2.274856662
0.061631803,2.273457828
0.064678194,2.279094118
0.061864135,2.263661219
0.059630755,2.279269774
0.060504096,2.270067567
0.056907746,2.307911089
0.056154496,2.283376968
0.059160313,2.264125688
0.057114452,2.277467326
0.058343597,2.286284175
0.060661454,2.21619806
0.060657204,2.177361785
0.057523653,2.233131108
0.057278266,2.228943652
0.05892721,2.228008299
0.057508907,2.223136804
0.056930294,2.23365232
0.056861103,2.211061765
0.054147603,2.218064982
0.055941648,2.231518131
0.057651597,2.215945596
0.058878146,2.219478783
0.059284587,2.2384725
0.06174478,2.252872022
0.059392034,2.26976461
0.05756347,2.248566803
0.058244374,2.247019286
0.060849677,2.261560912
0.062176097,2.271788108
0.06210134,2.252908206
0.067670227,2.233732253
0.069421345,2.236979588
0.067559209,2.256773297
0.062415538,2.276887398
0.055904303,2.296017956
0.058706109,2.23916723
0.0620208,2.242223941
0.057309454,2.238701774
0.057998797,2.244724573
0.057646082,2.243119985
0.056621123,2.237914282
0.055666276,2.24230848
0.055052132,2.236477455
0.057768916,2.228971776
0.058911899,2.242361276
0.061872718,2.245333613
0.058715823,2.240287119
0.060345247,2.237192744
0.059949969,2.251222861
0.060744107,2.233587189
0.060778517,2.234955596
0.061293479,2.240865074
0.059140109,2.232431938
0.057812075,2.236319397
0.057357793,2.232078652
0.056458769,2.239000949
0.055913678,2.220485845
0.060831801,2.239401109
0.060379056,2.243516033
0.057617232,2.231677011
0.061908625,2.2092131
0.063465779,2.215012546
0.064215082,2.216047075
0.055929863,2.214836068
0.057266244,2.212830003
0.053616893,2.213363057
0.052425494,2.245487559
0.052911905,2.181562071
0.055365822,2.189317747
0.05163735,2.236554592
0.053976388,2.244597108
0.055177748,2.175604731
0.054963061,2.204677785
0.051111137,2.232978643
0.055404889,2.223129732
0.053312456,2.223972157
0.05687643,2.25189769
0.061484606,2.251424833
0.05610925,2.22983953
0.058034081,2.222552435
0.055655025,2.233441796
0.054175389,2.230688699
0.057464674,2.229440357
0.056658582,2.23052028
0.053955557,2.228355171
0.054932947,2.233208081
0.060528695,2.224981851
0.053885121,2.217376995
0.059898957,2.194996964
0.059857885,2.191384831
0.056820638,2.201474529
0.05652944,2.19584087
0.064009893,2.197485096
0.063457843,2.205060511
0.069684485,2.191623315
0.05883213,2.194017534
0.057764126,2.203123196
0.057317333,2.198110912
0.057111352,2.160807516
0.056446526,2.201245584
0.055650898,2.204867586
0.053929277,2.182707947
0.05472582,2.210481837
0.052197423,2.185370913
0.052651875,2.208389917
0.053026994,2.202510209
0.051309485,2.199866322
0.053126027,2.209396979
0.05024145,2.175501936
0.052982777,2.198013709
0.054677162,2.217938667
0.052854576,2.223230389
0.054054738,2.232114671
0.057967131,2.235151975
0.058787476,2.235862988
0.054970775,2.247710398
0.06694432,2.248378976
0.062408172,2.243860273
0.059194621,2.236643243
0.058973335,2.239712125
0.057498818,2.239105059
0.055468036,2.220913801
0.057564139,2.227387911
0.062768695,2.217048051
0.060052492,2.22037828
0.05745495,2.214359263
0.059453737,2.215138532
0.058603129,2.221903758
0.059839691,2.231380139
0.063154957,2.22862951
0.063302838,2.223130061
0.048947647,2.228979013
0.060854056,2.224781853
0.054000776,2.224341068
0.051736758,2.228468163
0.052501717,2.245608775
0.067151046,2.234119091
0.06229426,2.239695843
0.055825418,2.235514965
0.055546838,2.244888552
0.053981595,2.232955452
0.053161717,2.232367958
0.05370781,2.242540386
0.051111199,2.248127334
0.05557503,2.247236718
0.05169141,2.245275719
0.053148601,2.241689079
0.055019783,2.22950335
0.05526995,2.223658838
0.050376096,2.23743386
0.05014837,2.219823187
0.054767596,2.223992881
0.052512356,2.216104805
0.05263994,2.1756595
0.056379252,2.221840107
0.05066182,2.214600379
0.050309002,2.221434683
0.050479734,2.211057817
0.055654203,2.203576316
0.064115906,2.205083866
0.056276544,2.188955251
0.056826281,2.190625793
0.056897642,2.17047337
0.057814357,2.195562255
0.054171596,2.187939636
0.057333986,2.189636658
0.056447631,2.209908487
0.054198883,2.20817413
0.054256263,2.217697387
0.054307033,2.250186523
0.05710576,2.229863543
0.06214476,2.229657789
0.061537833,2.221557215
0.059315087,2.2462364
0.050331396,2.22292151
0.050973284,2.227474423
0.052361021,2.221992243
0.052517804,2.233708898
0.050420869,2.241808814
0.05504394,2.23147356
0.048903867,2.233585215
0.048725661,2.182245452
0.051108089,2.233780279
0.051845648,2.235871047
0.053391721,2.239600942
0.059785728,2.236640118
0.057352905,2.244647765
0.053436437,2.238129576
0.053626664,2.266037346
0.057066189,2.23649308
0.062337085,2.235964467
0.055648323,2.239703079
0.063605832,2.23372074
0.055869394,2.236984358
0.056130621,2.226016215
0.056852936,2.225882828
0.055699145,2.171588819
0.052401682,2.239079566
0.051593343,2.232817789
0.055240288,2.257809964
0.055734285,2.259156825
0.052253986,2.257833319
0.05405773,2.237996518
0.057391253,2.236115617
0.061458635,2.250454613
0.057558742,2.250441784
0.054140752,2.241691381
0.057779217,2.235475163
0.057316994,2.234506587
0.059966185,2.224553237
0.060638259,2.213529009
0.051955413,2.206137145
0.054063995,2.202648859
0.052534786,2.170875833
0.057242323,2.20579455
0.056602779,2.233663175
0.05608679,2.23129593
0.057703914,2.232559733
0.054920426,2.234415305
0.056152234,2.211139889
0.05456566,2.2109792
0.057792385,2.217264825
0.058807172,2.219379771
0.062356287,2.227015053
0.062077666,2.235007898
0.061393678,2.229546606
0.05759748,2.192071995
0.057529132,2.213503351
0.059401964,2.210069999
0.054836026,2.215351852
0.056709892,2.193885463
0.051735807,2.210701571
0.057332567,2.235456249
0.054741255,2.231729971
0.057178863,2.239101112
0.060908563,2.231760563
0.057637252,2.247267639
0.051785395,2.231561223
0.050837003,2.236520876
0.049115043,2.218321722
0.052014582,2.23366482
0.052175924,2.222585658
0.052139493,2.225994998
0.053923269,2.21903257
0.050608105,2.220307886
0.05066586,2.232234736
0.049067681,2.256444847
0.047640095,2.252252949
0.049584925,2.215162709
0.050441695,2.218710205
0.048409474,2.181974402
0.046543149,2.245436079
0.047448187,2.229201708
0.048140326,2.225897795
0.051607195,2.236294069
0.05127802,2.222300957
0.048478157,2.229189866
0.048692458,2.21788176
0.049664529,2.217432422
0.054213942,2.223425288
0.050281011,2.220773342
0.046874478,2.228572932
0.048962162,2.241643355
0.049041093,2.215439022
0.046263284,2.168256781
0.049419219,2.213066514
0.049861931,2.213460424
0.052066411,2.232319932
0.050068467,2.213832131
0.049543837,2.221375145
0.050998284,2.177917536
0.050612741,2.218018272
0.055091714,2.176807679
0.052310976,2.220727783
0.052134852,2.218676817
0.053684229,2.183998723
0.053423613,2.202365967
0.052125287,2.196362246
0.050131845,2.15789406
0.052931205,2.20058161
0.054309428,2.186143602
0.051456199,2.178921309
0.052424872,2.176782515
0.051010768,2.201438509
0.048195835,2.207981534
0.047829495,2.18454329
0.048860441,2.204449004
0.048393299,2.24361521
0.048831643,2.226666537
0.048705534,2.182588376
0.049717792,2.173401136
0.051606254,2.199259091
0.061591651,2.2095353
0.058098775,2.210849267
0.053580617,2.21334957
0.052106943,2.203332404
0.05155205,2.208786953
0.050892076,2.206334347
0.050860389,2.190885
0.051217905,2.189009691
0.051591945,2.153355456
0.053743228,2.204342427
0.054679023,2.21204432
0.052264851,2.207792062
0.055934951,2.157017918
0.053661666,2.207647491
0.05331704,2.183871751
0.052174829,2.181970126
0.052989109,2.191441245
0.050297186,2.189102453
0.049838849,2.167832608
0.050186455,2.189610014
0.051766743,2.18465546
0.052859294,2.162460624
0.0533823,2.192050778
0.054913786,2.202585537
0.055792148,2.186316133
0.056005643,2.209575103
0.055028376,2.150988704
0.056108325,2.153624532
0.055571247,2.211505017
0.056977482,2.201486042
0.055802243,2.184312207
0.057283729,2.196043335
0.056727069,2.179080847
0.060539817,2.186693268
0.062042865,2.187223032
0.057622629,2.197955157
0.057252341,2.195781825
0.058438826,2.210408811
0.056246831,2.198808767
0.05828892,2.208575606
0.05558037,2.210769169
0.057835384,2.211242684
0.058901435,2.210787097
0.055673137,2.191682032
0.058151848,2.1954639
0.05927751,2.202831423
0.057285924,2.209328724
0.052848203,2.201332589
0.052693471,2.149584607
0.053433918,2.202545735
0.058014108,2.185964163
0.05460207,2.194422135
0.055917733,2.180960926
0.06095055,2.180422116
0.059458152,2.174473822
0.053887383,2.177270668
0.052505053,2.156855748
0.055632734,2.184539836
0.053614169,2.200073556
0.054447929,2.176542879
0.052345196,2.178574766
0.057065753,2.194988083
0.055976953,2.189536824
0.05664161,2.193521486
0.05317543,2.204534694
0.053674962,2.202321559
0.058375042,2.19439878
0.059217318,2.198589361
0.054012207,2.194511936
0.056653421,2.204007891
0.057112067,2.208933168
0.053361299,2.195094167
0.057815102,2.215748065
0.058928064,2.197377038
0.054517876,2.163813242
0.054093492,2.188307231
0.054514103,2.203320233
0.051715453,2.176296665
0.051677404,2.196340371
0.054209332,2.203111683
0.053164462,2.202145574
0.056652763,2.208446989
0.054321409,2.191454073
0.054390744,2.200502499
0.054507417,2.163110782
0.054290488,2.194207828
0.056546072,2.190051621
0.055303775,2.18710379
0.053852607,2.209098298
0.053751159,2.174071852
0.054151186,2.203737828
0.053716846,2.209575103
0.054228231,2.218115146
0.053284182,2.221539946
0.051631454,2.211181665
0.052631783,2.213685257
0.052252799,2.219645886
0.054065928,2.212528855
0.049912126,2.221718069
0.054713243,2.194627231
0.050466212,2.208604389
0.053040794,2.194720158
0.051759141,2.168929307
0.051138234,2.193042708
0.050342493,2.177883984
0.053889758,2.188306573
0.052168178,2.193707668
0.053447266,2.172618578
0.056072218,2.161060474
0.055004878,2.188754595
0.052267159,2.175703414
0.049606589,2.196867011
0.052708669,2.199894282
0.054077266,2.185978966
0.05314103,2.194592857
0.053679012,2.208106861
0.053892877,2.186305443
0.054462716,2.177087117
0.054105817,2.211486102
0.054349631,2.211734291
0.056696595,2.208510475
0.058120717,2.185126179
0.059209367,2.225944834
0.060136578,2.226026906
0.061267806,2.180921124
0.059031809,2.209758324
0.059234079,2.201286208
0.059082071,2.211435445
0.060234259,2.228460762
0.065938029,2.208046664
0.061047054,2.213760092
0.059069998,2.212593328
0.061381662,2.21701269
0.060595974,2.21738012
0.059574146,2.215508265
0.062251158,2.215670105
0.059094478,2.222190761
0.059693084,2.243163899
0.061241598,2.219727958
0.060491411,2.230322749
0.058478073,2.20924254
0.053503839,2.21156472
0.056350747,2.208831196
0.05574716,2.21583688
0.063191434,2.217863174
0.057319266,2.21163791
0.05348529,2.207638609
0.054442476,2.199275703
0.055313298,2.19791371
0.056918273,2.210978706
0.05335069,2.19636899
0.054901964,2.20825209
0.055712986,2.178337269
0.056232029,2.189011336
0.058338504,2.241272307
0.057484452,2.235772364
0.057770047,2.230549556
0.061261294,2.21219547
0.058884992,2.199111395
0.060302931,2.213450556
0.060153575,2.219821213
0.062509893,2.211005844
0.052973078,2.226263745
0.053809233,2.215292642
0.05626611,2.218960696
0.052065573,2.229231149
0.050542213,2.234460535
0.04916143,2.221398335
0.047577714,2.174198825
0.049898871,2.164770304
0.048672722,2.180240703
0.049220064,2.161738428
0.048736131,2.216552991
0.046018802,2.203806741
0.046564222,2.203946871
0.047275892,2.195988237
0.049755914,2.211538898
0.048785359,2.213302531
0.053364763,2.221468894
0.060301523,2.208034165
0.055452791,2.192768369
0.054477657,2.176669852
0.057490722,2.200035563
0.059876651,2.191372331
0.06494084,2.161300274
0.062804463,2.193097477
0.063524711,2.16714051
0.058000144,2.21413147
0.05775821,2.195606826
0.070666922,2.158212971
0.060552353,2.224471987
0.059398669,2.178008654
0.059304674,2.220004435
0.057515362,2.177706025
0.057828933,2.234707079
0.059849276,2.203002473
0.06586857,2.193441553
0.060591857,2.203559211
0.057763129,2.160597815
0.060548812,2.191158188
0.064150347,2.214271106
0.07457417,2.192722152
0.064049536,2.220425319
0.069685816,2.199844447
0.071352035,2.19442049
0.075251214,2.183442808
0.085621485,2.166693968
0.077743159,2.214673898
0.078318893,2.209773456
0.072169523,2.213091349
0.088126275,2.220853768
0.092687762,2.211610937
0.103260689,2.220665119
0.085360196,2.232437859
0.081123768,2.237295539
0.098466803,2.233516795
0.078589758,2.236163642
0.073530724,2.234998852
0.074045058,2.24113563
0.072761277,2.216130133
0.072130533,2.216974039
0.068534877,2.220716434
0.075127253,2.173326465
0.075413188,2.213447924
0.064827977,2.200095267
0.071150603,2.192321828
0.064630574,2.202665964
0.059859612,2.203099841
0.060396408,2.207913936
0.058122048,2.192416728
0.059583875,2.213847262
0.055145439,2.163688901
0.05367451,2.208414259
0.056604265,2.208412615
0.061232989,2.202219751
0.062796445,2.192060482
0.055339999,2.195312586
0.053917934,2.186110543
0.055198682,2.188786996
0.053812574,2.197284934
0.058161264,2.191018223
0.056697926,2.196080012
0.0568163,2.194344997
0.060413318,2.154925834
0.058876846,2.20141351
0.0643347,2.170219425
0.062271424,2.178790225
0.065184172,2.164163403
0.062472065,2.193376257
0.067178497,2.176470018
0.06338932,2.142832538
0.05697462,2.168284906
0.061794533,2.196533462
0.061275541,2.191749301
0.063322364,2.167797904
0.060802684,2.152908256
0.060474861,2.139763656
0.062200156,2.166257953
0.05884648,2.177900267
0.060942825,2.168561548
0.061078802,2.139197708
0.063419264,2.168265005
0.063014863,2.154305775
0.067739737,2.175312794
0.064113223,2.178486116
0.068572202,2.149160598
0.070698891,2.179681663
0.071396288,2.138717943
0.07184762,2.148255508
0.068795981,2.178101909
0.071643654,2.171750331
0.072580353,2.164364058
0.073508021,2.14656375
0.072225551,2.156453943
0.069462782,2.16873227
0.071317753,2.19457016
0.066215673,2.183002187
0.072432668,2.185808079
0.068995352,2.188116279
0.067954707,2.17929795
0.07135846,2.209061292
0.068452749,2.195195153
0.066915933,2.168504476
0.071006675,2.227244656
0.067487473,2.169775351
0.071091275,2.192069199
0.068946514,2.189331234
0.075225263,2.181622268
0.072850714,2.197487728
0.062997224,2.200468125
0.066207434,2.196512245
0.066213704,2.192971163
0.069374429,2.169033089
0.065938142,2.208572646
0.067080045,2.21222524
0.070686546,2.196142676
0.07033751,2.141135517
0.07526801,2.170113176
0.078200751,2.161747145
0.083738836,2.171939309
0.075706477,2.148711754
0.073929393,2.184224543
0.071172858,2.187035534
0.067259469,2.184779472
0.070391298,2.21160995
0.066853644,2.168857597
0.067129042,2.192760474
0.070637924,2.189238142
0.075317881,2.176104562
0.075326932,2.168374872
0.076950923,2.156116776
0.075545855,2.149867498
0.060199437,2.190694048
0.056989607,2.20176548
0.055272926,2.157779587
0.055441067,2.187926643
0.055892569,2.184591974
0.052990497,2.196186919
0.052710612,2.141554427
0.055499825,2.192012127
0.062638587,2.226979856
0.0593231,2.202738825
0.059588198,2.266180272
0.059775716,2.184256286
0.062660092,2.195482979
0.062017485,2.177595171
0.061582765,2.164381328
0.061311777,2.160528079
0.06132532,2.169428315
0.059290108,2.193881844
0.058871994,2.172218418
0.057413868,2.186023867
0.059128457,2.160094366
0.054135587,2.182838538
0.057944028,2.179774425
0.059187765,2.185565154
0.05915671,2.193203233
0.061289938,2.175846012
0.067955643,2.172834694
0.064978129,2.147934459
0.065272719,2.167269291
0.065994551,2.164660272
0.065119082,2.178254046
0.062903007,2.177259484
0.06299744,2.167124556
0.057510875,2.153790813
0.058726945,2.142088796
0.058092001,2.18699458
0.056903234,2.192617055
0.064876753,2.162997461
0.063780994,2.188392428
0.062630729,2.192796329
0.063020306,2.187130928
0.075541419,2.18266798
0.074937437,2.176188607
0.0701286,2.177553066
0.055199289,2.16774478
0.054451301,2.162544998
0.058447204,2.180549581
0.056662385,2.18306995
0.056564971,2.180604186
0.056131613,2.189170709
0.056226981,2.208766887
0.055271029,2.178001581
0.057663423,2.206561647
0.055319338,2.193518855
0.054413112,2.203007079
0.053645224,2.184842135
0.054060464,2.184447732
0.056051022,2.19242857
0.054653869,2.160268871
0.054454338,2.191672163
0.054890636,2.193631518
0.058285261,2.187719408
0.057131182,2.202595405
0.056220618,2.211104692
0.054643646,2.21354266
0.055099058,2.218683725
0.053675358,2.203774669
0.053096972,2.192952742
0.053711691,2.180612739
0.054370288,2.219649998
0.053430007,2.16615154
0.055106932,2.208427911
0.05484977,2.179477882
0.056049136,2.210963246
0.055158397,2.193937765
0.053403147,2.19948228
0.052718743,2.208037783
0.055867744,2.192747646
0.056003264,2.203749999
0.05413515,2.209333822
0.056133952,2.191036479
0.05297277,2.210825912
0.054110525,2.20839551
0.05662341,2.211183145
0.0579044,2.217845411
0.057509416,2.214650708
0.056519274,2.195747614
0.058297129,2.193000768
0.062173687,2.199895927
0.056562144,2.203554935
0.055966175,2.211064561
0.057159106,2.214601695
0.056357783,2.211629029
0.058271039,2.214540018
0.058389577,2.219411514
0.058308842,2.223792225
0.058933342,2.201142295
0.05809066,2.170119591
0.059724021,2.182226538
0.056011605,2.227675737
0.057433234,2.233114496
0.063136017,2.225848618
0.058670326,2.222996674
0.060045753,2.213973083
0.059236109,2.221583366
0.058691671,2.224535967
0.061055169,2.213895781
0.057086455,2.212443494
0.058912171,2.22178139
0.057771363,2.210978213
0.058792883,2.220539462
0.058032658,2.220077132
0.058922405,2.230578668
0.063645516,2.228401223
0.061587108,2.236814129
0.060004044,2.225854868
0.057544438,2.237658364
0.061357135,2.236620217
0.060266341,2.224183504
0.068620793,2.245266015
0.061841017,2.222324806
0.061412099,2.215692967
0.059030417,2.208388602
0.070077084,2.190411979
0.067953093,2.187912663
0.060862537,2.236219234
0.064209619,2.237620535
0.069224847,2.251011186
0.060755758,2.234534054
0.061178868,2.224838596
0.056761289,2.225317209
0.064763252,2.186574683
0.066680579,2.223712785
0.065342928,2.211745475
0.065384524,2.239286801
0.066855675,2.217171734
0.068793489,2.211566365
0.06184076,2.222859669
0.059542212,2.221203929
0.05892645,2.218568101
0.063736828,2.179982646
0.065784613,2.228218001
0.061926758,2.232644436
0.063207933,2.240345178
0.063400401,2.219964962
0.063593563,2.176590576
0.059380053,2.219602137
0.065245129,2.231325535
0.066412382,2.219280101
0.068277854,2.230029002
0.068022614,2.222386318
0.063995584,2.218369419
0.061417285,2.196403035
0.063406533,2.196795959
0.063683951,2.201637356
0.065071143,2.171453623
0.065424244,2.185860381
0.069881065,2.23733238
0.059806719,2.217838833
0.06718689,2.208538436
0.064377282,2.212277871
0.065621986,2.213386412
0.064659835,2.202404453
0.066348746,2.210637098
0.071518861,2.214815015
0.071408675,2.227931491
0.075920229,2.226092859
0.072938244,2.239468049
0.067888194,2.241449936
0.067322893,2.239471667
0.066007256,2.233216469
0.073666834,2.23117603
0.069240272,2.224920338
0.066784299,2.225220006
0.062935793,2.220253446
0.061723167,2.238449639
0.064594761,2.232564502
0.062026901,2.240174621
0.063835568,2.25290212
0.061101278,2.226143845
0.061499233,2.227181992
0.063260255,2.225677732
0.065331775,2.220938472
0.060433727,2.183843133
0.059243711,2.183450209
0.057579974,2.19580518
0.059473494,2.202772048
0.061717272,2.226556505
0.060272149,2.231772734
0.062971103,2.256022647
0.06145112,2.2521467
0.061599726,2.229169472
0.061433964,2.225643192
0.06345793,2.244199085
0.062997398,2.232491148
0.059739003,2.243358798
0.060147125,2.227909287
0.061885619,2.215372904
0.061646878,2.206972169
0.060697155,2.209013102
0.05875509,2.213924235
0.059851615,2.212631979
0.060260066,2.186067945
0.055573174,2.2416325
0.055269431,2.237262315
0.054393556,2.230830474
0.057072496,2.230570279
0.058832372,2.219460197
0.058007319,2.222546514
0.061344943,2.232888841
0.060243063,2.218920729
0.059736798,2.224555539
0.060003936,2.209621155
0.058679197,2.232009738
0.057830218,2.219576808
0.058535644,2.222690263
0.057541822,2.237826783
0.058343412,2.233384231
0.058912403,2.230544457
0.059599618,2.222438456
0.06014014,2.236386338
0.061631818,2.23331729
0.058519279,2.237520372
0.058125142,2.225232506
0.059331272,2.24836368
0.062750315,2.244028035
0.061093831,2.250652801
0.063551248,2.246892807
0.062495214,2.244316354
0.06598421,2.2657135
0.065106741,2.25704336
0.065766767,2.261010589
0.063682183,2.262688532
0.064001274,2.247746746
0.064701554,2.250936022
0.065370128,2.271322817
0.061203867,2.245185753
0.063120655,2.237472017
0.056599922,2.228659115
0.056682271,2.227750243
0.059867779,2.230410577
0.057142653,2.249018279
0.058713381,2.227022619
0.055560603,2.247957106
0.054581146,2.251041449
0.056712014,2.230164692
0.056241943,2.240825765
0.057760143,2.232342958
0.059563938,2.242976401
0.06443879,2.252143575
0.067591841,2.250391455
0.065100471,2.253581554
0.063569237,2.255181537
0.062986255,2.268008049
0.066280167,2.245503677
0.062466509,2.246214032
0.063811925,2.251218421
0.064276877,2.253542739
0.062643321,2.264600519
0.063989396,2.238263292
0.06419991,2.25299883
0.065057857,2.256367545
0.06517602,2.23864536
0.059642108,2.249687844
0.060978428,2.266881251
0.061752453,2.254258685
0.061435979,2.247884738
0.060325978,2.244938223
0.062658627,2.248154143
0.061954091,2.260043164
0.059284109,2.252431895
0.06070488,2.248817788
0.060501253,2.258323117
0.058005504,2.260535594
0.063199565,2.252003281
0.062669734,2.245522756
0.06438308,2.228148923
0.063208262,2.234981418
0.060242637,2.228165206
0.062891216,2.216272401
0.062121148,2.210335785
0.059092679,2.221863297
0.061092751,2.222564441
0.061495461,2.223954065
0.060246548,2.224548138
0.057217062,2.209008168
0.058643877,2.184387535
0.057036286,2.188948178
0.055764383,2.175806209
0.054637709,2.175908511
0.055363072,2.17742264
0.05498033,2.155182904
0.055969521,2.16076278
0.056371198,2.187018264
0.060681427,2.183527511
0.060261551,2.170775341
0.062756807,2.175477266
0.063080827,2.173978432
0.061956789,2.173568897
0.061742667,2.159751606
0.061996638,2.162217206
0.061388261,2.172205424
0.063351964,2.167996587
0.06316389,2.150405815
0.059524295,2.142636652
0.060586507,2.20241942
0.059044207,2.198883602
0.058002451,2.186134392
0.059680122,2.212957304
0.059083351,2.174835167
0.062286037,2.185584233
0.057839413,2.226869002
0.062838323,2.215765005
0.062219184,2.182787552
0.061096925,2.191282529
0.059989946,2.255182853
0.058726493,2.226222463
0.060736793,2.223718706
0.057516092,2.22865599
0.059757162,2.232006284
0.060866767,2.209974934
0.058491997,2.213660258
0.059360897,2.22371443
0.061422127,2.192512944
0.063451644,2.212972765
0.061295792,2.219818088
0.06301586,2.236757551
0.063170557,2.24177888
0.059306072,2.228155173
0.061953449,2.243203701
0.063231581,2.222157373
0.063560993,2.226652228
0.064249904,2.232611377
0.062507113,2.22826652
0.068065202,2.210807491
0.063412258,2.212508296
0.071080297,2.219721379
0.068318201,2.215530304
0.063877046,2.209429709
0.071499212,2.208980536
0.064096051,2.216945092
0.065252756,2.179253049
0.066936035,2.239247985
0.067147304,2.249266796
0.063962114,2.221158699
0.060671143,2.231826681
0.062518132,2.223121673
0.063867034,2.238716741
0.060004286,2.256692212
0.062079336,2.233331928
0.061220988,2.238717728
0.060424168,2.235971539
0.071220586,2.23856444
0.066035962,2.222793222
0.067126282,2.212490533
0.067983952,2.235465788
0.06716572,2.243162419
0.065239558,2.237125475
0.074618058,2.234904938
0.080321134,2.220910182
0.082146655,2.238234509
0.074610456,2.211500412
0.072302236,2.226260291
0.073146522,2.24978883
0.072360177,2.226595814
0.074996313,2.247709082
0.069870765,2.235047371
0.07183181,2.240074951
0.064891797,2.257352238
0.064577589,2.283085031
0.067751019,2.258162263
0.064155944,2.242139238
0.064645459,2.236891102
0.06444102,2.262181465
0.064262635,2.252329922
0.06250279,2.241517205
0.066432612,2.287193541
0.064477029,2.334008351
0.060463286,2.271451599
0.062522732,2.259376889
0.067600404,2.248751012
0.071659135,2.238363291
0.067381754,2.24434859
0.07312953,2.296102823
0.066407756,2.217238181
0.06396105,2.222601283
0.067032873,2.232159079
0.064519211,2.225067869
0.067660343,2.219174016
0.068725654,2.228969145
0.068772441,2.223015424
0.072325411,2.215348233
0.065906851,2.221370868
0.063967572,2.210236773
0.0665006,2.17821852
0.064501068,2.211606825
0.070271927,2.212584775
0.070241531,2.215396259
0.078392484,2.224755208
0.076127926,2.232502661
0.072415383,2.227698599
0.071626477,2.242678871
0.080465047,2.222851116
0.073632778,2.232893282
0.079435632,2.221313139
0.071002841,2.236082887
0.069289176,2.174041425
0.070117416,2.210352233
0.065551011,2.211004529
0.067998035,2.20648451
0.067487041,2.221114785
0.063201123,2.211630015
0.065356158,2.215252017
0.068428058,2.184963022
0.072506546,2.232528812
0.073960967,2.226552229
0.074182099,2.217196076
0.072397779,2.210458975
0.072767697,2.213614863
0.077776861,2.229341838
0.086058385,2.223930381
0.082084305,2.219687004
0.075778978,2.208739914
0.08167976,2.219449671
0.080009033,2.221237975
0.085198098,2.205013472
0.081537492,2.22059637
0.072247647,2.18694014
0.069497516,2.199834908
0.067169482,2.210695157
0.068553339,2.218890795
0.073887191,2.215114683
0.070095891,2.202461361
0.078898025,2.221647017
0.071671383,2.230363703
0.084995865,2.226815384
0.075387751,2.24036804
0.073797656,2.226946468
0.072136926,2.228601056
0.080650351,2.234585534
0.085964728,2.217641466
0.080259822,2.257600427
0.071072664,2.24445928
0.076338687,2.267883708
0.075338641,2.282062837
0.098119212,2.287822646
0.086796139,2.262995108
0.064234325,2.225408655
0.060977097,2.213161085
0.067853521,2.219066945
0.060202223,2.214428506
0.062096976,2.210169998
0.060032133,2.210257661
0.058411133,2.224951423
0.065974573,2.225220335
0.059091405,2.228998585
0.058645074,2.222720854
0.057984344,2.208361957
0.057536338,2.211147948
0.061633119,2.21648457
0.067095922,2.223657358
0.066595244,2.2177663
0.060068188,2.208761131
0.064228209,2.190768719
0.062245186,2.201426996
0.062895518,2.189566758
0.067459904,2.169531439
0.061840867,2.215255142
0.066770278,2.197107798
0.066347379,2.185996893
0.067546416,2.206465266
0.069609573,2.216750357
0.068962705,2.215833755
0.066159958,2.218520076
0.067792091,2.202017122
0.062867702,2.209414084
0.074850246,2.180531818
0.084387025,2.220435845
0.070651863,2.205024492
0.067143413,2.216051845
0.064919911,2.215002349
0.068725274,2.214666004
0.067223747,2.211488734
0.067285784,2.21677733
0.067394598,2.168627994
0.070004599,2.234568264
0.069542921,2.2317553
0.071285928,2.243868168
0.059941016,2.248004638
0.062030154,2.241196485
0.06420103,2.268411828
0.063965265,2.236043413
0.065025076,2.233744753
0.059839449,2.232275196
0.063834751,2.260601547
0.06346103,2.239452753
0.060261099,2.238326449
0.062466688,2.237574977
0.063544186,2.214358277
0.063604459,2.219550328
0.063575168,2.227070645
0.064154932,2.212269647
0.061362552,2.2160627
0.064769296,2.208092388
0.064177588,2.191516408
0.064531732,2.198181142
0.065998118,2.198048577
0.064653544,2.201050355
0.066430977,2.198170122
0.071095947,2.208329392
0.067505277,2.205052781
0.06957875,2.200978152
0.069225089,2.196533462
0.067090078,2.209555201
0.068311426,2.21239958
0.066907324,2.21481041
0.068153765,2.21009138
0.071123424,2.176350776
0.071009281,2.220165947
0.074678645,2.213236907
0.072957133,2.175885485
0.071287655,2.214417651
0.068957837,2.216408091
0.068790343,2.226335948
0.073613073,2.217507915
0.069468404,2.225357176
0.071370173,2.241678881
0.065584635,2.221704418
0.071165452,2.219359047
0.06737389,2.209369184
0.068707953,2.201562192
0.069663715,2.219805095
0.07003721,2.218288663
0.066985268,2.218085705
0.063566944,2.218405768
0.067386811,2.196870136
0.068865584,2.184027177
0.063871454,2.183984414
0.078712203,2.233902975
0.087928364,2.221096858
0.086292166,2.233447059
0.090697168,2.221938461
0.088492935,2.216439834
0.085381233,2.212463888
0.085264237,2.176209824
0.074661294,2.215876353
0.080087656,2.213597265
0.083239088,2.213810749
0.083683132,2.200202338
0.087007249,2.215727999
0.085899515,2.211619325
0.084774542,2.22138748
0.079904146,2.223132857
0.086195313,2.214862054
0.079684504,2.22319108
0.072172982,2.212557802
0.089963109,2.216366479
0.068112364,2.210622789
0.069150619,2.211534786
0.069064466,2.219611512
0.072405761,2.227957971
0.075862982,2.230804652
0.081545232,2.219126977
0.073478005,2.213750882
0.07249435,2.228936744
0.071326182,2.217247391
0.077068392,2.221652773
0.073627001,2.228544972
0.073235234,2.222856215
0.075837063,2.224129228
0.071335578,2.216748383
0.070946514,2.232456938
0.074826074,2.222422173
0.072522922,2.218631259
0.078659808,2.210269997
0.072500779,2.224391067
0.072711262,2.211028377
0.069370132,2.213993971
0.066992392,2.226986271
0.070616095,2.241552073
0.073636371,2.227977708
0.073667318,2.229642822
0.072615622,2.232037205
0.071348669,2.215516324
0.073029624,2.230721429
0.068294861,2.232942623
0.066307053,2.248933905
0.066914561,2.231029485
0.064361118,2.264535388
0.073066342,2.259431658
0.075581643,2.273274113
0.067672134,2.27013829
0.066771275,2.260247274
0.070230377,2.267840781
0.074469103,2.25545012
0.068034296,2.244218
0.066413255,2.260624244
0.070478925,2.256489747
0.067928865,2.265582745
0.068417665,2.260593488
0.072414087,2.269222346
0.079172431,2.266519578
0.078710799,2.259271791
0.076952049,2.258862585
0.077253948,2.290306502
0.074163185,2.28412729
0.075210692,2.285407375
0.074017936,2.268844882
0.070895877,2.293726368
0.073059352,2.278383599
0.074144471,2.293014368
0.069795087,2.304006689
0.0732542,2.308282796
0.071992731,2.300591428
0.072422208,2.282571056
0.071109562,2.319609981
0.066645474,2.297497217
0.067222576,2.297994744
0.065646245,2.280062858
0.067845683,2.278963034
0.067368046,2.256173303
0.072954969,2.297452645
0.071068347,2.343051678
0.07048866,2.343398221
0.079333701,2.328947384
0.078987354,2.321210622
0.081190322,2.334271013
0.076689865,2.353557655
0.088759277,2.340818642
0.083201455,2.349621018
0.082415546,2.337779694
0.087273046,2.35514152
0.081165035,2.353458807
0.081800657,2.256593365
0.074339329,2.360236533
0.078266581,2.345562343
0.076703239,2.345865794
0.081149369,2.328178148
0.083202951,2.26243985
0.083970891,2.238968219
0.077356301,2.236924983
0.079966065,2.275959776
0.079828911,2.247084911
0.081843564,2.24177592
0.081851937,2.278546098
0.08567444,2.281277155
0.085381906,2.267363319
0.092260998,2.265279788
0.095901205,2.277816335
0.086595411,2.253928425
0.0840422,2.264994758
0.082332673,2.27674957
0.084598125,2.260587073
0.083924731,2.240998625
0.084992894,2.255726597
0.079585482,2.248543942
0.082961896,2.250629775
0.102223045,2.267168748
0.082513561,2.273245495
0.078355442,2.247669609
0.076982425,2.250325009
0.081585872,2.262850537
0.08166742,2.264527164
0.081431521,2.273117371
0.057989807,2.273767693
0.061977652,2.285203265
0.093278545,2.273484472
0.068308486,2.275541359
0.054582503,2.275643003
0.054544947,2.281943266
0.058008706,2.290742353
0.059010012,2.276046946
0.059226657,2.278388862
0.058876044,2.279405793
0.059006208,2.31251466
0.061126818,2.3157166
0.058700445,2.301086982
0.059536934,2.258052889
0.05924663,2.279004481
0.063944305,2.264004308
0.063600435,2.272320504
0.068585298,2.265553798
0.063766495,2.264254469
0.059709845,2.268344723
0.057973509,2.268635181
0.057516509,2.261185751
0.059628005,2.282954604
0.057056691,2.271201272
0.061023349,2.269131557
0.062139605,2.248136051
0.066215493,2.256945006
0.058554455,2.260166847
0.060148518,2.251159704
0.056752798,2.266133562
0.066186577,2.239523805
0.06689063,2.239073152
0.063333399,2.235433551
0.061023067,2.235746377
0.061062663,2.227625902
0.062995106,2.225737435
0.064003499,2.206062475
0.062033834,2.240208831
0.062027903,2.229938378
0.062385141,2.22371591
0.063821347,2.212353528
0.062297647,2.212450402
0.059515475,2.216261217
0.062939761,2.215755631
0.063265961,2.212390863
0.065010798,2.188053451
0.061935172,2.219656083
0.062919115,2.217918437
0.064067684,2.229752525
0.069849609,2.230837546
0.068110272,2.221352447
0.069258569,2.232836045
0.067572479,2.219718747
0.067119991,2.243620637
0.072876547,2.223666733
0.06831265,2.252510019
0.073834817,2.246784585
0.076440181,2.238553256
0.074139172,2.238317568
0.072059167,2.229468975
0.07069003,2.244678357
0.073429589,2.243922444
0.068918318,2.250579282
0.065440568,2.241621316
0.066674879,2.24186786
0.077020516,2.256705206
0.075718761,2.269018236
0.05609729,2.243147781
0.057377216,2.229730979
0.055738757,2.238513947
0.057731926,2.256524944
0.057359649,2.241537435
0.059020821,2.251371051
0.065669945,2.237510339
0.065864839,2.251383715
0.060922194,2.240150608
0.067903495,2.2331992
0.069388152,2.257348785
0.065504928,2.272443858
0.064791217,2.2754009
0.058137066,2.269585335
0.061065069,2.295984239
0.058199278,2.265588008
0.060262728,2.275634286
0.059286248,2.283999001
0.059820005,2.298723684
0.058942933,2.272812933
0.059680924,2.275823099
0.061981512,2.282068265
0.063403768,2.279540002
0.064811607,2.270025298
0.059921387,2.27149025
0.057375952,2.263163691
0.059254777,2.302803905
0.058817395,2.285736648
0.061530956,2.268538307
0.062873392,2.254540261
0.064516148,2.233933567
0.065538167,2.23720804
0.071087801,2.240418862
0.065860264,2.249395742
0.060441694,2.254465262
0.07283179,2.257785458
0.078149986,2.252705412
0.06741839,2.255983667
0.094684112,2.269963621
0.067466781,2.247537702
0.068048754,2.220202295
0.069410068,2.247153496
0.075041239,2.253837966
0.086538175,2.232696244
0.081192599,2.2360944
0.090121002,2.251545062
0.075408094,2.256673627
0.067497439,2.27236228
0.055678539,2.23889289
0.052037063,2.236224333
0.063594288,2.238541907
0.060842168,2.240767707
0.066997886,2.245752688
0.059849919,2.253585172
0.061394999,2.260458785
0.062761237,2.29712074
0.056629604,2.271897482
0.05576039,2.272269847
0.058801173,2.241963747
0.068745118,2.25929235
0.07524871,2.246891327
0.062113444,2.260090203
0.067339089,2.274490219
0.070010155,2.245231805
0.055205903,2.215648066
0.058829339,2.244844145
0.078108534,2.23196862
0.05537442,2.244440366
0.059091384,2.242804199
0.052447333,2.263445596
0.051187611,2.231800365
0.050142053,2.220958208
0.057711562,2.232710718
0.055380192,2.252151963
0.057047039,2.24341883
0.059407057,2.247157278
0.052796738,2.238281384
0.055657569,2.221858034
0.057206715,2.239887453
0.063332027,2.236961496
0.058396737,2.230371762
0.060962762,2.23935884
0.059409196,2.236434363
0.058958039,2.23612236
0.061337316,2.259276561
0.057554435,2.265142783
0.06449083,2.263025535
0.054730312,2.261043648
0.054533804,2.268482551
0.056773239,2.267253123
0.054790889,2.252617913
0.056818027,2.263906776
0.054751735,2.260346615
0.054924682,2.264050031
0.054709028,2.279318293
0.056589637,2.249678963
0.054297838,2.277044797
0.054257979,2.277427195
0.054146688,2.268726792
0.053655601,2.25723645
0.057098457,2.272166887
0.055656695,2.246558436
0.057121339,2.242200257
0.056367034,2.235595063
0.053984725,2.225822138
0.053689749,2.168593126
0.056698836,2.223391242
0.057979107,2.201005455
0.058433681,2.215852011
0.058094227,2.204411011
0.059080843,2.20747348
0.056940512,2.213505489
0.057243192,2.211572286
0.060165433,2.215512376
0.060740478,2.215089026
0.056207471,2.220307886
0.056738222,2.209174942
0.055468031,2.179792681
0.056573755,2.216691805
0.061300007,2.220880742
0.060200218,2.214503012
0.064373099,2.208512614
0.065911277,2.185167297
0.07156203,2.211686429
0.0660885,2.171307736
0.06283932,2.199396754
0.062181211,2.239741566
0.05963665,2.222336154
0.067107805,2.243094656
0.067892059,2.215244287
0.071355551,2.199828164
0.066473925,2.21083578
0.064026299,2.212751714
0.060847662,2.209930526
0.062625836,2.17584338
0.062904796,2.226511769
0.061079121,2.200922561
0.064422296,2.19850729
0.05935914,2.177275438
0.059554969,2.203238655
0.059152902,2.181446611
0.061899676,2.1840604
0.055814044,2.181476216
0.055984735,2.18237851
0.064432864,2.163852386
0.067402184,2.161061626
0.046732256,2.198440843
0.048880332,2.194422793
0.048467939,2.172556079
0.044235062,2.168631942
0.05214876,2.206830888
0.052396779,2.176637286
0.052069721,2.209563096
0.054483769,2.215895596
0.052480058,2.208543534
0.051139313,2.210733972
0.05529403,2.215122907
0.053796111,2.207716405
0.05432401,2.189887971
0.054115362,2.183778166
0.05466146,2.188276639
0.055565871,2.306752384
0.063274955,2.337941698
0.059280234,2.317885492
0.05525414,2.33617823
0.0554237,2.21602043
0.058940394,2.211892184
0.059498262,2.210663085
0.062483017,2.204718903
0.059515254,2.215661388
0.05955078,2.210878872
0.058429847,2.193910956
0.056653164,2.193817865
0.06435752,2.177770169
0.052733108,2.20754486
0.050426964,2.193866384
0.063443811,2.157688634
0.058572311,2.192940242
0.061781735,2.189311497
0.05835144,2.171362835
0.055945534,2.194878216
0.060775624,2.218709712
0.056460922,2.177313431
0.057555242,2.196738229
0.065595917,2.147606995
0.061276215,2.198683933
0.059948031,2.193017215
0.056380675,2.17301364
0.065267718,2.164327381
0.060317703,2.198520776
0.057828018,2.213957952
0.058223692,2.206064777
0.060937485,2.218448037
0.062740375,2.215977174
0.060034883,2.216253816
0.064220371,2.21357539
0.058182754,2.20254409
0.056777109,2.174000801
0.055825695,2.175487792
0.052507802,2.195120483
0.051875315,2.206323327
0.053585474,2.229977851
0.050155077,2.227840867
0.050972122,2.214810246
0.056500092,2.222982694
0.056396218,2.214573735
0.058069546,2.212360271
0.05334828,2.222037802
0.053772977,2.222121847
0.052097799,2.253547673
0.053515532,2.24592341
0.053751848,2.244535431
0.055711372,2.260398424
0.05130268,2.189561001
0.054438544,2.236085354
0.052037633,2.196288727
0.050502642,2.198257128
0.056601936,2.216485393
0.052282769,2.218217283
0.049481749,2.178256349
0.057024635,2.222965095
0.053795613,2.200822233
0.059094586,2.211635936
0.063929543,2.188260192
0.05185545,2.198034926
0.055902684,2.198383442
0.056767123,2.200071254
0.067682521,2.197872921
0.044711065,2.220770875
0.045389378,2.225763586
0.043501934,2.226005689
0.045135582,2.242406341
0.04557242,2.210768347
0.042677086,2.209286783
0.043304505,2.221009688
0.045933045,2.220062494
0.044172969,2.21365631
0.043811346,2.216297895
0.04402018,2.198316502
0.045887451,2.187003297
0.046033121,2.182540515
0.046656054,2.221218238
0.047552863,2.195165055
0.045875336,2.210912589
0.047819076,2.171087837
0.048142829,2.15988894
0.044652718,2.206224644
0.049194854,2.21102262
0.045154044,2.208852248
0.048488487,2.229343976
0.043949791,2.223177429
0.044956632,2.223554892
0.043280498,2.209110469
0.045918916,2.183938526
0.043994753,2.209223461
0.045733361,2.213483615
0.04719728,2.19731125
0.04707004,2.223197659
0.046794503,2.217466304
0.046135778,2.202864152
0.045957536,2.215020112
0.047080099,2.218669087
0.045446763,2.220060356
0.048670018,2.229417002
0.048046243,2.212992995
0.047992728,2.220645053
0.049960599,2.234215801
0.047678376,2.218809711
0.046494727,2.225776086
0.050259923,2.209644345
0.046626007,2.241527238
0.047858215,2.224260148
0.046765171,2.209051259
0.047036868,2.204573839
0.047401909,2.211164231
0.053918592,2.20999023
0.046026445,2.210961272
0.045309768,2.211841526
0.044614324,2.227757644
0.046098586,2.2455744
0.046912897,2.242234139
0.044929381,2.235082897
0.045251756,2.242058483
0.045033003,2.250817602
0.047840704,2.23639193
0.046618523,2.208749618
0.046812359,2.226005031
0.045964495,2.24033202
0.047603397,2.224710965
0.046881879,2.23450264
0.046369091,2.212094978
0.048979729,2.217562849
0.048165346,2.243514389
0.051071561,2.265616133
0.046921193,2.254744371
0.047452905,2.185444596
0.049048396,2.198215681
0.047063184,2.209388262
0.048916382,2.200998218
0.046592943,2.205427119
0.047482207,2.214242324
0.048713434,2.18434395
0.044441444,2.156258221
0.043582042,2.191660979
0.044296194,2.16882421
0.04462043,2.198179004
0.044022169,2.212557802
0.045524913,2.258861269
0.043566232,2.240168535
0.042743692,2.226887587
0.042154893,2.255394035
0.042353441,2.235109377
0.044881401,2.234592113
0.045450269,2.229333121
0.046735797,2.233330284
0.044763691,2.229375062
0.044585167,2.219244904
0.047408667,2.2311558
0.046846245,2.186339653
0.046462075,2.212100076
0.045165208,2.236298181
0.04645971,2.208750276
0.047273266,2.233816627
0.047417801,2.223722653
0.048363879,2.229054177
0.048961344,2.224648959
0.048787071,2.215794117
0.051003516,2.21954819
0.051409258,2.208144525
0.048966767,2.216893448
0.049190094,2.222844044
0.049213351,2.212866187
0.048891351,2.197226875
0.047295665,2.208888103
0.045237216,2.213105658
0.043907383,2.221073339
0.045217901,2.212443
0.04578244,2.207609991
0.048473068,2.223735975
0.044289425,2.184587697
0.044776016,2.228139384
0.041246845,2.212666518
0.044984607,2.225921643
0.043251772,2.227548436
0.043201649,2.223004075
0.043171874,2.229699729
0.044513118,2.209964901
0.044265438,2.214757779
0.046503203,2.215425371
0.043868727,2.221565603
0.044195481,2.233288343
0.0427757,2.226145654
0.04450991,2.233833897
0.044181933,2.25670389
0.046472123,2.247021918
0.046402114,2.242533642
0.045488308,2.229738545
0.047945504,2.238352765
0.048234908,2.235240461
0.04059182,2.227615211
0.041930167,2.214130318
0.042805287,2.222749144
0.043971229,2.223596339
0.041254948,2.232294768
0.042768191,2.225533819
0.044396486,2.23328933
0.043109606,2.214517321
0.04270306,2.208346332
0.045954242,2.200541973
0.045104101,2.215923063
0.041754041,2.216544767
0.043209965,2.246047257
0.044721277,2.218033403
0.042895248,2.214988369
0.044634128,2.212339877
0.0435119,2.225109152
0.043935153,2.212017018
0.044131594,2.203335365
0.043428672,2.213187894
0.045319308,2.242895152
0.043641349,2.251393254
0.044010465,2.168046093
0.047646936,2.219226812
0.047536575,2.176067062
0.043954966,2.186359389
0.04922671,2.171592602
0.042818809,2.195679194
0.045249952,2.194522463
0.046147054,2.203152143
0.046408714,2.200708747
0.046520046,2.211277881
0.046418335,2.178369834
0.046368654,2.211973926
0.043955002,2.165912562
0.04758678,2.185391472
0.043171175,2.197155824
0.044663666,2.200529473
0.042824659,2.220791598
0.045479503,2.200964995
0.042784001,2.173945538
0.042822418,2.198325055
0.045069824,2.213023751
0.049236892,2.185490813
0.046766399,2.211390873
0.04473021,2.210157662
0.043806962,2.214269297
0.044308381,2.189617579
0.046638337,2.183814515
0.042295575,2.202390144
0.045714251,2.166352525
0.044910703,2.223662127
0.041484294,2.226932817
0.039375406,2.231551355
0.039243381,2.215665664
0.039760458,2.213674073
0.039438746,2.223347164
0.040789529,2.174797009
0.04155594,2.215701355
0.037993896,2.218946222
0.041087495,2.209138429
0.040288444,2.202127976
0.039600722,2.17851753
0.040328616,2.198431304
0.041778689,2.198536895
0.041391126,2.214083773
0.039758932,2.217838668
0.039577596,2.216295428
0.038170795,2.21812452
0.036976752,2.218080935
0.036669493,2.209836942
0.036925442,2.183817968
0.053707286,2.191567066
0.044111379,2.162895982
0.040503232,2.218967933
0.043809239,2.242828869
0.041944605,2.200214344
0.04172009,2.176812942
0.042912494,2.211404853
0.04245802,2.198753833
0.041516081,2.178835619
0.043399452,2.186864647
0.043451389,2.208052257
0.041702859,2.204435024
0.040661945,2.174873653
0.039797845,2.276619966
0.042188221,2.197450557
0.037875047,2.264398876
0.038077537,2.319916228
0.040826761,2.372965842
0.039024012,2.165092998
0.03870408,2.184843287
0.038187697,2.199607607
0.039314148,2.204181409
0.036643825,2.153908739
0.036931234,2.191184339
0.03903875,2.184573717
0.040102801,2.20616971
0.037085221,2.238465099
0.037495998,2.184486547
0.038897088,2.157408539
0.04250382,2.200575854
0.036663086,2.171329282
0.036297498,2.214867646
0.037451534,2.211453044
0.039125771,2.223805054
0.04036222,2.226634958
0.039303437,2.229773413
0.037426323,2.170821722
0.039958899,2.207690418
0.041465241,2.189828432
0.046627795,2.192624456
0.036398551,2.179571795
0.041575933,2.150935579
0.038981727,2.181366514
0.039176385,2.174856548
0.041481174,2.162753549
0.045997904,2.170512021
0.050735128,2.196435601
0.049219093,2.232057764
0.04978576,2.204648344
0.050427962,2.20811344
0.04907465,2.230183935
0.049146761,2.181450065
0.048231253,2.212825069
0.050483193,2.173473668
0.046863165,2.203116946
0.048750481,2.172164142
0.048409479,2.218510865
0.048851744,2.223751765
0.047384557,2.23725623
0.046999153,2.181407467
0.050337296,2.23496201
0.049831853,2.240768858
0.047345551,2.249812679
0.046117578,2.241071651
0.045774458,2.233937185
0.055880994,2.247845594
0.051008265,2.210701078
0.052180842,2.177839905
0.051782435,2.176909323
0.048083542,2.182856465
0.053802438,2.185900019
0.053464412,2.202105279
0.051650374,2.216865323
0.051195758,2.161772638
0.049765314,2.219122043
0.047710078,2.170169261
0.044921373,2.207133845
0.04628299,2.193160635
0.048044501,2.178967196
0.046840663,2.184128163
0.045335688,2.180080672
0.045700616,2.196895958
0.042522937,2.189278603
0.043228478,2.182060585
0.043771724,2.180700238
0.04387841,2.192658666
0.045434546,2.197558615
0.04745014,2.193906186
0.046894533,2.215267313
0.045206506,2.219544407
0.044485969,2.192383176
0.044367036,2.182148249
0.044337539,2.185082758
0.043945175,2.167570604
0.045543797,2.16200405
0.044311403,2.195718009
0.047715495,2.187981906
0.04436481,2.153779958
0.044766481,2.184802662
0.044143374,2.179920969
0.042715071,2.180168829
0.042503553,2.210841701
0.04252368,2.181105661
0.044324247,2.192054725
0.044625714,2.183153173
0.04373609,2.184971739
0.043943983,2.17193273
0.04775779,2.187006422
0.046145214,2.194087105
0.049632185,2.194895814
0.049952787,2.208970833
0.055952714,2.200730457
0.054420488,2.207990086
0.054125364,2.19553561
0.05178173,2.149406812
0.074689424,2.205192089
0.073278881,2.173057883
0.070976171,2.177482837
0.049202419,2.207567558
0.052160869,2.183296099
0.044838227,2.212311916
0.043516736,2.183119292
0.043885693,2.217976002
0.04294395,2.179671959
0.043487527,2.196135275
0.043266605,2.188602787
0.043853395,2.163879524
0.042942325,2.166192822
0.045912867,2.171282079
0.04674769,2.156134045
0.04694187,2.161608166
0.050110649,2.175408681
0.046338196,2.169657754
0.041264691,2.223289269
0.042347595,2.216290658
0.04643434,2.228633622
0.044675534,2.218881585
0.054144185,2.218557411
0.046473665,2.222953747
0.044084617,2.178170165
0.041658794,2.225980031
0.039771778,2.221178107
0.043693055,2.217960048
0.043828205,2.234608724
0.048119957,2.22408334
0.045343706,2.226321475
0.040913643,2.224989252
0.043957398,2.220420714
0.048230344,2.186716129
0.049107236,2.191634335
0.049413365,2.191315259
0.048424467,2.156027303
0.04947462,2.197928513
0.052063538,2.192801428
0.050412856,2.186217944
0.045966346,2.190158199
0.048699474,2.183520439
0.049947128,2.174607044
0.053251282,2.173748994
0.04825009,2.184091485
0.047023767,2.189890109
0.043559036,2.190426617
0.045821379,2.157118903
0.045364527,2.193988258
0.04530965,2.20242419
0.042806713,2.211480839
0.045042137,2.192890901
0.043613163,2.188864462
0.044091442,2.179919983
0.044759784,2.169229633
0.042764531,2.200295758
0.04228764,2.178698614
0.043632103,2.194371313
0.043097065,2.201019599
0.045440498,2.185452655
0.04177515,2.198631466
0.042635937,2.191226444
0.043376549,2.209190403
0.047239909,2.189045381
0.043605577,2.182186406
0.044048942,2.194857328
0.043905039,2.200314179
0.054570435,2.203201813
0.057120923,2.186438007
0.059482725,2.209286783
0.053383682,2.192914256
0.053153447,2.185993439
0.061316644,2.177139748
0.056989679,2.156601475
0.055687267,2.210259635
0.059819692,2.189521857
0.05728506,2.185662851
0.057627589,2.194349932
0.078275324,2.17505079
0.065678713,2.162695984
0.072467104,2.194485785
0.060307639,2.177132347
0.071010766,2.177126426
0.052402407,2.177121821
0.049730292,2.183088535
0.046641498,2.19171986
0.050793028,2.184692466
0.050257754,2.18577058
0.051678026,2.225009646
0.045904417,2.217798373
0.04558292,2.217518606
0.043909372,2.19759003
0.075584567,2.205263799
0.07646512,2.19914873
0.071030421,2.209914737
0.067839382,2.207640912
0.067681478,2.207863278
0.068048934,2.219063162
0.067656956,2.207227923
0.067586706,2.207784661
0.063921032,2.194676408
0.067498107,2.204180093
0.072786637,2.181352862
0.072582512,2.224851424
0.065553113,2.213789368
0.0641076,2.208666888
0.061386884,2.217389166
0.059286011,2.227569653
0.05940568,2.223594694
0.056068158,2.217722222
0.056400294,2.219044248
0.056838776,2.206960985
0.05700956,2.189214787
0.053966921,2.15749834
0.055628823,2.185901664
0.054494228,2.174942896
0.052674577,2.182095289
0.052196529,2.170723861
0.060539956,2.183410571
0.055953989,2.179373442
0.05435933,2.160858996
0.056270926,2.1638264
0.054322504,2.147890052
0.053671395,2.165663716
0.051553988,2.209875922
0.057776271,2.157566103
0.057752238,2.214843962
0.059164379,2.198383771
0.060072999,2.178970321
0.059049243,2.209931678
0.062106546,2.153652327
0.061566076,2.149825393
0.056227331,2.178761113
0.053381457,2.151784584
0.051187067,2.154197388
0.0565059,2.165407633
0.051993576,2.141627452
0.053787872,2.17702396
0.053411941,2.149314379
0.055531728,2.170704453
0.054214687,2.165660591
0.056303194,2.150295125
0.05361585,2.172916437
0.053914572,2.162148785
0.054271435,2.147322459
0.052918597,2.163013415
0.053662339,2.156190788
0.052812399,2.151538863
0.04950495,2.153085228
0.052699294,2.149929998
0.047128643,2.152784409
0.046484838,2.12303702
0.047973058,2.133838553
0.047947632,2.153191806
0.048956785,2.15105844
0.047631743,2.182512883
0.048478866,2.187487009
0.044893197,2.158027282
0.045077318,2.17645242
0.045212298,2.187213164
0.044057114,2.210850254
0.043876184,2.155256258
0.042797497,2.147805513
0.044113667,2.117957796
0.042057667,2.149067507
0.043377603,2.183792804
0.044663501,2.143114608
0.044169767,2.124053292
0.042587878,2.136310238
0.042522678,2.158401291
0.04155514,2.15276533
0.042957845,2.16856237
0.044344287,2.160749951
0.041175441,2.158298332
0.041332954,2.163479035
0.041460584,2.142396688
0.041653423,2.169505452
0.042607507,2.145322973
0.042295971,2.156423516
0.040799857,2.173140448
0.041830035,2.170986029
0.043095798,2.15982529
0.045165912,2.178710785
0.069106458,2.140100001
0.054139015,2.151999055
0.051214585,2.148909449
0.061066102,2.134138221
0.061058454,2.145021331
0.054630868,2.169490321
0.052120723,2.160344528
0.057271029,2.165341515
0.057879544,2.158635335
0.056086332,2.125718407
0.053973695,2.167319784
0.054528824,2.171251323
0.057798999,2.174476618
0.057036862,2.146858977
0.058505869,2.167510572
0.057552554,2.145174126
0.055520384,2.154686198
0.057114549,2.159573648
0.064728867,2.157571366
0.067577444,2.143685161
0.069288046,2.154069428
0.067626981,2.118908445
0.063762126,2.146728222
0.060221466,2.140649502
0.05347555,2.160518539
0.054892713,2.172533382
0.058568672,2.173945209
0.07203684,2.158059683
0.058614123,2.15804044
0.068173265,2.193474941
0.070937725,2.1762965
0.052144335,2.199396425
0.050660741,2.191928411
0.052732096,2.178632825
0.04994389,2.182688375
0.049143101,2.200433257
0.047906997,2.179945805
0.053506599,2.204113153
0.048542923,2.193980363
0.048873583,2.230068969
0.049108922,2.227591527
0.046754475,2.209164416
0.047652127,2.186842608
0.055701678,2.200787036
0.055993328,2.224059656
0.060059065,2.222187307
0.061611347,2.224323798
0.053373382,2.225699442
0.059141142,2.223163119
0.055672562,2.188397855
0.054307038,2.222410167
0.054391973,2.219906739
0.056738212,2.226283646
0.052933728,2.228991842
0.055330162,2.226689563
0.064058746,2.212115372
0.060307742,2.201343773
0.052894815,2.208173637
0.057760827,2.215365339
0.05796139,2.197677858
0.055551325,2.205062156
0.051220418,2.188626636
0.049175543,2.188749167
0.063017341,2.150110752
0.06119034,2.188751799
0.061016853,2.198733932
0.065328511,2.194519338
0.051164092,2.206988287
0.053705739,2.194726079
0.052540455,2.182382622
0.053945956,2.190380071
0.049407413,2.204223349
0.048038564,2.176504229
0.049360138,2.218079455
0.049985229,2.246979813
0.052191019,2.220893735
0.049034946,2.25714155
0.050464994,2.250744741
0.065799934,2.252650643
0.057561944,2.241440397
0.055726313,2.228267507
0.056915816,2.221982375
0.056770875,2.20829255
0.056269986,2.224662446
0.049785555,2.225318031
0.048875248,2.234551324
0.050763562,2.244306486
0.048414223,2.260873584
0.050601104,2.247160732
0.048438272,2.24697307
0.048220234,2.250050669
0.047579708,2.236308049
0.05036961,2.265745243
0.052474034,2.211643173
0.049345895,2.232860387
0.051876842,2.223045851
0.053609019,2.213108947
0.056530129,2.219577959
0.054113208,2.212685268
0.065312126,2.233162687
0.067976793,2.246413865
0.06395259,2.246551528
0.067003504,2.219356416
0.069449079,2.261958112
0.058607857,2.228761088
0.05797113,2.23062143
0.0615026,2.212308956
0.068361847,2.222517402
0.06437112,2.210947128
0.064639939,2.233670576
0.057979451,2.223053581
0.062166548,2.207687293
0.06406751,2.215394615
0.067568157,2.220494891
0.06302852,2.194407168
0.070366026,2.188019405
0.068711345,2.21092147
0.069307304,2.222523488
0.083184165,2.219829108
0.088535718,2.221678924
0.080118947,2.213609107
0.090980286,2.21457209
0.067398293,2.230623897
0.071550882,2.210269997
0.065187024,2.202277152
0.059818535,2.195106174
0.068852781,2.196889214
0.066277859,2.181331646
0.060697453,2.204670384
0.058669586,2.202187021
0.07707199,2.167348567
0.073842665,2.175488779
0.067496555,2.196691026
0.073420409,2.212339383
0.064802278,2.172574993
0.076001936,2.180847605
0.074527141,2.189632217
0.067313246,2.196693328
0.062285846,2.198388212
0.063445929,2.217614328
0.073502476,2.212633952
0.078455087,2.203258392
0.077914529,2.238352271
0.065647998,2.210571309
0.073182336,2.215875202
0.073055554,2.184022572
0.062607548,2.210900089
0.067309448,2.216677989
0.082644214,2.23098919
0.059524069,2.244237736
0.05761937,2.226700747
0.069706411,2.245576045
0.063971761,2.251612166
0.074128882,2.248731604
0.087624081,2.23731215
0.077800683,2.256158994
0.075683636,2.250363495
0.053644175,2.249124363
0.053513415,2.258781335
0.06202927,2.260051553
0.054589956,2.270515589
0.055915461,2.272365734
0.053654876,2.218574516
0.0581795,2.220627948
0.061460315,2.210125097
0.060142324,2.223018055
0.057857639,2.230003674
0.056180893,2.229582296
0.060778219,2.227144657
0.06032955,2.221589452
0.061132862,2.224140083
0.067588361,2.233614162
0.094431339,2.240153075
0.060830125,2.243143175
0.067258621,2.270109178
0.067636259,2.223360321
0.057744821,2.245275719
0.060787322,2.229044802
0.058577846,2.225042212
0.073091506,2.216172731
0.060292734,2.223553411
0.052564864,2.224550605
0.057093296,2.224408008
0.051687668,2.212413889
0.053199474,2.212347936
0.054295037,2.188880745
0.05641267,2.222386812
0.057968344,2.197028029
0.051685011,2.196237905
0.05085527,2.21009286
0.053077621,2.219844568
0.055404077,2.23486711
0.047922956,2.248210228
0.047943176,2.23061222
0.047333221,2.240266889
0.049572774,2.247330961
0.050614627,2.233158411
0.052697937,2.23647285
0.053077523,2.240812607
0.053603782,2.238127602
0.055997805,2.238559999
0.057922934,2.234820071
0.061045229,2.228820956
0.06283931,2.242380848
0.059590346,2.235712167
0.053450849,2.217131439
0.054545908,2.22273319
0.052768747,2.246330478
0.054349816,2.243715373
0.051176792,2.258442194
0.055469182,2.242669825
0.0537216,2.250035703
0.054141898,2.240513104
0.054578931,2.239494529
0.053222068,2.218802967
0.054222181,2.214517814
0.052560552,2.183585405
0.05257962,2.228705825
0.053842282,2.227332155
0.052951162,2.21788324
0.053428599,2.216661871
0.053643743,2.210687098
0.051856961,2.188151641
0.055099171,2.219973021
0.050243111,2.226665221
0.050327454,2.22401163
0.049348594,2.218163829
0.050354479,2.230256631
0.048149516,2.235133719
0.047890709,2.255489593
0.049288099,2.235420229
0.046991988,2.218329124
0.04716365,2.229037401
0.048427294,2.245792819
0.042987663,2.232994925
0.043530197,2.234273859
0.043797053,2.233739326
0.044122635,2.24424596
0.042175518,2.24140043
0.043774813,2.237798823
0.045234235,2.248128485
0.044622306,2.2557664
0.044450803,2.231943127
0.042320269,2.232198059
0.041887726,2.236822188
0.040366206,2.233578801
0.039814685,2.234402641
0.038893974,2.220509529
0.04023038,2.236474823
0.040807751,2.236993075
0.043410364,2.231720761
0.04406802,2.217646729
0.046496958,2.228415039
0.046535804,2.207785812
0.045375388,2.213395293
0.04397109,2.213242334
0.044411104,2.212668163
0.04263438,2.214266666
0.044390637,2.217973371
0.042309047,2.218668265
0.043913206,2.211409623
0.045909361,2.21745808
0.049519069,2.222685493
0.047654851,2.206486648
0.048919877,2.195178377
0.047740279,2.172721538
0.046733073,2.186178635
0.049236516,2.228222442
0.053183911,2.216246744
0.059743115,2.206002113
0.059282938,2.214413046
0.061269718,2.236416436
0.060534451,2.237983689
0.061474455,2.250033235
0.066500508,2.249783074
0.063063711,2.239286472
0.061693732,2.241603224
0.062293613,2.24463691
0.062165628,2.23081304
0.068826296,2.235687661
0.071127845,2.262980963
0.05234938,2.259311758
0.049166261,2.25716474
0.074131067,2.254710818
0.04756472,2.262982937
0.050632801,2.250910365
0.040572752,2.248067795
0.038925036,2.270381215
0.040740948,2.292093161
0.04861657,2.290147951
0.050718666,2.279136059
0.04725946,2.290428047
0.078404542,2.282400005
0.048852546,2.30798395
0.047031857,2.302390751
0.045090584,2.323565367
0.047527683,2.327364177
0.047037572,2.315032068
0.059572604,2.32579791
0.063023421,2.309601203
0.041741621,2.334475945
0.042538382,2.317242078
0.037088028,2.326515008
0.036812755,2.308589536
0.039627359,2.302792557
0.040468932,2.306904685
0.043471439,2.320452571
0.040609038,2.325733766
0.04524748,2.340855977
0.040682565,2.215600205
0.042173303,2.259712411
0.041437432,2.252295712
0.043461571,2.25805256
0.04208068,2.279555462
0.044090414,2.28204014
0.045345515,2.244733948
0.043098836,2.242590714
0.043193184,2.2509926
0.046814394,2.26267521
0.043998809,2.290094004
0.04116417,2.289326907
0.039922715,2.301583359
0.039107379,2.288152906
0.03723514,2.307052216
0.040362349,2.2689485
0.042267512,2.283230588
0.038613397,2.311056122
0.04050429,2.297170575
0.040381777,2.258637422
0.043039212,2.249477156
0.046057304,2.284182717
0.051067403,2.271305877
0.046734646,2.270436313
0.045692705,2.26501433
0.050423259,2.25781276
0.049546217,2.226770812
0.055530612,2.244259447
0.04372743,2.228372605
0.043621063,2.227873432
0.046787282,2.234665796
0.042511661,2.246197913
0.051295222,2.235618418
0.064050471,2.235747693
0.067893498,2.252753109
0.041329698,2.229369963
0.03843273,2.228907468
0.050342318,2.227777381
0.059905068,2.219932067
0.065034173,2.233462355
0.048526578,2.22805024
0.040264148,2.245718642
0.038775286,2.236955904
0.040793383,2.246621758
0.04761694,2.234452969
0.043095845,2.249072226
0.061418442,2.258066376
0.042517959,2.250485369
0.053694545,2.269975134
0.043525026,2.278590834
0.044366594,2.276038229
0.048877027,2.274095979
0.042527224,2.243428534
0.045884865,2.244868322
0.049041134,2.246363701
0.049507242,2.261335256
0.044278832,2.275513892
0.04587769,2.248231938
0.040465827,2.252284528
0.039888266,2.255668045
0.040665108,2.251359702
0.041646805,2.253368563
0.039483631,2.265392451
0.039192482,2.260723421
0.038238445,2.259522282
0.041443677,2.262606625
0.040534445,2.259974251
0.041199894,2.226799595
0.039913098,2.251492431
0.0410449,2.27196837
0.040354793,2.269493066
0.041835059,2.244252045
0.041613597,2.249988664
0.042564343,2.255240254
0.041026425,2.238353258
0.042897949,2.222678092
0.040904435,2.255783998
0.042278031,2.271771826
0.041862952,2.250768919
0.041202834,2.239134006
0.04130282,2.240850929
0.041503638,2.223143712
0.042994746,2.222659506
0.042447509,2.178236941
0.041651657,2.229133288
0.041197072,2.232634567
0.039316571,2.233188673
0.041622155,2.238643387
0.040859429,2.23064791
0.042035118,2.242087265
0.04167584,2.249684719
0.041522308,2.253228268
0.040945576,2.266249186
0.041516405,2.252851956
0.041769149,2.259804187
0.041314968,2.239821828
0.044300882,2.270855223
0.046593889,2.243612414
0.044998269,2.229979496
0.041689699,2.242070983
0.042539472,2.247406618
0.044693965,2.237502115
0.04758843,2.257050103
0.048123031,2.25400803
0.047634035,2.264664005
0.049118477,2.27146673
0.049991612,2.264316969
0.05137733,2.264287528
0.05475103,2.258574594
0.054110052,2.276134609
0.060294327,2.268514623
0.063977292,2.272619514
0.067353675,2.264542131
0.067916879,2.283165457
0.050388072,2.270210493
0.050580026,2.290463079
0.049806633,2.287453571
0.051608274,2.285122181
0.053434813,2.272626751
0.061356698,2.259670964
0.065981696,2.285228101
0.077702077,2.270532694
0.054825382,2.283106905
0.05088081,2.283849661
0.050599012,2.279269774
0.051088815,2.267774499
0.052733139,2.260105828
0.051094001,2.260443654
0.045913859,2.264158911
0.051565553,2.272240242
0.052804607,2.287665246
0.052871424,2.291410273
0.051590578,2.273440394
0.050083506,2.258324268
0.050216867,2.278052846
0.053463431,2.250971548
0.050494907,2.271096175
0.044839636,2.259344159
0.049464161,2.269863128
0.051127456,2.257046814
0.050140963,2.238634834
0.049196365,2.264036709
0.049777136,2.264359403
0.049547029,2.249471564
0.048740248,2.257712597
0.044230591,2.244693488
0.040848577,2.258547456
0.038525266,2.284092093
0.039578858,2.27787571
0.040551494,2.245321771
0.042473393,2.243129195
0.040607427,2.230417978
0.038500942,2.246420773
0.042805734,2.242802389
0.038855495,2.242979032
0.039963936,2.243931654
0.041177783,2.242521307
0.040341188,2.240196002
0.043296755,2.255225945
0.041586973,2.260302701
0.04209006,2.257545
0.041250078,2.269710827
0.040641457,2.263514346
0.041322007,2.264098386
0.041371073,2.270207204
0.041005992,2.286058191
0.042038156,2.304429711
0.040746406,2.290503046
0.04097889,2.29845099
0.041161482,2.275856652
0.042522405,2.296456602
0.042892287,2.287641069
0.041693135,2.276729011
0.042250261,2.276937726
0.042898118,2.282358229
0.044929437,2.287253573
0.04094772,2.279138197
0.040628683,2.264689662
0.043865597,2.289862592
0.040618858,2.277326373
0.040485728,2.258564397
0.038205404,2.258880512
0.037752947,2.242597128
0.03821602,2.249080943
0.0377959,2.242898277
0.039940349,2.258767849
0.039271018,2.274052723
0.039036753,2.259564387
0.040058795,2.251444734
0.040753805,2.237671522
0.038755231,2.261180817
0.037974321,2.259882804
0.039600155,2.25810256
0.037653893,2.271628242
0.0388246,2.273378388
0.03839916,2.276780655
0.038333258,2.263235895
0.036067592,2.251337334
0.036896901,2.253635336
0.036169323,2.263313854
0.03587904,2.250581585
0.038923566,2.263812204
0.04006027,2.269396192
0.043041456,2.286174472
0.042666408,2.282830428
0.070732618,2.289645324
0.03855963,2.272046987
0.041800132,2.282906579
0.04500033,2.282827632
0.050384618,2.276989699
0.053433728,2.271941067
0.053612242,2.26307389
0.048093565,2.270086481
0.044998603,2.276169806
0.047783242,2.275475241
0.047980151,2.261301869
0.04742938,2.257836937
0.044910508,2.276260759
0.047150929,2.245538052
0.05205827,2.249690311
0.051648112,2.274277721
0.041420045,2.301747008
0.038879009,2.294641161
0.039586511,2.290346633
0.048272649,2.283196707
0.044707544,2.303023146
0.044811603,2.288043696
0.045839307,2.278804976
0.048166683,2.282958716
0.044296842,2.283258384
0.045180185,2.254631872
0.048312287,2.246676033
0.049968555,2.2535781
0.04711582,2.265370247
0.050455506,2.278896752
0.049590409,2.276040696
0.047875439,2.243412087
0.045628525,2.265852644
0.047067316,2.255817057
0.051394625,2.258046639
0.048668769,2.273377895
0.049693882,2.2687911
0.048465996,2.274306832
0.047365164,2.269636815
0.046215469,2.281058407
0.047581682,2.25264982
0.04828005,2.24821582
0.048523227,2.248763676
0.048290386,2.25255163
0.048107683,2.250459876
0.047933991,2.259389553
0.038907406,2.253108861
0.038665643,2.246631462
0.038827393,2.239147164
0.038195615,2.250789642
0.0392175,2.255948306
0.040460934,2.259476723
0.039354076,2.258697455
0.040511697,2.263669278
0.039253478,2.27740203
0.039273588,2.266933718
0.038365985,2.255325286
0.039531112,2.280738838
0.037912179,2.262389686
0.039014835,2.263861875
0.03889881,2.293859754
0.038720903,2.277215026
0.038151354,2.289364242
0.037910899,2.251539799
0.038817761,2.24852108
0.038413579,2.260278688
0.038080025,2.225063758
0.039920112,2.228578688
0.038871094,2.232450194
0.036463011,2.236274332
0.038235363,2.248904793
0.036487707,2.245604005
0.036364541,2.225577075
0.037290986,2.237940598
0.03818419,2.231806615
0.036815436,2.22017121
0.037064613,2.225302735
0.035571334,2.231967798
0.036436898,2.222097999
0.036541168,2.220299991
0.036798965,2.228018003
0.038816279,2.221485012
0.03786718,2.255213116
0.037443649,2.253803756
0.038896371,2.259313896
0.038244384,2.253206229
0.036573868,2.25084803
0.037539526,2.251282894
0.035109247,2.255585645
0.036483375,2.239048317
0.035866831,2.176476104
0.037513966,2.227324261
0.036474097,2.213337235
0.03713307,2.244035929
0.036513154,2.222433851
0.037524164,2.225664409
0.037500084,2.239914755
0.037184868,2.263745758
0.038011985,2.252393079
0.038861914,2.244601055
0.037954337,2.282100008
0.038747465,2.253247676
0.039420317,2.254996506
0.038556071,2.280839988
0.040871389,2.268269724
0.04223314,2.2944359
0.046781222,2.287153574
0.047541946,2.277699396
0.056122233,2.280422558
0.039397299,2.272610139
0.041575671,2.267063651
0.039278309,2.269252773
0.039015827,2.272204223
0.039025235,2.271958666
0.038143868,2.268972677
0.036391036,2.247352013
0.038044797,2.249089002
0.037326078,2.257385462
0.036487823,2.240096661
0.037758844,2.254223488
0.03788466,2.236225977
0.036374921,2.229509929
0.038526073,2.23917973
0.038153449,2.230452518
0.037098623,2.250794247
0.039971597,2.227638238
0.041436214,2.222365101
0.038682771,2.229395292
0.040724822,2.232833907
0.039398499,2.224021499
0.044574579,2.248749532
0.049672968,2.229157794
0.054941237,2.246488042
0.052556825,2.262478337
0.054202018,2.26894521
0.055002847,2.272314912
0.059821923,2.289208816
0.052767113,2.309934752
0.057072609,2.296118942
0.052020338,2.274791531
0.052132811,2.260770789
0.052325141,2.263840658
0.045860929,2.249944092
0.044419661,2.284274163
0.048468859,2.293268478
0.047486103,2.300922675
0.050496027,2.274046802
0.053506985,2.279021257
0.053469028,2.264390488
0.044583316,2.258669988
0.050829191,2.248391147
0.056485603,2.277676041
0.049591375,2.272138434
0.055618795,2.25267959
0.055807449,2.263414347
0.054407325,2.257705524
0.053611317,2.25352662
0.053254865,2.266120075
0.06068721,2.239120026
0.048731469,2.246722579
0.047721478,2.250026492
0.044893325,2.242714397
0.045294986,2.26587863
0.046099383,2.250890628
0.046147902,2.254934829
0.048407269,2.254621181
0.044545138,2.248674697
0.049048736,2.23904108
0.049952848,2.233553472
0.052234481,2.237664778
0.052833518,2.246273406
0.054420683,2.256601917
0.052108079,2.248512034
0.048574619,2.249154133
0.049138517,2.255388443
0.050721467,2.287400118
0.050433271,2.254529077
0.053258637,2.233079793
0.046692628,2.24366044
0.04645696,2.236487323
0.044218605,2.227952379
0.043243759,2.219736839
0.043238578,2.241982661
0.043433904,2.216641148
0.041257086,2.230033607
0.042486368,2.251590621
0.041956524,2.23796494
0.044179229,2.232814006
0.041676559,2.22610799
0.045554539,2.224769188
0.045363309,2.221884514
0.046336819,2.225842861
0.042449169,2.211731495
0.04308593,2.222828912
0.045601871,2.240981191
0.046894312,2.234965464
0.04805864,2.21983322
0.047743527,2.244484773
0.048050432,2.234746552
0.046615337,2.23842102
0.04532252,2.244220631
0.044478234,2.244075567
0.04709393,2.225867697
0.045653777,2.211898927
0.049406591,2.223428413
0.048257605,2.244814869
0.051587386,2.22167728
0.056965872,2.215883754
0.054065794,2.224644519
0.053617798,2.253214781
0.057077224,2.248951668
0.053475401,2.223718212
0.051981872,2.222750459
0.050625719,2.230373571
0.052884556,2.22589319
0.059009446,2.230324229
0.057059806,2.244403524
0.055154033,2.247250534
0.05489169,2.252004761
0.060845082,2.226607163
0.062918627,2.236010848
0.064475734,2.23497599
0.059375093,2.247702339
0.060496674,2.245237726
0.059231813,2.240003241
0.061638202,2.241017046
0.060933496,2.237979578
0.059058151,2.228718654
0.063716285,2.22125508
0.059709439,2.223819034
0.060384026,2.238868055
0.057763623,2.239022165
0.062499629,2.250320404
0.061306729,2.234141953
0.067130929,2.250076985
0.053128741,2.249120909
0.065451706,2.241930688
0.061749914,2.242756502
0.064674447,2.255439758
0.064254622,2.254531051
0.056711531,2.238603913
0.058629434,2.230745607
0.051060202,2.232782757
0.045243959,2.241181683
0.043807975,2.253602113
0.043753421,2.256421327
0.047000864,2.257936443
0.044460147,2.266810528
0.043059072,2.264878147
0.042630224,2.271807845
0.044438052,2.275777376
0.042005562,2.277340847
0.041582291,2.294132942
0.043440884,2.290102886
0.043196278,2.259778036
0.042650357,2.271546828
0.042062763,2.253984839
0.044266857,2.265809552
0.044947396,2.263355466
0.044512198,2.264511046
0.048711547,2.250615631
0.045495951,2.175795848
0.050411674,2.228451058
0.048919055,2.208337615
0.051159024,2.23132093
0.04798932,2.234472048
0.049350737,2.217157261
0.050341722,2.214027852
0.048012423,2.233486697
0.04452755,2.248299701
0.050414444,2.277928176
0.047667397,2.260742828
0.050356087,2.254781706
0.052270073,2.265243275
0.051910887,2.274213083
0.055033933,2.278611886
0.048000571,2.280727489
0.051459761,2.26796874
0.049631234,2.238058195
0.049532211,2.251464471
0.046353256,2.257921805
0.047587125,2.259853693
0.046566052,2.277484924
0.048798733,2.251694073
0.05077528,2.257833319
0.050408235,2.309707616
0.053811772,2.279949537
0.049322319,2.290536598
0.047514356,2.282876809
0.046365663,2.283670551
0.043385616,2.254681707
0.043669967,2.261656799
0.042219029,2.277023087
0.041527527,2.276946443
0.04087674,2.273869666
0.036664515,2.275784449
0.037455887,2.270433353
0.035682769,2.261457295
0.035536923,2.257176089
0.03838492,2.269978752
0.03900179,2.269357377
0.036980447,2.26291024
0.037869994,2.282343098
0.039737954,2.281702973
0.040758135,2.28980881
0.043549163,2.268116436
0.043258829,2.265482911
0.042273585,2.261826041
0.039281446,2.292719306
0.039022483,2.297381757
0.038902781,2.273323454
0.03708682,2.278612873
0.03778719,2.281919582
0.036932841,2.288053071
0.035579357,2.281127814
0.036248046,2.240636787
0.036160354,2.235917263
0.036511052,2.249548208
0.037175748,2.248153156
0.035981473,2.241607336
0.034481465,2.239769197
0.035140366,2.250989969
0.035561615,2.243761426
0.036488437,2.245435915
0.036609324,2.2240539
0.036773149,2.236209695
0.037902814,2.253704743
0.036377252,2.246525706
0.036122359,2.236266931
0.036817589,2.248895747
0.036747152,2.244693817
0.036681083,2.250716617
0.035198997,2.243079031
0.034631189,2.260815031
0.036015454,2.266256751
0.037904687,2.242387756
0.040230457,2.253974477
0.035247041,2.228223429
0.035507783,2.240596327
0.034343998,2.245824891
0.037931604,2.272987274
0.036645493,2.265071731
0.036363624,2.260425891
0.036013095,2.252685346
0.046732379,2.295844931
0.037381682,2.265640804
0.038636598,2.263035897
0.040272313,2.241707335
0.041808078,2.255202096
0.040675544,2.245157628
0.039569925,2.248145919
0.039214583,2.252862153
0.040051239,2.23419442
0.041344452,2.247692799
0.039726582,2.243348272
0.040709929,2.230981788
0.044938797,2.241588915
0.040827018,2.245721603
0.042026643,2.241402568
0.043940431,2.215512376
0.043534931,2.223027266
0.045656008,2.230579983
0.040512272,2.224244194
0.039981262,2.242494004
0.041581515,2.242860777
0.044280868,2.238661314
0.041135154,2.227056994
0.042069979,2.22727936
0.055089139,2.237525306
0.050875151,2.246129658
0.045730015,2.25519157
0.048765602,2.233776661
0.049793645,2.242906171
0.040737049,2.231166326
0.03936682,2.240422809
0.03775013,2.237335999
0.04005842,2.229189044
0.04047283,2.228468163
0.039274495,2.212388231
0.039914373,2.21186373
0.039679032,2.234246722
0.037158473,2.248410884
0.036815266,2.239071343
0.035962178,2.237403761
0.037576946,2.231133596
0.036267682,2.218259223
0.037047873,2.244347933
0.036767027,2.232847558
0.037258097,2.238705886
0.037452688,2.241109479
0.038678042,2.235274671
0.036442593,2.239063777
0.036865004,2.220537982
0.035454081,2.221126956
0.03518907,2.235971539
0.035956206,2.237409847
0.034574901,2.204693739
0.034119439,2.201428805
0.036369514,2.214881298
0.036237851,2.212472605
0.038256241,2.210341378
0.03732202,2.208401431
0.037187587,2.229158781
0.037165417,2.235638155
0.036984259,2.233819588
0.038040603,2.214089694
0.037097464,2.221357875
0.038798449,2.216664009
0.037477006,2.219045564
0.036895616,2.221824153
0.0375085,2.177479383
0.035763684,2.225408162
0.036809918,2.226865548
0.03735347,2.215379319
0.036821208,2.216492958
0.038421163,2.21593803
0.038788478,2.22118189
0.039612693,2.237803428
0.040327008,2.230198244
0.039547231,2.235967263
0.041536933,2.221620701
0.040760134,2.233411039
0.03943217,2.233252653
0.039193821,2.219959863
0.039633144,2.224893365
0.042334434,2.227977543
0.040642974,2.207618873
0.03877403,2.219078458
0.03957573,2.220015784
0.039936119,2.214453506
0.041150814,2.231248068
0.046579919,2.229581145
0.043290351,2.243684288
0.041176205,2.223986631
0.050426445,2.231196095
0.052384772,2.220423345
0.044078084,2.234541455
0.042295318,2.22595536
0.057105097,2.234839808
0.048043575,2.243210444
0.051808904,2.244452043
0.043676582,2.217659558
0.051639349,2.219917923
0.055982787,2.222970358
0.050718147,2.230154988
0.056495765,2.223371012
0.064254124,2.246155809
0.065131654,2.247930132
0.059112601,2.229139702
0.05647573,2.236140452
0.061297154,2.230645443
0.061122125,2.230790179
0.057622177,2.23358834
0.058996736,2.22273944
0.061115464,2.211906493
0.064215869,2.21465482
0.043974641,2.228607635
0.043931442,2.224013769
0.043160988,2.226839726
0.045882393,2.230262059
0.042113554,2.223342887
0.042146114,2.21199761
0.042948539,2.223826928
0.043431591,2.238073327
0.041664489,2.208885965
0.040643889,2.180031988
0.040013758,2.238789767
0.047562587,2.225827237
0.046466238,2.236457225
0.046870885,2.249138837
0.044983107,2.165738057
0.047618025,2.207874298
0.048261275,2.184782268
0.049140562,2.218162185
0.051052092,2.213920288
0.047585053,2.208958497
0.045726186,2.178274276
0.049762672,2.223375124
0.054675378,2.217142294
0.05102851,2.215414351
0.048092079,2.228479347
0.046567948,2.256905533
0.047177533,2.252397191
0.048559945,2.246375379
0.04741059,2.249397387
0.04705644,2.250583394
0.051285118,2.259093668
0.05469418,2.259491854
0.042960327,2.268511333
0.054260354,2.267457726
0.049716307,2.24036623
0.046731577,2.262193307
0.049857085,2.244953847
0.044817864,2.217654788
0.047943844,2.209773456
0.048751833,2.209009319
0.050403029,2.174699478
0.051176371,2.198636071
0.049435301,2.195601563
0.050974466,2.21019582
0.052278436,2.209222639
0.051211146,2.21448015
0.049619047,2.210062104
0.049033681,2.238966903
0.047271657,2.226971797
0.051993092,2.1993109
0.051984041,2.211123606
0.050035531,2.234965464
0.049392682,2.238639439
0.051671401,2.232169441
0.050531831,2.22935993
0.051926486,2.222857037
0.053136404,2.219737497
0.053380506,2.222053427
0.054375582,2.22791307
0.055040583,2.216564175
0.051368428,2.233773042
0.056694293,2.242831172
0.086264905,2.247813686
0.085540154,2.257346153
0.081713497,2.25593301
0.068519237,2.236041111
0.06343934,2.251560029
0.074511023,2.262374719
0.08257605,2.245896272
0.082013993,2.234645073
0.072796541,2.239027429
0.068946072,2.233073214
0.072943574,2.250886023
0.069772302,2.250475994
0.083084582,2.259399257
0.080251922,2.239473312
0.076805006,2.252631235
0.079625572,2.240936784
0.065770329,2.241433654
0.064483238,2.240445177
0.073107722,2.24971564
0.071753321,2.236643736
0.079963243,2.229081973
0.068224909,2.220288314
0.074473148,2.227681987
0.071886425,2.226939232
0.066517047,2.23861411
0.068264716,2.254397993
0.072023317,2.234581422
0.059725588,2.237093074
0.061728646,2.237269552
0.061745412,2.23421465
0.060150902,2.211644982
0.058821846,2.210451574
0.061481527,2.212058794
0.074730156,2.189690605
0.069960073,2.196663394
0.081038792,2.193710958
0.089538493,2.197586247
0.092728695,2.174142411
0.08624194,2.182381799
0.085368116,2.21556435
0.091134293,2.21001342
0.085122251,2.21048381
0.078756497,2.218885532
0.075931495,2.213996767
0.096253709,2.223280881
0.08748027,2.210960121
0.087731214,2.203785853
0.105270865,2.19183351
0.104495606,2.202573366
0.095952356,2.217444758
0.094450881,2.195962415
0.092057186,2.174744872
0.087613698,2.180116691
0.089455106,2.180224585
0.092799705,2.209570497
0.066474501,2.226509795
0.089196957,2.210180524
0.081348293,2.208013277
0.082149718,2.214183278
0.083676974,2.208930043
0.081101353,2.196654842
0.086769566,2.21193215
0.101485388,2.228046621
0.106762061,2.22190935
0.123867506,2.226845318
0.110015871,2.225843684
0.107489746,2.22016644
0.07767792,2.215816979
0.085067981,2.207695188
0.078763466,2.218802967
0.084649954,2.211316203
0.092018412,2.214847087
0.08285575,2.221973494
0.081404331,2.201686533
0.08750635,2.210635618
0.066100949,2.230116172
0.059014581,2.219348356
0.058435491,2.225432668
0.056036286,2.227821295
0.059557745,2.220782059
0.061334741,2.231060406
0.0598759,2.236097689
0.05774239,2.224074294
0.065150362,2.217240648
0.062318628,2.231644117
0.063151555,2.223388611
0.065852879,2.229289372
0.068271938,2.21731318
0.071565289,2.217785873
0.074320862,2.215328168
0.074139064,2.213294143
0.079575968,2.213379504
0.082296109,2.225180533
0.07601626,2.211324098
0.083020602,2.22179866
0.082128671,2.213470621
0.08200635,2.21687404
0.064878305,2.216307598
0.070932005,2.219728616
0.071185112,2.215679809
0.070573245,2.199982768
0.060198579,2.161189914
0.059167653,2.191104077
0.061609779,2.193632834
0.06602559,2.194127072
0.064084969,2.167809746
0.065882463,2.213285919
0.061666573,2.199375208
0.067695443,2.211545148
0.058886647,2.161439582
0.053675774,2.188344731
0.056234794,2.206064284
0.057179942,2.214092983
0.059607333,2.193439415
0.058236269,2.183274389
0.059568826,2.18226009
0.054161075,2.210022466
0.052503094,2.236489133
0.046075252,2.19407
0.046728915,2.184540494
0.048612813,2.203918089
0.059645629,2.210122465
0.057501187,2.20454851
0.057732851,2.210823445
0.064159095,2.199744612
0.060555118,2.20947313
0.060399882,2.164555504
0.052712426,2.192936953
0.054898916,2.189974484
0.056050159,2.193750431
0.051298969,2.169176509
0.056063579,2.220147855
0.057101649,2.199819283
0.055661702,2.187322537
0.066230111,2.196586915
0.056696852,2.19250801
0.049971963,2.184377667
0.050581548,2.187792434
0.053966042,2.181078688
0.053322463,2.191034176
0.055577333,2.164079851
0.057526387,2.207716734
0.057265195,2.196761091
0.061354575,2.185038515
0.06033801,2.193292706
0.056606572,2.209844672
0.055705261,2.211046798
0.048816969,2.213137895
0.048495097,2.172799826
0.048499826,2.186754122
0.048778251,2.215028993
0.050425078,2.177097479
0.053179136,2.216079311
0.04899465,2.207976435
0.053625148,2.231180635
0.060311216,2.223644036
0.051183787,2.20899501
0.053066431,2.179286108
0.059704089,2.21240583
0.058618404,2.216567958
0.056499604,2.207940909
0.054259038,2.214943303
0.056794965,2.221811982
0.056579008,2.229039045
0.056541647,2.221941093
0.063077419,2.208175775
0.060349898,2.226828213
0.060850628,2.212213562
0.055166199,2.218103139
0.060204454,2.22029259
0.055615089,2.218564154
0.059628113,2.214362059
0.070842008,2.225159974
0.066162595,2.213380655
0.073320189,2.173866427
0.068753131,2.219397205
0.074637656,2.176933665
0.074271516,2.242538412
0.074308589,2.207676438
0.07181027,2.227326399
0.071442659,2.207927422
0.074445707,2.194256018
0.076003118,2.178269671
0.069826635,2.206702435
0.0745372,2.193851088
0.076537621,2.197580819
0.096922638,2.180269814
0.13212808,2.22132531
0.064754098,2.208417384
0.064423237,2.226369501
0.067667848,2.208201597
0.072658842,2.173921196
0.060357068,2.183184093
0.06122786,2.21658605
0.050093991,2.224324127
0.04812118,2.168688356
0.054072013,2.204479596
0.047702229,2.215440831
0.044287524,2.214418967
0.048913684,2.211933466
0.052159893,2.208656856
0.048434479,2.207316738
0.049125344,2.16885842
0.049406765,2.172830089
0.052672028,2.217172721
0.047698405,2.216332269
0.059262502,2.21202738
0.056767334,2.228794804
0.047934633,2.234477969
0.050156973,2.21440696
0.049119381,2.21767913
0.049618636,2.212034452
0.054053865,2.212262904
0.051017275,2.226522624
0.053432135,2.248860879
0.050321379,2.222159347
0.050276478,2.248426015
0.053491417,2.247022247
0.055398865,2.221700635
0.047506328,2.248029309
0.047016345,2.24351406
0.047911859,2.247056457
0.060210272,2.248033914
0.040522642,2.237044719
0.048342657,2.241550758
0.053998422,2.248822064
0.046023649,2.237747179
0.062110622,2.267180261
0.045170615,2.215917306
0.046080715,2.234600994
0.046968088,2.226680188
0.044627796,2.232995583
0.046732466,2.263386057
0.049741939,2.238095366
0.045223395,2.238638123
0.043339862,2.250204944
0.045251581,2.225114908
0.045335822,2.274524593
0.04305937,2.27268152
0.045277552,2.256624285
0.049757646,2.247480959
0.046210982,2.244418327
0.047163404,2.259344652
0.050401456,2.236303773
0.050017727,2.243273602
0.050487105,2.271721004
0.055888981,2.265937347
0.05821518,2.267510028
0.05549375,2.276346285
0.057304633,2.271379725
0.047898881,2.315907881
0.055493606,2.283867588
0.053328903,2.293409924
0.059314742,2.287885639
0.056126962,2.2795326
0.053229305,2.308889697
0.052349118,2.278890008
0.057291136,2.3087221
0.049164524,2.283146543
0.053972698,2.288759478
0.050586631,2.289727232
0.055606609,2.30305456
0.055371912,2.267529107
0.052186666,2.3070634
0.052553762,2.319885636
0.055362501,2.293540843
0.050858657,2.310383267
0.055645851,2.316460178
0.056277562,2.324680652
0.061362367,2.360150021
0.062519345,2.32211604
0.063445883,2.312441963
0.061703107,2.297547381
0.063340944,2.272934643
0.064403963,2.299843081
0.059311001,2.299299172
0.063530324,2.294195935
0.061717801,2.307260273
0.064355613,2.30270111
0.058093122,2.289245987
0.056544464,2.289028555
0.056796553,2.281151005
0.060359381,2.276122603
0.060094283,2.27500222
0.065858445,2.287271829
0.06216038,2.26875837
0.058822802,2.300098012
0.058783292,2.283299009
0.056208406,2.307593165
0.061195623,2.311261712
0.061587791,2.276678847
0.059009657,2.255217063
0.059931908,2.254340592
0.058698528,2.236003611
0.058601633,2.248800025
0.061028427,2.239366405
0.058734871,2.254343717
0.063000457,2.255116571
0.06005593,2.264279469
0.060097845,2.256870993
0.063963234,2.268210349
0.065418642,2.282857073
0.06478103,2.266590301
0.0645826,2.289676245
0.061624628,2.318109503
0.061904677,2.297551164
0.060130971,2.303875604
0.060445415,2.293689033
0.058470163,2.282307736
0.05595071,2.270303913
0.068445368,2.274599757
0.046520719,2.26976461
0.046856221,2.269862306
0.046329865,2.270133685
0.04392051,2.27657194
0.044556697,2.280951171
0.046622332,2.280017299
0.047534982,2.266541946
0.048715505,2.281083242
0.0465421,2.267144407
0.047659837,2.255963108
0.047172455,2.263729639
0.071945466,2.257010137
0.069732701,2.281149524
0.068431594,2.27048549
0.068801995,2.257729702
0.054531676,2.259193009
0.060196035,2.275654022
0.060439093,2.272778888
0.063516529,2.277814033
0.063760178,2.287518373
0.065050245,2.272004389
0.064632265,2.263173231
0.063318124,2.279339346
0.063822488,2.245408448
0.056151556,2.249212191
0.060796614,2.264322232
0.058445811,2.257084149
0.062478859,2.24380534
0.057153298,2.262364193
0.06036137,2.27113351
0.057223096,2.247161061
0.058288052,2.241793518
0.059898253,2.250615795
0.067961543,2.237096199
0.072454727,2.252720543
0.070645844,2.26494591
0.069116789,2.261128515
0.071518764,2.276477369
0.06451677,2.272873952
0.064857479,2.255146176
0.06848093,2.25545012
0.084345286,2.251073356
0.081611982,2.241695493
0.084667882,2.29579855
0.07636897,2.280529465
0.07447579,2.273584471
0.071260316,2.26510298
0.097371965,2.268860672
0.069714162,2.261897422
0.074143839,2.281089657
0.084440679,2.279060566
0.072109089,2.285640267
0.066141383,2.262818465
0.062272612,2.255279727
0.060391638,2.266433559
0.064252623,2.270808513
0.063435038,2.278403007
0.085349942,2.293397917
0.074800946,2.295797728
0.077549257,2.232656607
0.0724916,2.220820052
0.063759459,2.226938409
0.072635801,2.230208441
0.073656935,2.242366374
0.0742441,2.236003611
0.074252478,2.231028005
0.075923256,2.231120109
0.066841664,2.230483274
0.073557306,2.214400546
0.070284293,2.227139065
0.078367896,2.178032831
0.075574201,2.207642721
0.066273901,2.21865412
0.07581617,2.218636193
0.068177721,2.175836472
0.068639877,2.178352071
0.068834123,2.222009513
0.058413045,2.235072864
0.054365729,2.250295239
0.054552965,2.239581041
0.053776174,2.225110632
0.055044695,2.230695114
0.051420257,2.228249251
0.052313129,2.232984564
0.050868957,2.232570259
0.052807409,2.224948627
0.054537325,2.239838111
0.055220176,2.23356811
0.05086409,2.22522823
0.050348594,2.221860172
0.049075889,2.237697179
0.049328852,2.254708351
0.051060521,2.258142362
0.053587987,2.233646728
0.05310224,2.237125475
0.053254551,2.249410709
0.049679563,2.244165698
0.050663496,2.223647654
0.056753544,2.249672219
0.055546946,2.254455229
0.058318849,2.254271514
0.054100842,2.258665876
0.055822355,2.261053351
0.065612534,2.260957135
0.054708042,2.260317668
0.058095039,2.275867671
0.054615475,2.266449512
0.051349858,2.258818177
0.052643851,2.220138809
0.053673518,2.22357101
0.05256988,2.216525524
0.057729911,2.216714831
0.053124567,2.219444737
0.051732492,2.222280234
0.047222588,2.217031275
0.049440061,2.216887856
0.047157143,2.218339979
0.04657664,2.213814039
0.045811264,2.211780178
0.057436791,2.2195824
0.045183932,2.209963092
0.043374704,2.178060462
0.042940177,2.234140308
0.04142308,2.224160313
0.044530711,2.210766702
0.044103886,2.234486028
0.045671026,2.234188992
0.046017697,2.248657098
0.045398902,2.247066983
0.047919414,2.237366426
0.040477245,2.229502527
0.043074312,2.223248974
0.041917493,2.219319903
0.043478851,2.212721945
0.044346862,2.239974952
0.040512028,2.208669026
0.046559668,2.168375694
0.044680278,2.229742163
0.045228797,2.219951146
0.048167993,2.221442907
0.042705224,2.235387006
0.048263618,2.225594344
0.097474914,2.230195283
0.077148048,2.211652384
0.052801164,2.21328263
0.062814105,2.222019217
0.071029305,2.219136352
0.080283989,2.241877399
0.082708337,2.245779497
0.072315841,2.23523306
0.081776896,2.238196516
0.077910294,2.239382524
0.080108749,2.24278035
0.072879826,2.239080717
0.077676106,2.254233521
0.070793396,2.240114095
0.065482133,2.245160095
0.065286011,2.261616503
0.064403444,2.237388136
0.064778897,2.234436029
0.071067704,2.222274806
0.067892758,2.22599138
0.068938404,2.236671203
0.067551144,2.241064743
0.080982615,2.258950413
0.083187953,2.254012635
0.076903823,2.244726547
0.075417161,2.257819997
0.070268715,2.242846303
0.081276722,2.24183513
0.076930375,2.242643016
0.080797209,2.266972698
0.078361137,2.25101908
0.078635183,2.238511316
0.04709836,2.248775354
0.051306232,2.257907331
0.077286256,2.250457409
0.072456089,2.255057196
0.077462791,2.238346679
0.081129709,2.231314515
0.081353453,2.227954024
0.076923385,2.249231763
0.077555964,2.243808136
0.074429357,2.220026639
0.078448168,2.235378618
0.08069667,2.240814746
0.076895383,2.237548661
0.063115155,2.262620276
0.075426808,2.236337489
0.064229581,2.245481967
0.060344301,2.2368513
0.051227773,2.237974808
0.049369261,2.227040053
0.05037108,2.21832238
0.047795526,2.210414568
0.046720563,2.225805033
0.046132889,2.212784773
0.047790109,2.21824919
0.050638583,2.172958048
0.050098781,2.2128277
0.054700275,2.175758184
0.052808724,2.202679944
0.05700588,2.207621011
0.059463893,2.201436207
0.059879596,2.205480408
0.063740514,2.217127162
0.063207681,2.192572483
0.067591049,2.194006843
0.062649638,2.192897151
0.057110438,2.195209462
0.066056233,2.175047336
0.065762918,2.223840086
0.062037067,2.212621617
0.059802869,2.19554334
0.06572566,2.19050507
0.065397178,2.211374426
0.068451839,2.199699218
0.056401317,2.200421579
0.055502534,2.209392703
0.05802596,2.198125057
0.048278308,2.167616656
0.045331792,2.189207715
0.045451749,2.21024549
0.041535291,2.211113573
0.043057818,2.231482441
0.041865111,2.22297924
0.044052396,2.207807522
0.042903209,2.219464474
0.043049476,2.223898803
0.043179245,2.238967232
0.043187222,2.245121444
0.042960153,2.239390912
0.040684063,2.238314936
0.040545563,2.234764315
0.045125848,2.241497304
0.041804354,2.244481484
0.04246465,2.264685715
0.04519396,2.233062194
0.049541005,2.241066388
0.047003455,2.256765567
0.04539388,2.223522326
0.044083779,2.21938783
0.043029174,2.216592299
0.046025186,2.226274107
0.047207122,2.217843931
0.049290365,2.185586371
0.049627852,2.199683758
0.052604861,2.217997055
0.050375577,2.234695237
0.052019999,2.226217858
0.046745095,2.226608314
0.051162858,2.226923607
0.051226704,2.224443369
0.059865338,2.22979134
0.056076531,2.213920781
0.05532992,2.208149295
0.06469222,2.224329226
0.051156495,2.229550389
0.046120451,2.232005955
0.048816244,2.218734547
0.045031107,2.227991523
0.047390509,2.212738557
0.045016248,2.219204114
0.047629923,2.187151815
0.044945458,2.225814079
0.046974189,2.226563413
0.048585218,2.231504151
0.046525967,2.224398797
0.046311392,2.23199362
0.044191159,2.234837669
0.045520914,2.210191544
0.0463229,2.213825552
0.047581666,2.205051465
0.047758859,2.207827917
0.046116447,2.179737254
0.049290787,2.215220768
0.045765536,2.208998464
0.047276966,2.193891877
0.047264323,2.208006204
0.049368402,2.178694995
0.049132503,2.210193682
0.048289286,2.211430346
0.044605602,2.170008901
0.044470478,2.199969446
0.047123257,2.212928522
0.067103123,2.21010536
0.06084464,2.203906082
0.057431317,2.208718204
0.061158196,2.210955351
0.047862379,2.213517825
0.051146735,2.222068394
0.049359557,2.214255811
0.05039996,2.213870124
0.050715135,2.221030082
0.052613923,2.22284059
0.053346959,2.220982714
0.067176236,2.19152052
0.06204158,2.168009909
0.065906923,2.20937198
0.066219641,2.212939212
0.053795489,2.211993827
0.059090115,2.250197214
0.060938985,2.271720839
0.058339521,2.174247509
0.057520661,2.23122899
0.043600334,2.243472119
0.043066481,2.236739459
0.04474306,2.245598084
0.045924734,2.245923081
0.05074218,2.231837043
0.05439774,2.239161144
0.057179608,2.242881007
0.062584954,2.228751548
0.071343272,2.221212811
0.04162078,2.229773906
0.057382654,2.246313702
0.054307943,2.254060332
0.052814532,2.24856154
0.048655812,2.248124703
0.04744831,2.24803671
0.04981683,2.260731315
0.051338098,2.244868486
0.05343747,2.244878848
0.054063368,2.248951997
0.053476815,2.230994617
0.044017738,2.214777516
0.045570914,2.214215679
0.043664303,2.203120564
0.047544459,2.214906133
0.046447873,2.197603516
0.045200703,2.198908108
0.045666123,2.198052689
0.04519783,2.198243148
0.048564006,2.189827281
0.046916768,2.195714885
0.0432357,2.16356456
0.045776252,2.199423234
0.041949035,2.193570828
0.043996568,2.217166636
0.043549332,2.20862906
0.046961211,2.224733662
0.048028994,2.228047608
0.04866732,2.276856477
0.044799504,2.23654456
0.045388072,2.242210126
0.048138974,2.272540568
0.042102817,2.240463269
0.041099751,2.215937372
0.042723724,2.208164755
0.039161169,2.208379556
0.042163993,2.208139756
0.039503735,2.170024691
0.042392136,2.211300414
0.039498259,2.173957051
0.038350057,2.211863566
0.036995605,2.205229095
0.038118388,2.207557196
0.037581688,2.209024121
0.036855269,2.21612191
0.038319941,2.209957335
0.039720476,2.214807614
0.03818246,2.202168436
0.041869881,2.209933487
0.036823397,2.219053787
0.040470964,2.211342847
0.038749588,2.208380049
0.040685595,2.208567054
0.044668929,2.215440996
0.040610532,2.221460506
0.039475852,2.212085274
0.040140101,2.21912599
0.042992697,2.2141142
0.040056526,2.199343465
0.039500721,2.182347589
0.040096074,2.212617505
0.041841964,2.210254207
0.04075373,2.215623888
0.040780557,2.201136045
0.041744191,2.178543352
0.041417454,2.220845874
0.045102349,2.17748333
0.044675667,2.219431908
0.052792843,2.22289355
0.051944933,2.215139847
0.049620075,2.225176092
0.04870078,2.215302181
0.048789553,2.208093375
0.05246249,2.220019073
0.059430705,2.225936775
0.055445976,2.222235498
0.041019712,2.232755619
0.046302182,2.22233747
0.045717479,2.227776723
0.04188734,2.221936816
0.04725523,2.218567279
0.03943284,2.216093292
0.043437769,2.221978263
0.041367378,2.220237492
0.04622268,2.223938605
0.040358514,2.217865148
0.041126,2.228728029
0.04383703,2.210616539
0.042149473,2.214397585
0.039840677,2.215868952
0.037457087,2.226234798
0.036392828,2.213025396
0.037771871,2.216705456
0.038157252,2.215440831
0.039124849,2.216526182
0.037739265,2.208107355
0.037179315,2.209170337
0.036941655,2.211453044
0.038306544,2.226449763
0.037632049,2.173226795
0.038474979,2.213859762
0.041092255,2.216724042
0.04100188,2.222063789
0.042727558,2.211189066
0.047348835,2.22700058
0.040662926,2.22755189
0.04248193,2.221343402
0.051994758,2.213998412
0.043539726,2.213659764
0.042558656,2.222015927
0.045862106,2.202960697
0.045517507,2.22063683
0.048989413,2.22531688
0.045371744,2.18216815
0.049421347,2.233942613
0.043542769,2.230196928
0.043134955,2.21154153
0.041004311,2.179547125
0.0418295,2.208479555
0.046010707,2.221273501
0.044959947,2.23215398
0.041852686,2.232694106
0.042431059,2.202507577
0.041552874,2.222522337
0.040287468,2.21056177
0.040109655,2.214462387
0.037789606,2.22026759
0.037488208,2.179289397
0.037379631,2.230768139
0.038169767,2.219858713
0.043407861,2.227773762
0.040299119,2.225462767
0.038965087,2.22458942
0.038650938,2.221355243
0.042447758,2.225361287
0.041471226,2.216102173
0.044487378,2.224558829
0.039785201,2.226298613
0.040321112,2.249292618
0.041570963,2.226384961
0.040911528,2.235696707
0.040843159,2.225576581
0.038416416,2.224314917
0.036732084,2.234578133
0.040239655,2.230718304
0.039032981,2.239504726
0.040593946,2.256383992
0.037772352,2.257079215
0.036395904,2.258614067
0.036527684,2.252406073
0.037192444,2.252829588
0.037735191,2.267738315
0.036164461,2.266326981
0.038280984,2.246411727
0.036107302,2.280729792
0.037606297,2.295477172
0.037365422,2.210273122
0.036438831,2.216677989
0.036195693,2.1727893
0.03531375,2.191795846
0.036482298,2.228404512
0.036729504,2.237604417
0.035105804,2.240186956
0.037178012,2.219223193
0.03687949,2.218161856
0.039417395,2.218589318
0.038320827,2.234015967
0.038729748,2.224570835
0.039323621,2.227715046
0.039798742,2.227330017
0.039138001,2.233397224
0.040468374,2.226831831
0.037902403,2.224456198
0.038004789,2.23373176
0.037918413,2.230705804
0.037174072,2.221705404
0.037457023,2.235277303
0.037668976,2.22039226
0.036475673,2.208050118
0.039231809,2.211669653
0.037024891,2.200396086
0.037075206,2.193115734
0.037823813,2.202519584
0.039771521,2.183518301
0.038911076,2.190439939
0.039024546,2.188232561
0.037863228,2.201031277
0.037190637,2.20890159
0.038730663,2.171129449
0.039530036,2.164642016
0.038723082,2.180788559
0.039148599,2.192702416
0.036427045,2.191848148
0.038214951,2.200917133
0.040219389,2.201623705
0.038133442,2.17444175
0.036953988,2.216492465
0.036174699,2.182147427
0.036222599,2.21549741
0.035317124,2.180607147
0.035964489,2.195137423
0.03494972,2.186694912
0.036666733,2.191150623
0.042913926,2.193235798
0.035975855,2.189026467
0.035459079,2.208336135
0.037937554,2.168483095
0.035614554,2.15899191
0.03779757,2.197588385
0.037368039,2.198027689
0.036654562,2.212657801
0.035959007,2.214723075
0.034190617,2.212125734
0.033229602,2.216651345
0.03434931,2.194016547
0.035473237,2.190908355
0.034967449,2.187793914
0.036667581,2.169472394
0.036656001,2.21599395
0.03619329,2.218919907
0.03764853,2.194217861
0.040328544,2.199449056
0.041063929,2.201144104
0.039216529,2.205927936
0.040633298,2.198937055
0.04585156,2.212796122
0.045358719,2.171906743
0.038906301,2.208664915
0.03792327,2.205376626
0.038716169,2.212384613
0.036070573,2.210377232
0.039738792,2.194625093
0.041449113,2.18283015
0.042758608,2.182886728
0.041791243,2.183571754
0.037494525,2.187859209
0.038071331,2.177437771
0.039208858,2.187962991
0.039883619,2.191314272
0.038525392,2.160955048
0.042765657,2.175063947
0.038589654,2.204290124
0.038370094,2.207187298
0.038363942,2.223998308
0.038403061,2.20679125
0.036843124,2.214520446
0.039125936,2.216935553
0.037467906,2.203257734
0.037773994,2.204214632
0.03803157,2.231402014
0.038112151,2.220332886
0.036647628,2.174654248
0.036246712,2.200089675
0.036340567,2.201438345
0.035236279,2.208400444
0.038513555,2.206659672
0.038070565,2.185337032
0.037403346,2.197780324
0.041695882,2.168542962
0.037629282,2.215189354
0.038677467,2.212274746
0.038817366,2.209119351
0.0391339,2.225473457
0.047567126,2.243800241
0.037707349,2.21161916
0.037987417,2.246187223
0.037987928,2.241606514
0.039037624,2.226371474
0.040110768,2.229468811
0.039093576,2.234196558
0.038160321,2.238125958
0.038357815,2.23752547
0.037358216,2.226442362
0.037484243,2.23819849
0.038339572,2.238640262
0.036373029,2.247106292
0.038197054,2.250120735
0.037703356,2.250279286
0.035436181,2.221494222
0.036779707,2.223430715
0.039170872,2.217932911
0.041093969,2.223564102
0.038974323,2.177897635
0.036958971,2.224330542
0.038450113,2.21944375
0.039254023,2.245594301
0.03907617,2.237577608
0.040045372,2.245268647
0.040752558,2.244369149
0.038448362,2.238396843
0.038179237,2.219287337
0.038238769,2.221904251
0.037884429,2.220524331
0.043423743,2.21229662
0.041972157,2.219528618
0.042102799,2.22249964
0.044357949,2.214512058
0.04029217,2.250704117
0.038772472,2.229047269
0.039861606,2.230841494
0.038093427,2.240224456
0.039188867,2.249677154
0.041190892,2.242560287
0.038796827,2.243284128
0.039536303,2.236397686
0.03964762,2.233199364
0.041136904,2.244855
0.041355628,2.230507616
0.039725372,2.249234888
0.040787989,2.245047925
0.043150611,2.225263591
0.038653287,2.234566291
0.039493435,2.243294983
0.039717349,2.22535109
0.04225906,2.215300208
0.040169605,2.21129992
0.04086103,2.212890364
0.043044563,2.215172413
0.042487362,2.193312607
0.046127965,2.21036095
0.046911427,2.180556325
0.046093071,2.231864674
0.048573036,2.223893046
0.049873655,2.208967379
0.044523315,2.198841826
0.045422987,2.18051718
0.042437324,2.214109102
0.041544709,2.208868366
0.044269977,2.239393872
0.044243055,2.264760056
0.041409249,2.267317925
0.040734998,2.253650961
0.040751756,2.235415953
0.041507929,2.230961229
0.043506045,2.230342486
0.042066085,2.262393962
0.040939964,2.253868229
0.041605908,2.245022103
0.046318326,2.225435464
0.040919991,2.237323828
0.048939624,2.233659721
0.043411248,2.240230541
0.050698585,2.236081735
0.047858807,2.244226223
0.0518913,2.225256683
0.043790258,2.234890465
0.042226947,2.230215678
0.041804315,2.240020675
0.045108886,2.24516651
0.043548731,2.235636674
0.04160182,2.242882652
0.041737758,2.224026104
0.037887528,2.245000228
0.039585391,2.226679695
0.039034985,2.214102029
0.039347973,2.20319655
0.038068085,2.220806729
0.037570408,2.216186054
0.042176081,2.220253446
0.039758207,2.215822077
0.040697702,2.219608387
0.03853397,2.228202212
0.038044322,2.215024553
0.038512352,2.218696061
0.038128182,2.218661521
0.03789578,2.201108414
0.037344758,2.172098189
0.039289225,2.207895515
0.038575954,2.209357506
0.041723156,2.187124349
0.039185883,2.224822806
0.038815387,2.212459612
0.038839741,2.20836903
0.038994337,2.213157138
0.038209914,2.180583298
0.043392524,2.218054455
0.037627727,2.215682605
0.040012434,2.212431158
0.041251137,2.213647758
0.039445633,2.216585227
0.038711453,2.212730497
0.039189977,2.196437081
0.037764789,2.206043396
0.037846038,2.221303599
0.039821724,2.230237059
0.039364371,2.222181715
0.045893073,2.209660135
0.037488869,2.233489493
0.038848821,2.217118939
0.041494031,2.185374531
0.040945497,2.197406808
0.039986527,2.231096754
0.041697658,2.223030226
0.044705087,2.236525974
0.042268178,2.247023234
0.049938329,2.236374989
0.043443546,2.238252766
0.042585298,2.259375573
0.040054881,2.267856735
0.042903978,2.278076201
0.041810874,2.259314225
0.042468443,2.248358746
0.0457521,2.236441107
0.04976333,2.243569816
0.049024055,2.23650229
0.052342251,2.243705998
0.04829477,2.239867222
0.045106286,2.256378564
0.05292865,2.255286306
0.045681562,2.248463679
0.046439203,2.258540055
0.050964788,2.264854299
0.048055474,2.272718362
0.049043226,2.28119459
0.058352263,2.259976553
0.046485836,2.2846161
0.042406301,2.285623985
0.042085388,2.281302812
0.042102059,2.260577698
0.042501199,2.265350017
0.042204098,2.259607314
0.041272313,2.265884222
0.044967816,2.252387816
0.043474179,2.236063808
0.040744522,2.240260968
0.039883717,2.249394591
0.042341666,2.247485236
0.041241264,2.235947691
0.041629333,2.239669034
0.039280806,2.248347233
0.040928512,2.242533313
0.040557374,2.23294361
0.039826116,2.241085466
0.037811797,2.243151399
0.03906578,2.262683269
0.039042381,2.24425698
0.044415416,2.237316262
0.051849503,2.239765908
0.048675564,2.242407821
0.04924641,2.252512815
0.050148056,2.24315403
0.052173071,2.237496852
0.051635494,2.2472331
0.050804556,2.255993864
0.055627306,2.248543448
0.052111075,2.263138034
0.056560541,2.240331033
0.066156926,2.228149581
0.058121257,2.235574339
0.063595013,2.244080666
0.04690803,2.225495003
0.046508821,2.238272667
0.046189113,2.235492268
0.044513303,2.249999683
0.044160469,2.231896088
0.044563179,2.236329924
0.045620718,2.229992489
0.063877025,2.242174929
0.053310241,2.24762076
0.055228164,2.236147689
0.053500041,2.235672694
0.045268142,2.244452043
0.05143837,2.242777554
0.048392498,2.241472305
0.050281602,2.242070983
0.051798609,2.248669434
0.050774895,2.252700806
0.048298435,2.263435235
0.05447261,2.253665764
0.049076686,2.265454457
0.054791773,2.273298619
0.057093995,2.274498442
0.060578185,2.278152187
0.04567634,2.284748994
0.046829875,2.253895695
0.044560532,2.256124126
0.044295511,2.285134352
0.048678951,2.280054141
0.042640159,2.274147788
0.045104019,2.296230782
0.043517147,2.271377751
0.045437203,2.252213147
0.044239971,2.254804074
0.043355307,2.244335433
0.043468309,2.292719799
0.045312847,2.266782733
0.042236684,2.272219025
0.045046788,2.260658783
0.045240068,2.283140622
0.044503738,2.235632398
0.042519393,2.244458129
0.044628967,2.264653807
0.044049666,2.284211664
0.044860061,2.256146001
0.047665999,2.26615445
0.043409176,2.254835324
0.044685957,2.251973347
0.04934128,2.262026861
0.047892251,2.2822505
0.042503663,2.258737093
0.043362826,2.277382952
0.042793422,2.257239904
0.044069768,2.249352815
0.041361441,2.272355701
0.043928471,2.275645634
0.046532448,2.259180509
0.050246868,2.265197223
0.051899657,2.279463687
0.047117845,2.237189948
0.048217068,2.242109798
0.049726052,2.251418912
0.053023134,2.228714049
0.054901553,2.238208852
0.055417039,2.252250318
0.056252408,2.274102723
0.053805013,2.26109743
0.04943011,2.266965955
0.053095759,2.261057463
0.055508763,2.262403831
0.057495477,2.292800884
0.066794116,2.264353646
0.051081707,2.263228
0.055561199,2.258830184
0.06507968,2.231331949
0.052395843,2.253904577
0.04873149,2.236930575
0.050244329,2.230985407
0.053073663,2.214978007
0.05359728,2.219563486
0.051643882,2.178828053
0.055119664,2.224222319
0.061320648,2.211892019
0.05897188,2.199184585
0.058015409,2.188859528
0.053763006,2.202498202
0.055761639,2.192672317
0.052518729,2.191611967
0.056895704,2.179955673
0.053794441,2.189672677
0.055199962,2.176091404
0.053467363,2.213723415
0.053275753,2.193038432
0.055699181,2.207813608
0.054966175,2.220219893
0.054504739,2.219853285
0.056251097,2.223078087
0.057335348,2.214621267
0.054092685,2.202723858
0.05288856,2.163424923
0.059275706,2.180847769
0.067354184,2.223851928
0.060983814,2.206048494
0.063432663,2.178476083
0.062084553,2.184452666
0.079574627,2.19460733
0.051200887,2.162291218
0.05131187,2.202252317
0.058411144,2.208893366
0.058966653,2.207848311
0.059061034,2.193728227
0.053608726,2.210419995
0.050753683,2.197587727
0.049657045,2.20420575
0.048921851,2.205058044
0.055286387,2.212959442
0.05284058,2.210177399
0.057667962,2.209049615
0.05039206,2.210740551
0.048494938,2.212892502
0.049322355,2.172434041
0.051940004,2.226042366
0.046332769,2.211907644
0.055280466,2.176059496
0.061588506,2.210027072
0.051700805,2.209400762
0.059867682,2.211970472
0.060885234,2.212582802
0.055737328,2.218992275
0.054790545,2.209618194
0.060267374,2.211463241
0.048594536,2.208940734
0.047627544,2.21520432
0.048961756,2.205312647
0.050808457,2.209069022
0.053244755,2.205336166
0.054021099,2.196051559
0.055286299,2.188715615
0.056215952,2.204963308
0.045775805,2.201673211
0.045351462,2.170691295
0.046918202,2.220986168
0.050202167,2.221313139
0.04953659,2.232399866
0.049504009,2.24177115
0.051252259,2.229718808
0.049081676,2.24449201
0.051039736,2.229852688
0.048227722,2.242537425
0.049607776,2.256370834
0.048092274,2.244409774
0.048281109,2.243767018
0.049044171,2.254271185
0.049701031,2.250873852
0.04582234,2.238260825
0.050443751,2.246570771
0.054042274,2.247806943
0.052189148,2.224855207
0.049429092,2.235439143
0.059104074,2.242286276
0.052074742,2.239506535
0.050520287,2.247864179
0.050579523,2.252742418
0.054776904,2.247275534
0.056647279,2.235595227
0.061836766,2.237362314
0.06294542,2.216733745
0.060767071,2.231108432
0.060794466,2.231628328
0.055398336,2.226317034
0.04952996,2.250574348
0.054653175,2.232438352
0.057920909,2.240907837
0.045394029,2.231802504
0.054871578,2.244274085
0.050475741,2.229390522
0.046141472,2.239351109
0.048671421,2.178492859
0.046763161,2.239643541
0.048131157,2.218103797
0.045310051,2.221148831
0.047031081,2.223364927
0.050813916,2.22834448
0.056946603,2.228193166
0.050855846,2.244669475
0.056568328,2.236237819
0.050690937,2.243596625
0.046979611,2.247709575
0.045112155,2.248195261
0.051458785,2.226447625
0.044573355,2.247382605
0.047462002,2.243271463
0.044283145,2.214835245
0.045306998,2.213418484
0.044850321,2.228290698
0.048937953,2.230093311
0.050412095,2.224736787
0.049692479,2.217268773
0.048956266,2.228044319
0.050595358,2.239817552
0.04812722,2.243814221
0.046372607,2.244308624
0.053189847,2.278280311
0.054904036,2.239921169
0.050189899,2.232046251
0.046666246,2.235146877
0.050260545,2.228892665
0.047203411,2.227573436
0.052020755,2.229740354
0.049402916,2.233237686
0.048044295,2.234157578
0.046378888,2.234152644
0.044769756,2.227931984
0.045155782,2.210492527
0.042554375,2.210997785
0.048106213,2.208600771
0.050682461,2.199459911
0.049066642,2.209894014
0.053450658,2.215111229
0.055954313,2.230022917
0.046696123,2.207015261
0.046621417,2.219010367
0.043940395,2.224610966
0.04809136,2.237639121
0.050146704,2.233404461
0.047620476,2.226633149
0.04744738,2.22363318
0.045644433,2.233162851
0.04491501,2.215997075
0.048409762,2.214281304
0.047941526,2.217344265
0.044572841,2.218144586
0.046735401,2.223356539
0.052294056,2.220289301
0.052803209,2.236725972
0.049227414,2.21241356
0.064008711,2.23057949
0.061822452,2.21169235
0.060747638,2.210891207
0.060582174,2.210941042
0.059451634,2.211844322
0.057036754,2.208432845
0.056238674,2.208851097
0.0530809,2.184675854
0.063138022,2.228726384
0.063800644,2.172272529
0.067716418,2.174714938
0.056744945,2.206296189
0.05424162,2.198266174
0.055788278,2.20821936
0.057133047,2.193542868
0.054838766,2.208221827
0.054206243,2.209492373
0.054964022,2.210430521
0.056962891,2.207941567
0.055196765,2.17838513
0.054938261,2.204669561
0.058540362,2.20085891
0.054139909,2.211796297
0.052353666,2.214406138
0.059411164,2.210719005
0.052434448,2.20269195
0.059326214,2.189762644
0.061234901,2.173029594
0.06248458,2.204947355
0.063494022,2.211960933
0.060743233,2.216988019
0.061412809,2.216345592
0.065594791,2.212370962
0.063894305,2.207649794
0.062580853,2.216139837
0.068211972,2.225040896
0.059787425,2.223419367
0.061356544,2.222086486
0.058175363,2.218027811
0.058812054,2.221898659
0.061508593,2.18220088
0.062339911,2.238461974
0.06114696,2.226526571
0.055445303,2.229086578
0.056910548,2.219469079
0.05205111,2.217743768
0.045882984,2.224398633
0.050225111,2.225814901
0.059714913,2.2137295
0.058059266,2.220891926
0.06149082,2.234135539
0.056041945,2.240434651
0.067110077,2.235138818
0.057642304,2.233035714
0.053385486,2.228180173
0.056655534,2.222825459
0.057062818,2.222586152
0.058383836,2.22681522
0.058817862,2.22940664
0.06233636,2.223648147
0.055193768,2.221307218
0.052539766,2.220110684
0.053651916,2.22451623
0.061332269,2.227532811
0.055720773,2.234811354
0.055042346,2.235847692
0.050342467,2.223764758
0.049961899,2.229029999
0.048048952,2.236297029
0.046871851,2.235912987
0.055342544,2.231142642
0.061127624,2.231377015
0.053781288,2.235991934
0.045372103,2.228393822
0.052838509,2.238396679
0.049003506,2.220617916
0.051558989,2.225843848
0.04536407,2.245404336
0.047813078,2.23060745
0.044788166,2.248901833
0.046337878,2.22955006
0.050434792,2.214099891
0.050861176,2.213751868
0.049200744,2.206332209
0.05618922,2.203552797
0.049021032,2.218964808
0.05077416,2.212266358
0.047274412,2.208095184
0.048945961,2.212370797
0.041919536,2.228930329
0.047155093,2.228166357
0.036861794,2.228123101
0.036191827,2.234394911
0.036430371,2.22641029
0.043401344,2.220699987
0.041346153,2.217935049
0.044903081,2.186068767
0.037077553,2.235595556
0.036908262,2.221555899
0.036280997,2.23595098
0.037425794,2.21972253
0.037085702,2.228300731
0.044415961,2.232239506
0.043273153,2.236024828
0.044657031,2.249683239
0.043987897,2.239207032
0.045077472,2.236045058
0.046282903,2.238920851
0.048032314,2.231904805
0.053321445,2.220314465
0.055100261,2.216188685
0.045457639,2.224099952
0.049126048,2.215289352
0.065802982,2.218573529
0.049820479,2.229027039
0.046063394,2.225648291
0.068925308,2.221360671
0.052048561,2.217100682
0.048025011,2.216188356
0.049821389,2.218025673
0.049887856,2.226505519
0.045968309,2.218898526
0.060353969,2.227183966
0.056932628,2.222995687
0.051719211,2.238427928
0.043357507,2.219740622
0.050891927,2.242620319
0.045859722,2.228040207
0.049509853,2.227297452
0.056969002,2.236258378
0.041238509,2.23760047
0.041438481,2.23272256
0.041420068,2.237097679
0.041211481,2.235036352
0.04286195,2.209317868
0.041788801,2.223585977
0.044485522,2.231534414
0.04800769,2.234870728
0.043131214,2.216516807
0.040187433,2.181366514
0.042182123,2.189089624
0.038507503,2.217173872
0.038823546,2.215750038
0.040334967,2.217624855
0.037812131,2.22330473
0.039613328,2.217373706
0.04143974,2.203947036
0.040882597,2.210431837
0.042422586,2.211344163
0.04161,2.209821646
0.043470632,2.211983795
0.039476572,2.212368495
0.039857954,2.21195419
0.040554439,2.222481383
0.04110773,2.212259614
0.042043121,2.201300682
0.043589443,2.196266852
0.044032458,2.200677169
0.039997398,2.176682845
0.042248798,2.204305585
0.038526638,2.213364208
0.040108643,2.205034854
0.040901159,2.165484113
0.039615546,2.201424858
0.041595955,2.19679859
0.044483657,2.200515164
0.044343352,2.205415771
0.04503915,2.20442532
0.05053234,2.177769183
0.056520235,2.224454718
0.046005069,2.213480983
0.044607607,2.21396009
0.047489156,2.212105011
0.044236789,2.218606588
0.044509998,2.217925345
0.046987876,2.224455869
0.05132566,2.289757001
0.037826967,2.225031686
0.039820478,2.229121446
0.040062868,2.244197276
0.04129419,2.245992323
0.038837544,2.233883239
0.040944351,2.247792469
0.038868411,2.214090187
0.04060964,2.214598406
0.040272665,2.207113286
0.037069285,2.210780682
0.037259173,2.215404318
0.038992068,2.218141626
0.038115438,2.21514215
0.03865497,2.207825121
0.039309396,2.216010398
0.039457347,2.2100774
0.039316777,2.222552599
0.041151637,2.233544097
0.04161509,2.173648831
0.041494908,2.212087741
0.042019545,2.213253847
0.039726582,2.229197103
0.041902716,2.242614562
0.040014074,2.241095828
0.042760892,2.219744076
0.043343907,2.218371064
0.040665023,2.22593513
0.046280903,2.213315031
0.045921733,2.213185591
0.050300059,2.220868406
0.050887856,2.218018272
0.05341266,2.220977451
0.058708565,2.217439659
0.053624901,2.207688938
0.056560366,2.198607124
0.044745922,2.202733397
0.045127533,2.206386155
0.042712707,2.209862435
0.04318624,2.173407386
0.041827586,2.189347516
0.045361233,2.195543669
0.04287916,2.224224951
0.041906607,2.225967531
0.044656923,2.21920543
0.044510681,2.210733808
0.045104271,2.198183609
0.046642937,2.195776562
0.048376996,2.210417692
0.055036245,2.201730941
0.053552631,2.206330893
0.051009062,2.204647029
0.05009726,2.201210551
0.050022934,2.230956131
0.04778704,2.244720462
0.051229737,2.226240555
0.052321235,2.227214393
0.053080797,2.226697787
0.048888977,2.213177697
0.050959967,2.21742058
0.049240238,2.233434394
0.046537865,2.266535038
0.046297263,2.240853725
0.047717551,2.245275883
0.048612314,2.241273951
0.048265556,2.258331011
0.04505864,2.230499063
0.043549785,2.223683838
0.048014741,2.232136382
0.043461232,2.232918939
0.044273127,2.223048811
0.041668791,2.213281972
0.042284633,2.244676383
0.045498233,2.224300608
0.045265931,2.256054719
0.044173483,2.22247316
0.0481984,2.232170921
0.037746077,2.235235198
0.038273256,2.235943743
0.039931609,2.233861364
0.040448876,2.230217652
0.039678119,2.231868621
0.042978327,2.236578441
0.040525451,2.239514595
0.038802704,2.241594014
0.046562623,2.248695749
0.044444034,2.229788709
0.040457532,2.230999222
0.04073057,2.23468027
0.047713681,2.236978601
0.054564303,2.231279318
0.04780964,2.226169174
0.045309876,2.183425209
0.04748527,2.186072386
0.046409891,2.224048308
0.046789081,2.231495599
0.050420751,2.220742256
0.055365698,2.225400761
0.056077235,2.230121764
0.054995724,2.213939366
0.054388293,2.215756617
0.053698076,2.221029589
0.05969495,2.213817493
0.057466987,2.211888072
0.062846238,2.210091709
0.059556419,2.224481198
0.058196461,2.223978572
0.059748784,2.229091019
0.059701133,2.225050764
0.051457417,2.23154971
0.051624773,2.233086207
0.047325321,2.244135764
0.047638815,2.225306025
0.052155693,2.222696019
0.054293403,2.254010497
0.049103207,2.2583144
0.048761367,2.254576774
0.05104595,2.26593636
0.057104758,2.248175853
0.067039595,2.242075588
0.060459293,2.261517491
0.058971263,2.253509022
0.079051236,2.252576466
0.068136952,2.257885292
0.071590977,2.255166406
0.0710418,2.259084128
0.089126213,2.253379911
0.091765598,2.246333932
0.090953867,2.255490251
0.08464833,2.255877089
0.082831167,2.2551419
0.079328315,2.248962852
0.065395359,2.287931362
0.087277466,2.298693092
0.06049155,2.289930519
0.072305587,2.272538594
0.073747683,2.284480904
0.073112507,2.276005499
0.07026595,2.22207596
0.072217924,2.233368277
0.069047027,2.222952595
0.068269656,2.212102379
0.060809124,2.214670444
0.051140958,2.226094997
0.05567049,2.229065361
0.051958157,2.219876969
0.054938472,2.231988192
0.046864553,2.234671882
0.048012706,2.226761602
0.050278986,2.220310517
0.055678992,2.229343647
0.053692931,2.225054547
0.045852295,2.229233451
0.065068388,2.222624309
0.058446916,2.226786437
0.056621087,2.233065319
0.043248816,2.227281169
0.04342751,2.221493235
0.047065923,2.214361895
0.051260827,2.213045132
0.049454375,2.218956584
0.048193887,2.226030688
0.048834819,2.223546668
0.055491283,2.227845472
0.05842701,2.226912258
0.053594931,2.221595537
0.05407906,2.211888072
0.050478819,2.209505366
0.054556594,2.21222047
0.051404406,2.220616106
0.046350737,2.212076392
0.044485219,2.236783537
0.052447652,2.187824835
0.049666811,2.19424286
0.058907952,2.222475791
0.057923304,2.217676663
0.055578844,2.216140002
0.058522599,2.223164929
0.079289412,2.213056152
0.076846196,2.226434796
0.08434121,2.241933648
0.068107723,2.22555191
0.065547238,2.23099363
0.066073986,2.224664584
0.0646876,2.234507739
0.055855033,2.219400987
0.054960671,2.222859011
0.060537057,2.229086742
0.062306076,2.213642001
0.062226595,2.225676909
0.049471408,2.229711078
0.055678437,2.225136783
0.052208982,2.214943139
0.057019171,2.217370581
0.055915867,2.220302294
0.048366603,2.238110168
0.054190412,2.23502747
0.048780662,2.236829261
0.054828271,2.218409386
0.054146632,2.211932973
0.046132786,2.210245655
0.058274755,2.226558808
0.05131941,2.242586438
0.052441093,2.249196073
0.056780692,2.262161893
0.054372493,2.244534444
0.04487438,2.249632253
0.043147049,2.242329861
0.045063266,2.250671058
0.048811156,2.255833175
0.051336782,2.239866729
0.051120286,2.210945483
0.048999636,2.219918416
0.04556065,2.234518265
0.046668826,2.225778717
0.048577015,2.223424959
0.051269457,2.237294881
0.046660633,2.226842851
0.04559873,2.238010498
0.051277043,2.234969083
0.05084185,2.246822578
0.050877916,2.243888727
0.045539633,2.240434651
0.045549718,2.239490417
0.044795593,2.240814088
0.047234933,2.253863294
0.044253648,2.249971558
0.048646638,2.26489591
0.047997677,2.258923275
0.045342406,2.259751885
0.045040255,2.240194028
0.045621674,2.25657774
0.051709789,2.21612635
0.04604265,2.216761377
0.049459402,2.244611746
0.047593719,2.259681326
0.045497847,2.26562485
0.047362944,2.242161442
0.048971197,2.25462924
0.048340607,2.262974713
0.046931128,2.244592009
0.050581743,2.239573147
0.049120435,2.231504645
0.051948906,2.243433139
0.043829957,2.252631564
0.047162232,2.246310412
0.052021217,2.261168975
0.061810975,2.249791462
0.062887572,2.238135333
0.075005179,2.243060939
0.062849954,2.251448023
0.061381472,2.234673526
0.058807423,2.24851483
0.053173076,2.262022091
0.061331822,2.236945378
0.067344593,2.219513815
0.063895086,2.213115197
0.061541883,2.220327129
0.060840261,2.183047911
0.051506224,2.181984106
0.051728637,2.21031243
0.062567484,2.18718471
0.061712045,2.212410271
0.050267807,2.16562046
0.052057735,2.20040727
0.067278501,2.181377533
0.055751976,2.1880023
0.056188572,2.203144577
0.048648072,2.235664141
0.047562819,2.219145727
0.048241517,2.194502891
0.050100364,2.208241728
0.043832101,2.180105836
0.082741694,2.213054507
0.069188257,2.208299458
0.070235779,2.227690869
0.065642879,2.209415565
0.063440352,2.221314948
0.070778856,2.21511419
0.051674186,2.219823351
0.054871208,2.172767261
0.058960269,2.203122538
0.065548775,2.189162979
0.077738611,2.198794129
0.082930169,2.205287483
0.082929243,2.205101465
0.071391837,2.195416368
0.073817527,2.182881958
0.058414623,2.175052105
0.071725371,2.180406162
0.067170618,2.182970609
0.057493467,2.190242902
0.068043969,2.172187168
0.07069223,2.19540946
0.060506424,2.211239888
0.062225768,2.188851304
0.058872148,2.205681886
0.063077471,2.199986057
0.084117199,2.164274421
0.097627585,2.187071224
0.049894291,2.191546342
0.047562336,2.19387214
0.057065074,2.186954285
0.054618574,2.189061993
0.072463285,2.201499528
0.058408625,2.191125294
0.058463034,2.194457661
0.049766548,2.200599044
0.051815756,2.201465647
0.050566396,2.171070403
0.052624074,2.166993636
0.059345457,2.201151177
0.055103818,2.16894559
0.063229175,2.180127382
0.062745618,2.171909704
0.065230676,2.206791085
0.081522957,2.216214507
0.066559671,2.195092523
0.063106017,2.170596231
0.068103811,2.197948907
0.064172582,2.210561441
0.058853383,2.191906371
0.061314017,2.203318917
0.058975935,2.216309408
0.066803491,2.208883333
0.067944597,2.210669335
0.067119405,2.213200394
0.065456008,2.199789678
0.059527667,2.195807482
0.064722627,2.201285057
0.074958885,2.214916495
0.064954713,2.172049012
0.067015649,2.180924577
0.053845083,2.18375218
0.052854345,2.219200332
0.048226705,2.210568349
0.055940816,2.225279216
0.053673513,2.220989951
0.053077117,2.188323678
0.065264573,2.181033622
0.055568256,2.218273039
0.058763823,2.224540737
0.055899343,2.238576117
0.054653139,2.235994894
0.051942856,2.217263016
0.054137355,2.217926661
0.055812831,2.183446755
0.063539159,2.192110152
0.067781302,2.192104231
0.069890003,2.226734628
0.070101776,2.218190803
0.07026561,2.221954415
0.074206302,2.23602746
0.061676324,2.223538773
0.061447194,2.215623724
0.057428048,2.222023493
0.071751913,2.22034078
0.05940053,2.210745156
0.060917974,2.201820907
0.069361899,2.214762713
0.061531316,2.212460106
0.059164585,2.217987186
0.064124463,2.202819252
0.062787255,2.203882727
0.060004456,2.208898465
0.061397168,2.203996213
0.067044807,2.201277162
0.071697462,2.213877196
0.080797224,2.215843294
0.068226569,2.220356076
0.060850623,2.221879416
0.070292445,2.217675676
0.072954409,2.207971172
0.075661299,2.199014028
0.059888873,2.181493979
0.064851039,2.220614133
0.068440599,2.229155656
0.075589543,2.22206494
0.057606223,2.225803882
0.063683822,2.230850869
0.063245967,2.210371805
0.062481347,2.217905937
0.061093789,2.216143127
0.066464797,2.212179516
0.0615024,2.213762395
0.065180949,2.219193259
0.061668691,2.282488162
0.053116158,2.246258604
0.060791994,2.286575948
0.058604455,2.292555656
0.062484056,2.285235173
0.075039569,2.268998499
0.086187752,2.265315149
0.084986279,2.317880558
0.068415964,2.244124251
0.07326819,2.220073513
0.060659506,2.229248418
0.063271126,2.218910861
0.06470691,2.226936436
0.067436898,2.232742625
0.061080411,2.22961552
0.058185267,2.232514503
0.078954403,2.236044071
0.061412413,2.228435762
0.061940733,2.228493821
0.064452862,2.217843438
0.06775952,2.224898463
0.060559744,2.215376029
0.061330007,2.218085047
0.063831122,2.214090845
0.064706653,2.224819846
0.057386642,2.208806689
0.061924897,2.20742052
0.05621223,2.217758899
0.058225784,2.216334078
0.057220886,2.213235755
0.059076402,2.23397156
0.061458958,2.217217293
0.053776637,2.173965768
0.065800309,2.184872398
0.058216013,2.221373171
0.064500791,2.215705467
0.074645237,2.212713557
0.059446438,2.196930826
0.059091723,2.209175929
0.06175528,2.218196395
0.063015495,2.215525863
0.06269883,2.203098854
0.069740009,2.196958293
0.074547109,2.207365422
0.077116218,2.209292375
0.062834936,2.21355368
0.064962556,2.212703524
0.06461884,2.218170408
0.064331569,2.225141882
0.059041267,2.207587294
0.061982185,2.211848763
0.080150674,2.176737779
0.070269213,2.185387031
0.078464862,2.223590582
0.074351598,2.213537068
0.067063809,2.21307375
0.06181891,2.218912177
0.063720895,2.207558512
0.066627614,2.177425436
0.062867214,2.235301974
0.065054871,2.222923155
0.056054209,2.221976125
0.057780065,2.222204577
0.052703956,2.22566885
0.055419989,2.208958497
0.053765509,2.209958816
0.05734887,2.209260303
0.05414857,2.214739852
0.06703903,2.22688989
0.058370997,2.223054732
0.060016318,2.22392923
0.049749993,2.239005225
0.049916413,2.229697591
0.048535033,2.224698301
0.06304507,2.233468276
0.071842624,2.228730496
0.071072227,2.224667051
0.054750578,2.219004774
0.060760302,2.216670259
0.051909921,2.229220951
0.06183508,2.222513291
0.049958636,2.222591908
0.053315565,2.224780866
0.051842554,2.220049007
0.046936067,2.216085397
0.056927658,2.214501367
0.049609261,2.233590314
0.048697994,2.223931204
0.046887301,2.211754685
0.046873116,2.182474232
0.043799756,2.178256184
0.052374544,2.218452149
0.052307624,2.200440658
0.051395278,2.20917889
0.047378487,2.21201636
0.055360903,2.197149738
0.054069484,2.198853668
0.051406868,2.212885595
0.052240756,2.201972879
0.053036318,2.181692333
0.050238408,2.239144368
0.052740736,2.219253127
0.048390935,2.245306969
0.048788207,2.233222884
0.046162807,2.233165318
0.05017173,2.235891277
0.049490775,2.235320395
0.046807769,2.22906092
0.045317694,2.238806707
0.045375866,2.246222255
0.044634159,2.227401233
0.046174161,2.212903357
0.049910307,2.220896038
0.04626773,2.214362553
0.045248405,2.21978503
0.046500222,2.215174716
0.048708962,2.236341766
0.042997701,2.22195902
0.047740351,2.217954127
0.047584704,2.218081922
0.065773634,2.225194019
0.052083542,2.24335814
0.051687262,2.228839376
0.04621917,2.214459262
0.047050858,2.225770823
0.045439398,2.21842534
0.044695311,2.223840086
0.047185612,2.224031367
0.049131871,2.216901507
0.061601679,2.22008552
0.054808231,2.178261447
0.05888932,2.212735432
0.052871018,2.196332477
0.053017753,2.180633791
0.055169879,2.217848536
0.05096559,2.230815507
0.05913038,2.219056419
0.053514361,2.211050252
0.053063903,2.2052212
0.05165815,2.211419985
0.052818958,2.213018652
0.050514962,2.219915949
0.050787467,2.199475536
0.050360472,2.215627836
0.051275995,2.198793471
0.051244807,2.194825585
0.047034458,2.199851684
0.046568519,2.196906977
0.048997575,2.163464726
0.04425208,2.206291091
0.042833969,2.20268126
0.042487853,2.179842845
0.045034334,2.216950684
0.043253792,2.205178109
0.04447129,2.221598826
0.042348368,2.241311286
0.045076511,2.200950028
0.046477293,2.200250693
0.057496022,2.211039561
0.052545204,2.200799371
0.05520303,2.21560777
0.04970118,2.209422802
0.050709671,2.228574083
0.050625487,2.215692144
0.049899225,2.226595814
0.047275938,2.218338827
0.05460151,2.231510401
0.048349303,2.241257998
0.049869189,2.22337463
0.057596447,2.246768467
0.061253559,2.229436739
0.062800083,2.228090207
0.066793581,2.207966731
0.081801958,2.228575234
0.073388707,2.215688526
0.069610148,2.2093205
0.071307705,2.209150107
0.055078129,2.171821876
0.057839532,2.220441931
0.07799216,2.219769405
0.081476164,2.219203128
0.07292119,2.222621842
0.062966827,2.205628104
0.065908599,2.208007849
0.063381816,2.222308523
0.056729911,2.24139895
0.071689737,2.221730404
0.066584666,2.214135253
0.072407616,2.218390636
0.079641089,2.201953471
0.068733158,2.199126033
0.067376717,2.210213912
0.067170438,2.20658089
0.072589769,2.220399003
0.073107604,2.214500709
0.072406794,2.208852742
0.075721716,2.218071396
0.067524299,2.184950687
0.076225628,2.214962876
0.066530611,2.210565717
0.056254078,2.223014437
0.068159629,2.226119832
0.062993096,2.217929621
0.069379487,2.215396259
0.065319177,2.198777846
0.067408933,2.202126331
0.069842825,2.192412123
0.068128256,2.206872335
0.073373853,2.184977825
0.053593559,2.192565246
0.056176041,2.196682473
0.054311597,2.19463529
0.053058383,2.209681845
0.054696585,2.199262216
0.052533568,2.174390928
0.04598176,2.194091711
0.047258232,2.211695969
0.051219586,2.199882604
0.058137632,2.216997887
0.05305848,2.201533245
0.052317046,2.169720253
0.052229243,2.209090404
0.048545528,2.193093366
0.051324966,2.1859714
0.052998109,2.200631939
0.052092716,2.200418783
0.046232482,2.186128306
0.052689009,2.181334935
0.055508213,2.195524755
0.052768434,2.1883495
0.058022394,2.189065282
0.050074352,2.185295914
0.058872272,2.191735978
0.054827402,2.192308834
0.057682872,2.20812594
0.059784639,2.210168024
0.055730286,2.193367869
0.054939567,2.187623357
0.055918118,2.180488891
0.058995877,2.161967044
0.058395046,2.172611177
0.053577436,2.194551574
0.054816218,2.17611739
0.054995426,2.202556261
0.058934252,2.196080012
0.052979739,2.188971862
0.052848439,2.168185565
0.054220644,2.177125275
0.054183129,2.184827826
0.062756498,2.194567857
0.058954492,2.191081215
0.05759803,2.195022129
0.060741048,2.210323286
0.059704536,2.216118127
0.063601355,2.199456786
0.063256796,2.211754192
0.058231463,2.217244102
0.06451933,2.204581569
0.056220115,2.208672151
0.057498134,2.204148185
0.053921526,2.212758951
0.064211253,2.236737321
0.06878876,2.240003405
0.061694868,2.212909607
0.063056711,2.237466918
0.063913934,2.245622755
0.067576052,2.222046026
0.061968585,2.230393801
0.06550556,2.25058767
0.067984143,2.217938174
0.074393893,2.210409962
0.068266145,2.190366091
0.071662815,2.21083907
0.048287929,2.209622306
0.046515985,2.217698209
0.04844756,2.209872632
0.057204197,2.171940954
0.047041196,2.213006317
0.04469434,2.192112455
0.056002174,2.18495118
0.047677096,2.159284835
0.05484205,2.211614062
0.048239472,2.199408103
0.046889748,2.198801859
0.050035968,2.199324387
0.049704938,2.161846815
0.05331335,2.188512328
0.046660274,2.192997972
0.05035985,2.199006791
0.049029297,2.209261948
0.052360184,2.170758071
0.051300676,2.183196264
0.055346681,2.183721917
0.05826721,2.177872635
0.054668255,2.183323566
0.057756854,2.212331653
0.061918961,2.168245926
0.061142185,2.20093835
0.063700516,2.212850562
0.051818803,2.21773538
0.052962809,2.196978358
0.052011745,2.180518825
0.047262488,2.213365688
0.047584056,2.174176128
0.050655894,2.176894521
0.046948516,2.198851859
0.044446517,2.196396292
0.04653787,2.214053346
0.049332794,2.199050212
0.045230035,2.202648365
0.049259244,2.189029099
0.044830117,2.191082531
0.048417323,2.169647885
0.048417179,2.196818327
0.049249854,2.164075575
0.045567532,2.209673292
0.05289848,2.213191677
0.053444974,2.20456249
0.052858729,2.20100858
0.049644119,2.170819255
0.046728329,2.199316327
0.045204625,2.200422073
0.044524728,2.199753658
0.045194761,2.207634169
0.043996347,2.183607609
0.042699572,2.215479647
0.046346697,2.210714729
0.045395314,2.206797335
0.046225137,2.188015458
0.045739683,2.196538231
0.041686112,2.170783729
0.042640586,2.214858765
0.048051033,2.212349416
0.046678628,2.215776518
0.041203682,2.221180574
0.04269893,2.216959072
0.042684839,2.211717679
0.040334283,2.203085367
0.038958966,2.211717021
0.039604672,2.215487541
0.037462941,2.215820268
0.03873009,2.21912599
0.03894744,2.179073939
0.039552455,2.188278777
0.039819195,2.216471906
0.041209472,2.231074386
0.040901619,2.227395641
0.044159863,2.221429914
0.049970904,2.212175733
0.042714475,2.176315908
0.045793182,2.227876228
0.042865018,2.217302325
0.043034183,2.217390482
0.03954858,2.223767554
0.045006816,2.219841937
0.045592306,2.219768911
0.042886641,2.21192442
0.039307795,2.219741938
0.040318028,2.215254978
0.042468859,2.207686964
0.04071788,2.201423871
0.041794018,2.216112535
0.042633131,2.225135138
0.04536848,2.217768932
0.043887487,2.217344759
0.039527931,2.213105823
0.044476954,2.228458295
0.044134426,2.189512153
0.045159127,2.163813735
0.040083111,2.194128223
0.03946611,2.192586956
0.039877177,2.186888989
0.038712785,2.165417995
0.03892834,2.187112671
0.03921805,2.190506715
0.040664412,2.203356582
0.041892221,2.195990211
0.042001623,2.196786255
0.040036252,2.186581591
0.040178022,2.189347352
0.043312806,2.19276327
0.042200485,2.184160235
0.04322432,2.203378621
0.046207092,2.202582083
0.03875923,2.1933006
0.03804345,2.165794471
0.043481734,2.200173391
0.04449905,2.177407838
0.043534149,2.202273369
0.04604394,2.18062639
0.049689544,2.209097805
0.045007808,2.207917554
0.044640691,2.215212215
0.045927664,2.21711861
0.045715911,2.222676282
0.046195692,2.209702075
0.043973968,2.21378723
0.040659701,2.210483317
0.048288263,2.208560639
0.047517368,2.22544155
0.046364774,2.222116913
0.04938468,2.220479266
0.045231557,2.218517937
0.047799776,2.229901043
0.047136641,2.233943929
0.045807327,2.227366694
0.046434577,2.251329768
0.048441855,2.245870285
0.048220105,2.240104062
0.04572394,2.238322995
0.046683181,2.215932438
0.046957623,2.227262419
0.050340437,2.245589038
0.048279582,2.234541455
0.051516175,2.246738862
0.049866994,2.243731821
0.049149259,2.245277857
0.045826385,2.23983367
0.046887877,2.247896909
0.043845716,2.238272009
0.044887404,2.241248294
0.043114502,2.242428216
0.046502848,2.24390172
0.04770779,2.246604982
0.045140691,2.242935283
0.046268398,2.249638174
0.045932906,2.243659946
0.044543941,2.269105242
0.043848116,2.249384887
0.045327742,2.241477897
0.043537079,2.239693869
0.042172748,2.24196276
0.041858067,2.234529449
0.040455486,2.250559217
0.045613564,2.254935323
0.04269111,2.254011155
0.043677384,2.267668908
0.04163952,2.247973882
0.042754632,2.241978056
0.04420226,2.242174929
0.044587814,2.24757257
0.041848767,2.24641222
0.044677096,2.246978497
0.046440488,2.236354759
0.041884814,2.242471472
0.043324741,2.230645279
0.046458441,2.228214383
0.045416346,2.222229905
0.041307574,2.231255305
0.040751983,2.234450009
0.039061702,2.232145921
0.039899139,2.235961177
0.042109992,2.231288858
0.040848448,2.224776425
0.047828153,2.224587776
0.047215068,2.22506458
0.044959212,2.219851147
0.045452504,2.216537201
0.046261043,2.223361144
0.046933523,2.227926886
0.044445741,2.218447214
0.038956663,2.221814285
0.040305112,2.226102398
0.03903092,2.215042645
0.038372333,2.207722984
0.038682948,2.210257168
0.039092877,2.21354595
0.037912998,2.213675882
0.040009443,2.209033332
0.039012763,2.219740458
0.040624314,2.219858713
0.042549209,2.222435495
0.041848715,2.219375001
0.040465966,2.222386812
0.038329274,2.232066481
0.037817594,2.208813926
0.045289903,2.217530283
0.044343151,2.208157354
0.040399812,2.229741176
0.041158105,2.211870802
0.039412577,2.223068548
0.041207886,2.245619794
0.038560309,2.221939283
0.038571973,2.220894229
0.038925177,2.226028386
0.039503753,2.216563517
0.039732354,2.219134707
0.040575111,2.221197844
0.040832767,2.229701374
0.039420245,2.209727733
0.038783058,2.211444162
0.042621065,2.200745589
0.048049938,2.203535692
0.041601401,2.192188441
0.043296369,2.180186921
0.043961802,2.217043611
0.039974187,2.219790622
0.042479265,2.212729346
0.044227671,2.208237123
0.046311511,2.219707728
0.043392637,2.180780829
0.0425043,2.215508265
0.042402138,2.208314096
0.047241995,2.208891228
0.045119228,2.180264222
0.044412985,2.214574722
0.050430619,2.246315182
0.046882557,2.222487798
0.047672573,2.211623601
0.046264256,2.210328878
0.046383359,2.21728522
0.045072291,2.215716815
0.050693455,2.217636697
0.04825541,2.226952718
0.052574408,2.229881964
0.053130195,2.212962403
0.048441993,2.219007242
0.048207395,2.217373377
0.053567942,2.22685239
0.050334763,2.211491859
0.046335688,2.2095978
0.04697164,2.232550851
0.048026568,2.222259675
0.054877643,2.234129289
0.052009786,2.229090854
0.04974456,2.223709331
0.050730112,2.231825201
0.04490158,2.233016307
0.044517219,2.236258049
0.045963755,2.226859627
0.048370001,2.223559168
0.045508045,2.213804171
0.044801581,2.227053046
0.042607185,2.223438117
0.04517429,2.231994607
0.045647645,2.209804048
0.044488539,2.217605282
0.043564109,2.211752712
0.046182282,2.217552322
0.04586703,2.205279259
0.044439131,2.226529532
0.043314076,2.18217917
0.045615486,2.221957046
0.043798775,2.232354965
0.045365334,2.231324219
0.045881442,2.247612537
0.043913746,2.234048533
0.043787375,2.22840221
0.043770542,2.224185642
0.042995889,2.222066749
0.043669937,2.231800365
0.042921666,2.212819312
0.041649224,2.221930566
0.043945396,2.218104784
0.042395163,2.186751162
0.04498636,2.19281952
0.045835668,2.221757213
0.044686003,2.224346989
0.045177343,2.208273965
0.047189431,2.186593598
0.049324421,2.212446948
0.048048499,2.213688053
0.051135839,2.209361453
0.053943864,2.21791597
0.04730727,2.227400247
0.050419075,2.218905762
0.048598648,2.206943222
0.048155175,2.211616035
0.046708212,2.178103061
0.044254542,2.194563416
0.040209112,2.209543853
0.041959618,2.217244924
0.041096258,2.210289404
0.04943304,2.231678327
0.040963273,2.230328999
0.042510941,2.2211462
0.041469481,2.214198245
0.042598443,2.228449742
0.041927235,2.210545487
0.040236933,2.209284645
0.042333836,2.211142521
0.041973277,2.180533792
0.039134347,2.217469264
0.037881844,2.211239888
0.0372471,2.211215546
0.039357232,2.207063944
0.042679661,2.209794508
0.048527128,2.198785905
0.046409017,2.173787809
0.04003029,2.196956155
0.038999613,2.168932597
0.042019781,2.206484016
0.049471382,2.181880653
0.042163481,2.195722615
0.042813706,2.194422793
0.041219289,2.190523491
0.047580936,2.198465843
0.047755076,2.206364774
0.047409084,2.213403352
0.047136091,2.207561966
0.045114509,2.210689236
0.040480848,2.218586358
0.040686268,2.201191308
0.040332438,2.214296106
0.045799967,2.216242139
0.047950757,2.228656977
0.043446584,2.226023123
0.044344981,2.229295293
0.053822766,2.232209901
0.045243687,2.247582439
0.044717638,2.24146918
0.045106275,2.230559095
0.045193034,2.215320438
0.050373794,2.219436513
0.042006182,2.214632616
0.045394559,2.210555027
0.04726736,2.22174422
0.047345731,2.214315349
0.063475894,2.210542856
0.064450334,2.236779755
0.057481625,2.232628317
0.058370252,2.241359477
0.059004528,2.223215093
0.054873362,2.24574874
0.059312707,2.196562409
0.059379282,2.201782091
0.071063176,2.235869731
0.061482653,2.165333127
0.063818026,2.220230749
0.058773085,2.188899988
0.058658319,2.192054067
0.047470509,2.158815103
0.062100713,2.193685794
0.063862845,2.160099136
0.06909973,2.190995526
0.068907755,2.212452375
0.058635504,2.150829824
0.05494779,2.198354495
0.056848634,2.193267541
0.058261788,2.191113781
0.057861067,2.18934472
0.053571746,2.177685137
0.053325372,2.187486516
0.059468745,2.156192762
0.060608957,2.159035824
0.056609389,2.190855724
0.061049706,2.191828412
0.066515151,2.18861134
0.06078046,2.190767238
0.057776647,2.201380944
0.061393478,2.178011943
0.062593275,2.214175548
0.062171143,2.213470128
0.059541842,2.214094793
0.054898084,2.203844405
0.056092351,2.163885774
0.056896403,2.197595786
0.062113151,2.192828895
0.065617303,2.202123864
0.080513453,2.188493578
0.064378701,2.189060513
0.049602893,2.184018953
0.044966366,2.195120154
0.045447935,2.176319855
0.043882979,2.168778157
0.047853281,2.198772748
0.044656393,2.194463417
0.054231263,2.163987747
0.054647953,2.197760587
0.061444552,2.194763085
0.061875993,2.204421373
0.058307583,2.209021654
0.055916684,2.218921552
0.059883785,2.225590726
0.057262101,2.236254595
0.052180143,2.222210662
0.052537695,2.213131316
0.053578397,2.209965395
0.051735221,2.212639873
0.057015332,2.219281087
0.057214281,2.237418399
0.055586651,2.220433871
0.051712683,2.233661695
0.05252318,2.225835131
0.050127913,2.212020636
0.053559786,2.215670105
0.05684758,2.232096415
0.064704947,2.22959529
0.057931903,2.22998295
0.050802716,2.226003551
0.050217463,2.214436401
0.052685345,2.224165741
0.055417553,2.215394943
0.056026711,2.212079188
0.053372976,2.206069218
0.058024727,2.205743234
0.05400792,2.210568678
0.060409643,2.176992546
0.05721462,2.229911405
0.059534276,2.220704099
0.057199905,2.229779663
0.05139369,2.235249178
0.053901923,2.235438321
0.06029645,2.223746173
0.054470313,2.231139681
0.055596365,2.239858505
0.048906652,2.237456063
0.063173137,2.220664297
0.048972086,2.215702506
0.056251267,2.232796079
0.062008274,2.236244069
0.068035699,2.229496771
0.079326079,2.232343452
0.060819342,2.235613977
0.050526917,2.233300843
0.064800808,2.22889579
0.059163017,2.239693376
0.063267981,2.244150402
0.053644263,2.242698772
0.06751256,2.249568767
0.056801354,2.230841987
0.062840816,2.236745051
0.06516278,2.242993999
0.052479107,2.240566228
0.046054945,2.23729817
0.048983271,2.238520526
0.045883025,2.240738595
0.049743522,2.236878767
0.043966372,2.235269079
0.04862926,2.221411986
0.053973376,2.230816165
0.05698936,2.231511553
0.050324812,2.24616469
0.048025453,2.230910901
0.048997585,2.236545217
0.051531723,2.256302414
0.050011282,2.255394035
0.046161337,2.254637135
0.048859757,2.267097532
0.057188685,2.277411899
0.047469465,2.255484824
0.046829017,2.246050053
0.04811895,2.238230726
0.043465858,2.23284542
0.04487125,2.240796818
0.045651459,2.231621255
0.047001527,2.230722909
0.047905568,2.265588173
0.048835667,2.233779621
0.04673905,2.231701682
0.048378158,2.242194172
0.047654471,2.231488691
0.048135258,2.249056436
0.044860318,2.263282769
0.047835986,2.253681882
0.044871636,2.248598382
0.047395119,2.245070294
0.049247418,2.230109922
0.044551121,2.225581351
0.047504493,2.239637784
0.047388072,2.254938448
0.047348686,2.242213415
0.059626047,2.261280323
0.053155652,2.278855305
0.046757045,2.264747228
0.048424534,2.251859861
0.047700055,2.295869766
0.048025848,2.256765731
0.047634369,2.249570082
0.053011575,2.243690538
0.044955814,2.246416168
0.045832034,2.267983543
0.046894363,2.245607459
0.044260422,2.242462261
0.045181347,2.26315152
0.048858107,2.258656501
0.048330687,2.251964465
0.046014274,2.251223684
0.04867485,2.255335812
0.057282506,2.265741296
0.055618543,2.264932587
0.049735565,2.277459596
0.048648102,2.246018803
0.050103057,2.246546594
0.049199351,2.259652708
0.047665187,2.267066118
0.047769616,2.260878189
0.047074306,2.255316075
0.046555988,2.261459597
0.048801349,2.260987563
0.047982412,2.252878436
0.051155025,2.265088342
0.051121339,2.239836137
0.049060331,2.251106415
0.04988488,2.244237736
0.048595153,2.261069799
0.04788762,2.283039965
0.050571093,2.274940378
0.051013045,2.301361486
0.053446264,2.291055507
0.052540234,2.283170392
0.050660993,2.283410685
0.052214312,2.303333834
0.05202152,2.317285827
0.046837194,2.299058385
0.049064376,2.288981351
0.048378312,2.280071082
0.051816136,2.29329282
0.050456477,2.28291069
0.050940019,2.277188052
0.049056563,2.282052147
0.047755554,2.277098086
0.045479611,2.270863118
0.047327978,2.275675733
0.051434309,2.242295487
0.04808935,2.258153217
0.04769252,2.255589921
0.049058239,2.265083408
0.049193389,2.249035219
0.04933725,2.25195213
0.050096623,2.25356708
0.049065866,2.285843719
0.049852695,2.264953146
0.05025688,2.256698298
0.051694905,2.256706686
0.051454513,2.249948697
0.050779037,2.252860509
0.051164698,2.286178749
0.05151359,2.264875516
0.051613142,2.26031882
0.051494696,2.272444352
0.051500853,2.269140932
0.051044161,2.264959067
0.051215423,2.268500971
0.054918525,2.220491437
0.0530846,2.229082137
0.055479775,2.214006142
0.05680436,2.233279626
0.053853137,2.226517197
0.054874919,2.216762199
0.052790067,2.212849575
0.053444321,2.218113994
0.053530556,2.21377177
0.052925242,2.206419708
0.054126248,2.21852172
0.053230986,2.214710411
0.05454286,2.222268063
0.053065491,2.219016288
0.054644386,2.208692875
0.05544115,2.213555324
0.054966977,2.178232665
0.051251298,2.230337716
0.055080648,2.220563804
0.054523093,2.212032972
0.053280204,2.20651872
0.049622213,2.218579614
0.050267781,2.211106172
0.052672228,2.228145469
0.052287482,2.182454989
0.055914418,2.187602469
0.054556347,2.19206887
0.052025298,2.171616121
0.051593163,2.199762375
0.053850855,2.201910708
0.054160221,2.186237516
0.052108629,2.20962576
0.054158608,2.19194897
0.049909613,2.171237507
0.049395293,2.208355543
0.048533501,2.209952401
0.051110176,2.201033579
0.054764913,2.200148556
0.051787302,2.197876211
0.055673939,2.205337318
0.053722073,2.194277728
0.055589688,2.213150888
0.057491678,2.178649766
0.060949907,2.1923164
0.063461872,2.21380746
0.057486503,2.215805301
0.056793855,2.211604029
0.057154598,2.177174452
0.070843565,2.213869959
0.082676712,2.180370636
0.06341031,2.234266294
0.068229915,2.229522264
0.062736988,2.216011549
0.049894656,2.216330625
0.051423803,2.221348336
0.070083057,2.22044522
0.044916804,2.221748825
0.047071489,2.222005401
0.04383759,2.191531704
0.045778174,2.205974646
0.046585685,2.174702767
0.047420874,2.229414535
0.049594294,2.22649417
0.04623222,2.217846398
0.04825062,2.217151998
0.048496459,2.216843942
0.052544947,2.220148677
0.055404221,2.20366842
0.052249725,2.213453681
0.051021875,2.214579162
0.0532808,2.215111229
0.052406385,2.208095348
0.05267303,2.211763567
0.052422935,2.210709959
0.056164441,2.216394111
0.054309696,2.171903783
0.052952015,2.182273577
0.050935753,2.198488704
0.050851189,2.184552171
0.049613687,2.186815964
0.051755163,2.167483105
0.049628849,2.205748826
0.052080838,2.206667896
0.051335189,2.204878605
0.053972944,2.210501738
0.053757944,2.210128551
0.054485552,2.1804782
0.054632112,2.226320159
0.053422133,2.234740138
0.052499959,2.21698292
0.051988328,2.207558347
0.05159267,2.210709959
0.049914614,2.214253015
0.049195511,2.209736121
0.05024954,2.184171748
0.048837512,2.23040811
0.052504497,2.221634517
0.049145604,2.227702875
0.050547646,2.21989687
0.048979853,2.22002006
0.050824915,2.225111619
0.051529585,2.218241624
0.051053022,2.224448139
0.053325171,2.217867122
0.040821896,2.213844137
0.043139057,2.217593769
0.041932555,2.223843869
0.044131579,2.219049675
0.044009648,2.217512027
0.045584894,2.218553299
0.04832383,2.253331228
0.046642207,2.225040403
0.043237031,2.209606023
0.046905902,2.228939375
0.044173951,2.221326625
0.047577272,2.208592547
0.047123771,2.231363857
0.042757549,2.222825459
0.041580138,2.220436832
0.043536874,2.219675162
0.043567039,2.218981419
0.045050571,2.222678256
0.045802984,2.231864674
0.045435127,2.245267989
0.046845644,2.231802832
0.04699115,2.219299179
0.048376904,2.225380531
0.047743985,2.220646205
0.045633418,2.220445056
0.044556451,2.212236917
0.04439313,2.213091678
0.044801591,2.209091062
0.04408676,2.204726304
0.046042419,2.169359566
0.046374745,2.182304826
0.049488996,2.217673703
0.049226776,2.233176338
0.049277758,2.234528627
0.046249597,2.231405468
0.046661466,2.209306849
0.049302742,2.222371187
0.046925125,2.21120025
0.047460579,2.182519133
0.046089355,2.170900175
0.045535768,2.210817853
0.047000705,2.215450371
0.046406971,2.215384582
0.049901595,2.215573396
0.047230051,2.208816393
0.053816187,2.179779195
0.044947051,2.216556774
0.048713223,2.210114735
0.044893053,2.174763293
0.048271806,2.210049275
0.04686042,2.213438385
0.054462202,2.209207837
0.044753684,2.189264951
0.044993638,2.189659026
0.048262642,2.196716683
0.046522384,2.187545561
0.046555032,2.207573972
0.047705534,2.19532081
0.047901939,2.202078799
0.048025334,2.206483029
0.047130283,2.177923293
0.048646566,2.207957521
0.04751175,2.208978563
0.047178576,2.210032335
0.047471932,2.227731164
0.04655496,2.255561797
0.047667305,2.210774761
0.047880918,2.220511996
0.048110192,2.228768489
0.045971527,2.231891154
0.044916074,2.219800325
0.046262226,2.223699134
0.046735119,2.181057306
0.045351781,2.203954108
0.046039438,2.207568873
0.047587818,2.20877215
0.044601819,2.180538562
0.049953342,2.223062298
0.049748209,2.210899595
0.048452597,2.223055884
0.052590938,2.231009749
0.048378209,2.220861663
0.047627657,2.230005154
0.046814507,2.232956768
0.044512994,2.221307876
0.047472107,2.222530067
0.045104662,2.219035366
0.044135747,2.222838945
0.045498675,2.230805145
0.044918412,2.236937319
0.044489464,2.238122339
0.045397149,2.231805793
0.04589975,2.233888173
0.044087068,2.221336165
0.044610531,2.230133606
0.044609801,2.235908875
0.043958945,2.235765127
0.042263878,2.257888417
0.042933781,2.234937504
0.042776838,2.241094841
0.043577097,2.244153856
0.044135567,2.241845162
0.044465935,2.266190634
0.04533375,2.269570697
0.042243941,2.229336246
0.042876169,2.243682808
0.04597035,2.247414842
0.047306648,2.237328598
0.048196868,2.237936979
0.047897493,2.238856542
0.048169314,2.235063818
0.047394194,2.240736457
0.046626274,2.243652216
0.047059185,2.227052059
0.04831204,2.226304205
0.047807805,2.21289464
0.046017409,2.217411534
0.05280821,2.23111534
0.052449913,2.241942365
0.052311608,2.242183152
0.046006672,2.229868642
0.046065928,2.210607164
0.045376811,2.215916155
0.047154394,2.21359562
0.045068411,2.181836081
0.044778909,2.209801416
0.043502848,2.204503445
0.045624085,2.191875451
0.045190079,2.198983601
0.041953494,2.174716583
0.042103701,2.194818677
0.045241394,2.194664402
0.041899825,2.206393063
0.044500448,2.214753832
0.045671828,2.238707366
0.0472624,2.213780487
0.047653448,2.219839305
0.04414046,2.218458563
0.046929036,2.220271702
0.044459289,2.231692801
0.044568041,2.223968045
0.044517121,2.218650502
0.044424524,2.240350935
0.044779978,2.214870936
0.043292905,2.297541131
0.043655396,2.269114123
0.042952738,2.263987038
0.041954188,2.253054915
0.042204455,2.252783042
0.042799266,2.231098235
0.04436481,2.247556123
0.044394749,2.240622313
0.044973017,2.251136185
0.047037927,2.246386892
0.04702113,2.227543666
0.049993283,2.231300864
0.051636584,2.223942059
0.046611055,2.221492578
0.043412019,2.237604581
0.046110845,2.236102623
0.045434793,2.224382186
0.046847232,2.236697025
0.043701957,2.24419152
0.044851416,2.244277539
0.043610542,2.253946517
0.044305888,2.243932805
0.043581754,2.239035159
0.045361942,2.250633723
0.041957459,2.25760569
0.040424414,2.279230136
0.041444024,2.275185771
0.041463517,2.269684183
0.043519368,2.243564717
0.045863612,2.239966893
0.043356006,2.273434473
0.043645733,2.243730176
0.044627693,2.24973587
0.045378261,2.237239125
0.046292262,2.21970559
0.058953891,2.268818896
0.047214272,2.22751439
0.048427957,2.233799522
0.050108593,2.262530474
0.045133891,2.278844943
0.04390618,2.255133183
0.043927299,2.282068594
0.042080798,2.267144078
0.045366753,2.297126332
0.043782805,2.259886916
0.043780909,2.260169479
0.044171535,2.24933571
0.045275204,2.248406279
0.044279526,2.263712863
0.045431827,2.257514408
0.044596937,2.268866264
0.044018972,2.286114605
0.045224685,2.273010793
0.045184718,2.282308723
0.048095944,2.285122016
0.048055145,2.298885196
0.047972549,2.287378407
0.046129219,2.271791562
0.049448156,2.308407794
0.053052086,2.309655972
0.050930233,2.266763983
0.051841305,2.280881764
0.052551968,2.291442839
0.049064453,2.291076889
0.044402551,2.267830419
0.043911988,2.28099525
0.046929987,2.264706274
0.043951353,2.283356409
0.042055318,2.272689415
0.043888001,2.253461325
0.04532342,2.27361457
0.041339669,2.258148118
0.042810758,2.260852531
0.043030678,2.267303615
0.043252579,2.281549191
0.043011786,2.269432047
0.04381111,2.260637566
0.044837122,2.240346823
0.044889851,2.255915082
0.044930296,2.25818973
0.044545159,2.250373199
0.042980686,2.24502161
0.04503932,2.257433323
0.045019748,2.242379696
0.04789499,2.247475203
0.044562901,2.255371996
0.04239605,2.251957558
0.043971162,2.266222377
0.044316157,2.244558786
0.042553069,2.250088498
0.040891182,2.232259736
0.041937466,2.243972608
0.041780634,2.242702226
0.043008091,2.263068627
0.045867077,2.244486254
0.04652995,2.235395394
0.044639113,2.226103878
0.048775414,2.221371362
0.044930671,2.222827103
0.044793619,2.217904457
0.046683906,2.217189991
0.048003742,2.224414258
0.045333982,2.222810821
0.045053845,2.213269143
0.045552216,2.215145768
0.043642166,2.202938165
0.044531729,2.21806712
0.046927947,2.221696687
0.046736378,2.221375638
0.047098011,2.221648004
0.046178304,2.213378188
0.050962136,2.207734332
0.046974713,2.226902883
0.044975638,2.219607564
0.046862183,2.216378486
0.045341738,2.214649228
0.047008923,2.221176462
0.044669936,2.216449538
0.045026075,2.217649525
0.044257333,2.224139919
0.045309249,2.222121683
0.04356911,2.246175381
0.043145533,2.236002953
0.042505627,2.240225114
0.044870978,2.215681783
0.046068791,2.226832818
0.049625102,2.227908136
0.04750863,2.218942111
0.054714106,2.209063101
0.048214405,2.228957138
0.046253437,2.230721265
0.047791209,2.213232795
0.05020649,2.177013598
0.049420787,2.197956309
0.050252023,2.189475147
0.05161383,2.232716968
0.051000946,2.247048727
0.050071736,2.272326919
0.048737837,2.268136502
0.048703612,2.287342717
0.048901261,2.28402581
0.04580834,2.250040637
0.046156552,2.251741277
0.049577945,2.255568704
0.047059128,2.251940617
0.049042784,2.241127407
0.048673102,2.254578419
0.047190418,2.277654495
0.050107848,2.254878415
0.047435358,2.278730964
0.047846708,2.266182739
0.047813022,2.269723492
0.045318336,2.248252168
0.046525155,2.243037913
0.0484531,2.223222658
0.047423089,2.246453832
0.04620521,2.266568261
0.044269175,2.283323844
0.044365067,2.28180511
0.048627842,2.279397569
0.044167778,2.262729485
0.048950849,2.247829475
0.049980747,2.287862448
0.052064926,2.298581745
0.048641909,2.2821556
0.048860914,2.282731251
0.047011164,2.270545358
0.048588471,2.301800462
0.048150996,2.259801884
0.047017039,2.285962961
0.048110402,2.295146912
0.051873701,2.295974371
0.052853435,2.280965809
0.055209825,2.28348848
0.054771677,2.311995093
0.052887126,2.298817433
0.052014849,2.304144845
0.051055165,2.309327522
0.051568914,2.306085121
0.049392826,2.328135386
0.04959339,2.283243088
0.050054579,2.332865435
0.051157765,2.333693881
0.048573869,2.345718262
0.051562001,2.328035716
0.047960353,2.306272948
0.054413344,2.342527342
0.056100914,2.334404235
0.054507052,2.348508036
0.049301277,2.309729491
0.050984339,2.335668367
0.051925607,2.348397511
0.049471876,2.321968015
0.048883986,2.307701881
0.052486267,2.343338188
0.052143923,2.35965019
0.049387466,2.333661315
0.047155144,2.328591302
0.049427432,2.306710279
0.047380717,2.319626099
0.049412794,2.319877248
0.052352145,2.33604879
0.054922318,2.305352398
0.055099053,2.305870485
0.05769918,2.313842113
0.058146739,2.303080218
0.06607543,2.303749619
0.044419358,2.325037885
0.045225456,2.320124778
0.047607231,2.303264427
0.051547497,2.308808941
0.046116277,2.314962661
0.046621294,2.330333554
0.045645086,2.3115599
0.044706161,2.323254515
0.043543961,2.27878195
0.043600935,2.296736698
0.043608331,2.301606878
0.046685227,2.280541636
0.044927674,2.286653415
0.050828723,2.30084784
0.049029662,2.308446116
0.049097337,2.32206637
0.051151304,2.323761418
0.050829972,2.290917351
0.049031965,2.286232038
0.046243769,2.289090067
0.045787631,2.287284329
0.045914568,2.288292214
0.048192464,2.292681971
0.047496788,2.295771577
0.049504503,2.316744879
0.04672357,2.31476809
0.052931086,2.316424981
0.052014057,2.310137053
0.04651283,2.30353449
0.051556419,2.316164293
0.047077575,2.326965497
0.047966901,2.301036489
0.047111636,2.294052845
0.046899015,2.290238081
0.048080998,2.305169999
0.048256546,2.305106348
0.049009884,2.330371876
0.049410204,2.32958866
0.049561241,2.326081953
0.048573468,2.351879218
0.053708232,2.335761951
0.048425978,2.337713411
0.052009139,2.29841201
0.052952427,2.268838632
0.046482253,2.259895633
0.051886401,2.301151126
0.046425963,2.327368453
0.050009129,2.309643637
0.050188603,2.290965541
0.04962484,2.280133581
0.054382505,2.271369856
0.055180914,2.270468385
0.054655344,2.270357038
0.052422025,2.278770437
0.050006106,2.259324915
0.049076629,2.282353953
0.046035696,2.296047232
0.047439341,2.289303223
0.047540229,2.26707467
0.05381539,2.260633948
0.053293135,2.264340324
0.059155364,2.282150336
0.053557899,2.286609007
0.051467409,2.290154201
0.050208366,2.291634284
0.049055587,2.320558655
0.046303205,2.318397658
0.04326256,2.295735393
0.043655278,2.325915507
0.046195599,2.324220953
0.048501249,2.305725092
0.048601187,2.314481087
0.048673837,2.327018785
0.046679748,2.31616676
0.04831151,2.288860629
0.047447966,2.283475652
0.048795639,2.300747183
0.049188799,2.298283064
0.050568724,2.290419165
0.048493247,2.29953009
0.046355296,2.313310868
0.045711707,2.29899605
0.049460301,2.2680217
0.050467728,2.26766496
0.048412979,2.283147859
0.04773335,2.298867762
0.049314533,2.294018305
0.049675523,2.296758738
0.050657986,2.308070462
0.051938041,2.305675421
0.050461457,2.306010286
0.05261491,2.31905094
0.051894425,2.324637725
0.053197151,2.316982212
0.049823327,2.302810484
0.045185793,2.298209216
0.045000751,2.282698193
0.047976527,2.298372208
0.047554765,2.291925071
0.047162221,2.30695929
0.046962917,2.307377706
0.047731115,2.299654267
0.045895777,2.296883407
0.046405327,2.284260841
0.04418551,2.294776686
0.044606779,2.287464755
0.046843819,2.280347395
0.0480467,2.258517522
0.045546623,2.277535253
0.048923742,2.29567092
0.050348799,2.280880942
0.05103108,2.273382993
0.05296304,2.278347909
0.056564185,2.285220864
0.049705066,2.29624098
0.046884747,2.303711461
0.045060054,2.28939911
0.046436772,2.293715019
0.050324426,2.29717699
0.045711188,2.296107428
0.049226021,2.293107624
0.049151741,2.296493609
0.049142788,2.290403705
0.050955886,2.289958315
0.047787097,2.293779492
0.05008183,2.319430542
0.050054137,2.306489887
0.050346646,2.311547893
0.049641539,2.324211742
0.05091504,2.300271366
0.055040722,2.32263643
0.050193188,2.318209502
0.047158259,2.313719088
0.04364745,2.303267716
0.045475315,2.302366081
0.044905311,2.300939944
0.048270835,2.305221479
0.047680411,2.27458002
0.046699428,2.291745961
0.049817873,2.296614331
0.05416145,2.322851723
0.048128191,2.284452451
0.054353723,2.278591821
0.05259876,2.273076911
0.044647733,2.268160843
0.057275429,2.263283756
0.049519259,2.257989074
0.05946397,2.261357131
0.042758438,2.273923284
0.043228139,2.257996146
0.041877305,2.260124907
0.044080371,2.255478903
0.046058856,2.256054883
0.044454941,2.269919542
0.045895726,2.26218278
0.04414267,2.268359032
0.044118051,2.258184796
0.04425797,2.263786053
0.045170538,2.27101361
0.043564171,2.27129535
0.046811259,2.283083057
0.04425907,2.298416944
0.048501234,2.292856804
0.052053238,2.291717836
0.051661445,2.292920126
0.056587298,2.284939617
0.047060922,2.287584984
0.047267653,2.277979985
0.046567917,2.279579146
0.044032787,2.272314419
0.045062469,2.256761126
0.045523268,2.259919482
0.043831715,2.270206546
0.046916166,2.273015234
0.055188562,2.246266827
0.042137181,2.249844257
0.046253082,2.265153638
0.04503141,2.247168463
0.043739426,2.248207103
0.044199403,2.264948377
0.045757913,2.258208151
0.044925063,2.239214269
0.045610649,2.238755556
0.048694833,2.238996672
0.054143456,2.244430991
0.051685992,2.265852973
0.050691091,2.263476681
0.047737781,2.254193554
0.048925603,2.272930037
0.060114056,2.264784563
0.049993905,2.279201354
0.049063199,2.290969653
0.049457741,2.267777295
0.046149727,2.291610107
0.04990732,2.307939214
0.050968077,2.316579749
0.050479395,2.275024259
0.048582298,2.251329275
0.04999115,2.266847864
0.051629018,2.257432172
0.054349354,2.235078292
0.052535351,2.228636253
0.054195115,2.230224888
0.057516601,2.230878664
0.060345195,2.258107494
0.062868663,2.251946538
0.053068868,2.239363938
0.050132817,2.257126089
0.054919368,2.235791442
0.053023571,2.241547962
0.05151067,2.257345166
0.057375808,2.221365112
0.054978901,2.243943167
0.058524172,2.232237861
0.059375289,2.224247154
0.060676889,2.220533706
0.061139415,2.230001206
0.061969073,2.223892553
0.056499296,2.223300618
0.06137334,2.2570978
0.063023056,2.234880597
0.054142988,2.224740077
0.055108793,2.235538156
0.05914363,2.241057506
0.058981759,2.254306217
0.059595229,2.216345592
0.055847555,2.239013613
0.065442979,2.251354932
0.069002044,2.22582
0.04804467,2.260909603
0.04762888,2.257053722
0.047998248,2.248439995
0.04831445,2.243562743
0.052639745,2.238282864
0.05170851,2.245628347
0.057160689,2.249671726
0.051621699,2.242751074
0.050919409,2.248509238
0.055845484,2.240628892
0.056924214,2.237638298
0.050105406,2.257185135
0.047078474,2.249191797
0.048302691,2.251272861
0.048452108,2.253091427
0.04885158,2.262182287
0.052513137,2.238677597
0.05336081,2.248355292
0.056430695,2.2611022
0.064440301,2.253979247
0.069106828,2.250046064
0.061969783,2.2588065
0.062342204,2.255925937
0.067929548,2.274344661
0.067538259,2.276243325
0.073871124,2.275940861
0.071809956,2.288775268
0.085791118,2.28627184
0.078965942,2.270320196
0.053967635,2.282700331
0.067645125,2.272668198
0.064980596,2.253346688
0.067571585,2.254231218
0.067725089,2.241865886
0.070553873,2.255808011
0.065435757,2.248984562
0.068946319,2.262444784
0.055773656,2.273469012
0.064101211,2.268100318
0.076028015,2.25643284
0.072870605,2.275024424
0.069236823,2.257303884
0.062296748,2.249352321
0.067536938,2.256808165
0.070364422,2.239706369
0.083605326,2.246313044
0.072736612,2.234565797
0.07297029,2.248551836
0.070838045,2.254256547
0.068824841,2.230962545
0.070881029,2.23955341
0.06168151,2.253440601
0.069976793,2.245900219
0.063834042,2.231580795
0.066444885,2.228438065
0.071555785,2.235854435
0.066665118,2.233887186
0.062476721,2.25457332
0.059051022,2.244678521
0.062648116,2.251778448
0.058101998,2.247495104
0.064418596,2.225070337
0.065053365,2.228474413
0.057114411,2.230595608
0.062450879,2.234219748
0.062745001,2.242031345
0.067242554,2.24138168
0.062259582,2.243636591
0.059151848,2.25178223
0.05865208,2.240578235
0.055976645,2.242995808
0.065302057,2.236469725
0.063632512,2.244182638
0.063798881,2.2386424
0.062970034,2.240873298
0.065169498,2.235721048
0.065455227,2.251512825
0.064771506,2.230007292
0.066963337,2.228488722
0.067675531,2.231825365
0.072148933,2.246006468
0.068416077,2.2504181
0.065782048,2.241622632
0.07077829,2.236672519
0.065225932,2.224867872
0.075023425,2.212653689
0.065518672,2.230271927
0.068778732,2.22743199
0.07070234,2.236967088
0.07377131,2.242534465
0.069347399,2.242085949
0.071530292,2.231406948
0.081501287,2.254943217
0.074798237,2.248550356
0.075387252,2.234202479
0.071646049,2.236508376
0.07449877,2.236707387
0.067946843,2.235506084
0.068170428,2.243757643
0.066229448,2.242085785
0.061331791,2.235754107
0.059886108,2.229441673
0.059065485,2.222881872
0.060591096,2.232545095
0.059662791,2.236523343
0.064564205,2.246452352
0.058510916,2.250897207
0.065149967,2.230905802
0.062283888,2.235425821
0.061832361,2.239277097
0.062924039,2.24953505
0.064907997,2.227294656
0.062291803,2.237491754
0.058200414,2.243768004
0.060602332,2.231910562
0.055918581,2.243541362
0.056288124,2.259153536
0.054492378,2.253698329
0.057291706,2.243573434
0.056657369,2.24121507
0.058595018,2.273829864
0.054727465,2.254129246
0.053937269,2.264140819
0.059174103,2.250849345
0.055401157,2.246043639
0.056138722,2.250380107
0.05599302,2.263732929
0.056569469,2.284631067
0.059529209,2.289387268
0.056333729,2.283587822
0.051579229,2.283205095
0.054670069,2.298076651
0.055452899,2.281841787
0.053295592,2.282781744
0.057984586,2.272384319
0.066948139,2.277555812
0.0508981,2.275288237
0.055635175,2.268005582
0.055562967,2.267499502
0.053982324,2.262182616
0.061627064,2.262134919
0.055252002,2.255938273
0.055076562,2.275922769
0.054115444,2.282987334
0.061351825,2.286386312
0.05499431,2.26609047
0.059025225,2.345620566
0.063816176,2.280201508
0.056221508,2.284027291
0.058159465,2.279453489
0.057935778,2.295820425
0.055810317,2.292136088
0.054209064,2.28866392
0.057941848,2.297924186
0.065053057,2.31326827
0.058730995,2.289839237
0.055575035,2.292810259
0.061693454,2.282827139
0.062381687,2.299198515
0.059535433,2.270333518
0.062845411,2.28818909
0.055739019,2.276895621
0.056958522,2.264427823
0.057594283,2.282250829
0.057664168,2.277699067
0.058058603,2.270756869
0.055337712,2.268235349
0.055992208,2.277161243
0.055247998,2.27303053
0.056109811,2.271028577
0.057593096,2.303325117
0.053911072,2.279277833
0.053330866,2.265703303
0.055774997,2.280984888
0.055480469,2.276509441
0.061979615,2.304515565
0.068951017,2.308725061
0.06171149,2.285831713
0.057300737,2.283104274
0.059880706,2.291366195
0.056892569,2.291345471
0.063254561,2.291963721
0.05909379,2.290872285
0.06441599,2.275007647
0.05556325,2.291007317
0.057104188,2.27358957
0.059528916,2.289866704
0.069084866,2.285486322
0.072189758,2.297451
0.062946828,2.284931722
0.057159594,2.287030056
0.069146266,2.265190315
0.072404378,2.252030583
0.055379205,2.267983049
0.054521978,2.248135229
0.055778615,2.269103103
0.056323958,2.275005838
0.055349405,2.262042157
0.058759151,2.289200428
0.054858163,2.27505041
0.058980803,2.268293901
0.059027615,2.286119539
0.066558325,2.257538256
0.064848695,2.263040173
0.070883259,2.26700954
0.066855001,2.272894676
0.064071267,2.278433434
0.064545846,2.290837582
0.062639811,2.263297243
0.062941776,2.278440342
0.063510638,2.282444412
0.061760451,2.27963408
0.063305275,2.270210658
0.063829128,2.257323456
0.062610982,2.270270197
0.063767487,2.259679024
0.066528992,2.283979594
0.066111752,2.287383506
0.060636563,2.282657404
0.061290184,2.297969416
0.061815734,2.270630061
0.059937392,2.296147889
0.060629449,2.28443551
0.060903691,2.287963927
0.05899413,2.277592653
0.065506136,2.276875885
0.060056866,2.272390898
0.059319892,2.28669223
0.058052476,2.272482838
0.055557133,2.25832986
0.058524979,2.243088406
0.059652681,2.2640798
0.062050379,2.264513677
0.06273135,2.274454857
0.056368828,2.271032031
0.059111589,2.253654415
0.058298043,2.255915905
0.061551253,2.254945356
0.056485454,2.26606399
0.054592207,2.275048108
0.057251518,2.26405809
0.059623035,2.255399463
0.058814999,2.258326735
0.057520661,2.266150831
0.060459365,2.302920187
0.063437299,2.265692777
0.066008551,2.280999855
0.069789711,2.283831569
0.067566415,2.265590804
0.075965464,2.27686026
0.069729015,2.261957947
0.063311715,2.276612894
0.063062889,2.285364612
0.064252253,2.266159055
0.072838708,2.256094521
0.08356482,2.260073756
0.064803311,2.258815381
0.066585637,2.276084281
0.065030226,2.285365764
0.067271665,2.283206247
0.070642339,2.276835753
0.069278799,2.291752539
0.063448211,2.311278159
0.055705518,2.285828752
0.062435516,2.292356645
0.066910022,2.282250829
0.075742867,2.274417686
0.07141804,2.293042822
0.066543209,2.285706385
0.070645649,2.275145968
0.066677711,2.29280368
0.068297981,2.278586064
0.064524372,2.278330968
0.062662307,2.263719278
0.066583181,2.278264521
0.065192786,2.275111429
0.0645096,2.271537289
0.06512197,2.337130358
0.068158868,2.324546607
0.067014025,2.303422155
0.06842281,2.316611163
0.062965943,2.341724225
0.064581037,2.328048709
0.064284387,2.295942463
0.063982236,2.302750945
0.061731869,2.331089631
0.061058495,2.324234275
0.06135272,2.319076927
0.070495198,2.323970297
0.069115093,2.324669468
0.064034425,2.284464457
0.073773572,2.312767617
0.067417295,2.29965624
0.064197879,2.277508937
0.061025688,2.288567046
0.059406127,2.293211406
0.059836576,2.278897903
0.059170968,2.285239449
0.057537273,2.280942454
0.063553591,2.276389705
0.061292117,2.30685337
0.058611799,2.271961791
0.060552826,2.262161564
0.064330906,2.260780163
0.064475436,2.276973745
0.059676843,2.255037789
0.058361925,2.271976264
0.064729412,2.276734274
0.062059816,2.265478963
0.052927339,2.257612433
0.056691126,2.259901225
0.057111928,2.257715722
0.052671221,2.293290517
0.055938893,2.280928803
0.053665598,2.270636805
0.062213854,2.260267175
0.062608648,2.267478778
0.063858234,2.267916767
0.061671271,2.254879073
0.059403187,2.25683152
0.06396216,2.256448465
0.056798285,2.26829423
0.058733231,2.248705453
0.05699927,2.259551722
0.058734629,2.276257799
0.061239995,2.258271308
0.059552492,2.276737564
0.058834058,2.27889264
0.066231647,2.294662213
0.061572804,2.24401685
0.058637796,2.233757582
0.056290426,2.250907733
0.060647747,2.25362958
0.061326929,2.263181783
0.062057652,2.261171278
0.065721029,2.264427165
0.058983259,2.250539974
0.06173524,2.252137819
0.064535535,2.244701712
0.060732182,2.251600818
0.063273341,2.250682406
0.067854724,2.244276223
0.064649653,2.270531707
0.061397436,2.245088879
0.069862916,2.256873625
0.067237239,2.26280136
0.060981178,2.267508877
0.059357479,2.249850836
0.060774709,2.248498054
0.05926501,2.236641434
0.060278949,2.250892437
0.064635812,2.280050029
0.064900766,2.281127814
0.061973432,2.253953425
0.063382201,2.275267678
0.069626904,2.24877667
0.058676807,2.249613174
0.059657872,2.257371646
0.058845715,2.255316075
0.06428874,2.265947544
0.064860223,2.258548772
0.063864084,2.259808627
0.064835619,2.260547107
0.06111975,2.26436812
0.061355922,2.271303574
0.059112766,2.263850691
0.058600857,2.251402794
0.057682887,2.245680649
0.055719498,2.275683134
0.055463117,2.243540375
0.053812014,2.216227007
0.056754572,2.216089838
0.060503037,2.228855659
0.05572618,2.231025867
0.056684424,2.241905853
0.061956388,2.252750477
0.05841414,2.233232916
0.060933943,2.242481505
0.054792503,2.242913408
0.062859982,2.234928951
0.057068497,2.232966965
0.058081352,2.241895984
0.052205523,2.228266192
0.05018644,2.250624348
0.050725111,2.231127346
0.052692915,2.254588945
0.05068609,2.245333449
0.053226365,2.270524635
0.056425479,2.247527669
0.053195645,2.242338907
0.050570425,2.239170519
0.052088275,2.230928006
0.05749727,2.231755465
0.047679383,2.23838056
0.051509822,2.238767563
0.051210524,2.233901495
0.050746446,2.239521009
0.050308894,2.240831851
0.048885518,2.250687998
0.048354325,2.254059838
0.045439131,2.244891677
0.045942975,2.256518859
0.04680045,2.256424452
0.048062659,2.237521194
0.049108624,2.237212809
0.048630488,2.232228157
0.048938426,2.235565458
0.047913828,2.246229163
0.048755641,2.240380704
0.052311998,2.246890176
0.050904082,2.255962615
0.049075349,2.258199927
0.048516263,2.250868918
0.0482624,2.260744966
0.045919759,2.249394097
0.049704562,2.25868035
0.047894482,2.266572373
0.047710057,2.269379087
0.048719427,2.267102631
0.049145933,2.269383199
0.048070317,2.279739177
0.048240268,2.277406471
0.049674952,2.260869636
0.048146396,2.268799653
0.052787682,2.249417123
0.049722166,2.262264852
0.049362492,2.259976882
0.047462275,2.248175031
0.049439639,2.256496655
0.049373403,2.247814508
0.049214256,2.266030109
0.049579944,2.275719318
0.052315226,2.265244262
0.049646165,2.258808967
0.050120116,2.238841082
0.048783535,2.248495751
0.049234846,2.248423055
0.04929441,2.259041366
0.047753365,2.23997709
0.047614283,2.249702153
0.048640866,2.246403668
0.046963401,2.255256537
0.046832897,2.258003712
0.047928075,2.252455085
0.047697794,2.264905121
0.046187011,2.268062818
0.046865144,2.271209989
0.046631846,2.297585374
0.044621993,2.288320667
0.049305481,2.294319125
0.048436047,2.280969428
0.05089185,2.288349779
0.048273492,2.293218478
0.045640974,2.276983778
0.04628738,2.270396675
0.046490338,2.250712176
0.04495805,2.257711281
0.044488442,2.255035322
0.047350182,2.252805411
0.045535409,2.261741009
0.048080176,2.264900515
0.051695444,2.266924837
0.054381087,2.25997754
0.0480441,2.271063445
0.046972349,2.28854402
0.049129445,2.261237067
0.049904797,2.310632607
0.051053664,2.254537301
0.053025051,2.291870137
0.050601675,2.273419342
0.047289636,2.276739702
0.049198616,2.246084263
0.046778652,2.252360021
0.048417497,2.263642963
0.048120019,2.248805123
0.049243291,2.245301377
0.047715063,2.248123387
0.048306196,2.232648876
0.050056877,2.24703672
0.049798897,2.244420465
0.049867328,2.239188282
0.05049189,2.241674276
0.049368459,2.240400934
0.05035139,2.247652504
0.050389455,2.225751744
0.05159563,2.239289432
0.04900294,2.252135352
0.049630915,2.240053076
0.047706834,2.263352341
0.051002627,2.246607284
0.054126942,2.251489635
0.054527914,2.245666998
0.050562037,2.250400337
0.049819179,2.262860569
0.049732595,2.250589151
0.049265582,2.256245507
0.0577251,2.277323742
0.05335434,2.280924362
0.050080684,2.276559441
0.051528315,2.266645892
0.052918982,2.276532138
0.046765988,2.268031897
0.049633994,2.266368757
0.050900829,2.273853219
0.049881267,2.273442203
0.050563343,2.275975894
0.048030197,2.286109012
0.04923593,2.272439089
0.048917163,2.276704011
0.048093503,2.269571684
0.046710432,2.270251447
0.045484114,2.276964864
0.046652441,2.260546449
0.047957706,2.269964279
0.046506271,2.284354919
0.047671447,2.276027209
0.045845212,2.268213146
0.045784877,2.290863568
0.045633089,2.278956949
0.045593961,2.264902325
0.047043293,2.271576926
0.045687196,2.276184938
0.046338746,2.270154737
0.04549391,2.27912471
0.046277455,2.284519555
0.045319303,2.285860331
0.045785843,2.281802149
0.047460604,2.290151569
0.048111893,2.285313955
0.05614474,2.298187506
0.048450551,2.281654124
0.05208567,2.296046903
0.053275059,2.298283064
0.063203261,2.30144734
0.052620548,2.293005487
0.055037022,2.28183603
0.056155801,2.289392038
0.050336495,2.294345934
0.050135952,2.296707422
0.054995122,2.285621024
0.05820927,2.31255183
0.056344183,2.303351103
0.059691013,2.291787901
0.054242966,2.295619276
0.058695639,2.292530492
0.059097023,2.28714864
0.049423079,2.297892114
0.050979976,2.302036479
0.051227989,2.309344298
0.049873475,2.306935112
0.047128849,2.289154211
0.056567793,2.289670489
0.052598601,2.279658915
0.046306443,2.295781116
0.05498088,2.300540606
0.05092091,2.300115775
0.052290859,2.292560097
0.053457602,2.291539055
0.053196729,2.297248535
0.057173096,2.286831538
0.053165916,2.286449963
0.052748785,2.28362565
0.05131536,2.281706262
0.051074285,2.280638017
0.053720423,2.290936923
0.055956343,2.295863188
0.054751992,2.296768112
0.052220316,2.29834803
0.051606886,2.304619018
0.04502462,2.291220473
0.046111055,2.298306583
0.05199005,2.27596767
0.056487433,2.268267421
0.064891797,2.266792437
0.053640778,2.277245289
0.059515794,2.280372394
0.057906893,2.267657066
0.058876018,2.282229612
0.061918025,2.285145865
0.062115001,2.280813673
0.059139163,2.283187497
0.058755013,2.292067997
0.053402355,2.277852519
0.058104758,2.29337999
0.060331945,2.288291391
0.057740257,2.278746589
0.059080313,2.263225862
0.055510958,2.25990287
0.056030597,2.269064288
0.05680013,2.257681676
0.057252439,2.266025504
0.056556049,2.259304521
0.058671282,2.26234791
0.058167607,2.267288484
0.063376686,2.263729804
0.059743942,2.259121628
0.061255733,2.261883277
0.058296023,2.271469362
0.063252561,2.271764918
0.057349508,2.2701725
0.059282711,2.275378367
0.062356318,2.274344496
0.060816464,2.281659223
0.05795109,2.285157049
0.058265642,2.272383661
0.055555288,2.27353184
0.061307305,2.263690495
0.054678539,2.279016981
0.058539206,2.265162026
0.059041606,2.265732086
0.062613382,2.275814382
0.062508619,2.270065264
0.053951085,2.271434165
0.056814645,2.277766665
0.0579932,2.277971103
0.05709931,2.265937018
0.054335389,2.274075585
0.053055211,2.271396665
0.054129388,2.260345464
0.053928958,2.273542531
0.06205555,2.272844183
0.058907607,2.271352751
0.058112863,2.275705831
0.063358872,2.281143932
0.057734326,2.270831868
0.059018595,2.286952096
0.057681469,2.299128614
0.060630534,2.289425097
0.059041755,2.312185387
0.064826101,2.284675804
0.067671702,2.304445006
0.063359319,2.301160337
0.068502486,2.297141464
0.066028267,2.286840584
0.060174042,2.282257572
0.053470637,2.286265261
0.054579728,2.272694513
0.0562558,2.279593291
0.056243439,2.283545881
0.052528957,2.280032266
0.054000108,2.286363944
0.048238598,2.275297611
0.053693558,2.274250418
0.055125559,2.27689924
0.05195421,2.304137279
0.055367065,2.324401049
0.049057283,2.27591948
0.049655185,2.278432283
0.055845191,2.276394475
0.047247289,2.262542316
0.050225425,2.250061525
0.052985778,2.265148868
0.051748142,2.268393407
0.049930681,2.281443765
0.049672146,2.268086667
0.050048001,2.275376394
0.051018318,2.276674406
0.049107221,2.281426166
0.053172213,2.282870066
0.04984295,2.282246059
0.050724839,2.274860774
0.0546425,2.26954504
0.055366562,2.247225699
0.057713176,2.263911052
0.057142772,2.255605053
0.061393252,2.237143402
0.061068235,2.27483232
0.062515449,2.271812286
0.063088737,2.245324732
0.063417953,2.232752
0.063766361,2.262459093
0.062074443,2.263810395
0.058580113,2.259081826
0.059827196,2.262599059
0.061042911,2.274166044
0.055991355,2.219970883
0.055353728,2.26553768
0.055340349,2.253098006
0.053220357,2.275472939
0.053136702,2.27823541
0.053931102,2.263554312
0.054240581,2.241661118
0.051064155,2.25890288
0.050031564,2.257740721
0.049474112,2.255909984
0.049083645,2.249612023
0.049873676,2.254922987
0.050495467,2.244016028
0.049488472,2.247674378
0.053217668,2.262851688
0.051245721,2.274143676
0.055613604,2.261680976
0.05553899,2.251937163
0.056089802,2.273557169
0.057559138,2.279831446
0.060932381,2.287579885
0.052041329,2.284875802
0.050583131,2.28628434
0.05097387,2.292683286
0.051376472,2.280115654
0.051596566,2.287962941
0.05129882,2.291846617
0.04890251,2.302288943
0.050826477,2.288205208
0.049395869,2.292461414
0.051267843,2.286663776
0.051539196,2.283585683
0.050918612,2.26074546
0.051787112,2.261144633
0.050201828,2.274842682
0.051525658,2.287306862
0.050846019,2.287559162
0.054871707,2.277438708
0.049646257,2.273907165
0.048758566,2.250841944
0.050753652,2.273721805
0.052097491,2.256169849
0.050117629,2.251839467
0.051222639,2.247233922
0.050277788,2.256358992
0.048758761,2.260224084
0.047811845,2.249711693
0.047631748,2.26104447
0.049167613,2.271004399
0.049968658,2.27080177
0.049418926,2.271034498
0.048693934,2.273947461
0.049295032,2.284775638
0.049869584,2.277472589
0.049822314,2.268147686
0.050057411,2.264511046
0.050192828,2.260759769
0.05151269,2.256176099
0.052426605,2.254160331
0.059858286,2.219301811
0.052016848,2.216027996
0.051417507,2.216200363
0.051626484,2.223022003
0.048044367,2.229229997
0.047637078,2.227522614
0.047175179,2.235674996
0.046942749,2.220331734
0.048196668,2.241088098
0.04836868,2.233547387
0.05174143,2.228157311
0.046207842,2.222523981
0.047877387,2.225807171
0.051702352,2.227836426
0.054262338,2.227569817
0.046740001,2.21706861
0.046086585,2.219213489
0.054232409,2.216440163
0.053616816,2.213750388
0.051103191,2.222048822
0.048822067,2.235215133
0.049757214,2.235193422
0.0509974,2.215028829
0.053573241,2.228825725
0.066188468,2.243980338
0.049578335,2.230665509
0.051126957,2.246875867
0.047570523,2.224590901
0.047511272,2.237783691
0.050583084,2.227926063
0.049914357,2.245755319
0.051477946,2.221910501
0.046924847,2.313818429
0.045109832,2.217904621
0.045588338,2.23499803
0.044356376,2.281063012
0.046917132,2.299106411
0.04406376,2.302788938
0.043145307,2.309932285
0.044804644,2.293106802
0.044203741,2.295954305
0.05006657,2.304839081
0.048994928,2.270648318
0.045718898,2.311599702
0.044772665,2.270914433
0.047517173,2.258938406
0.046474996,2.175357037
0.048128181,2.248237695
0.044795125,2.267469403
0.044186908,2.261910908
0.043167259,2.229161084
0.043505429,2.231406948
0.044163543,2.305759138
0.043922175,2.314310858
0.045911926,2.210795978
0.045001959,2.181661412
0.045900948,2.1862612
0.044937049,2.176754719
0.046076881,2.172184865
0.04543065,2.191543711
0.046269113,2.181146944
0.044280148,2.172754103
0.046134544,2.174783852
0.045275887,2.174207542
0.046003799,2.210894826
0.046102246,2.210169669
0.044701983,2.177383496
0.043341239,2.182503344
0.044166714,2.210808807
0.044098607,2.209403558
0.043210093,2.158979246
0.044501198,2.194683152
0.045135896,2.205665768
0.044333751,2.204272526
0.044695502,2.216426676
0.04465829,2.198467981
0.045004837,2.173566101
0.045678962,2.210809794
0.046238372,2.183749713
0.047005382,2.186822871
0.045543802,2.189250478
0.044824011,2.185408741
0.045319688,2.191005887
0.046551398,2.193061458
0.045861387,2.169106608
0.046243805,2.202320737
0.045412409,2.209832995
0.04735876,2.177982338
0.049321487,2.213580653
0.047757785,2.203561678
0.048404632,2.256014588
0.048963102,2.19781404
0.050496387,2.194605685
0.053652203,2.178623286
0.0515936,2.203945885
0.051933826,2.203640789
0.060062936,2.193173299
0.055666523,2.191288121
0.054483722,2.226104207
0.057852602,2.239376274
0.052606059,2.213361412
0.053634687,2.216314506
0.054688634,2.192417715
0.053079507,2.2012344
0.055623328,2.174154088
0.055841839,2.18565512
0.054857105,2.220182229
0.054528484,2.220576633
0.054296857,2.213491674
0.051450504,2.24692932
0.057419989,2.226244009
0.05923633,2.226836766
0.059688253,2.223981532
0.06323633,2.221883363
0.059310898,2.221599649
0.056960562,2.228544972
0.052609765,2.228590366
0.051940883,2.225202572
0.056799308,2.221357053
0.056494793,2.220313642
0.054848218,2.224926259
0.057527502,2.221172186
0.066695983,2.228173429
0.059016293,2.227222288
0.055072424,2.238010005
0.057150898,2.243385936
0.058467758,2.223479893
0.057447595,2.233726497
0.058598621,2.232908907
0.053445231,2.264683083
0.05297407,2.239416734
0.062992166,2.230908763
0.06414695,2.236371042
0.062611989,2.229919464
0.069183925,2.269396192
0.052097275,2.236537816
0.061750901,2.242656338
0.056122182,2.227492186
0.050455716,2.23296088
0.051168903,2.226431178
0.051096849,2.246291662
0.053895442,2.264644104
0.056199237,2.248403154
0.053886437,2.238372337
0.06098165,2.23357288
0.054113342,2.241414904
0.054492578,2.221614287
0.054258941,2.227503206
0.052062556,2.215971747
0.051621668,2.219739306
0.0526357,2.220487489
0.051209666,2.187665297
0.052400608,2.234061033
0.051423726,2.22813116
0.051863381,2.220423839
0.053192951,2.214522913
0.052465893,2.221964448
0.051931313,2.216928316
0.053838489,2.234765631
0.051108958,2.237518069
0.048690958,2.224789747
0.050987264,2.219674175
0.049341085,2.225170335
0.052592557,2.223194369
0.05221846,2.222644539
0.05461253,2.214233936
0.055396737,2.223269697
0.052610243,2.220323346
0.05950592,2.229945286
0.061742344,2.220430089
0.073987796,2.229043157
0.052013816,2.238092899
0.051614108,2.23687005
0.053629439,2.255876596
0.051084107,2.235013161
0.04957408,2.245347758
0.061767503,2.236983371
0.057265735,2.231416159
0.052149053,2.230853336
0.053113948,2.232672725
0.04907889,2.247526683
0.052313453,2.23145629
0.048511113,2.238801115
0.060714733,2.263717797
0.047345937,2.239514595
0.049460558,2.273971474
0.053547353,2.261457952
0.053087129,2.257522302
0.053655236,2.254379407
0.053959021,2.262551691
0.052122563,2.266267771
0.051719796,2.245462395
0.059120398,2.239974458
0.053179902,2.236370713
0.052700605,2.246026698
0.054830434,2.243273108
0.04979384,2.235081581
0.050976183,2.237888296
0.0551734,2.238501941
0.06119845,2.238830227
0.063815811,2.24004551
0.056544011,2.241273622
0.050586641,2.238473651
0.052935409,2.235882395
0.049691934,2.240672313
0.048984936,2.2246909
0.049109236,2.222857531
0.049619423,2.226775089
0.048754588,2.217447389
0.051062453,2.21707815
0.048523936,2.223655384
0.049720002,2.23336581
0.052798671,2.231292476
0.05267618,2.238559012
0.05218681,2.22634006
0.052322617,2.233135384
0.052197839,2.237172678
0.051121941,2.234590468
0.054728662,2.240865896
0.052016596,2.249159231
0.051023916,2.237291262
0.054158268,2.247468295
0.050020282,2.228975395
0.05335455,2.22754087
0.049726252,2.246049889
0.054419928,2.240320343
0.051918515,2.24733754
0.050079759,2.266684214
0.051156788,2.25004113
0.050511282,2.268656726
0.051531867,2.233757089
0.050448788,2.234213169
0.049528403,2.254158686
0.048067907,2.294334092
0.049513215,2.269825958
0.048808596,2.28734321
0.049248554,2.301225796
0.049667351,2.27615632
0.04781921,2.261515353
0.048171874,2.294350045
0.050581758,2.27632293
0.050704367,2.322758961
0.049867076,2.313349684
0.051482124,2.329290801
0.04998932,2.254864435
0.050712503,2.267933214
0.04797588,2.328446896
0.048517815,2.344105286
0.048837605,2.233078313
0.052483707,2.222162636
0.050054574,2.226594334
0.063486857,2.232264834
0.052537721,2.222742894
0.049762744,2.2220105
0.052935291,2.227681823
0.052036837,2.20946688
0.050255718,2.212409942
0.052657482,2.226241213
0.050067192,2.212064386
0.049548047,2.224506198
0.04829163,2.217821563
0.051654224,2.229428515
0.050746898,2.23567845
0.050507391,2.174602275
0.048311701,2.239327261
0.054312183,2.247832765
0.058769996,2.186460211
0.057824601,2.192369031
0.060861478,2.190371683
0.062299821,2.198682617
0.06022861,2.194883808
0.061789912,2.2091631
0.05468774,2.198462718
0.056198225,2.199931124
0.060735616,2.202996388
0.065958953,2.19143483
0.063178256,2.181278686
0.08017609,2.213581147
0.095169891,2.199549549
0.077592169,2.200807266
0.098392801,2.17755981
0.088598557,2.179530348
0.082904814,2.209752403
0.075412951,2.220388806
0.086305766,2.205863628
0.068743366,2.207819529
0.074460972,2.217354956
0.087467781,2.204564793
0.075526941,2.209191883
0.077840676,2.213174078
0.070336354,2.173109691
0.086358356,2.215924872
0.079164393,2.209401585
0.079360412,2.213751868
0.072968183,2.220936991
0.070761437,2.2123981
0.084581863,2.213855157
0.081010966,2.210675914
0.077978693,2.225566877
0.071517869,2.215594119
0.061123307,2.221191758
0.062842877,2.196981977
0.071421417,2.219040465
0.058008198,2.226462263
0.058287491,2.231652176
0.06303018,2.219634538
0.069082456,2.22845517
0.07641219,2.233168279
0.068519756,2.181829996
0.061652958,2.229811077
0.065579716,2.218932078
0.062202151,2.218113665
0.066863374,2.211539391
0.066397307,2.170354128
0.074134331,2.211151731
0.063280064,2.200481282
0.061475986,2.207227101
0.06119954,2.188706898
0.059244215,2.168909735
0.059573503,2.208404227
0.066148414,2.204177297
0.062172782,2.197665193
0.062473853,2.195702549
0.066471545,2.20909764
0.063999423,2.194383648
0.066976536,2.190607536
0.0604947,2.177974444
0.060089092,2.180564384
0.060718156,2.194407168
0.061936148,2.164360605
0.065374255,2.191550947
0.063306097,2.194310623
0.061258405,2.190840922
0.065671548,2.191113781
0.056981666,2.200476677
0.063518096,2.210629697
0.060867697,2.17892394
0.063305249,2.212265371
0.071221362,2.171039647
0.0670085,2.194756506
0.065828398,2.16922585
0.070699467,2.205248009
0.073978406,2.21619954
0.067265035,2.204106903
0.066971653,2.21299283
0.06612142,2.195353375
0.065933367,2.206831381
0.070465156,2.200055958
0.075386476,2.197089048
0.074570803,2.205446856
0.080013582,2.170179952
0.083602468,2.211154362
0.080570278,2.210578546
0.070875061,2.172075492
0.072030719,2.223617884
0.074657264,2.209812929
0.076498985,2.209182179
0.066585771,2.177452738
0.068874244,2.217813833
0.065999182,2.224690242
0.072531854,2.224390574
0.069002589,2.220752289
0.066647129,2.224698794
0.068700809,2.180183796
0.073082162,2.212979015
0.070660621,2.208755868
0.065388636,2.208729223
0.062165114,2.203146386
0.060084574,2.225776086
0.057562417,2.198425218
0.059570974,2.204160685
0.060382001,2.171477307
0.05618943,2.209584806
0.06499196,2.229164373
0.062530637,2.21469676
0.067175881,2.184524705
0.06744782,2.212093662
0.062302941,2.209012279
0.06978838,2.200541479
0.063102316,2.171684377
0.065369444,2.187214479
0.067572469,2.179989883
0.061895282,2.195457486
0.069781081,2.195690872
0.069544005,2.191101446
0.070759237,2.162520492
0.080108719,2.207348645
0.074537791,2.173781395
0.077398467,2.198275878
0.085101903,2.187077474
0.086915371,2.190262803
0.072623034,2.166121442
0.082290064,2.179855674
0.069177125,2.208942872
0.06669717,2.19499976
0.070977563,2.165480165
0.073785583,2.207695681
0.064896253,2.208454062
0.079502711,2.172317265
0.078092539,2.228221949
0.077949926,2.182186735
0.078897413,2.164614549
0.070261021,2.195017359
0.07056112,2.196450568
0.070696877,2.161087941
0.081309971,2.20125759
0.068969129,2.193131359
0.075065956,2.174061655
0.070319352,2.197698581
0.066383609,2.226474269
0.06127201,2.214853831
0.064917598,2.215478166
0.060312419,2.156508712
0.066414432,2.193346817
0.061109296,2.191084669
0.057233781,2.164988065
0.062665355,2.189851952
0.060795406,2.162424276
0.06535147,2.174482375
0.064486733,2.181026879
0.064294327,2.240924448
0.064070768,2.203763979
0.077679416,2.209385466
0.071660143,2.201192295
0.07718618,2.212706649
0.065466411,2.208848465
0.066165113,2.178353058
0.061514021,2.205570045
0.066393858,2.218670238
0.068842476,2.210770485
0.063742112,2.222308523
0.065167509,2.222856379
0.062615176,2.208721822
0.064629387,2.226969659
0.065619385,2.236761992
0.064657908,2.240838101
0.06271481,2.233838996
0.061804756,2.245856963
0.067079701,2.238076452
0.061555637,2.227905669
0.068015438,2.228743983
0.06522125,2.22918855
0.065998997,2.178713416
0.063533952,2.222666414
0.066059003,2.224356364
0.061669791,2.244647272
0.064576381,2.240925271
0.059635062,2.212720629
0.061336298,2.216851507
0.062752166,2.21869935
0.065383178,2.225528062
0.066100568,2.217573704
0.065012026,2.21672141
0.065039179,2.221376625
0.064405654,2.21235139
0.059916437,2.212684445
0.06105722,2.223109995
0.061624309,2.226529039
0.060191851,2.230515675
0.065510068,2.229310918
0.064351661,2.220411503
0.064993831,2.224569684
0.064587205,2.227431332
0.064400766,2.228013892
0.082382179,2.216193455
0.071184849,2.213149901
0.066377585,2.221998164
0.066285676,2.234704118
0.068046477,2.218436195
0.066152773,2.222428094
0.068201605,2.224141399
0.064175085,2.217662025
0.063685369,2.234163499
0.061496545,2.220253446
0.066991806,2.235676641
0.0674995,2.233487354
0.06769036,2.226941041
0.061076931,2.217635216
0.066358522,2.219337172
0.06246122,2.2224776
0.064153035,2.198653341
0.063759906,2.213912558
0.066529095,2.221129588
0.076306142,2.202446558
0.054969485,2.209481354
0.058006157,2.20811821
0.0564658,2.209925921
0.063418447,2.211775738
0.055786346,2.210254865
0.055810374,2.211639555
0.063137544,2.208533008
0.067938574,2.22765781
0.064105009,2.220363313
0.067883563,2.226612097
0.062482462,2.248878642
0.060556244,2.23214921
0.063780378,2.352817202
0.061205898,2.348677278
0.056744174,2.349072833
0.065973694,2.378868083
0.06964626,2.347875148
0.068468533,2.225341057
0.073140169,2.274163906
0.06384868,2.260730328
0.079970351,2.245418316
0.058526695,2.241973615
0.058266604,2.219676807
0.06366609,2.238363126
0.060230301,2.176585971
0.063097911,2.209550925
0.060526356,2.221162976
0.06481871,2.187803947
0.060088825,2.219463158
0.061997907,2.175919695
0.06381909,2.234454943
0.067124627,2.213067007
0.066322544,2.211380511
0.066360203,2.211775409
0.060555195,2.231692143
0.061403958,2.212118991
0.060026135,2.209695167
0.068188514,2.207744365
0.065593368,2.21013184
0.068614245,2.202703134
0.065453885,2.217147557
0.063960017,2.209439907
0.069325967,2.220762158
0.068115515,2.218226493
0.064893632,2.210882161
0.067366602,2.223012299
0.066606726,2.227309129
0.067787619,2.211509622
0.064767754,2.221416592
0.069990942,2.230040515
0.066865224,2.224691393
0.0723693,2.159587792
0.06980898,2.22682295
0.074704283,2.239493871
0.067835624,2.227161598
0.063778003,2.214210087
0.070874964,2.213494305
0.071673681,2.203605428
0.055954292,2.21945148
0.067677043,2.221023997
0.067303362,2.257718024
0.063983562,2.254018227
0.062391443,2.263039515
0.062711634,2.257505033
0.060829,2.267318253
0.056987012,2.261140357
0.058823372,2.253866584
0.061046987,2.251154276
0.062081264,2.265161368
0.06577626,2.271479723
0.070762151,2.267727953
0.080049581,2.26207686
0.07288515,2.258671468
0.07418248,2.266339316
0.073142667,2.249493438
0.068935299,2.256749613
0.072820081,2.251471707
0.073870461,2.253392576
0.073918256,2.258929525
0.070990099,2.264703807
0.063431944,2.263766481
0.067766819,2.25944975
0.067232793,2.262993134
0.070492762,2.251538812
0.059482673,2.262638368
0.062269204,2.263302177
0.060081855,2.250667275
0.062295668,2.25049902
0.076341262,2.24390172
0.068533073,2.24302969
0.066457344,2.245891667
0.062508382,2.239540417
0.070447676,2.242322131
0.067755007,2.229249898
0.070179319,2.224836457
0.073217312,2.247643622
0.07788626,2.240263435
0.063018852,2.229399403
0.058439073,2.235821541
0.062937628,2.232232104
0.064027949,2.237589779
0.067985731,2.23416942
0.072907714,2.24470533
0.063712805,2.233663668
0.072513182,2.237308861
0.063254658,2.232726507
0.06029662,2.233784062
0.069637744,2.233210877
0.062741809,2.227712579
0.06286707,2.202775667
0.066522346,2.219573354
0.059477251,2.196894478
0.061841299,2.223729561
0.060550646,2.234224024
0.069726024,2.219755918
0.076317326,2.233088181
0.070748624,2.238074313
0.064602588,2.227782151
0.067250664,2.237111988
0.070490207,2.227760111
0.066847693,2.21834261
0.072832041,2.215386062
0.072926988,2.224007354
0.06955521,2.220151638
0.068243659,2.213026218
0.073863538,2.232371577
0.077068804,2.242169666
0.075473718,2.225606844
0.081719254,2.22583875
0.081048676,2.25942146
0.0756446,2.247542307
0.080319865,2.257624275
0.075352446,2.257852069
0.074346309,2.247889508
0.071851696,2.27039536
0.069785378,2.26928024
0.08076968,2.254305066
0.077023173,2.257168852
0.080077813,2.252999323
0.076077839,2.232499207
0.089164525,2.259621129
0.078014667,2.257807332
0.087413022,2.282912171
0.08561927,2.270681541
0.083429526,2.214179002
0.085666037,2.211458636
0.09124563,2.221606557
0.089415571,2.23507122
0.089342689,2.216530458
0.083218164,2.177750597
0.069583987,2.227807973
0.061869583,2.239576765
0.061999948,2.216340164
0.064210261,2.232884565
0.066000724,2.236141439
0.063783528,2.232914005
0.062608319,2.229263385
0.064706905,2.246900538
0.060676971,2.247602011
0.069039071,2.211667844
0.071798114,2.203338654
0.075606514,2.173521365
0.071553452,2.241243853
0.074761601,2.211252717
0.069586701,2.216956769
0.073254431,2.210206346
0.072906922,2.211943335
0.071457436,2.205681886
0.06542464,2.197310098
0.068335172,2.203002967
0.067355551,2.198982614
0.062853388,2.216288684
0.071500302,2.208364095
0.065689851,2.176288606
0.068755809,2.185956433
0.061046401,2.195551235
0.069245257,2.201169433
0.073309226,2.189536659
0.064389356,2.189186498
0.065050805,2.199923393
0.06185054,2.229857622
0.058520517,2.218345242
0.059182784,2.211847776
0.056811083,2.212665202
0.062860409,2.209160962
0.05760981,2.211152224
0.054467738,2.214327027
0.058104126,2.235706246
0.059883245,2.239782355
0.06108113,2.20248636
0.062143445,2.168378326
0.077355185,2.16897059
0.063576957,2.210065887
0.064145824,2.200279146
0.066806734,2.195879685
0.086044332,2.181285264
0.05900755,2.209456518
0.057962192,2.208513436
0.055761443,2.178247632
0.058011862,2.214814028
0.064627377,2.198765675
0.060763293,2.197430985
0.064356415,2.201741796
0.057871012,2.202682904
0.056617597,2.17680916
0.066474701,2.207813114
0.065296819,2.209886941
0.05912305,2.213338221
0.055820741,2.165985917
0.060802746,2.190888619
0.089721335,2.15925046
0.04969802,2.225830526
0.068024356,2.178289407
0.050994717,2.2069424
0.059212939,2.20793581
0.05393692,2.175875288
0.051747299,2.200113194
0.051208947,2.207230719
0.055108485,2.19887324
0.058148785,2.190067575
0.058574629,2.162125759
0.05797812,2.218735534
0.058504682,2.21191998
0.062144791,2.222991575
0.05682918,2.212535598
0.058377113,2.216512037
0.061435819,2.207711471
0.060943673,2.210129702
0.065757418,2.209834968
0.071056351,2.195575577
0.071162517,2.178763745
0.072049885,2.212480007
0.070765004,2.211143836
0.06535972,2.192761461
0.072298602,2.176929553
0.081641243,2.179230681
0.068528103,2.169205785
0.058666538,2.205636492
0.075698865,2.188647195
0.082980656,2.204509695
0.061256915,2.21041835
0.067864186,2.208736789
0.054000894,2.199993787
0.055271168,2.194599271
0.053632318,2.17384044
0.053549984,2.178485951
0.077134675,2.187731086
0.064578488,2.179276239
0.057307018,2.22599763
0.053150574,2.224699781
0.050532848,2.218941782
0.052077831,2.229446278
0.050923459,2.212348922
0.05842316,2.208803236
0.054175533,2.199697573
0.052569109,2.206660495
0.049927057,2.195561432
0.059570568,2.21485087
0.065349368,2.201139006
0.062914119,2.201806598
0.05808552,2.192034988
0.064745705,2.194513252
0.066615648,2.200789503
0.06772787,2.215703493
0.062845349,2.195456992
0.063823156,2.192459655
0.065542834,2.203647532
0.060412557,2.209357506
0.05487201,2.196563395
0.055738423,2.201819262
0.05528705,2.216489505
0.054446922,2.209342539
0.056382623,2.212744478
0.058257326,2.215932767
0.058617248,2.212349416
0.059772072,2.208237781
0.060944238,2.221709681
0.05527289,2.217767616
0.058524604,2.214737878
0.05622913,2.212361093
0.059729813,2.213581804
0.060553319,2.218386195
0.063142581,2.2255427
0.057761978,2.223102429
0.053768521,2.226453381
0.054427766,2.223500616
0.055041724,2.213113882
0.054548216,2.212991843
0.054530597,2.212044485
0.06260504,2.214702352
0.058864958,2.210088749
0.063431615,2.213445622
0.063121554,2.221726621
0.056120249,2.22366772
0.055976619,2.210450093
0.054225743,2.234543429
0.05654707,2.211343341
0.057032694,2.181650557
0.061915553,2.186013505
0.055779438,2.186048373
0.059240833,2.236877122
0.063349924,2.227735769
0.056063568,2.21916645
0.060420976,2.225776086
0.057418422,2.218566786
0.057423299,2.230990012
0.062833487,2.228796943
0.06193053,2.228465367
0.058734424,2.233550018
0.057126988,2.213490522
0.064970877,2.229114538
0.064340204,2.184374213
0.061337121,2.202500669
0.059545019,2.215200209
0.057378193,2.198582782
0.059383754,2.180419648
0.058966432,2.200087043
0.058136162,2.208519521
0.0519632,2.205292417
0.05353238,2.18169776
0.052873336,2.218153961
0.05148711,2.220950478
0.049777783,2.21593951
0.050796662,2.216937197
0.051942008,2.21677733
0.053658577,2.217140485
0.057762759,2.214393967
0.051695465,2.239940248
0.055146113,2.227142519
0.049432593,2.241221156
0.052902977,2.230947578
0.06138326,2.219261022
0.065438271,2.224883003
0.053698065,2.222551942
0.05720782,2.210288582
0.054343551,2.210965878
0.055296312,2.209484972
0.05553879,2.173447188
0.058829709,2.217845411
0.051500967,2.186284884
0.053671596,2.211188244
0.056711043,2.250209714
0.058998129,2.230236237
0.052532401,2.220734526
0.053909633,2.230921263
0.052009062,2.218378136
0.051788386,2.221430078
0.058424096,2.229179011
0.064145331,2.239008185
0.055870766,2.256286131
0.062655338,2.257835786
0.063869336,2.251422366
0.072641526,2.255095847
0.060907319,2.251062994
0.063698722,2.238830062
0.064434375,2.255290582
0.064968441,2.252938797
0.079804507,2.243955502
0.070743885,2.234930267
0.07405045,2.235825488
0.078355447,2.22981486
0.068046524,2.229065361
0.067182768,2.253462147
0.061920739,2.224998956
0.063323022,2.218778132
0.069891375,2.20852462
0.06891049,2.202254784
0.077040186,2.212642012
0.065890574,2.211598601
0.064717087,2.214641497
0.063386215,2.211717515
0.072821505,2.214197587
0.070666634,2.226388744
0.066858435,2.221981224
0.070393071,2.220165453
0.063320987,2.219717267
0.070758651,2.217506928
0.07292467,2.215274057
0.065785933,2.22369716
0.068849049,2.227870636
0.064614482,2.215218794
0.065331353,2.225001094
0.067975991,2.239276768
0.064989231,2.233341303
0.072216305,2.241412437
0.079862962,2.212817668
0.07498188,2.232736046
0.07757786,2.217356601
0.068095942,2.233890146
0.062875813,2.225331683
0.07414809,2.219810523
0.075105733,2.219598025
0.075707993,2.221993066
0.076415834,2.218093435
0.070977604,2.229052039
0.072975538,2.237959183
0.071466647,2.226669169
0.076073897,2.227971293
0.07638828,2.227742019
0.084056308,2.223875283
0.071618285,2.212384942
0.079189485,2.249811034
0.067438723,2.247973882
0.06780126,2.248928806
0.07136047,2.227146466
0.066007344,2.238701281
0.078977758,2.25198963
0.077279425,2.219616117
0.074121281,2.230489524
0.070987663,2.218634548
0.070258322,2.236708867
0.073027444,2.217631762
0.069795781,2.220091112
0.079262587,2.24259499
0.064279684,2.231237378
0.069056983,2.261349401
0.067743962,2.213669632
0.068108427,2.216419439
0.085747342,2.213352695
0.067071488,2.219659208
0.071863312,2.215452344
0.068845493,2.221118897
0.068054881,2.210766373
0.068163664,2.219783878
0.064716732,2.237276295
0.069335943,2.209560793
0.083186318,2.215815827
0.077788009,2.223589102
0.078224353,2.225071488
0.090231424,2.257089906
0.07720144,2.258531996
0.083919889,2.279882597
0.077339154,2.234917274
0.071680316,2.238690919
0.075723757,2.240062122
0.063223933,2.237793066
0.060147022,2.246044461
0.061051726,2.258038909
0.061399106,2.256195178
0.061199858,2.257090399
0.066218191,2.250093268
0.061903706,2.269741419
0.062583273,2.272412115
0.070176215,2.282600003
0.060671379,2.281269425
0.064042397,2.294407117
0.058406826,2.2845462
0.059878043,2.283886996
0.059474501,2.277683771
0.057022841,2.274759788
0.061039617,2.253399319
0.05488931,2.266632899
0.056821419,2.296609068
0.05894612,2.274902714
0.057979538,2.262522086
0.058801687,2.244554016
0.059930937,2.253591751
0.059565691,2.246624554
0.057625214,2.245747918
0.055392785,2.24044748
0.066240041,2.244849243
0.060964098,2.245451211
0.058926989,2.246094461
0.067058155,2.257093031
0.069611156,2.265615475
0.073308671,2.258024929
0.072973899,2.267893576
0.068423699,2.243168997
0.085193555,2.244593489
0.071605029,2.241330036
0.078776912,2.255028578
0.083338784,2.227259952
0.093511879,2.21520761
0.112272602,2.223859329
0.104003393,2.228698424
0.094759533,2.216124541
0.078843801,2.22080821
0.088281403,2.214497584
0.08252769,2.220157065
0.103717129,2.246686724
0.086123176,2.231400041
0.08364355,2.227560442
0.088948697,2.213346445
0.097544002,2.18162161
0.097040502,2.209563096
0.106064884,2.216450525
0.096874273,2.214956955
0.091947689,2.217009729
0.107522106,2.215856287
0.112884777,2.168603159
0.110693897,2.212375731
0.108800372,2.213047928
0.106223127,2.203055433
0.109460121,2.203961838
0.092395721,2.208753401
0.102567963,2.228884935
0.097122553,2.23171484
0.094715958,2.222346516
0.098213486,2.226152233
0.098206382,2.198306798
0.099446758,2.220824657
0.10264029,2.220452457
0.102646519,2.213806967
0.098817612,2.208923465
0.097961165,2.199244124
0.106793999,2.221216594
0.096226284,2.213016679
0.100375408,2.214499723
0.102587525,2.212576387
0.127238544,2.213177368
0.114889341,2.242450419
0.123871988,2.247630629
0.120543928,2.225093692
0.111630359,2.265441299
0.103808976,2.250001492
0.095233993,2.227958958
0.095988272,2.24431767
0.097160608,2.247800035
0.107808411,2.238799799
0.109099053,2.222604244
0.112205548,2.215599218
0.10252629,2.23735738
0.104725157,2.224125445
0.104550961,2.200598386
0.105110125,2.214745115
0.106491196,2.216714009
0.091242978,2.20856031
0.100692582,2.22074752
0.099697958,2.21261586
0.116215499,2.226015393
0.120487432,2.218016956
0.116397549,2.20808071
0.111964278,2.211711922
0.122807762,2.2040921
0.118702706,2.216929632
0.124477748,2.203223688
0.123507467,2.169436703
0.1295933,2.219375494
0.142327625,2.199009916
0.114395184,2.192778073
0.102949117,2.194056843
0.108866736,2.16804527
0.105568991,2.221575307
0.140247383,2.216549537
0.098394179,2.240773299
0.104191466,2.210679861
0.112511744,2.222125301
0.104925782,2.230698732
0.087533261,2.235706904
0.114700547,2.2424394
0.095353739,2.228967171
0.097261511,2.226455355
0.100096587,2.225856019
0.105502308,2.223586141
0.0888142,2.239127921
0.078126091,2.219332567
0.081456335,2.214054826
0.079185363,2.212496783
0.0763217,2.21695348
0.08276582,2.216374045
0.083902876,2.220941268
0.088087881,2.213983281
0.070002805,2.211542023
0.076816195,2.208248472
0.080609258,2.191680058
0.085526965,2.211957973
0.081261642,2.205385179
0.058897564,2.213996438
0.061194714,2.209847139
0.055037782,2.171238165
0.059718994,2.21342276
0.063356466,2.205675307
0.06798166,2.17540276
0.060328476,2.213426707
0.059331184,2.206651778
0.07460837,2.214946428
0.060906847,2.228193659
0.061552795,2.224426758
0.061116039,2.216065167
0.054639261,2.222983187
0.056416314,2.229023092
0.060587128,2.219251647
0.057552096,2.222784998
0.060184486,2.231970594
0.058912752,2.23667696
0.063102429,2.225592864
0.061381677,2.227383964
0.059421927,2.213001712
0.061382499,2.222042901
0.059423643,2.220591107
0.060312162,2.203615954
0.055774175,2.204719067
0.054281314,2.198135419
0.059497471,2.208353569
0.055948957,2.207763279
0.063486636,2.210072301
0.054331771,2.214410414
0.053914218,2.215936385
0.051307059,2.214950705
0.050858518,2.2193676
0.054021633,2.213323254
0.055023905,2.223947322
0.05453842,2.244836908
0.054225794,2.232070757
0.055335009,2.229890681
0.057142874,2.218375176
0.055795443,2.214735082
0.058727516,2.220632718
0.059416736,2.240418862
0.059862799,2.247729148
0.056425401,2.245899397
0.056229515,2.23171007
0.050470807,2.241690394
0.051735884,2.217721729
0.055236454,2.234147052
0.055848223,2.238939929
0.062798937,2.240540242
0.058831714,2.243967509
0.062748665,2.240214752
0.056849153,2.237206724
0.055894388,2.238747333
0.056464911,2.22137975
0.06551639,2.228287408
0.061342605,2.240340079
0.057135987,2.243370311
0.059988749,2.240046004
0.05563,2.238709998
0.060394974,2.260572271
0.070598183,2.24135224
0.061439098,2.221330079
0.066731894,2.226743345
0.0556414,2.225246486
0.05974827,2.188372855
0.059309294,2.236496698
0.0648066,2.227306498
0.058359068,2.21184975
0.064663536,2.1969902
0.06860506,2.194949596
0.068970913,2.175817229
0.083833711,2.214344296
0.084001128,2.225661778
0.10057629,2.208421003
0.085487471,2.217586533
0.071647602,2.219425658
0.070260409,2.194359471
0.073959394,2.207722655
0.076014533,2.193532835
0.064882982,2.168064678
0.072144302,2.203348522
0.069194219,2.206926117
0.07744511,2.210309141
0.07490316,2.217357588
0.070441164,2.216487531
0.066278877,2.222706381
0.067832602,2.220884031
0.067312619,2.219094741
0.070742733,2.222496515
0.07420345,2.22277842
0.0659721,2.224556691
0.072639347,2.232761211
0.073153086,2.225340071
0.070116383,2.224778892
0.069971005,2.225163099
0.102600395,2.223282362
0.071789294,2.221884021
0.074308815,2.209965888
0.083892653,2.217362193
0.079771572,2.214842318
0.06498938,2.200614176
0.073013778,2.209995
0.062881538,2.215328168
0.078893466,2.202400177
0.061500693,2.212917996
0.062599536,2.198010255
0.059625887,2.205983528
0.059316176,2.20083095
0.070966497,2.208947971
0.065319506,2.200325692
0.065918878,2.205239786
0.057883189,2.202536853
0.060090125,2.212008137
0.059563866,2.213887558
0.059621339,2.203158557
0.06682682,2.211632811
0.058730245,2.208406365
0.061024012,2.211340545
0.060652295,2.209587931
0.061371377,2.21008365
0.05470633,2.230867809
0.052954385,2.214647747
0.054547697,2.197871441
0.052956271,2.209076095
0.057612159,2.211251072
0.054870489,2.212394975
0.054731674,2.218784875
0.055330815,2.215159255
0.054350387,2.213665685
0.056341773,2.210125426
0.057089231,2.17143915
0.057285194,2.211872447
0.058642941,2.22463021
0.062098605,2.218701817
0.061173512,2.212528855
0.060219724,2.223006871
0.067225737,2.227179525
0.062206,2.217371897
0.061278414,2.21305204
0.058573488,2.208261465
0.061182594,2.214355152
0.06405538,2.192466563
0.065402133,2.201540975
0.064282444,2.213377695
0.063910593,2.195497946
0.064310579,2.190109022
0.065637395,2.196609941
0.062823927,2.212803852
0.073504768,2.212803194
0.064826234,2.225114415
0.066385424,2.210088091
0.059915764,2.208819847
0.061059456,2.217675183
0.064932596,2.217702485
0.064182928,2.232715323
0.061390805,2.217266964
0.06746419,2.229509929
0.075778711,2.215415667
0.068950133,2.216395098
0.068602506,2.213909762
0.068247524,2.209524445
0.068503663,2.218725501
0.07544803,2.208761131
0.063470985,2.197351052
0.082538031,2.221305902
0.071767173,2.225346978
0.065496031,2.233151338
0.067489832,2.23883697
0.079156909,2.222539606
0.064218243,2.212601387
0.062596935,2.214780147
0.072002054,2.194342695
0.062655256,2.197849566
0.061191517,2.211322617
0.063757362,2.221411986
0.068245298,2.214389197
0.065796706,2.207162463
0.070619857,2.222445857
0.060264332,2.214863206
0.069757813,2.214901528
0.06940498,2.209297638
0.071383727,2.226537591
0.072590977,2.216557431
0.074239135,2.221537807
0.076947737,2.237455405
0.066910963,2.243712742
0.06833346,2.261506965
0.075817064,2.240096496
0.079709643,2.237783198
0.076411178,2.229157794
0.067410706,2.243225576
0.071002943,2.258622456
0.075333753,2.281197057
0.067431075,2.259809285
0.075260167,2.257303226
0.058832886,2.260942004
0.062504075,2.249479294
0.062232059,2.249382749
0.059031758,2.240526755
0.05866055,2.236941759
0.059803276,2.253116592
0.059618383,2.236662322
0.058349328,2.250266621
0.056611501,2.263683094
0.068236067,2.274395154
0.094598258,2.257564572
0.086302929,2.257515395
0.078196341,2.246328011
0.077920465,2.25960534
0.072518203,2.261431472
0.080665389,2.273278389
0.077368811,2.252378606
0.084920968,2.254453255
0.083586905,2.304771319
0.08089344,2.29198428
0.071172391,2.294336559
0.07659737,2.322076074
0.103688203,2.327394768
0.115649366,2.337681833
0.08501629,2.317329906
0.087254635,2.233005781
0.083839323,2.229285589
0.070035977,2.243582151
0.073138185,2.23981673
0.084321992,2.256982177
0.087898985,2.251227138
0.094050114,2.252395382
0.082002716,2.258604693
0.078695699,2.306806166
0.082803993,2.27615451
0.082927784,2.268064956
0.0780937,2.287274954
0.087054843,2.277249236
0.072994709,2.297197055
0.080481962,2.293477028
0.080108277,2.276521447
0.076246593,2.287752745
0.071427122,2.272930531
0.07573841,2.281997378
0.080272543,2.264254798
0.089775384,2.299378283
0.075101503,2.296180125
0.080691576,2.282189645
0.087813429,2.262563862
0.077594785,2.249691463
0.085062872,2.257343028
0.057024748,2.298273689
0.067035114,2.297373534
0.093378585,2.309369626
0.082020443,2.30059554
0.072803583,2.285807206
0.07496678,2.294524715
0.077970866,2.280454959
0.07388625,2.283333548
0.073599817,2.287615411
0.070870446,2.265439983
0.066479594,2.283252299
0.068561254,2.31120316
0.072520619,2.326234583
0.069708914,2.300407055
0.074039564,2.30433185
0.077304384,2.316834845
0.089651095,2.294657115
0.081225848,2.280924362
0.089724511,2.288174781
0.088110548,2.269841418
0.088803807,2.263092804
0.083511654,2.2872965
0.094126244,2.280764989
0.085222132,2.270777757
0.090473188,2.275130672
0.10086536,2.272832834
0.089671304,2.275893165
0.099536539,2.277136573
0.096156743,2.26632106
0.08688593,2.254774963
0.095255334,2.258855841
0.094273313,2.259151068
0.086933987,2.257339903
0.084747831,2.277719955
0.082319273,2.282440301
0.086286512,2.266513821
0.083461526,2.291783954
0.077317084,2.282512175
0.09462924,2.275331822
0.097432902,2.261916007
0.089262828,2.269119715
0.084335916,2.270376281
0.082521682,2.269978588
0.079845528,2.247711713
0.083243817,2.239086967
0.080250745,2.265265479
0.082389446,2.257480856
0.090882507,2.239700941
0.090153351,2.234252149
0.114597567,2.242381999
0.114066302,2.256113764
0.09559724,2.239467556
0.084770507,2.247491321
0.098620081,2.241100104
0.091373908,2.235758219
0.084881582,2.238996179
0.094856623,2.233707254
0.094436983,2.240248797
0.094019974,2.259387086
0.100124393,2.25891242
0.113390271,2.256224619
0.097884244,2.250467441
0.098644854,2.265683731
0.11731927,2.281697381
0.10755792,2.259626557
0.109865852,2.263707436
0.1069978,2.255306043
0.079736179,2.247641484
0.068751389,2.256363433
0.071129792,2.268301138
0.071741335,2.270437465
0.078647385,2.259623268
0.078654416,2.255496666
0.08289106,2.262243306
0.072843878,2.269399317
0.08294621,2.261949724
0.080004007,2.254571511
0.074495408,2.265357583
0.076555384,2.253327116
0.082590519,2.258891861
0.079012749,2.258546963
0.06826651,2.247506452
0.074350534,2.257424442
0.068856384,2.257330035
0.06744397,2.224657183
0.068306143,2.237350472
0.073268118,2.255509165
0.071091229,2.244437734
0.071227972,2.241654539
0.072085169,2.248370095
0.075050229,2.2330043
0.075846289,2.23303407
0.080005764,2.233984882
0.074219928,2.229546441
0.074936368,2.231089846
0.071027157,2.255373476
0.077934939,2.252217588
0.069812506,2.257038261
0.072386065,2.248589171
0.070957909,2.250205767
0.067516523,2.233146733
0.071600964,2.237516425
0.066584255,2.242105028
0.068560514,2.241920162
0.072406583,2.260735592
0.074020701,2.260157637
0.076559614,2.248159242
0.07276157,2.24750086
0.069723506,2.228724739
0.070947964,2.256615404
0.067603945,2.240381197
0.071563618,2.240046497
0.072420784,2.252773174
0.075480765,2.260202209
0.076859292,2.26009596
0.074363908,2.255962121
0.078143777,2.260833781
0.078623023,2.24724231
0.079784123,2.261720614
0.078552803,2.268624654
0.08660786,2.240921323
0.084271026,2.266476321
0.082757252,2.261757127
0.083310145,2.236539132
0.081274748,2.228929836
0.083027037,2.227044658
0.080885422,2.226894989
0.073794526,2.22341361
0.069480755,2.230739028
0.067704777,2.227446628
0.069697329,2.238154905
0.069934462,2.237102284
0.075895173,2.262727183
0.07117808,2.232797723
0.071351516,2.233379461
0.076815013,2.232836868
0.075607532,2.258953209
0.078954316,2.250123695
0.079972433,2.253791585
0.080378345,2.246084757
0.075990263,2.251304768
0.078122704,2.229088387
0.076650814,2.241397141
0.078476098,2.23588552
0.082319633,2.267931076
0.076186961,2.237870204
0.080560205,2.241206682
0.080480358,2.233750839
0.074975764,2.249860704
0.078850112,2.252197358
0.077382143,2.290765543
0.081059177,2.244068988
0.078714356,2.246657284
0.079457173,2.26963846
0.081786775,2.27806107
0.07464056,2.277573246
0.070952137,2.26276863
0.074828521,2.242440551
0.071424023,2.249729127
0.070598882,2.247359908
0.071514205,2.261658115
0.067020635,2.264286542
0.06787021,2.26758256
0.069796377,2.27889412
0.074160826,2.284121698
0.075051606,2.282775823
0.072985221,2.276770294
0.072812089,2.260228689
0.070873365,2.262622907
0.069824605,2.263045765
0.067505375,2.274766531
0.061138541,2.271045353
0.063156833,2.261170949
0.060814115,2.277494299
0.062986255,2.285397342
0.063801636,2.26547995
0.060273999,2.244464543
0.065892876,2.252833371
0.063514462,2.252670873
0.060695176,2.284908038
0.064314649,2.256530208
0.060825094,2.274978536
0.059743027,2.262693795
0.064083654,2.24505582
0.058305511,2.241671809
0.061545722,2.266630432
0.065444921,2.240750108
0.062734007,2.23997857
0.061087956,2.222476284
0.058290745,2.219425823
0.059441257,2.233466467
0.060108782,2.259250081
0.058918103,2.24352327
0.058099983,2.232720586
0.061019798,2.235575491
0.064947589,2.227960109
0.0622345,2.239874953
0.060496062,2.238113129
0.061363662,2.257365396
0.059089683,2.26112539
0.060548462,2.249762186
0.06080049,2.255240254
0.059848557,2.273345165
0.060799354,2.261872422
0.064868509,2.278900206
0.069934528,2.264790977
0.07015471,2.281778136
0.069103878,2.263631285
0.069959112,2.261468808
0.067069601,2.266716779
0.065087647,2.282056916
0.065625599,2.259204193
0.070122628,2.283946206
0.061802001,2.251641936
0.065788488,2.249331105
0.065675681,2.246118473
0.07159386,2.253850795
0.070395374,2.255211471
0.078819366,2.254608188
0.071131956,2.233828305
0.067279838,2.237951124
0.071071965,2.231189188
0.067126133,2.230904158
0.061311206,2.23277848
0.065310162,2.246762381
0.064026746,2.246286893
0.064866864,2.237937473
0.062553262,2.216262862
0.064021087,2.232586541
0.063152511,2.2470632
0.063610015,2.232535555
0.063625743,2.232246249
0.063542294,2.232686869
0.058450283,2.226828213
0.06745887,2.236547849
0.062852884,2.239237624
0.062311278,2.236351963
0.064652531,2.23637943
0.061226225,2.216989828
0.058285718,2.237437313
0.059848418,2.222422173
0.06525657,2.220521371
0.069259756,2.238042406
0.067396474,2.225919341
0.071824445,2.249332585
0.063255393,2.231587374
0.064781159,2.229301707
0.057634533,2.242785284
0.068681504,2.22861701
0.066417131,2.238075465
0.06751439,2.235480755
0.07026706,2.22953756
0.060066256,2.224932673
0.070383475,2.224761129
0.055239158,2.235471873
0.060147156,2.228357145
0.059109533,2.215731782
0.053910522,2.226552722
0.055815138,2.218785204
0.053168322,2.233928468
0.05568389,2.224513434
0.062697093,2.224294193
0.060444619,2.235530425
0.060767364,2.249580773
0.052552683,2.242412097
0.053503048,2.24884032
0.054555987,2.244683126
0.054096802,2.239303248
0.058393612,2.23068064
0.063419896,2.247562208
0.056321938,2.239945018
0.052379237,2.236225319
0.060279787,2.228596451
0.063641584,2.218204289
0.053741635,2.215630796
0.050537089,2.226350422
0.054624233,2.224066564
0.056299426,2.240302086
0.053591878,2.24539858
0.055541539,2.228194482
0.061954996,2.225508983
0.055213264,2.214621267
0.055170403,2.237447017
0.057150281,2.226923607
0.053900849,2.239706698
0.053482345,2.231470106
0.05285876,2.227071138
0.0501346,2.247517472
0.050208613,2.256731686
0.051470508,2.267254932
0.053222423,2.262673894
0.050073427,2.261477031
0.051081609,2.264589663
0.046822397,2.259907146
0.052077359,2.267437989
0.048994419,2.262587217
0.057609605,2.244731481
0.046963503,2.249575345
0.048100385,2.254499308
0.050651201,2.238336153
0.050136594,2.248695256
0.049975977,2.255476764
0.049559323,2.254514439
0.049664894,2.254798647
0.047836341,2.275757475
0.046089402,2.262187221
0.053568158,2.249848862
0.052844862,2.235002964
0.047005505,2.229544961
0.050353178,2.226597623
0.046762704,2.192997643
0.047245311,2.223903901
0.052341814,2.230377683
0.047805456,2.171057246
0.048311295,2.203619079
0.048432778,2.191429567
0.050354258,2.225959637
0.050868962,2.182150387
0.047991006,2.208680868
0.046007222,2.178570654
0.047704614,2.212280009
0.045434854,2.218442774
0.049332609,2.178523451
0.049727563,2.227879682
0.048407285,2.224868858
0.050242093,2.208677086
0.049310858,2.226971304
0.048713973,2.240159325
0.048741779,2.214631629
0.046473156,2.219357238
0.050258242,2.237607049
0.049426384,2.222758518
0.047540923,2.220898834
0.048002098,2.231550204
0.05096433,2.242301737
0.050229048,2.243743827
0.049735483,2.242921467
0.049291681,2.233505446
0.046046048,2.212056327
0.047761969,2.210610947
0.048003778,2.207617557
0.045275378,2.212241029
0.046030711,2.220150157
0.046946892,2.216573879
0.046707287,2.214361237
0.045582191,2.21586336
0.045300424,2.218670238
0.0473159,2.208049296
0.049911247,2.21711384
0.051671925,2.231761714
0.048854258,2.221730733
0.049307075,2.215371424
0.051460234,2.220294893
0.049551259,2.222030072
0.049136923,2.216692956
0.050488883,2.209237935
0.04986539,2.196194814
0.049733443,2.209939408
0.053333765,2.209322474
0.050385178,2.204114633
0.051638501,2.21103364
0.048181346,2.214469624
0.04927636,2.220570877
0.051756674,2.210344831
0.051892173,2.211893664
0.050913843,2.219889963
0.050856128,2.222427107
0.0507043,2.21531978
0.05126533,2.213470786
0.052726288,2.220884031
0.050696806,2.186701327
0.049541046,2.217795083
0.052131963,2.222565922
0.053779767,2.219091616
0.052857372,2.20690967
0.052922698,2.214940836
0.050539237,2.216505787
0.052620969,2.202749844
0.051017907,2.202468104
0.053736686,2.211364887
0.053685016,2.210333647
0.057713813,2.205077781
0.058030915,2.204103942
0.056200764,2.215886386
0.055340976,2.194230854
0.049048119,2.192894684
0.05112337,2.195245317
0.054077178,2.218280933
0.052433939,2.175452759
0.050251386,2.213286413
0.052181469,2.217603473
0.05494335,2.207175127
0.056163485,2.199155967
0.063953967,2.210966207
0.062218428,2.224127912
0.073791288,2.220240123
0.069383265,2.211254033
0.069125768,2.209819508
0.065539215,2.220391931
0.07135882,2.232557759
0.068765364,2.222179248
0.077261652,2.250251325
0.065186238,2.238576775
0.075392521,2.24142247
0.071146183,2.246568304
0.077503333,2.255643539
0.067861369,2.25563548
0.074187599,2.244817829
0.066985613,2.253524811
0.068802658,2.251153948
0.065716182,2.247035734
0.056832732,2.227397779
0.067725803,2.231283101
0.063863241,2.239987616
0.068842933,2.238693222
0.072078421,2.237152612
0.076389843,2.239154072
0.06575768,2.247850363
0.072551596,2.244797928
0.065771326,2.235425657
0.065130919,2.226854529
0.075163123,2.23237832
0.081544821,2.23439376
0.059480736,2.241316056
0.066315569,2.226848279
0.067267913,2.246428339
0.062881543,2.264448382
0.069150881,2.261648904
0.061787455,2.253795367
0.062465902,2.253119552
0.060612231,2.255448969
0.056303959,2.233633735
0.072406568,2.248006447
0.061718115,2.256647312
0.065490804,2.235339967
0.061999603,2.222836314
0.060815693,2.238972659
0.055888056,2.220590778
0.056609065,2.21625727
0.056177881,2.268761002
0.058606084,2.248770749
0.058574454,2.256854875
0.05947261,2.242919987
0.054991936,2.238767069
0.054114622,2.246207453
0.052308873,2.25860091
0.050819425,2.234745072
0.051463791,2.238984008
0.056128067,2.251614798
0.05175945,2.243775899
0.050122105,2.255018875
0.052340555,2.223495682
0.051493668,2.236689624
0.049433991,2.245512888
0.051232877,2.244409116
0.053248276,2.25331478
0.051082308,2.255870017
0.062843196,2.258998932
0.061810235,2.26163953
0.064354035,2.255520843
0.066912366,2.253427115
0.052860163,2.263776349
0.054685216,2.273068358
0.056784372,2.267337497
0.058030931,2.267122861
0.058321296,2.276844799
0.058225619,2.278444618
0.054094669,2.27520156
0.054570646,2.269369384
0.063874774,2.268717252
0.067231992,2.263264348
0.063493662,2.248703151
0.057141528,2.238652926
0.057110525,2.247685562
0.056548858,2.252591104
0.054340714,2.244983452
0.05348548,2.238913449
0.0515055,2.235275
0.052869882,2.241457667
0.053675075,2.250496389
0.050502262,2.247723555
0.050081635,2.242727061
0.051703334,2.255964259
0.050597178,2.247296915
0.050527796,2.247244449
0.055443098,2.24972666
0.055588486,2.254059345
0.053832896,2.254522827
0.053644694,2.262366825
0.054655477,2.247264679
0.059904955,2.237638627
0.05558626,2.245630485
0.057230132,2.241802729
0.055710971,2.253462476
0.0568915,2.277426866
0.056377288,2.27244024
0.057019428,2.267300326
0.054811577,2.255680052
0.054122691,2.251098685
0.053633901,2.23251845
0.052465708,2.229521113
0.054534991,2.231472244
0.055092387,2.227171466
0.05793398,2.215853985
0.056158258,2.21716828
0.060693197,2.225852236
0.060466339,2.236527619
0.067417372,2.233338672
0.066885984,2.222333358
0.061361355,2.21417045
0.063131448,2.209153561
0.065842378,2.209879376
0.066066913,2.210773116
0.063824929,2.215800367
0.075600038,2.215116328
0.075700787,2.21476222
0.070500317,2.230069462
0.052430896,2.219203621
0.054177213,2.220422358
0.054003541,2.220087987
0.053268835,2.175263287
0.057487325,2.215994937
0.055036929,2.177660796
0.049617392,2.19376474
0.05150607,2.216897559
0.049430357,2.21266882
0.049603916,2.214113707
0.05084976,2.229810748
0.051736891,2.219754602
0.046841994,2.212607637
0.046807723,2.200719767
0.047564474,2.202801489
0.047099054,2.215499877
0.048334172,2.207666076
0.048502699,2.181819963
0.048968931,2.20825686
0.047846615,2.202457249
0.04832861,2.209398953
0.046725672,2.162019675
0.047811356,2.207512295
0.04738172,2.193279383
0.047437722,2.197240198
0.047572672,2.17836013
0.046535532,2.185284565
0.045342904,2.188486834
0.045548787,2.192906525
0.046027344,2.191386475
0.044529488,2.187638817
0.046805451,2.18870476
0.045708834,2.178612101
0.048497508,2.173999485
0.049383868,2.192731527
0.046504647,2.192558832
0.047046916,2.186676656
0.044633876,2.208141071
0.045650678,2.213073586
0.045228961,2.218568595
0.047091056,2.208411134
0.045503527,2.19909906
0.044685088,2.191112959
0.044450937,2.199550536
0.043304999,2.196221294
0.045824201,2.162145825
0.045733967,2.184976838
0.044396502,2.206116257
0.045309208,2.221918724
0.046970735,2.222475462
0.047128906,2.215892636
0.044905635,2.205022354
0.044990544,2.214078674
0.042534311,2.219936673
0.044857023,2.220763473
0.049146442,2.211184296
0.046141041,2.21668095
0.044421846,2.226779694
0.044178664,2.236298181
0.044216487,2.226372626
0.043826879,2.241441713
0.044030624,2.228550399
0.045557247,2.229273582
0.044596212,2.230348407
0.042259183,2.19738263
0.042611143,2.209446485
0.042578295,2.237915269
0.042555618,2.237386656
0.041677906,2.238047833
0.040719494,2.231033104
0.04315498,2.237524319
0.043364697,2.229803511
0.042894993,2.227800078
0.046067023,2.222517731
0.042480856,2.252492749
0.042575429,2.241288425
0.041801609,2.237192415
0.041978633,2.238354738
0.048283175,2.242264402
0.044147543,2.232212861
0.043217202,2.24094583
0.043106797,2.239556042
0.045181598,2.235028128
0.042822032,2.241578553
0.043609097,2.238388126
0.044763038,2.251557562
0.041816666,2.248975516
0.04226199,2.268927776
0.042623594,2.255728078
0.043218045,2.260015369
0.044430717,2.295211714
0.043825691,2.283884036
0.043011465,2.248037204
0.043355394,2.256703397
0.042923501,2.278301034
0.044628037,2.256079554
0.043580978,2.279614507
0.044618421,2.268114298
0.044077128,2.278709254
0.043344261,2.265886196
0.043220111,2.261196771
0.042364479,2.246872084
0.042324165,2.245292989
0.042930751,2.250347048
0.041508469,2.263244447
0.040965388,2.244802698
0.042573623,2.253761815
0.042476047,2.249979289
0.041556926,2.293077032
0.04240251,2.316735339
0.043610177,2.321805517
0.043488473,2.321592855
0.045683187,2.329556095
0.044416706,2.248543613
0.045575971,2.242663575
0.046650138,2.244023923
0.043147543,2.241580527
0.043419348,2.242656503
0.043835796,2.242677884
0.042175673,2.2341584
0.042972306,2.236938799
0.042979095,2.230080317
0.044178129,2.253758855
0.042550815,2.231233595
0.043362965,2.238793878
0.047172491,2.250879279
0.045943772,2.249255447
0.047263212,2.229325884
0.047200682,2.239833177
0.045467677,2.255055552
0.04738762,2.247142969
0.045545996,2.251954597
0.045108193,2.248383417
0.04653142,2.250970397
0.046475104,2.233714655
0.04796208,2.250726649
0.04931314,2.246691823
0.048661116,2.244779836
0.046563482,2.244664212
0.046034206,2.247664674
0.049493879,2.243702051
0.048749602,2.238835983
0.045542954,2.243817839
0.045079127,2.242930842
0.045580875,2.25787674
0.044927962,2.258675744
0.044116396,2.277618805
0.044153978,2.279907761
0.042445019,2.257407172
0.04306875,2.251304768
0.042748917,2.268591267
0.043010902,2.252927284
0.044382984,2.264387692
0.043100938,2.254741246
0.043995427,2.243680176
0.041045264,2.24937913
0.041281423,2.250559381
0.043395859,2.260180499
0.043610752,2.261317493
0.04367339,2.272734316
0.044876452,2.264871733
0.043423455,2.272263597
0.0434746,2.277119632
0.042535491,2.263962861
0.041687471,2.264454632
0.041636629,2.260142999
0.042945887,2.268702121
0.041903893,2.263293295
0.043112017,2.26555166
0.042673897,2.271428902
0.042742651,2.269326127
0.044426533,2.266401816
0.047700584,2.251969071
0.046859151,2.256971157
0.045243558,2.258487917
0.046084622,2.260546449
0.046502925,2.257615723
0.045147856,2.256908658
0.045403702,2.252221535
0.045874077,2.249666463
0.049486838,2.252379099
0.045963236,2.25793118
0.045777886,2.267290458
0.04635432,2.264302824
0.04804006,2.260911083
0.047486355,2.249891625
0.04828299,2.240764088
0.046311331,2.246841986
0.050698934,2.2350352
0.047742031,2.235824501
0.050598586,2.239364596
0.050507751,2.244444971
0.048607473,2.234330273
0.048371805,2.250135044
0.043893778,2.238369376
0.046755431,2.260396944
0.04852004,2.247312376
0.047112124,2.241071651
0.048983409,2.229216017
0.047530824,2.234182249
0.050927391,2.230696923
0.050525154,2.240784812
0.052200749,2.250869411
0.052753729,2.260779177
0.054129866,2.251562825
0.056045266,2.23141254
0.052428141,2.234888985
0.051764173,2.235278948
0.049547075,2.224278239
0.047342046,2.219869897
0.057493241,2.224427909
0.054598267,2.224583171
0.051430845,2.234768262
0.053550853,2.246454983
0.055646087,2.234582409
0.057937074,2.247250863
0.052214112,2.24231621
0.05340951,2.227089888
0.063112282,2.213852361
0.064168074,2.223100949
0.062838195,2.223282691
0.066763606,2.236912319
0.071906799,2.208715243
0.063775243,2.211895309
0.059195675,2.219030761
0.067336169,2.223326769
0.068335419,2.216367137
0.07304843,2.212933456
0.067748243,2.214087885
0.064294404,2.210467856
0.069134208,2.21361585
0.070123625,2.221709187
0.06769956,2.221830074
0.06524737,2.216904303
0.064142678,2.211069495
0.063018862,2.22760485
0.077840876,2.213545785
0.067619236,2.217843931
0.077489076,2.215255965
0.0770523,2.245352692
0.076184135,2.229066677
0.066156108,2.236494396
0.071091136,2.22849859
0.069235625,2.234739151
0.062689085,2.219520559
0.064736875,2.221184028
0.066449948,2.228497933
0.071722632,2.22803297
0.068091445,2.223470682
0.078352276,2.227409293
0.078097617,2.225113264
0.072885176,2.222720361
0.071397882,2.228917007
0.072306543,2.245353679
0.072183169,2.235481084
0.071376459,2.22279059
0.081374223,2.236765445
0.08370072,2.225809803
0.075795282,2.241853222
0.076551848,2.236170879
0.066408948,2.214385579
0.064950102,2.243986259
0.063096529,2.231877174
0.064278311,2.234567771
0.067720535,2.230542155
0.059541498,2.238355889
0.054599315,2.218425175
0.054283473,2.211759455
0.055016442,2.214591169
0.053205559,2.228327211
0.053365344,2.230206303
0.053660792,2.213740684
0.052791444,2.23864388
0.05395512,2.229479172
0.057164919,2.21577915
0.063056906,2.217913174
0.064944901,2.219846707
0.0541052,2.232041481
0.055293958,2.236952121
0.055335112,2.232536049
0.059898042,2.232864335
0.061808466,2.230182783
0.06082201,2.234448858
0.066477363,2.221150969
0.075030127,2.227928531
0.080272111,2.231296259
0.082455384,2.257265233
0.063945749,2.252711168
0.058080884,2.258260617
0.058091955,2.250017117
0.072670561,2.243584783
0.068257233,2.248896076
0.062724534,2.22038601
0.066223408,2.222355233
0.057469099,2.219859206
0.060512859,2.228138397
0.071142709,2.219364639
0.062962016,2.237575141
0.058449054,2.236559362
0.058968555,2.24349202
0.062949244,2.231456454
0.0655026,2.242846303
0.062279694,2.256395998
0.065207429,2.235845718
0.0618849,2.239546338
0.063994253,2.239127263
0.065145074,2.268158705
0.066031793,2.271096997
0.06853407,2.255675776
0.077501817,2.249377157
0.076299697,2.257148951
0.098132905,2.24387228
0.084808161,2.249840968
0.078989739,2.250048696
0.067747986,2.24579726
0.065482884,2.262442646
0.062391977,2.267020888
0.062021555,2.266640464
0.062326317,2.272925432
0.062244076,2.269403429
0.072169641,2.249134396
0.064689373,2.253825795
0.062706329,2.2491441
0.065582271,2.251830256
0.065688874,2.251021054
0.065877966,2.257589572
0.06383986,2.268129265
0.063366407,2.245132957
0.061247699,2.248877491
0.061695865,2.252177128
0.062958974,2.239943209
0.066872065,2.240006201
0.072014446,2.256986288
0.071096471,2.268027292
0.066845575,2.252698833
0.062430998,2.266327803
0.063278245,2.261034766
0.063603236,2.245295949
0.064228651,2.261031641
0.064066543,2.243308963
0.082681795,2.246329162
0.074328135,2.241409312
0.077834575,2.244471287
0.066967387,2.264264667
0.070391796,2.275546458
0.070104263,2.271199957
0.062788617,2.289279703
0.063121354,2.265912347
0.061531105,2.258067363
0.062568558,2.25840157
0.06106733,2.262274885
0.063361863,2.257406843
0.073356244,2.24721287
0.069368642,2.268253112
0.077709905,2.267559205
0.069102737,2.250242773
0.069636983,2.259359619
0.07231306,2.250250667
0.064894218,2.26323721
0.087104822,2.27062743
0.068780434,2.258435615
0.069839243,2.271469855
0.066810892,2.267274339
0.065539267,2.277664528
0.067099926,2.281765308
0.060723712,2.277298249
0.065885722,2.271343705
0.063646307,2.279641974
0.072869747,2.284333044
0.078620777,2.265546068
0.077210507,2.275758133
0.070343133,2.285939935
0.079999042,2.276908121
0.075479542,2.289460622
0.066525127,2.290434297
0.066204535,2.280433085
0.069390219,2.262009591
0.067791906,2.269466586
0.081927686,2.264605617
0.069788076,2.262738696
0.074734001,2.258953702
0.055577307,2.261609925
0.057707769,2.257733813
0.05432568,2.244328689
0.054401671,2.249322881
0.055289579,2.237398992
0.053343551,2.228435927
0.052193414,2.236861497
0.051040743,2.241998944
0.051454616,2.233305448
0.053871373,2.239282689
0.053397781,2.242659792
0.057678914,2.24993998
0.057222453,2.239734823
0.054638845,2.234934379
0.057417959,2.239225288
0.055464428,2.257167536
0.059573503,2.232586541
0.058542027,2.253813295
0.057459719,2.238361482
0.05254579,2.240324455
0.058384278,2.226511769
0.05927382,2.239584002
0.05278299,2.246522746
0.055012798,2.245568808
0.051339249,2.251529273
0.049060259,2.248955122
0.050539931,2.235637497
0.062480895,2.262717643
0.064931286,2.246861887
0.079207983,2.256500603
0.06059802,2.244712896
0.049032859,2.254300132
0.052180662,2.257651249
0.04988983,2.261321112
0.051809665,2.244227868
0.058704706,2.236571533
0.057364243,2.237562148
0.063869192,2.235394407
0.053265242,2.246253505
0.051953933,2.245701372
0.05501268,2.249806758
0.061308775,2.243866523
0.061147459,2.247249054
0.058113578,2.253592409
0.056397827,2.255649789
0.056197813,2.259851226
0.056006702,2.251244736
0.052140932,2.265392616
0.053616847,2.263482767
0.056582292,2.255536139
0.052175774,2.270099804
0.049978069,2.266710365
0.051391623,2.26611547
0.052308262,2.261333118
0.055358158,2.259003208
0.062778851,2.258033317
0.061348366,2.272924939
0.06173999,2.246807447
0.06022436,2.260691184
0.064405006,2.263245598
0.061906713,2.243607644
0.060432905,2.240705536
0.058992074,2.241572797
0.059747987,2.243238569
0.056188608,2.242372295
0.057738941,2.240696161
0.061129742,2.242354532
0.054023319,2.237865927
0.065688772,2.243690867
0.051968781,2.235958546
0.050869672,2.249590477
0.052125924,2.240542544
0.053178576,2.253179091
0.054839635,2.245306969
0.058193789,2.245116346
0.056863822,2.250475665
0.059079383,2.242234632
0.058978202,2.237778099
0.066801198,2.253311162
0.096773657,2.22526244
0.11624755,2.232395261
0.093836136,2.225015896
0.08973587,2.229689532
0.105696724,2.23035992
0.083900163,2.234678461
0.076258651,2.232040166
0.070521231,2.223038779
0.0825367,2.240544354
0.091021763,2.232349044
0.075172832,2.237837967
0.092180109,2.238018722
0.082948569,2.239979063
0.083239109,2.229697262
0.091342371,2.237522839
0.062719862,2.235246218
0.064980787,2.235350658
0.065893303,2.259585603
0.079569251,2.250177806
0.082612023,2.246531134
0.069470065,2.257396152
0.06403276,2.240490242
0.074149899,2.251811178
0.065402138,2.255940411
0.08222187,2.241442864
0.070764685,2.235773844
0.098839096,2.239559824
0.072791612,2.235899994
0.090537486,2.238804405
0.061138999,2.241768025
0.079684494,2.23825918
0.091044666,2.238617893
0.087860345,2.224914088
0.078407256,2.239274959
0.081166299,2.237448827
0.098071865,2.233948205
0.117896587,2.2423769
0.101078145,2.242192692
0.142756249,2.247881942
0.102190552,2.244509115
0.107979061,2.238841082
0.103382891,2.243664716
0.10416771,2.262283108
0.099565599,2.248367463
0.104544135,2.256577411
0.11301474,2.253934511
0.107037746,2.243900569
0.097519033,2.248738677
0.110663367,2.255278576
0.12142889,2.265482417
0.092038909,2.263325861
0.110741717,2.256024456
0.104231258,2.256119028
0.103283745,2.238699636
0.093254799,2.243133965
0.094000084,2.249136534
0.094729496,2.248548218
0.104728539,2.264127004
0.113534801,2.270028916
0.099623422,2.254137634
0.110894625,2.255659164
0.09027687,2.256180047
0.083353036,2.254730884
0.104998983,2.248455949
0.10142368,2.254669372
0.091585255,2.256250112
0.086306825,2.249407749
0.090282462,2.259846949
0.087895429,2.257433159
0.102490836,2.268503932
0.101836577,2.256016562
0.102512228,2.270699304
0.105507859,2.247717634
0.115945631,2.251104441
0.106297766,2.242234632
0.099345001,2.252490447
0.109085135,2.242082167
0.1182663,2.245251542
0.107939073,2.231696255
0.085120766,2.237229585
0.084570047,2.230717646
0.098517276,2.222273491
0.080332251,2.226297297
0.078870162,2.226540387
0.078658189,2.238222174
0.078815645,2.242819001
0.087402629,2.235949336
0.091347233,2.228711253
0.088819998,2.234025836
0.097718785,2.223166409
0.098025114,2.226763411
0.081883068,2.237626785
0.096583579,2.245541012
0.084112881,2.253256886
0.083056915,2.246618468
0.082255638,2.238198654
0.085947834,2.247327178
0.081420064,2.240278731
0.101414141,2.249926493
0.087934624,2.243224918
0.091852676,2.238285002
0.085942653,2.22529665
0.089650674,2.237756883
0.089782148,2.239973471
0.089358037,2.247821581
0.073542787,2.248563843
0.095357471,2.252710181
0.101222326,2.275725568
0.099189616,2.25414668
0.103702902,2.262356627
0.117751965,2.266474348
0.117458825,2.257910621
0.104692016,2.249255612
0.112558927,2.247555136
0.103253637,2.244909769
0.126516728,2.247953158
0.112491956,2.245026215
0.111176334,2.244900394
0.099451795,2.245341672
0.133729564,2.247010405
0.145607093,2.237486655
0.163180544,2.24891976
0.119933593,2.247547241
0.116657168,2.255843701
0.128373463,2.260423424
0.13680408,2.266334053
0.165989684,2.260907465
0.150401801,2.251785191
0.156421979,2.242191376
0.168676992,2.25032616
0.171591435,2.258334465
0.134901283,2.267574665
0.10836117,2.276632466
0.100785961,2.257684636
0.107549964,2.251475161
0.103923017,2.258763408
0.115372898,2.252871693
0.101926358,2.249581266
0.114952539,2.252928436
0.105753621,2.26029678
0.085891276,2.240583005
0.113925781,2.247886383
0.119483413,2.238120695
0.086395917,2.248201675
0.082543397,2.253559186
0.08288903,2.238683189
0.090883782,2.247655957
0.09465572,2.246597745
0.091223632,2.242757489
0.080044765,2.239433345
0.088687042,2.242508314
0.084869859,2.234569745
0.082381285,2.237240441
0.089539275,2.232379307
0.083873189,2.23743534
0.09707316,2.234855761
0.091881294,2.228979178
0.115022398,2.237334519
0.095399288,2.227106664
0.097247727,2.259169325
0.095228299,2.252137983
0.078322661,2.239032527
0.090854691,2.246538206
0.094346636,2.243096959
0.099398743,2.243188734
0.091347253,2.246070119
0.080349968,2.241992694
0.084423153,2.242580188
0.095806068,2.232913512
0.082817531,2.251412169
0.079367521,2.240223304
0.096627441,2.227095973
0.08128254,2.227849913
0.042763357,2.238705557
0.098813634,2.231523888
0.075880298,2.22577
0.081576513,2.246469457
0.096665558,2.235907889
0.117839084,2.265632087
0.084874587,2.256273796
0.120912088,2.293594297
0.097491176,2.273474604
0.068030781,2.256130376
0.073492869,2.229289207
0.086846961,2.226022136
0.111757188,2.2348454
0.073506042,2.248896076
0.088181363,2.297836851
0.08304423,2.279804473
0.076146142,2.279426023
0.065448864,2.293100881
0.074971575,2.253333037
0.082333624,2.267288813
0.08163395,2.274100091
0.072852364,2.266434052
0.069071251,2.253203926
0.079533817,2.257592696
0.087224815,2.234230274
0.083544004,2.268769719
0.065140643,2.252707714
0.059342651,2.240765733
0.065277571,2.240815239
0.060658067,2.271112622
0.056861201,2.26383852
0.061505905,2.273137108
0.070357221,2.266344579
0.055989659,2.250388002
0.059673476,2.281855932
0.072122011,2.25997754
0.072962535,2.289790553
0.066791058,2.265762513
0.072573332,2.274005355
0.068647242,2.293436897
0.064638705,2.283611012
0.067300998,2.271480217
0.071234114,2.289546148
0.070376608,2.305702395
0.088542646,2.299721536
0.073693551,2.294987703
0.076743195,2.305890057
0.098286069,2.289690719
0.107650415,2.297579453
0.119101643,2.302479731
0.100786043,2.317260992
0.08767038,2.30801043
0.083559238,2.307488725
0.085458684,2.315270059
0.096713121,2.30319469
0.092959418,2.265888828
0.084622621,2.272437444
0.090405631,2.267757065
0.085672081,2.302454731
0.107047378,2.274355516
0.112309145,2.285506552
0.11409933,2.286719204
0.10436997,2.29181767
0.091445443,2.317595528
0.085301741,2.315608213
0.072817717,2.326671914
0.075154041,2.319995832
0.132679565,2.282487997
0.133467663,2.264601012
0.112132297,2.294472742
0.124753578,2.277089369
0.112906991,2.261416506
0.115779268,2.249180448
0.095572744,2.269995364
0.089686477,2.274616698
0.109679043,2.284436332
0.100986134,2.282164974
0.092972247,2.268924651
0.082818908,2.250956417
0.082075063,2.256114422
0.101685808,2.258945643
0.100585367,2.244368163
0.102471788,2.246873071
0.09721696,2.243617513
0.098689282,2.239334004
0.091944646,2.259980501
0.084159227,2.261411571
0.084621506,2.248951503
0.098811413,2.219952791
0.079838368,2.239695678
0.078953534,2.241695493
0.097658423,2.24938242
0.118248969,2.227639553
0.104104214,2.229960088
0.101585439,2.235440295
0.091335956,2.223293052
0.093456792,2.23703337
0.072282592,2.178118192
0.070319855,2.241098789
0.073062585,2.219192766
0.074891138,2.222761808
0.0728719,2.210984134
0.080863296,2.2084562
0.088074456,2.22334519
0.083443537,2.207919363
0.133292861,2.242515057
0.112870797,2.228321454
0.090131559,2.229986239
0.093002366,2.228619313
0.096337415,2.224501428
0.093988797,2.225052409
0.113892764,2.219423027
0.10308016,2.230791823
0.11760505,2.23792267
0.070914792,2.214995606
0.09214302,2.21972878
0.113524028,2.224709156
0.073583822,2.243283963
0.094993577,2.227492186
0.105510758,2.221568728
0.102209271,2.209057345
0.085675566,2.209373131
0.091030737,2.216918612
0.091854886,2.223523807
0.095549893,2.23099544
0.10687053,2.234492607
0.105542141,2.215612211
0.141249316,2.232256611
0.098607612,2.228942336
0.105293758,2.225406517
0.101798923,2.223948967
0.109956661,2.224911457
0.116772699,2.230237059
0.141928513,2.227920307
0.110330578,2.213589535
0.136268169,2.22239372
0.107997214,2.237992406
0.120196368,2.231694939
0.145536864,2.244605002
0.11984004,2.236431238
0.104310565,2.230573569
0.112116888,2.229949398
0.109987274,2.25646557
0.14711121,2.239284169
0.120099319,2.24901466
0.138329835,2.248467462
0.144319658,2.258570647
0.176648044,2.252462651
0.167811612,2.254878086
0.12580843,2.278538861
0.172854025,2.292602695
0.174402179,2.295272733
0.198892242,2.281430607
0.177019874,2.286359997
0.153989459,2.271741234
0.190464554,2.266332902
0.131561639,2.267893576
0.157136785,2.279536712
0.169300289,2.27277823
0.177542772,2.297867937
0.148132221,2.282068265
0.174254257,2.311073556
0.170650018,2.281220412
0.221012818,2.272686783
0.170688505,2.29257457
0.208998058,2.275463564
0.186972978,2.288279385
0.174137708,2.292642004
0.202176768,2.26637254
0.19957957,2.263792468
0.1761205,2.268379262
0.199583682,2.285878916
0.152237997,2.291292018
0.179114569,2.274402719
0.173988594,2.270394537
0.171254422,2.265860867
0.155619808,2.267133058
0.169476891,2.306483472
0.184150721,2.292722924
0.189996281,2.277187066
0.174300782,2.263322242
0.194671623,2.27501291
0.179012575,2.26458769
0.136415073,2.295602664
0.131781343,2.286193716
0.145935708,2.296771731
0.139290784,2.275378038
0.134723592,2.277298249
0.123298937,2.281492284
0.14061615,2.287962283
0.110564036,2.285122016
0.124074114,2.277253019
0.1032578,2.298047375
0.13576176,2.273184804
0.143396508,2.272074125
0.141659036,2.290109629
0.139219752,2.275149751
0.116326671,2.293222097
0.140250539,2.278083273
0.125867084,2.284909354
0.12266575,2.307340865
0.126096883,2.262701525
0.116752551,2.254488288
0.106425756,2.301578095
0.130859117,2.305156512
0.135176836,2.321157662
0.107510233,2.286829893
0.132897799,2.307311424
0.119483536,2.295152175
0.103371491,2.281244754
0.099744966,2.294079653
0.118433198,2.282478294
0.101244416,2.285180075
0.097844822,2.283047038
0.102191508,2.288271983
0.099673216,2.301401617
0.103926368,2.276582796
0.089194387,2.276166517
0.089862226,2.290358146
0.10265649,2.272931518
0.091189833,2.269743722
0.101406791,2.256121001
0.101088353,2.262379489
0.100430753,2.264283088
0.120584656,2.26069398
0.096771334,2.268155087
0.094114577,2.268253441
0.097222542,2.276870128
0.113154593,2.284005745
0.08632431,2.285464776
0.097877079,2.286413779
0.102847905,2.294996585
0.104175029,2.279624869
0.104115922,2.277234434
0.108757815,2.266497703
0.10565279,2.300428436
0.085140389,2.284294393
0.093562105,2.279878485
0.086354007,2.285865923
0.097906756,2.283051314
0.102538615,2.31611051
0.088527607,2.282028956
0.102958317,2.299358546
0.091288475,2.276645295
0.088967303,2.270889269
0.096336449,2.268563635
0.083317156,2.275392347
0.087079514,2.272668034
0.08422646,2.274561764
0.081650212,2.270115757
0.088145364,2.281067617
0.078008581,2.250619249
0.088546882,2.243293832
0.086288979,2.250385699
0.085069425,2.250368265
0.077995978,2.241554541
0.088997792,2.270629074
0.084333176,2.269872997
0.09376972,2.24780941
0.088987029,2.258621798
0.093981138,2.264702162
0.090138487,2.258276078
0.102151572,2.255156538
0.07986494,2.279281945
0.084008884,2.254975289
0.077220205,2.250494415
0.07721727,2.249913664
0.074101169,2.248642131
0.072580672,2.248917293
0.076084454,2.249909388
0.076114229,2.274241372
0.0795889,2.254061319
0.081130922,2.271864588
0.076854563,2.268239132
0.075393173,2.265974517
0.075704575,2.263640825
0.075720539,2.266757075
0.073916246,2.263194777
0.075100429,2.259110115
0.073260912,2.26542699
0.071440937,2.252507223
0.0830661,2.255554231
0.078895923,2.261593313
0.078102495,2.265650672
0.075909076,2.262893464
0.072689218,2.274466041
0.066731483,2.279951511
0.074740029,2.285640103
0.067382417,2.295578322
0.068507462,2.289786112
0.066648836,2.280749035
0.068549777,2.273775423
0.067277314,2.284091599
0.077672919,2.282651154
0.067221419,2.284011995
0.065163412,2.287458176
0.063766762,2.296976334
0.063181365,2.284303933
0.062118573,2.283746537
0.063139456,2.281695407
0.069640555,2.296792125
0.069235327,2.279705132
0.069059034,2.285878423
0.073267296,2.270844533
0.063483454,2.274121966
0.064534045,2.274358641
0.062800027,2.275423104
0.06276887,2.27589925
0.063898325,2.271650445
0.067530452,2.268009694
0.063006429,2.273125266
0.065522886,2.270425952
0.064336015,2.282468425
0.071409513,2.318870186
0.065051114,2.275298105
0.067110863,2.286473647
0.065736381,2.27126887
0.066352781,2.279166486
0.066150933,2.285245206
0.067669225,2.287975276
0.072910818,2.285360665
0.062029589,2.288411291
0.062860306,2.280703148
0.065948884,2.274391206
0.059616363,2.261481636
0.063839988,2.267382562
0.069186546,2.287224626
0.066801563,2.255512126
0.065559409,2.271897482
0.065492803,2.261603017
0.065350972,2.274727223
0.062422965,2.270652923
0.065499505,2.259460605
0.066295401,2.262570276
0.064254823,2.268979585
0.066118367,2.272291064
0.062942239,2.271477585
0.060218711,2.272822637
0.062020897,2.272712605
0.062023817,2.278282613
0.06331321,2.276893483
0.061791099,2.280935711
0.061925401,2.279399049
0.059791855,2.2752185
0.056682224,2.256461458
0.05890256,2.260887235
0.053648873,2.271433178
0.054865477,2.266142443
0.053210946,2.266737338
0.054158448,2.27495403
0.053942419,2.262460574
0.065159023,2.288761288
0.068117082,2.271774786
0.084160625,2.263490004
0.072080204,2.264427823
0.071897522,2.27301178
0.091033472,2.272747145
0.084724039,2.267249175
0.074090689,2.277117165
0.077123038,2.288974114
0.07258228,2.283281246
0.071340353,2.27968375
0.070104346,2.272593857
0.074015325,2.268396367
0.070034214,2.270389768
0.079785711,2.243469323
0.070461733,2.264523546
0.074036624,2.269621519
0.080908356,2.264652985
0.084989712,2.259647774
0.082906433,2.258402721
0.071685476,2.259944646
0.070419654,2.251945716
0.07263468,2.257528881
0.072200757,2.262814846
0.073206303,2.258967189
0.075800858,2.243758301
0.094201336,2.243376068
0.082686601,2.235712989
0.087042816,2.238274147
0.075472654,2.252857548
0.076465089,2.234141624
0.081395989,2.237725962
0.07907602,2.23349344
0.076005045,2.226714727
0.075241499,2.223755219
0.075324275,2.230402189
0.070568665,2.235152962
0.075161309,2.237263796
0.070620752,2.224064755
0.072803136,2.230519293
0.069896993,2.240728727
0.07266648,2.240079062
0.073756662,2.238890752
0.07239486,2.238261647
0.07403095,2.243167188
0.072823134,2.247327178
0.077100393,2.231516651
0.075596178,2.228561748
0.073384153,2.231799708
0.072924747,2.241398786
0.072612004,2.23386564
0.067817764,2.244436419
0.070473924,2.245842654
0.06702706,2.264446573
0.067035042,2.270280065
0.064268613,2.261482623
0.066737794,2.244966183
0.068723583,2.251486016
0.065872883,2.24560417
0.073572546,2.24999442
0.072041969,2.258757816
0.074738097,2.25149901
0.074624555,2.247687701
0.071861415,2.253466917
0.070827719,2.247125371
0.070569179,2.254750127
0.076291972,2.25163585
0.078534799,2.262277023
0.073431429,2.257569177
0.068842275,2.256658002
0.069917141,2.263188198
0.069068625,2.257352896
0.06947082,2.256250112
0.069216701,2.248171577
0.069951176,2.242918507
0.071608946,2.250448363
0.071687214,2.253797012
0.066920492,2.260588718
0.075122977,2.252295876
0.07268911,2.242914559
0.069397399,2.250549677
0.071769717,2.242469334
0.068354338,2.239998636
0.06593899,2.238698649
0.068532276,2.224347647
0.071697097,2.232727658
0.068212306,2.227411266
0.068768756,2.218464155
0.064637708,2.233410546
0.076108015,2.221257054
0.073356964,2.236957055
0.077477152,2.24089287
0.071746192,2.234752802
0.066586223,2.234574021
0.069282001,2.227592514
0.073591794,2.224980864
0.080044369,2.228723259
0.074515906,2.234157249
0.079855051,2.242431834
0.079350539,2.237545207
0.087884635,2.229039045
0.083921164,2.22140771
0.082626163,2.229173748
0.072356044,2.22725436
0.066987807,2.22092663
0.065782711,2.21770561
0.066909061,2.219548848
0.071125285,2.234051
0.079297394,2.247734246
0.077618412,2.247461387
0.074265918,2.252351304
0.080576533,2.235389144
0.077879029,2.245030985
0.083406248,2.236684196
0.082033519,2.24680021
0.073308578,2.23827464
0.073090324,2.249352815
0.072316848,2.252614788
0.0752818,2.253676783
0.076341108,2.237121527
0.085738188,2.24565384
0.090657489,2.247450203
0.08268198,2.247699049
0.077358685,2.245018649
0.073222991,2.248682756
0.088139834,2.240523795
0.085707006,2.247855462
0.081201023,2.25277597
0.076032944,2.268744719
0.071733955,2.266183561
0.070202499,2.270163619
0.075101986,2.273108818
0.075910684,2.284005416
0.078404881,2.25135082
0.080479346,2.253617738
0.072589173,2.236920049
0.078989698,2.227347616
0.083246901,2.211904848
0.07991183,2.227085447
0.075769434,2.236363805
0.071621923,2.236048677
0.074997927,2.23484984
0.079618998,2.244205993
0.075237382,2.2373809
0.071029156,2.227166861
0.078074236,2.223775284
0.073022942,2.221948823
0.064835948,2.238172339
0.069120808,2.242490879
0.073898185,2.235245066
0.066628148,2.24037429
0.073368158,2.248969266
0.065597978,2.238924305
0.061195099,2.233638504
0.06416168,2.227784453
0.066671409,2.22752689
0.062895004,2.223794692
0.066425087,2.219064478
0.065164841,2.226353547
0.062278419,2.219472697
0.063040418,2.219924337
0.064068651,2.21646763
0.068252443,2.235376315
0.065587405,2.215528001
0.065602881,2.224047321
0.064344167,2.225148132
0.065774893,2.221360013
0.065609794,2.214859423
0.062888487,2.223321999
0.055967249,2.212347607
0.058119118,2.220776631
0.064550723,2.217521237
0.068339937,2.222148821
0.064106782,2.230024726
0.066794676,2.228491189
0.06474498,2.238210825
0.065965989,2.229766669
0.063954373,2.236550481
0.061899214,2.25175904
0.062855809,2.226261278
0.06246325,2.239683507
0.06217823,2.254203093
0.059188176,2.244925887
0.05980602,2.234752144
0.0603222,2.236094729
0.062590926,2.247266652
0.064808631,2.233379625
0.067525656,2.244828849
0.064019201,2.239065257
0.064967356,2.232481444
0.067121287,2.235112009
0.063873248,2.237347183
0.063896284,2.235990289
0.066541656,2.240479387
0.064555066,2.247808752
0.072101642,2.231838358
0.062704428,2.231200865
0.06621371,2.241594507
0.058096925,2.237287644
0.06098679,2.234857899
0.06425086,2.246310741
0.067773125,2.258362096
0.063507452,2.264925844
0.068959759,2.258375419
0.069436296,2.265799684
0.071943687,2.275830007
0.067080605,2.263124876
0.067607558,2.263456287
0.070266104,2.255990082
0.068866684,2.279762532
0.070374198,2.260231649
0.068515716,2.262355476
0.066902215,2.281329457
0.065627917,2.273123621
0.068782382,2.262195116
0.069559214,2.27002941
0.065989658,2.263988683
0.063571992,2.266268429
0.067830685,2.27750499
0.06614769,2.246918136
0.067273377,2.254980388
0.070492936,2.253926945
0.067370477,2.244333295
0.068782834,2.256699285
0.066748871,2.259961422
0.067722863,2.262044788
0.060047316,2.259979349
0.061563809,2.25176052
0.061097053,2.244291025
0.058946921,2.248530948
0.058050015,2.249614161
0.06003735,2.256519352
0.058597105,2.256052581
0.05876134,2.23868138
0.059189831,2.243596625
0.059073889,2.242986762
0.061267266,2.252159365
0.059169817,2.255124794
0.062927806,2.265820407
0.063024043,2.278522414
0.063986348,2.27648329
0.062021345,2.257449935
0.064217966,2.263161389
0.061287764,2.261087562
0.061362958,2.269075143
0.06389725,2.265803631
0.06425989,2.268341105
0.062119653,2.265413997
0.061416751,2.257952561
0.065037663,2.250250503
0.064115875,2.250217115
0.063687985,2.249951328
0.062958156,2.252786496
0.061164497,2.24116392
0.058605143,2.230072094
0.056011528,2.231277345
0.058700743,2.241539738
0.060358774,2.246680639
0.060970035,2.243631986
0.06089666,2.244536582
0.059251554,2.244588884
0.060861185,2.238708024
0.061551525,2.235217764
0.064196014,2.244348426
0.062672052,2.248933905
0.059942856,2.244837237
0.060418211,2.243100084
0.063202737,2.258559463
0.064524531,2.257974271
0.062802062,2.261650056
0.062798243,2.270561312
0.067212851,2.263142474
0.061377051,2.255589921
0.06026795,2.255364101
0.061305275,2.252549492
0.059361458,2.248548711
0.063233673,2.254596182
0.06167581,2.251588976
0.060732403,2.261850876
0.060998915,2.266589314
0.061537144,2.263882434
0.068117858,2.243909615
0.059447476,2.26206288
0.057343191,2.262901687
0.057355429,2.255845675
0.058656197,2.250444415
0.059468611,2.267565948
0.057805506,2.270210658
0.057355634,2.266789805
0.055459977,2.258956827
0.056081403,2.251980584
0.055342086,2.238696511
0.056294651,2.262594947
0.056145347,2.263400531
0.057232758,2.256534813
0.056199612,2.256532839
0.056324256,2.277137066
0.055841819,2.269073005
0.05494741,2.271562453
0.054930125,2.285597834
0.057106207,2.273177403
0.055255929,2.256139422
0.054880316,2.266791779
0.054000159,2.266695398
0.056363426,2.265450345
0.054172459,2.270060824
0.055825336,2.275866849
0.056262528,2.280036872
0.054845484,2.266438164
0.055985506,2.263744935
0.056782038,2.264221575
0.057277063,2.266192936
0.058912264,2.269690762
0.05839409,2.26574327
0.056566745,2.275662739
0.061218768,2.27707983
0.058135381,2.278965501
0.05583985,2.280361375
0.056555026,2.276443159
0.054937845,2.280579958
0.059879046,2.279466976
0.062129562,2.264651998
0.056701365,2.274174103
0.061606027,2.264040985
0.054872174,2.265186697
0.053780193,2.270209835
0.055955217,2.268301302
0.055476136,2.268012819
0.062165381,2.279742467
0.062356929,2.273178555
0.059268454,2.274887583
0.059554368,2.28125528
0.062382109,2.280306606
0.064072865,2.262199228
0.069682275,2.269847833
0.065822806,2.278293633
0.061840271,2.270807526
0.06520672,2.292132963
0.065558232,2.300108374
0.068378423,2.301091094
0.064050841,2.300328931
0.063144806,2.302576934
0.063985983,2.316471362
0.067193834,2.32208956
0.068561285,2.324230163
0.066162924,2.328391962
0.064377195,2.325332619
0.058050564,2.303711461
0.056326908,2.329775007
0.056144355,2.313642279
0.061504738,2.305358648
0.062961297,2.311189673
0.069896977,2.320031029
0.066552162,2.326467475
0.068542689,2.31224986
0.069146995,2.300764453
0.066933537,2.305600751
0.064742775,2.306735443
0.064926927,2.319313273
0.0666466,2.301879408
0.065655893,2.3083749
0.062078319,2.312011211
0.062645973,2.334579069
0.060972219,2.313463169
0.062280516,2.320792041
0.062384874,2.310779974
0.062978798,2.310365504
0.06026759,2.312374365
0.058952133,2.310933426
0.06438272,2.315320387
0.064214306,2.315425485
0.06528892,2.30056133
0.066465146,2.29558046
0.068399254,2.298232077
0.067208251,2.289660291
0.06742097,2.286562791
0.064423977,2.305194505
0.061104681,2.280037365
0.058093733,2.286874136
0.057694087,2.287291402
0.05775269,2.305738085
0.059279787,2.300320707
0.057328975,2.293195946
0.056411961,2.283690617
0.056099274,2.282887993
0.058401342,2.29480662
0.055201149,2.280309895
0.055826492,2.288266885
0.05387715,2.277697751
0.057488831,2.272459483
0.054484719,2.276327206
0.055227233,2.289049278
0.054685653,2.255567717
0.055473576,2.274635447
0.057183427,2.273827396
0.058374549,2.280869593
0.056492352,2.264941633
0.058346121,2.261066509
0.057872796,2.273369671
0.056074552,2.273845982
0.059509426,2.265385214
0.059470374,2.27170505
0.06106898,2.279473719
0.06085586,2.270912131
0.060504193,2.281728137
0.059491123,2.264599038
0.05937331,2.258626732
0.062326934,2.270660653
0.060913852,2.255914589
0.06282845,2.254313454
0.05789944,2.258068021
0.058374256,2.258618673
0.057424394,2.259129358
0.05734333,2.269334515
0.058987618,2.256934644
0.058243367,2.256863099
0.056773162,2.264459402
0.057450566,2.260528686
0.055816978,2.249272059
0.05514472,2.246210578
0.057815035,2.255982351
0.057939227,2.246321103
0.06257174,2.24844789
0.058485639,2.246850374
0.058770386,2.238438125
0.059210441,2.234740138
0.059647598,2.235966934
0.057837691,2.224220016
0.056849287,2.22071775
0.056486271,2.233182917
0.057589318,2.227108967
0.05520285,2.231596256
0.054052991,2.230910736
0.053689472,2.234358234
0.053748306,2.235746377
0.053610273,2.219096879
0.056168424,2.230766988
0.057356015,2.230568141
0.055575539,2.234161032
0.056453295,2.23578914
0.062152557,2.226081017
0.061273568,2.221857212
0.05691412,2.222276451
0.059209547,2.218971387
0.060865811,2.224102254
0.056065676,2.230305973
0.056801821,2.225430366
0.056783663,2.232803316
0.053619278,2.232059902
0.052737647,2.235815784
0.055404642,2.239975774
0.055564992,2.235275165
0.057428727,2.239093546
0.056152183,2.231158431
0.059437562,2.22843165
0.055055545,2.23352765
0.053741152,2.232364175
0.052521099,2.227264228
0.052929344,2.226288416
0.057090819,2.223221836
0.055335487,2.230751692
0.055575436,2.243633631
0.055745248,2.239994195
0.055281478,2.227644981
0.054366032,2.230388538
0.05367727,2.234295076
0.056471551,2.242035292
0.054453717,2.236372357
0.053721523,2.232030955
0.055203652,2.238501283
0.059400833,2.241249774
0.05721277,2.243421297
0.055965589,2.239112296
0.055885682,2.243599914
0.056223425,2.233261534
0.058710925,2.232720915
0.057823573,2.239841236
0.056971474,2.229841504
0.060577892,2.22456771
0.057344661,2.225428063
0.055878018,2.222326779
0.055763813,2.230174066
0.054043004,2.228224251
0.057783673,2.237009028
0.058444459,2.236897845
0.054897755,2.251078948
0.06026005,2.235417598
0.060751796,2.240962935
0.058751935,2.234690138
0.055723558,2.253940267
0.059724272,2.247183429
0.069819876,2.252095056
0.06038859,2.249978466
0.057330953,2.260762729
0.063941293,2.25096941
0.058201288,2.253123664
0.057993729,2.246631955
0.056509796,2.248038848
0.052724725,2.256188106
0.050538358,2.256412117
0.053390122,2.250117116
0.060739095,2.242162922
0.058005967,2.24580976
0.054820725,2.250448527
0.057913662,2.259685767
0.057656613,2.269584677
0.06076684,2.26844061
0.061125728,2.259981652
0.057436848,2.262208603
0.054875361,2.248771242
0.052797849,2.260468982
0.056487844,2.261128515
0.055406765,2.248882754
0.055712071,2.264320587
0.055226976,2.252655248
0.059419871,2.247311718
0.059586455,2.258213907
0.058426655,2.248311049
0.060328517,2.264178154
0.067214213,2.257437764
0.052096756,2.266473032
0.052174844,2.262867642
0.053243717,2.257801411
0.051650276,2.262267155
0.050896732,2.269172017
0.050903388,2.276059281
0.051339337,2.263116817
0.050816301,2.240820831
0.050972713,2.237194388
0.051415256,2.233860541
0.049145034,2.236077624
0.050682796,2.232891966
0.049409202,2.240781193
0.052281109,2.233928468
0.051870453,2.252261173
0.050426964,2.241803716
0.050668044,2.235141614
0.050396722,2.252985014
0.051775994,2.236061176
0.050930819,2.232669106
0.049053387,2.239193545
0.051112026,2.220260189
0.052713197,2.229482791
0.055097629,2.230075548
0.055940482,2.231583591
0.049426296,2.236075321
0.050340591,2.238085498
0.052568616,2.233241798
0.050325418,2.230622417
0.050753097,2.227669652
0.048777357,2.231713853
0.049113337,2.236696038
0.050155195,2.244198921
0.050342781,2.243745143
0.050946717,2.252042919
0.050891125,2.256820501
0.050752059,2.257070662
0.052695295,2.250603295
0.052122902,2.245830483
0.052892333,2.261787883
0.050785976,2.269575467
0.04911748,2.26874291
0.051432649,2.258867848
0.050512973,2.237440767
0.050175646,2.244146783
0.0504965,2.242956335
0.050971711,2.237530076
0.050849586,2.23849273
0.048349555,2.24639676
0.04707538,2.241185136
0.05486302,2.254209837
0.055363596,2.254079082
0.05142644,2.242268184
0.053695835,2.249438834
0.049127405,2.2506954
0.049297078,2.243201892
0.049555736,2.227884945
0.049011735,2.246557285
0.050615665,2.250822865
0.049138722,2.253981056
0.050830219,2.252152457
0.052333971,2.244417011
0.052461951,2.241354378
0.050020729,2.248656605
0.055923906,2.246131302
0.05947262,2.252695543
0.057545687,2.249876987
0.056798439,2.248417627
0.055697664,2.242787422
0.055946911,2.240292383
0.053147614,2.257972791
0.053060973,2.250157905
0.051275691,2.24348758
0.055917157,2.244208789
0.057973391,2.246130644
0.054441196,2.23372074
0.059979497,2.239994853
0.056712857,2.245467329
0.06147224,2.232196085
0.054595949,2.236015618
0.05621754,2.231462704
0.059708108,2.234218761
0.057906436,2.225598621
0.059383666,2.229333615
0.062301739,2.232669271
0.054260087,2.236404265
0.056336602,2.243270477
0.055727552,2.23627499
0.058378624,2.244550891
0.052551069,2.239433345
0.054230472,2.229627855
0.050159245,2.24795875
0.050919167,2.247588688
0.049928208,2.234910366
0.04996707,2.251018916
0.050292539,2.230493471
0.051622157,2.228122279
0.050598982,2.243486593
0.050969069,2.247740496
0.0513869,2.251617101
0.051672403,2.243404028
0.053351502,2.236899326
0.051675379,2.246766
0.054332367,2.242255849
0.050595368,2.235408223
0.050813422,2.246353504
0.051199942,2.239464431
0.054340236,2.245145786
0.053189261,2.230631956
0.051784768,2.23690722
0.050788464,2.233265153
0.05284423,2.236626467
0.052938421,2.233119595
0.051873095,2.231550204
0.051516946,2.232179309
0.054695526,2.225999274
0.04985197,2.22712344
0.062173245,2.226369665
0.05014543,2.234675007
0.0506732,2.2283805
0.051270295,2.225563259
0.05218591,2.230710574
0.056420344,2.224277088
0.051992481,2.229705486
0.052690469,2.231372738
0.051373562,2.235439801
0.051505664,2.231678821
0.049959802,2.248313023
0.051115218,2.240972803
0.050064951,2.229800386
0.051683104,2.231035242
0.050719149,2.231002018
0.051679285,2.228035108
0.04992624,2.229514534
0.048521587,2.223216737
0.0495261,2.221005412
0.048189565,2.229268648
0.048766707,2.226480848
0.049725831,2.217582585
0.050513533,2.222002441
0.048787652,2.218837342
0.047094387,2.227439884
0.0471493,2.222360496
0.047128397,2.217917286
0.047486062,2.220483706
0.049165264,2.226748444
0.047294873,2.222344707
0.047078742,2.21984391
0.046439321,2.223967881
0.049439989,2.231840168
0.049196961,2.235498189
0.050341028,2.23267585
0.049908934,2.244388228
0.050295382,2.249940309
0.051861546,2.25039787
0.049081944,2.249488504
0.049490214,2.24727504
0.054067279,2.235262007
0.057246204,2.240163437
0.05016143,2.247794936
0.055572491,2.255463607
0.066151329,2.243609618
0.053852813,2.252461829
0.051907115,2.245849891
0.051165361,2.287332848
0.054387624,2.267673513
0.052342436,2.253551949
0.051718599,2.274484462
0.051001527,2.270448978
0.051789096,2.258655021
0.053520333,2.278960402
0.05520503,2.271871496
0.05144077,2.276866016
0.053827813,2.265248374
0.051665387,2.240580209
0.050696534,2.24149089
0.051111065,2.240923462
0.049865185,2.238067077
0.051005243,2.227839387
0.052101351,2.222677763
0.050763484,2.233009399
0.061050199,2.226212594
0.056018143,2.248618447
0.055976891,2.245575058
0.059418103,2.229112235
0.05703184,2.230133771
0.058938204,2.240114588
0.055145347,2.223416242
0.059639354,2.231843293
0.056878537,2.245719629
0.055958666,2.220555416
0.057073812,2.229181314
0.058257157,2.244652864
0.058139539,2.237090442
0.057155672,2.242426078
0.056200208,2.223636634
0.057456769,2.215877833
0.055412727,2.222374312
0.055678318,2.227228373
0.05605205,2.231436224
0.056894424,2.243588894
0.059569926,2.241806183
0.057239507,2.232489503
0.057977441,2.243473435
0.056498915,2.242602063
0.05933121,2.251366445
0.058971309,2.263975032
0.060438158,2.258699428
0.057282552,2.2536156
0.057109584,2.263555299
0.062012494,2.271525282
0.057931656,2.266887501
0.056829278,2.265919584
0.056898222,2.243351726
0.055725974,2.250191293
0.056666815,2.258520318
0.059780152,2.255222326
0.062153452,2.254914106
0.059983979,2.2512824
0.056677506,2.250668097
0.058411868,2.257527401
0.057990913,2.267465456
0.059199663,2.252191108
0.058233622,2.248086874
0.059160509,2.246629159
0.05916094,2.244305663
0.05954214,2.247896251
0.06002981,2.23288292
0.056927221,2.244059613
0.059343217,2.229146939
0.057952627,2.254153916
0.059539976,2.259882311
0.061904354,2.266497045
0.057563059,2.267160196
0.054098395,2.246468305
0.056785945,2.254598813
0.057191892,2.254890257
0.057798552,2.261742982
0.057287358,2.244528358
0.055436452,2.259593169
0.057057467,2.258404366
0.055985398,2.256612444
0.053604537,2.279173887
0.05519162,2.276468981
0.057257188,2.292007964
0.055443524,2.25189292
0.0577409,2.259429026
0.056017408,2.283967752
0.053788792,2.251004114
0.059236551,2.283308877
0.054600261,2.264571078
0.057211634,2.267133058
0.056369476,2.259283139
0.053393042,2.264111872
0.053831581,2.246261235
0.053250732,2.253229255
0.054172022,2.238293719
0.053932166,2.250140142
0.053476712,2.264806108
0.052343197,2.254140923
0.053564458,2.240244192
0.056254119,2.262062058
0.054951912,2.251081086
0.053440523,2.266109384
0.053228005,2.258633969
0.054994613,2.266425829
0.053677126,2.238921838
0.05110204,2.235562991
0.051894517,2.239328248
0.051594171,2.231242641
0.05345256,2.243043834
0.050461329,2.246694948
0.055120573,2.251197533
0.062301219,2.249788172
0.050368623,2.241266386
0.051030479,2.241731677
0.051325881,2.240208502
0.050673965,2.237755896
0.049702465,2.238526118
0.05275911,2.231690498
0.050797797,2.23090975
0.049064366,2.238085991
0.04971643,2.248240491
0.04973389,2.243399423
0.051923377,2.242940875
0.051949451,2.249602977
0.053568503,2.265785375
0.051821291,2.257090728
0.055718429,2.260211419
0.055994598,2.229760913
0.054121704,2.241308326
0.057461123,2.227915537
0.056140336,2.242034141
0.05632695,2.239759493
0.059414351,2.243167188
0.053728796,2.24058284
0.053018308,2.238112471
0.051885106,2.233608241
0.055091534,2.235711345
0.056754834,2.224054229
0.056633901,2.222787465
0.058188418,2.238442237
0.060292081,2.236851793
0.06356034,2.236811004
0.058137961,2.251408879
0.05733267,2.244116192
0.058112653,2.242076246
0.058562597,2.243663565
0.059886781,2.23672992
0.061878547,2.242778212
0.061381235,2.239803407
0.058093533,2.241365233
0.054715263,2.253275143
0.056319816,2.250213168
0.059219883,2.240364915
0.062644005,2.249958072
0.061694493,2.255893701
0.059749565,2.246963366
0.063215452,2.246545607
0.059836931,2.238134675
0.058120023,2.267503613
0.055848043,2.240309652
0.05727236,2.227805341
0.056264969,2.238504901
0.057734974,2.241078065
0.056451943,2.242058812
0.057538676,2.236539132
0.058505736,2.239432852
0.056893828,2.231272904
0.056703174,2.247095108
0.056993817,2.238962627
0.056140418,2.237793724
0.066597628,2.244659278
0.058949399,2.238687301
0.057885537,2.2481599
0.061363215,2.264274042
0.063471926,2.241150926
0.06598939,2.247672569
0.065707506,2.252751957
0.065824168,2.249906921
0.064267759,2.258703869
0.063255599,2.244004351
0.063960988,2.242984789
0.066084352,2.225584476
0.062666542,2.244440366
0.059720834,2.233843601
0.059106819,2.237288302
0.060948242,2.246788697
0.056956656,2.249633075
0.05878448,2.24844937
0.054076449,2.250049025
0.058911318,2.24032758
0.056809654,2.256497149
0.057571869,2.253821847
0.059716964,2.251888973
0.064057611,2.239709165
0.057499969,2.252475315
0.064161161,2.246429654
0.059597737,2.245044636
0.05663112,2.243006335
0.059412346,2.242724265
0.058792724,2.244821612
0.060970107,2.240890567
0.060697911,2.23518158
0.061916324,2.232588022
0.068179062,2.23867184
0.06987907,2.239108842
0.070163119,2.239501766
0.065664085,2.22811093
0.074987555,2.2256376
0.067247277,2.225169842
0.064665972,2.244107803
0.063019504,2.23392008
0.06673541,2.242138252
0.067560093,2.243279194
0.058794939,2.241983977
0.061259598,2.234477805
0.060016904,2.233242456
0.064856004,2.239230223
0.060087663,2.236419396
0.067640669,2.24757257
0.075105255,2.250639315
0.069289639,2.236955904
0.064126941,2.234299024
0.066786648,2.24251407
0.066700372,2.239455549
0.067162327,2.243105347
0.069668649,2.252081569
0.067193315,2.234127315
0.066447301,2.236918898
0.063270766,2.221466591
0.065587123,2.225948452
0.059079851,2.226978869
0.062713145,2.226728214
0.062845714,2.231318791
0.060350602,2.248369601
0.060786047,2.230917151
0.060871238,2.231670433
0.061323536,2.235993578
0.059616631,2.249804455
0.064438317,2.245556637
0.060859366,2.254265428
0.05794375,2.251228289
0.063864597,2.239787454
0.065556305,2.246984418
0.064427935,2.240014425
0.064575517,2.245169306
0.071956706,2.236838307
0.078827276,2.247621089
0.068967443,2.235265297
0.068677094,2.24486421
0.065288308,2.247834081
0.064807027,2.244396616
0.069078883,2.247909738
0.064371346,2.251967919
0.06531855,2.238939436
0.07013503,2.219495065
0.064695865,2.211482484
0.067540387,2.230300874
0.063396341,2.223172165
0.067862002,2.237350966
0.066323006,2.222096354
0.075535431,2.218942275
0.067524022,2.220735678
0.067462736,2.228275566
0.067346695,2.223464926
0.060800258,2.231474711
0.066833234,2.240167877
0.064881651,2.237481228
0.067899964,2.244701712
0.072974387,2.238776773
0.072390599,2.246696592
0.090349237,2.235987657
0.079963937,2.239103744
0.067050564,2.236611335
0.06216386,2.23409294
0.060754766,2.22524665
0.059498334,2.222618717
0.066075394,2.220639461
0.06819735,2.230314526
0.055140125,2.230366992
0.065259176,2.23371005
0.057130282,2.236919391
0.056044983,2.22252135
0.057364485,2.211843829
0.058012093,2.220464957
0.060743526,2.217878964
0.063519479,2.224954219
0.071916246,2.238353916
0.058475272,2.230856461
0.066886451,2.236207721
0.069237301,2.224848957
0.066839772,2.218977308
0.075981916,2.216585227
0.071441847,2.224492053
0.069555569,2.220727289
0.070066286,2.212775234
0.070703013,2.213905156
0.06864368,2.224406692
0.071155265,2.230795277
0.07828365,2.225386781
0.069826892,2.232638021
0.07503686,2.236628111
0.081668638,2.225392373
0.079798843,2.226281015
0.071292995,2.239536963
0.080799886,2.228534774
0.071045501,2.231682768
0.075587271,2.234781256
0.069655173,2.230238704
0.067267641,2.22992999
0.084183065,2.241037276
0.078424968,2.232989662
0.070925755,2.23119478
0.080636972,2.247883751
0.076884806,2.225831348
0.088465817,2.235722364
0.083300878,2.231679314
0.091638657,2.228364546
0.073836677,2.232544437
0.080169178,2.234717934
0.074207274,2.242249928
0.06824332,2.237873822
0.070039153,2.231727998
0.07284025,2.227482154
0.070398771,2.242413084
0.069673696,2.232319768
0.075948302,2.22261477
0.073390758,2.223773311
0.071059619,2.222940918
0.083003487,2.217738176
0.082637002,2.224836951
0.070719764,2.225437109
0.079509928,2.236378936
0.077986593,2.234546718
0.081520392,2.238637466
0.073935705,2.247197245
0.07642376,2.253394385
0.083114742,2.259313402
0.084448692,2.225999439
0.073062898,2.236395548
0.075434821,2.217319759
0.072514652,2.239418543
0.077393831,2.225391057
0.07340335,2.237536655
0.07853338,2.240024787
0.068148748,2.243516033
0.076046872,2.251802296
0.067417881,2.2423195
0.084470356,2.219273522
0.074399125,2.235246547
0.078326706,2.22191083
0.065613212,2.223445518
0.062378167,2.228853685
0.062565223,2.233661366
0.061507365,2.241980194
0.053354535,2.21340401
0.055884983,2.214333441
0.053006733,2.212962896
0.056003454,2.20416858
0.05619235,2.203112341
0.060924399,2.202915632
0.061001659,2.204783869
0.057700681,2.198052525
0.077617667,2.200327337
0.072535822,2.170614158
0.069295904,2.208203077
0.061424131,2.209982664
0.069613731,2.216295099
0.064482493,2.220918899
0.070102722,2.229948904
0.072901387,2.226461112
0.075406783,2.212717504
0.062796105,2.178642364
0.064331744,2.22725288
0.070940902,2.220877452
0.058187863,2.214245942
0.054246425,2.213686244
0.058319394,2.210153879
0.059530566,2.203085203
0.058720531,2.199372412
0.061125641,2.215479647
0.059376085,2.189362812
0.059418976,2.224565408
0.059646369,2.223681206
0.065511579,2.218960038
0.068318026,2.220813802
0.058417183,2.213882295
0.054975283,2.22201971
0.056826245,2.216673713
0.060103463,2.211860605
0.054319641,2.215257445
0.055637817,2.213025396
0.055559133,2.208758499
0.056906287,2.220905413
0.056697695,2.228202212
0.05662634,2.208593863
0.054156505,2.23317568
0.055522347,2.23183326
0.057087674,2.235792265
0.055893905,2.238229575
0.06023134,2.228920461
0.056232615,2.221975632
0.054052518,2.223744363
0.053934674,2.227652053
0.055033218,2.235692266
0.053365945,2.232281446
0.055929164,2.242759133
0.058985002,2.23795869
0.061369085,2.252409033
0.057716805,2.266351323
0.060453829,2.234804446
0.057462351,2.233217127
0.052230965,2.229527198
0.053416284,2.231592144
0.058195135,2.23540921
0.0603417,2.238022834
0.056790992,2.228053694
0.055296445,2.241852893
0.057847837,2.242874264
0.054065593,2.234102973
0.055608968,2.228089055
0.056613686,2.243911424
0.059127548,2.234897537
0.060899553,2.23798665
0.058707527,2.237923164
0.059631438,2.244067508
0.053049892,2.250012019
0.055892127,2.246550706
0.054233704,2.242047628
0.052466643,2.243463073
0.054664107,2.254413947
0.054249992,2.256271329
0.051575529,2.237150474
0.05262411,2.253463956
0.051477771,2.241065236
0.055218578,2.234965464
0.056298568,2.235599339
0.054890194,2.235788153
0.055050668,2.219910193
0.05323556,2.227060776
0.061331518,2.226367363
0.057411406,2.228063233
0.057962207,2.215661388
0.057541375,2.237830237
0.058723908,2.2356847
0.059927025,2.229302694
0.060659075,2.232706606
0.070963218,2.240068865
0.065671322,2.25416066
0.06016901,2.243737084
0.055526105,2.23858944
0.053507298,2.236979259
0.06010926,2.23368357
0.058079609,2.233375842
0.058991077,2.221419717
0.05823797,2.239279071
0.06109251,2.23347946
0.065157861,2.232064507
0.058176786,2.214768963
0.05611808,2.237211822
0.062616928,2.232111546
0.058686233,2.240488598
0.061096663,2.236106571
0.060970816,2.231288858
0.053387496,2.241160959
0.050689205,2.242213415
0.056212508,2.229011579
0.053924985,2.233730609
0.055222536,2.240476591
0.053709265,2.230547911
0.052557704,2.225350926
0.055416952,2.250324186
0.056595707,2.224729057
0.060186948,2.230747745
0.05714398,2.221046201
0.056191975,2.23222421
0.059901979,2.224809484
0.055564576,2.230703008
0.053308976,2.232062369
0.052983065,2.245676702
0.051617865,2.229947424
0.053128905,2.235804765
0.066771013,2.228536912
0.051115701,2.252571367
0.048595024,2.251083718
0.048730965,2.249557747
0.049295783,2.24286752
0.051436864,2.236618901
0.05232364,2.250645729
0.053421033,2.244696778
0.055526845,2.244631318
0.054053525,2.231998719
0.049483209,2.225613587
0.050513261,2.231295436
0.050575575,2.22688989
0.056149777,2.229875385
0.050905866,2.221485341
0.05150037,2.234367115
0.051862985,2.229931306
0.05358476,2.233500677
0.055799164,2.242786271
0.051218578,2.231656781
0.054361504,2.250302147
0.050888437,2.247153331
0.054358153,2.252863305
0.056845375,2.243693663
0.054057935,2.278557117
0.05293895,2.258194664
0.049383277,2.254537301
0.049919897,2.24859279
0.051032581,2.240840074
0.050588949,2.249371894
0.05467781,2.249489327
0.050679218,2.243744156
0.054330177,2.233334889
0.053467522,2.249980275
0.049768794,2.240958165
0.055289589,2.245451375
0.049181326,2.256940894
0.049596802,2.260830163
0.049543498,2.248256774
0.049105468,2.258962255
0.053279613,2.264840483
0.051501804,2.257230529
0.052181433,2.25990912
0.05166404,2.260455825
0.048745372,2.259834943
0.055514355,2.247002675
0.049167782,2.244202046
0.051241517,2.243313568
0.048849226,2.250062676
0.049447883,2.251106909
0.055448458,2.25980797
0.054222418,2.237286657
0.054299956,2.251156744
0.054494598,2.260215202
0.049765833,2.268799324
0.050733967,2.253103434
0.049997153,2.270537299
0.051920288,2.255722486
0.055514345,2.258086112
0.05903641,2.247955461
0.055018462,2.24423823
0.058981954,2.245822588
0.053194771,2.245516013
0.053925237,2.259313731
0.05400222,2.274103709
0.061495949,2.265485542
0.057347205,2.254895685
0.058986282,2.253818887
0.058609343,2.270319374
0.063716876,2.261295125
0.059472512,2.272845663
0.055427653,2.280476341
0.053177625,2.263696745
0.061981296,2.276899569
0.055928861,2.279457437
0.058371228,2.270727922
0.060901573,2.275383959
0.057389444,2.257710952
0.05855186,2.266105766
0.057259387,2.267535356
0.057556758,2.262153504
0.067961939,2.275821126
0.059151612,2.27812472
0.056413225,2.278423401
0.062369491,2.294089357
0.064093974,2.290205516
0.073090961,2.287004727
0.078185311,2.261588872
0.058145018,2.258334465
0.061282403,2.257858812
0.058331334,2.250311851
0.06484739,2.260259281
0.06011696,2.241461778
0.057336818,2.258079534
0.056794189,2.250231095
0.06237645,2.255708506
0.06505244,2.264262529
0.063676421,2.243844648
0.065870184,2.243805833
0.067086156,2.245473743
0.063406317,2.260497765
0.063478155,2.253569054
0.062788627,2.255811136
0.064382278,2.251100165
0.064474074,2.249525182
0.067797996,2.243211925
0.072786293,2.246091829
0.065495209,2.259507808
0.068432688,2.264439172
0.076782468,2.259326067
0.066898216,2.259302218
0.075485817,2.262430146
0.075560657,2.263127014
0.085500686,2.262630802
0.083516619,2.263013857
0.074753095,2.282778948
0.072066013,2.303393866
0.065892676,2.28159327
0.067678091,2.279239676
0.076102459,2.265815309
0.079249692,2.264404632
0.072293149,2.251933051
0.073216731,2.247559412
0.074519478,2.264326837
0.074868688,2.257630525
0.076852816,2.2438458
0.077144229,2.253188301
0.070278701,2.247650859
0.073421267,2.256608661
0.0745556,2.261523906
0.070567874,2.260231649
0.069321737,2.242433808
0.074521282,2.243270641
0.066359591,2.240066234
0.05798015,2.234562508
0.062925442,2.241698618
0.067660056,2.232616311
0.105722649,2.226711602
0.090186934,2.223591733
0.076960833,2.229391838
0.084399273,2.229435258
0.070608144,2.244112573
0.073977861,2.237383696
0.073687131,2.236872846
0.076262243,2.247735233
0.07410912,2.227443503
0.079605547,2.2345431
0.079115375,2.240386461
0.079953832,2.223843047
0.078277339,2.234981911
0.088844802,2.226238581
0.079333932,2.246522088
0.080768801,2.237109685
0.072626909,2.228868159
0.078861851,2.236469725
0.082560179,2.2361768
0.07875295,2.230978006
0.075037086,2.237595864
0.08422224,2.241068855
0.073184058,2.24574101
0.066482529,2.232717955
0.066370801,2.238392073
0.073102099,2.237082383
0.065276307,2.220495548
0.06713025,2.239507522
0.079658919,2.240963264
0.075817033,2.239621666
0.072933767,2.243868497
0.089915227,2.235523024
0.072973359,2.250727307
0.076468722,2.245940679
0.066400915,2.256890401
0.060776055,2.251648021
0.066715986,2.24974837
0.062867003,2.248335391
0.064570424,2.2564483
0.082316369,2.25018751
0.08107308,2.260271945
0.083709766,2.266756582
0.078564635,2.253585008
0.081568053,2.272132184
0.080287397,2.249888829
0.077284925,2.250532243
0.070804477,2.252608209
0.072892346,2.266459874
0.070094801,2.234495732
0.074543378,2.245815845
0.068970013,2.247373395
0.081798165,2.25222943
0.090924098,2.257221977
0.066865337,2.245115688
0.084985863,2.257799767
0.082584788,2.239066737
0.070091208,2.239518377
0.074133277,2.244574246
0.075944627,2.249671726
0.075570207,2.236882878
0.08198188,2.241027079
0.082728536,2.239749296
0.075687239,2.242079206
0.071813292,2.22826356
0.087280961,2.250306423
0.087645575,2.240678727
0.08483091,2.263689179
0.084508169,2.265317123
0.084733033,2.255339266
0.082080959,2.274062427
0.082567251,2.244621778
0.07614333,2.241393687
0.074832519,2.243043176
0.078655984,2.232170098
0.091195549,2.24927946
0.084568253,2.239097658
0.093385555,2.248818116
0.08084157,2.250672209
0.080988932,2.248004474
0.077313039,2.258242525
0.076839977,2.250483231
0.073756991,2.256838264
0.07310341,2.249568438
0.073239053,2.256996815
0.076164665,2.254715424
0.081151394,2.253685994
0.058915754,2.247901514
0.079269593,2.271572979
0.079023851,2.260953352
0.074974109,2.259163075
0.068254416,2.260752039
0.064967392,2.25791095
0.073602639,2.266064813
0.064718017,2.260595626
0.074866164,2.240473631
0.074667446,2.253074158
0.084218395,2.241347964
0.079600546,2.245173253
0.087560636,2.241081355
0.082040396,2.234188499
0.08163599,2.231678656
0.07974503,2.236932878
0.077196866,2.248294109
0.083581627,2.23816724
0.081343276,2.252372356
0.072916056,2.250930923
0.074903874,2.269794873
0.078296387,2.27796288
0.076005431,2.257451251
0.075116475,2.273080858
0.068503967,2.273177568
0.071970198,2.267698019
0.067004989,2.276115531
0.071661016,2.273778055
0.067005755,2.272581357
0.068007852,2.280745252
0.066022932,2.258086606
0.070714069,2.26112539
0.070244609,2.259390704
0.072203671,2.273369342
0.070133498,2.267736177
0.073224014,2.270347169
0.074330664,2.282890954
0.071782422,2.267256248
0.072171291,2.280827653
0.068338698,2.266622537
0.065154197,2.27127512
0.070047387,2.268759357
0.068586259,2.264413514
0.069936774,2.264297232
0.068499346,2.270194704
0.072520557,2.263816316
0.072177119,2.267220064
0.070166763,2.271605216
0.071127495,2.278757444
0.070882786,2.268552122
0.069009183,2.276238062
0.072620489,2.280540156
0.068644539,2.268781561
0.068576308,2.264851503
0.066750443,2.250128465
0.072199092,2.249613667
0.0587742,2.251537825
0.07279795,2.259719484
0.062309772,2.258876236
0.06224662,2.240475111
0.06313723,2.253256886
0.069371011,2.257941048
0.068827802,2.258099106
0.071407375,2.262605473
0.063252566,2.254841245
0.065563593,2.247248396
0.064711931,2.252731398
0.068105179,2.239613113
0.076242543,2.239989919
0.06394891,2.248446245
0.067100949,2.263783586
0.061536944,2.282640792
0.06376007,2.280452163
0.061643265,2.29052344
0.063993646,2.276701873
0.068279473,2.267084539
0.069759042,2.249567122
0.064985926,2.263568128
0.07219682,2.252714787
0.067682568,2.261068812
0.063672114,2.25423533
0.063588125,2.246914682
0.062133813,2.252035517
0.06031245,2.24506503
0.066061321,2.243353371
0.057765581,2.239947814
0.064518908,2.252088313
0.0665793,2.25381165
0.056927355,2.262619782
0.055438492,2.253400635
0.053536631,2.265071402
0.063692997,2.253406062
0.067974326,2.245272101
0.079321695,2.260922267
0.0884067,2.247884409
0.097983317,2.249436696
0.082136334,2.257072143
0.086912822,2.25947294
0.076213123,2.259031497
0.104264831,2.261797587
0.096882167,2.278984415
0.087672127,2.267326148
0.084771813,2.265189822
0.087781316,2.279714013
0.0872787,2.280965974
0.092886495,2.265888663
0.103471192,2.264125852
0.092968382,2.263112705
0.106220156,2.2757856
0.097142156,2.29378015
0.109058418,2.314228293
0.085570874,2.293260419
0.084160948,2.302429073
0.08216837,2.300977279
0.085430384,2.291818328
0.073261231,2.293236241
0.070920409,2.283354271
0.069321793,2.294948723
0.073087878,2.287524952
0.070754015,2.27890037
0.078827025,2.263648555
0.073808028,2.266178134
0.076330016,2.281191958
0.072937818,2.281951161
0.074132336,2.27012102
0.079381413,2.271039432
0.068766017,2.266614807
0.080708538,2.279383918
0.08546277,2.294070608
0.093115461,2.290829029
0.086648875,2.285897502
0.082112877,2.280587688
0.08391348,2.281146564
0.078259555,2.289882822
0.082626687,2.295035729
0.082293235,2.291306656
0.082446251,2.275975401
0.077107742,2.266102641
0.075544498,2.270277104
0.071942407,2.286581869
0.076634675,2.283560848
0.075493249,2.261148745
0.073623152,2.257346646
0.072055605,2.246448733
0.073851701,2.25560275
0.08407145,2.259391362
0.069475451,2.250683887
0.070659639,2.260562896
0.06991675,2.256831027
0.071971668,2.261206146
0.068826249,2.241578224
0.063540973,2.248332431
0.068932894,2.250214813
0.071432693,2.257470987
0.072618963,2.26711069
0.072413856,2.260331977
0.072961137,2.262118472
0.064055904,2.248387693
0.064288632,2.250983719
0.064760276,2.244627042
0.063219621,2.255372325
0.060875324,2.26558291
0.060668259,2.268368407
0.065155687,2.258737586
0.06355445,2.288898457
0.069194625,2.260010106
0.064495065,2.253423003
0.06517898,2.247875528
0.064907016,2.256229388
0.065386092,2.24965347
0.069607712,2.249098541
0.071727956,2.254251448
0.071927004,2.254947329
0.071031371,2.247254317
0.066571801,2.252045715
0.071407349,2.250255273
0.071524099,2.262964351
0.064950123,2.257309476
0.064057138,2.25696096
0.065655471,2.262191662
0.05799727,2.263906776
0.062403459,2.240588103
0.060624135,2.254828909
0.063509862,2.259841851
0.067433799,2.241575264
0.061626869,2.249529787
0.064201277,2.259858956
0.058806683,2.254904731
0.057975396,2.266833061
0.062258971,2.258299926
0.063694163,2.266215469
0.073008782,2.282326321
0.075196881,2.273675095
0.0668077,2.263529148
0.07159881,2.245932785
0.068372384,2.236355252
0.06710947,2.239108349
0.070078966,2.2536031
0.073906701,2.238075794
0.071275802,2.233640149
0.074493363,2.23739636
0.074298926,2.240120016
0.075765975,2.242416045
0.072659012,2.245722096
0.07256239,2.250425337
0.075762243,2.25033718
0.074977481,2.236767584
0.076342865,2.246479818
0.075911774,2.247969441
0.081002819,2.26364066
0.078059043,2.255195188
0.084347902,2.259617511
0.073595119,2.261669463
0.076540083,2.260723421
0.071744676,2.252388474
0.06960026,2.244340202
0.066887531,2.25792493
0.06925731,2.259753036
0.070284417,2.260416022
0.078092523,2.254551281
0.080917083,2.25313567
0.07570675,2.268674654
0.080865351,2.273587103
0.088342905,2.247412703
0.08152787,2.257970653
0.075718879,2.254985158
0.088403801,2.253598495
0.093701289,2.248084243
0.091942046,2.248714993
0.083508344,2.258885611
0.088121321,2.248661539
0.072862659,2.235754601
0.083254903,2.24074172
0.08087653,2.250336522
0.087058811,2.261523577
0.080466728,2.280035885
0.08372077,2.274195814
0.077429146,2.26621037
0.081899248,2.263344446
0.092528563,2.259535275
0.080017591,2.260542666
0.078566948,2.257710129
0.087372223,2.251353616
0.090204502,2.249808567
0.095300851,2.257086781
0.069608637,2.268323342
0.075348422,2.243595309
0.076003416,2.253743065
0.068054187,2.2500709
0.081234267,2.252165779
0.073053657,2.227398437
0.073674087,2.239369859
0.076397871,2.228577866
0.071616321,2.254009674
0.072948297,2.253014619
0.08258689,2.237173665
0.069526129,2.242424926
0.075843138,2.23722827
0.072878787,2.259503039
0.073197339,2.243990699
0.067584666,2.2513898
0.065872358,2.243550901
0.07377224,2.232653153
0.074081607,2.235474998
0.075480189,2.240108174
0.07536436,2.230050877
0.07793627,2.229319306
0.084522242,2.233608735
0.079646594,2.240137614
0.077248119,2.230641002
0.079823946,2.250506421
0.071921751,2.231304482
0.075783018,2.224583499
0.076446904,2.222734012
0.078340552,2.226921469
0.075325889,2.222833189
0.081770554,2.236643243
0.07171798,2.226200259
0.075139681,2.237803922
0.070314284,2.226283482
0.07462715,2.223775449
0.072986635,2.228393986
0.073641763,2.230872414
0.06773764,2.231072906
0.071926412,2.224435475
0.072987442,2.228323099
0.080741072,2.246142157
0.07686217,2.245308449
0.076400086,2.238411481
0.070118727,2.225482339
0.072044252,2.237788461
0.073595937,2.219860851
0.080758003,2.235909369
0.080215394,2.229057795
0.077301161,2.228723917
0.077115627,2.221925468
0.085439466,2.218852473
0.071034085,2.224343535
0.072968759,2.214364362
0.091024323,2.219350001
0.091504704,2.227201564
0.091169305,2.215124223
0.076884004,2.209777568
0.069380623,2.220570877
0.070860331,2.220358708
0.064413996,2.225007344
0.078031206,2.236989292
0.058977996,2.227214229
0.058462983,2.232167631
0.064502939,2.246602843
0.066496118,2.228614379
0.062940954,2.247742634
0.053098915,2.231081129
0.059526043,2.231561717
0.072610565,2.225720823
0.077419324,2.236099498
0.072096384,2.242250093
0.072665025,2.250040472
0.072022665,2.241392207
0.067414653,2.216861211
0.073858933,2.225896973
0.071772215,2.230868796
0.068625558,2.237600305
0.064334648,2.230197257
0.068105651,2.212944804
0.06374055,2.224448139
0.062820057,2.23231615
0.060757326,2.272635961
0.064059949,2.256134323
0.062926912,2.234402641
0.061490686,2.220159368
0.060630287,2.228638392
0.061265858,2.237221033
0.057505242,2.227594159
0.064183519,2.224479718
0.05917491,2.237458201
0.06165081,2.216531445
0.062518338,2.255823965
0.063725788,2.230429656
0.061476613,2.230164856
0.060655425,2.249555773
0.061636018,2.243491198
0.06327752,2.233579459
0.070428736,2.234956747
0.065626329,2.224671821
0.06720231,2.217026341
0.065343807,2.219154444
0.060748193,2.21960263
0.059912536,2.218086527
0.059769209,2.21282474
0.061671924,2.210324766
0.062257475,2.210555027
0.056618826,2.171497702
0.056560263,2.207667721
0.061663721,2.217050025
0.063992737,2.220181243
0.067315477,2.223177922
0.062367008,2.210923444
0.066074875,2.224172155
0.062648718,2.217443771
0.056852309,2.220366109
0.058731442,2.240076924
0.064221841,2.230736396
0.059916936,2.213404997
0.062693115,2.225294183
0.05911643,2.221593563
0.063440064,2.222766578
0.061277381,2.221877935
0.062078869,2.230071107
0.060605452,2.236394726
0.061419346,2.23194066
0.054574634,2.237142909
0.05774238,2.229492166
0.057440605,2.240095674
0.06433933,2.239786631
0.062583561,2.220439957
0.069699914,2.222341746
0.061150851,2.225857499
0.062705702,2.237357709
0.069042273,2.237793066
0.067167298,2.24786533
0.05742203,2.255532849
0.062905469,2.24491569
0.064511898,2.240374125
0.071735332,2.223364762
0.072822147,2.230679982
0.069311637,2.239020192
0.068324815,2.239773145
0.068842075,2.24113267
0.060044654,2.248509896
0.066039364,2.249848204
0.059882926,2.235636674
0.062850134,2.24193628
0.060414268,2.249826494
0.067741577,2.230089199
0.061973309,2.238088129
0.067902883,2.246855143
0.062521432,2.254687628
0.063139132,2.248011381
0.06342887,2.248220919
0.062832212,2.24491569
0.061334612,2.25820667
0.065894392,2.252952778
0.061329097,2.248798873
0.065353177,2.272629547
0.061723563,2.273970816
0.0629671,2.276927529
0.063434329,2.279864669
0.060324796,2.26754687
0.057443411,2.233970409
0.053045574,2.23394508
0.056056198,2.26111437
0.05417082,2.25111283
0.057445441,2.255601105
0.063517767,2.242907158
0.058039365,2.255744031
0.060253595,2.254057536
0.059208643,2.24713491
0.064146893,2.254794041
0.067814788,2.2677694
0.065117257,2.260836742
0.070033679,2.270443221
0.061556526,2.267547692
0.058203272,2.270263618
0.060383939,2.285259515
0.063090813,2.282100337
0.07041067,2.28745242
0.063553694,2.292764042
0.068727253,2.313626819
0.059583227,2.309297752
0.059100898,2.279924044
0.061220911,2.287776594
0.065845626,2.30061429
0.063622053,2.317205729
0.057962531,2.314891773
0.058016442,2.316810174
0.061682892,2.304609807
0.061804082,2.303142059
0.068576216,2.289944992
0.065459996,2.282768587
0.067942521,2.274828044
0.062731761,2.258132494
0.063727531,2.266366619
0.062724611,2.274511435
0.069031166,2.293133446
0.066574145,2.264884068
0.059358348,2.272217051
0.058187292,2.264343449
0.060845498,2.259258962
0.06476133,2.281521396
0.06409935,2.25965682
0.067265904,2.285783029
0.070948575,2.26859176
0.061946957,2.277277196
0.060820237,2.276218326
0.077182957,2.278023077
0.062572146,2.296221901
0.06118704,2.312766137
0.068735702,2.280750351
0.072186412,2.288031361
0.06772346,2.2613045
0.077533365,2.263198066
0.067651277,2.272298958
0.07054033,2.272227249
0.0724359,2.265473207
0.080129545,2.257746971
0.086727143,2.259217351
0.074813009,2.245360751
0.079273787,2.252238805
0.072570803,2.260196452
0.073987663,2.250887503
0.084475984,2.246138539
0.0620688,2.260451548
0.082728927,2.266450993
0.07122312,2.280995414
0.064442855,2.271613275
0.070480144,2.280732917
0.069631119,2.279548554
0.071374491,2.277954492
0.076189362,2.290511763
0.076632002,2.288590401
0.080602972,2.276595789
0.070350807,2.276144313
0.06601548,2.265563831
0.071173444,2.294681456
0.068951233,2.269670038
0.072281204,2.295898878
0.075113288,2.277288216
0.062946715,2.281876162
0.066098939,2.278620932
0.066909483,2.293163874
0.059792724,2.311694931
0.059270263,2.293399233
0.062733889,2.300529093
0.06870086,2.277718968
0.064426979,2.278054326
0.06668671,2.280611866
0.081890942,2.264421573
0.075608693,2.260920951
0.073573327,2.277748408
0.07148074,2.273084641
0.070492762,2.261306803
0.066038542,2.269211161
0.068315363,2.267884531
0.072628158,2.276597434
0.080052927,2.265101829
0.072477604,2.257755853
0.072895795,2.266250337
0.077480328,2.276669308
0.07466485,2.270689271
0.0754714,2.291904841
0.077538669,2.289286282
0.080382194,2.299703279
0.07532151,2.293163545
0.063822642,2.29980591
0.063522732,2.314191616
0.068700845,2.341655805
0.068945286,2.300883859
0.067604516,2.313846718
0.068803557,2.267450982
0.074050799,2.277249236
0.06386267,2.280690319
0.064800212,2.293303839
0.066262619,2.307368989
0.070469756,2.310843131
0.07115819,2.301674476
0.069219409,2.29734837
0.070955411,2.318250291
0.075014436,2.313333072
0.070358702,2.287506202
0.071521817,2.291961419
0.071484209,2.288103729
0.07548536,2.305893347
0.077679077,2.29597618
0.079098234,2.283871371
0.068469314,2.284238473
0.068292856,2.280624036
0.077757438,2.301759344
0.072805942,2.286680882
0.079894083,2.283783379
0.082746592,2.278900864
0.07391252,2.290871299
0.079135487,2.296569266
0.072980133,2.299302626
0.071159351,2.269595368
0.071215364,2.26833798
0.071281903,2.261847751
0.07269959,2.255618868
0.083204441,2.264722886
0.078419617,2.262029328
0.072159197,2.246162223
0.075185975,2.260913221
0.071108966,2.24995873
0.073081355,2.260242669
0.078156724,2.256182514
0.078324403,2.249484228
0.070635369,2.250570565
0.075205043,2.250128465
0.070162111,2.256156198
0.076101868,2.251426807
0.067603282,2.257405692
0.065632358,2.258137921
0.069239285,2.260898583
0.077632382,2.246537712
0.078468517,2.252973665
0.07475862,2.24502786
0.072534907,2.2563909
0.071871448,2.26626958
0.068721321,2.271710642
0.069978874,2.277026212
0.071733728,2.279202341
0.067128564,2.271724293
0.063146754,2.27060539
0.061835327,2.29044104
0.063860635,2.255307687
0.063408871,2.263893782
0.074956536,2.276686906
0.066526659,2.254712299
0.064306112,2.268848994
0.06957068,2.270226611
0.071810187,2.267782887
0.075086305,2.253025968
0.071401207,2.252190285
0.072828104,2.253048829
0.07236213,2.254017405
0.070135379,2.264652327
0.070728311,2.267919234
0.066445507,2.246938366
0.073256338,2.240817706
0.077510488,2.241304543
0.076977429,2.249723699
0.060310343,2.235491117
0.073434076,2.252830246
0.067043687,2.263160566
0.068555261,2.276110103
0.067995661,2.270897822
0.073945676,2.256708166
0.067620588,2.241105368
0.069757747,2.234707243
0.073295215,2.240034655
0.074072905,2.242468511
0.077962806,2.261261079
0.08099052,2.254148489
0.077454501,2.2644395
0.073677063,2.250259549
0.071515006,2.247761713
0.071449171,2.237056232
0.074102233,2.247575695
0.067421289,2.25467595
0.077215225,2.260646448
0.068975379,2.264998376
0.074064661,2.278249061
0.071011373,2.271433671
0.069012858,2.255835807
0.065675321,2.251844236
0.077449145,2.241676743
0.070446838,2.254190758
0.074892942,2.250831582
0.077810043,2.263379314
0.070603554,2.250060209
0.079454876,2.255349463
0.076368441,2.252980409
0.076680614,2.265463339
0.08352623,2.280164831
0.07436031,2.268230251
0.068646204,2.272492377
0.067556197,2.274730841
0.069830048,2.271098642
0.0773629,2.275064884
0.071392418,2.291518825
0.068835835,2.269983851
0.071483253,2.272717869
0.07076541,2.288416061
0.071977265,2.280321244
0.066780567,2.295900358
0.069134228,2.309250713
0.066587498,2.306503209
0.070166531,2.308699074
0.078523939,2.299031411
0.073894052,2.313224027
0.07329961,2.292412072
0.074311816,2.278953824
0.069642051,2.275776225
0.070600105,2.281679782
0.072352986,2.291297939
0.071424845,2.285793062
0.07025658,2.273009148
0.071555312,2.278547742
0.068139574,2.290553539
0.069877559,2.293414364
0.075286246,2.294541655
0.07636913,2.275926388
0.08147694,2.287383999
0.081543038,2.289720653
0.080925759,2.286938609
0.070110601,2.278207614
0.080103317,2.282040798
0.0789076,2.291990695
0.080428581,2.294129488
0.082650237,2.308400393
0.068438167,2.280448051
0.076385438,2.285205239
0.074162496,2.294654154
0.069678338,2.2925374
0.062797354,2.285461157
0.065212404,2.279617632
0.06424351,2.260284938
0.056424168,2.263188527
0.057216995,2.255069532
0.057886092,2.270765257
0.056380588,2.263946742
0.067115787,2.258559463
0.058573426,2.258266045
0.058435141,2.260582633
0.063711454,2.249156764
0.065964977,2.261495452
0.066763406,2.25617281
0.06720471,2.260441845
0.080044472,2.27241524
0.072388779,2.263475037
0.067655697,2.272326919
0.065533356,2.286719039
0.067069262,2.267096874
0.068525667,2.258213907
0.063074053,2.266479282
0.069486676,2.280364664
0.05955152,2.268469557
0.068487704,2.268126633
0.066718161,2.253035836
0.06730529,2.259445638
0.068343339,2.262178175
0.064283163,2.257138918
0.06831228,2.261672424
0.067787126,2.265312189
0.074640524,2.268068081
0.072229971,2.258485286
0.065944603,2.255463113
0.059486302,2.277703672
0.066294578,2.272368695
0.067042597,2.272998951
0.066211921,2.277012725
0.069291186,2.258023449
0.073984209,2.245692655
0.059642396,2.236268247
0.063389757,2.245290521
0.070005606,2.248528481
0.064801476,2.252801792
0.062751189,2.25567742
0.067516451,2.247101522
0.078751922,2.250996712
0.067490567,2.264611538
0.069811853,2.261759265
0.065421587,2.250039979
0.069968117,2.268763633
0.069509779,2.254023161
0.061609687,2.253851946
0.064932134,2.252714293
0.066030257,2.280434565
0.07162475,2.279599376
0.075199631,2.290085123
0.077119805,2.280736371
0.074482086,2.284232716
0.069823114,2.280654957
0.079955749,2.260994306
0.070333465,2.248579797
0.06952526,2.256618364
0.07237485,2.268625312
0.071970532,2.261460748
0.077223741,2.285569215
0.072638026,2.278532282
0.081048388,2.269035834
0.068896232,2.27296507
0.066810188,2.277800546
0.073623172,2.273282172
0.0515603,2.265243275
0.062531167,2.258050915
0.071278439,2.272474286
0.075337387,2.266728128
0.072111079,2.279431286
0.065725665,2.264316311
0.065735872,2.263408261
0.081880693,2.272803065
0.083244747,2.291835927
0.078684258,2.281795406
0.071153004,2.273879534
0.072251461,2.257885128
0.075032533,2.266764805
0.078381609,2.27175801
0.080060354,2.270535161
0.070973174,2.260518489
0.076707443,2.251817427
0.079077998,2.260623586
0.07086709,2.268385512
0.076872599,2.269203596
0.085779543,2.26754983
0.077238847,2.261541175
0.073052362,2.246412878
0.073129916,2.251892262
0.080704082,2.250536849
0.070412607,2.251285196
0.069986856,2.248876504
0.071089836,2.24779839
0.071919165,2.248597724
0.071022988,2.242989887
0.072955853,2.250624841
0.07212712,2.248277497
0.086705721,2.249357914
0.072956439,2.258214401
0.067729303,2.254939763
0.06792281,2.256747475
0.073819526,2.269549151
0.082424386,2.273735128
0.07102232,2.262662216
0.074676394,2.271195516
0.066133668,2.265251334
0.067488969,2.252725148
0.066742857,2.254427927
0.064941709,2.26281534
0.065136906,2.268548997
0.067815086,2.255981858
0.075847157,2.250834707
0.078308342,2.243737577
0.072922414,2.242201409
0.076369962,2.252024004
0.071069812,2.257022966
0.06984154,2.259348764
0.069040037,2.263419939
0.074752766,2.261637062
0.069195628,2.256129225
0.065151365,2.261846764
0.066072074,2.268887481
0.073876187,2.262844451
0.066605837,2.27685878
0.067701965,2.270329242
0.069684737,2.276091353
0.06378544,2.280981763
0.065906209,2.274429035
0.061023185,2.280403644
0.064139985,2.272252742
0.064876907,2.273053227
0.068908598,2.265871229
0.066731514,2.269991088
0.060919023,2.267704598
0.063195813,2.264579466
0.0696764,2.261252856
0.06219532,2.264874529
0.061840353,2.267705749
0.058963574,2.274621961
0.06123614,2.272002086
0.062216028,2.27050276
0.060277428,2.260881972
0.064146379,2.269903424
0.058512335,2.268785179
0.062413698,2.252087326
0.061650697,2.246089362
0.056858441,2.244762895
0.061031121,2.240582676
0.058072198,2.24242542
0.062470708,2.253124157
0.06760266,2.236348673
0.071316036,2.238626117
0.059751857,2.235547695
0.075027927,2.24880759
0.063534626,2.255165419
0.067550954,2.244438557
0.064454322,2.252058214
0.067219332,2.252589788
0.066074911,2.246349228
0.061841412,2.279511384
0.067834509,2.310407774
0.06306126,2.270143882
0.067029989,2.273926573
0.067500199,2.291246624
0.060662035,2.282860855
0.06045645,2.279487535
0.066108365,2.294579155
0.068400724,2.286139933
0.060789203,2.273050266
0.066383496,2.282912664
0.068985777,2.285684675
0.068454049,2.279886215
0.071741006,2.276100893
0.065385151,2.266598524
0.066334961,2.272548462
0.069412941,2.272198302
0.07099216,2.28888974
0.072600172,2.275336427
0.065081711,2.273060957
0.067267651,2.264501177
0.071398509,2.265978958
0.084809811,2.259028866
0.076079171,2.263802665
0.090854536,2.269407541
0.088537651,2.261485419
0.08220276,2.267338648
0.081559505,2.257517533
0.074542766,2.276999074
0.078853047,2.276333785
0.079528215,2.25778628
0.078395162,2.241756019
0.081513849,2.257503717
0.080932857,2.246546758
0.083948816,2.24898999
0.081649446,2.261260586
0.092218184,2.242063088
0.112019736,2.248696407
0.087074528,2.248532758
0.089997864,2.23586858
0.087670092,2.254582366
0.09867667,2.265037027
0.085800415,2.271376271
0.083953817,2.272030047
0.093693641,2.276970127
0.081820379,2.269508691
0.071910006,2.267092105
0.069480036,2.266029122
0.071396982,2.26527584
0.074647391,2.271207522
0.075267409,2.259132319
0.076541799,2.283147201
0.073172118,2.271321337
0.071178923,2.277235749
0.077463228,2.279939504
0.073257937,2.284081073
0.07216611,2.288228069
0.068790754,2.269333858
0.069487267,2.25973922
0.067305125,2.267090789
0.069768011,2.256146165
0.069722709,2.268835507
0.063619185,2.254995355
0.067305593,2.252641597
0.070733872,2.251948183
0.069026576,2.258726566
0.066527815,2.257136945
0.064100959,2.251608219
0.063002009,2.249217125
0.068461358,2.262142814
0.065934822,2.255810478
0.063569201,2.269963127
0.072029367,2.269032216
0.074922784,2.280551669
0.061276785,2.277114204
0.069406979,2.285474151
0.063033284,2.286711144
0.077320071,2.283315456
0.083092657,2.282790626
0.093163682,2.278878824
0.088080573,2.280989
0.088396235,2.272678724
0.077637358,2.287338441
0.079375292,2.281630605
0.08771821,2.276188392
0.087122575,2.265754783
0.08628753,2.251278288
0.097214986,2.27888014
0.09167556,2.283930088
0.091507017,2.280152002
0.083945619,2.281494093
0.083451791,2.264700517
0.084139593,2.275149587
0.082318888,2.257705031
0.08321432,2.266589478
0.077467479,2.25863808
0.082591531,2.2690934
0.084983817,2.271557519
0.080359528,2.266050832
0.093158748,2.259093339
0.087114413,2.254604076
0.0861588,2.260478851
0.091978384,2.231427178
0.092643323,2.261994789
0.076895255,2.244937894
0.075189968,2.269450139
0.083751614,2.249663173
0.083172343,2.25220591
0.084268359,2.257528388
0.089498424,2.255283839
0.093309743,2.279593784
0.093071835,2.243368009
0.076187851,2.257709307
0.076381876,2.243586427
0.084417612,2.252518078
0.08625848,2.245064208
0.077794069,2.249538668
0.080666993,2.247873718
0.071955724,2.240371
0.076440048,2.244841513
0.070371078,2.257451251
0.072608591,2.246243472
0.075944679,2.240151923
0.080269809,2.243913069
0.073456567,2.255207853
0.074067473,2.247562702
0.083710557,2.245153023
0.077708893,2.26020484
0.091750765,2.253516259
0.085370876,2.247309086
0.079171501,2.258422129
0.078719809,2.262147419
0.077612651,2.268621036
0.073100614,2.267767426
0.073390624,2.253499647
0.07805287,2.257189411
0.07069886,2.254157206
0.08010584,2.264496572
0.077861163,2.293630974
0.078473363,2.272079388
0.074854708,2.239289761
0.079594112,2.252882877
0.082951673,2.259394651
0.080084058,2.248285721
0.074351105,2.254097667
0.072688606,2.261594464
0.072123712,2.250311522
0.063250953,2.247863028
0.073435643,2.250662176
0.070400549,2.25758217
0.064415101,2.244178855
0.065352133,2.252745378
0.066497784,2.257603387
0.068023467,2.247531946
0.065160996,2.272231196
0.065877344,2.27509416
0.069274333,2.287378407
0.07470125,2.278152681
0.069333635,2.282510201
0.06537132,2.293120782
0.065980463,2.281699519
0.065586151,2.259365047
0.077868482,2.271013281
0.067694281,2.261199731
0.070853629,2.276234773
0.067625362,2.249719587
0.07819334,2.254510163
0.064438348,2.261951697
0.059761587,2.257958811
0.066168166,2.283087169
0.063480108,2.277198579
0.066495584,2.284611989
0.071558484,2.27945793
0.070785465,2.270239605
0.062440913,2.278931949
0.066952071,2.274754525
0.06643495,2.227653369
0.069509358,2.239720842
0.074582383,2.232532924
0.066804097,2.238246845
0.069369202,2.236369397
0.073392875,2.240341066
0.065377293,2.226332659
0.070715683,2.229158288
0.07336306,2.240776753
0.06825788,2.245866667
0.071020485,2.251505095
0.074382791,2.263936216
0.081642965,2.250202642
0.078105712,2.241866215
0.077791709,2.237467412
0.077922922,2.243681163
0.069917562,2.251907394
0.069533895,2.244840033
0.072501345,2.246893301
0.069108787,2.244704343
0.067931496,2.240149292
0.066407334,2.230879322
0.074537693,2.228270303
0.072805397,2.232520588
0.077245169,2.241049283
0.07659166,2.234595896
0.077104674,2.2337612
0.067082353,2.230570773
0.079423826,2.238366251
0.074000337,2.233373046
0.075290846,2.231425534
0.071060056,2.233693438
0.073597643,2.247818291
0.07651571,2.253547673
0.08217827,2.244883453
0.075135836,2.245792983
0.06684688,2.240819515
0.068609573,2.248151512
0.068961024,2.259181167
0.069352776,2.257663419
0.066631525,2.318586801
0.061810533,2.266040142
0.072333121,2.270911802
0.064391504,2.281824353
0.066758564,2.3070634
0.069452132,2.288533987
0.071323129,2.293270616
0.069991533,2.273701575
0.07436416,2.288051427
0.063541235,2.296629791
0.088863942,2.285102115
0.088635419,2.281211366
0.083743904,2.268618569
0.084571142,2.263617634
0.088486716,2.259183634
0.093268235,2.278266331
0.099223415,2.292375888
0.080899592,2.264973376
0.091654117,2.285568887
0.09973626,2.280377822
0.089509567,2.274410779
0.088553193,2.283633545
0.086846694,2.270840421
0.087046784,2.265261531
0.079405349,2.244083297
0.079502681,2.234439483
0.080806938,2.241389904
0.087805966,2.237585009
0.087452351,2.235322204
0.079411429,2.259958626
0.081712942,2.234984707
0.079147976,2.248585553
0.082196228,2.253524811
0.071735856,2.23904108
0.084467807,2.247753325
0.075065972,2.245048419
0.073063968,2.234439483
0.086689695,2.240545998
0.091067137,2.255632026
0.104235,2.236285516
0.087763368,2.24318051
0.08652035,2.232165329
0.075268581,2.227283471
0.087224414,2.230272914
0.085980348,2.238091747
0.072287968,2.244004844
0.071836827,2.23373653
0.075555368,2.246810572
0.078707196,2.235634536
0.076838409,2.22252135
0.066944541,2.233342784
0.075554716,2.235924336
0.076595222,2.23542467
0.068106628,2.232838677
0.067256097,2.220526305
0.068994335,2.220206407
0.068102362,2.226319337
0.066975893,2.219279607
0.067031932,2.232125033
0.058640967,2.233254133
0.062065803,2.245118977
0.062705312,2.227389556
0.070973945,2.22986305
0.062655646,2.230151698
0.070495794,2.233213838
0.067511095,2.228650727
0.069509034,2.242352065
0.068723352,2.238123984
0.06813372,2.233648208
0.068221979,2.237000311
0.078531592,2.246884748
0.07772628,2.241467864
0.064766726,2.254588616
0.068289845,2.242890875
0.077046112,2.231128662
0.070452548,2.218001331
0.073985735,2.232084244
0.077572843,2.223429564
0.088607047,2.223556865
0.072839802,2.226498447
0.076673336,2.221532544
0.070497048,2.224392054
0.081223905,2.216712529
0.070769301,2.219550986
0.076581823,2.215825696
0.080145658,2.226216213
0.088559546,2.225866216
0.079127782,2.223747817
0.071086362,2.242002069
0.076150916,2.244998913
0.069749287,2.22678726
0.081675607,2.214615017
0.073936363,2.212694972
0.08555397,2.215660237
0.079068413,2.228349579
0.07745743,2.232072731
0.077542231,2.237082712
0.081797214,2.246357616
0.089493582,2.266380763
0.075479295,2.243577546
0.074848365,2.23601496
0.079448626,2.243022946
0.085672446,2.247864672
0.074221675,2.24469612
0.074836451,2.229418647
0.078958078,2.234055112
0.078026688,2.22707048
0.080884641,2.223815415
0.081222723,2.23138458
0.073770832,2.241825755
0.077983746,2.244476879
0.074333758,2.248602
0.074793683,2.242661108
0.09652295,2.256963262
0.089433118,2.283896864
0.074107054,2.274234136
0.090329943,2.270322992
0.090083718,2.262169623
0.075014585,2.264046741
0.087365819,2.270011811
0.090570946,2.262173734
0.08782413,2.257666051
0.09567116,2.262803498
0.094320958,2.261718641
0.084143555,2.251274834
0.091260772,2.245051708
0.083899829,2.245725714
0.094378575,2.242131015
0.090526024,2.250940627
0.084199738,2.250498527
0.088634206,2.245017662
0.101055068,2.243920799
0.091058852,2.237472182
0.083166371,2.239264433
0.085737063,2.248677328
0.092031405,2.229460258
0.088614685,2.239718046
0.07868085,2.23042209
0.078393533,2.227183308
0.084976781,2.249449195
0.084013129,2.230193145
0.081274332,2.230576858
0.083497659,2.227973102
0.077927388,2.226258153
0.078348062,2.2300716
0.084038129,2.227387253
0.086084186,2.239589758
0.099082915,2.228347934
0.09535193,2.233929126
0.100674058,2.23347946
0.088825405,2.232552167
0.098910137,2.230864849
0.090101481,2.234927142
0.090770173,2.228715858
0.087304491,2.219067932
0.100176294,2.253123664
0.108014607,2.238584506
0.093072719,2.241738914
0.089151388,2.243360114
0.0948477,2.237976782
0.099839867,2.237576621
0.09790065,2.255326931
0.092898861,2.252573341
0.084882831,2.24626913
0.090546038,2.230634259
0.109909859,2.234795729
0.087259189,2.240871817
0.091129688,2.242609957
0.08884179,2.232096415
0.090578121,2.24179763
0.095227106,2.261295783
0.094143308,2.247323231
0.090203546,2.241498785
0.0959014,2.247038365
0.101531739,2.228114219
0.10268443,2.231050209
0.09590984,2.246321267
0.106083686,2.245442165
0.09048138,2.244154514
0.085519677,2.238448487
0.090600787,2.241341714
0.101092547,2.238923482
0.102492841,2.233270416
0.085419832,2.226647952
0.072255845,2.229059933
0.074311822,2.236425975
0.085718961,2.232311051
0.098860313,2.229078025
0.086571337,2.223269697
0.075949829,2.219149181
0.076975584,2.22898477
0.079644584,2.232284735
0.087770533,2.230469787
0.080858202,2.236785018
0.087699399,2.235909533
0.084534228,2.234429121
0.085916039,2.230025055
0.097187725,2.226860778
0.083484727,2.230683601
0.102368099,2.235973019
0.092755946,2.237241592
0.092708331,2.234168597
0.082035857,2.22280638
0.083090015,2.234921057
0.076887078,2.235941441
0.077967047,2.237848658
0.083335129,2.219428783
0.072033977,2.235243422
0.075297065,2.244532141
0.078118978,2.23085498
0.072660518,2.229710256
0.075170704,2.237339617
0.070927698,2.22799728
0.068942711,2.244762237
0.072161371,2.22909217
0.084646269,2.230088541
0.080168571,2.241018855
0.087189988,2.22137498
0.080705932,2.233256271
0.085460919,2.221717904
0.083870136,2.219404606
0.079110543,2.214919126
0.079397537,2.231514513
0.079843775,2.228475235
0.085336846,2.233040978
0.080716658,2.240412118
0.070706503,2.231427178
0.070505215,2.232773875
0.071581191,2.229654171
0.075504285,2.232965814
0.079057013,2.235288981
0.081358865,2.221340441
0.079818066,2.229885583
0.080402692,2.261292
0.086297624,2.257441876
0.083986182,2.264730945
0.07533971,2.248445094
0.079654663,2.255592553
0.077491363,2.254559998
0.074565504,2.25168108
0.08096478,2.248390654
0.077088103,2.257387271
0.079658184,2.25970649
0.084939559,2.243732972
0.082203778,2.23802563
0.0797053,2.244050732
0.086202441,2.22759712
0.075562472,2.226629037
0.071336236,2.245474895
0.075499134,2.248843774
0.081499694,2.222713947
0.079015828,2.253879742
0.07563191,2.242634299
0.070775139,2.24323676
0.078976026,2.255333674
0.07677297,2.237599318
0.08703782,2.249246237
0.087700807,2.237148501
0.086976441,2.236442587
0.086614223,2.238271022
0.093861002,2.229029835
0.076416503,2.246763861
0.089287879,2.234446226
0.0857934,2.231442968
0.08429156,2.242423282
0.081243298,2.25123421
0.082355832,2.238023821
0.081661293,2.241689408
0.08061833,2.238755885
0.074623131,2.252115122
0.083897058,2.253838788
0.080793744,2.253854413
0.08072445,2.237918558
0.072033031,2.245714037
0.069742004,2.269302114
0.0761779,2.26334938
0.067642303,2.25033241
0.078205248,2.249889322
0.074300052,2.244370301
0.070442423,2.24388774
0.070247724,2.225046653
0.068867681,2.230756626
0.075388964,2.221485341
0.076733779,2.224724123
0.069413543,2.225269677
0.072196404,2.226363251
0.080064933,2.236643736
0.071108139,2.239880216
0.079291447,2.233730609
0.071278239,2.248561705
0.078818549,2.244083626
0.074560848,2.239846006
0.075393955,2.231590664
0.066536959,2.233161042
0.067496123,2.232744435
0.072673038,2.223229237
0.068797991,2.216744107
0.068412659,2.218977308
0.075729467,2.216592299
0.068747169,2.225309972
0.083749316,2.224262121
0.079206364,2.237096199
0.080020942,2.234003632
0.086350112,2.238818714
0.079592832,2.234226163
0.079837468,2.24077741
0.075636962,2.244147606
0.081714166,2.236547849
0.077130707,2.246259426
0.088674399,2.258327064
0.082064167,2.26072523
0.084055974,2.252573341
0.079019894,2.258605515
0.080060811,2.26008971
0.084984367,2.257147471
0.078564373,2.248409404
0.077531597,2.217138675
0.077207967,2.252298837
0.0880621,2.246635738
0.084561052,2.229066677
0.089078455,2.214227357
0.085089341,2.222169544
0.086325667,2.222713618
0.076566131,2.22876668
0.070945383,2.220790611
0.083978719,2.240627741
0.080243791,2.219058721
0.087925044,2.22815912
0.083489923,2.221760667
0.085950732,2.2170094
0.096251438,2.210527395
0.089613379,2.216130462
0.090550058,2.229673907
0.091825548,2.230013706
0.098220681,2.218373202
0.099118647,2.20778943
0.104543529,2.20731756
0.105396583,2.210736439
0.100533692,2.222571514
0.104617212,2.216833251
0.085832888,2.209419677
0.081857899,2.201938998
0.083886563,2.216414012
0.084391651,2.22732278
0.084299578,2.21626204
0.092582839,2.204556898
0.091897947,2.209786449
0.079587718,2.209547636
0.08981163,2.212967502
0.085658702,2.175234669
0.085454315,2.2088284
0.08665827,2.205306068
0.090185701,2.207623971
0.08324561,2.176493867
0.096165727,2.219122207
0.094294951,2.212504513
0.093087675,2.196429351
0.096584483,2.166925381
0.073188031,2.213959103
0.072159521,2.196517343
0.069259741,2.201087855
0.072228054,2.203989634
0.072492119,2.17502875
0.074538315,2.215181459
0.075901155,2.208677579
0.076662604,2.216558254
0.07753759,2.21081703
0.079023764,2.223179567
0.080368965,2.209966546
0.080355802,2.18080073
0.074120834,2.213413714
0.082288348,2.218144093
0.073328428,2.224970338
0.076124164,2.217797386
0.078189588,2.213950715
0.084663595,2.215031296
0.080287844,2.218947209
0.074690045,2.218876157
0.090135866,2.214929159
0.09837328,2.180784447
0.096454478,2.210981667
0.10068184,2.218631423
0.10001063,2.21509544
0.105232286,2.176516235
0.093720656,2.217740972
0.093223005,2.210292365
0.099689694,2.219789306
0.122557425,2.218477477
0.103548083,2.208634323
0.105654959,2.216781442
0.08231364,2.209752239
0.076479408,2.208058671
0.083710115,2.196828031
0.074024114,2.194648448
0.082925497,2.169235225
0.088417915,2.209380861
0.085138272,2.200079642
0.092473023,2.1825091
0.082966692,2.217222885
0.084451725,2.209607175
0.079700366,2.203028295
0.0792568,2.212043169
0.097911885,2.212535269
0.08363361,2.215889346
0.080448369,2.219551479
0.079647817,2.222856708
0.067682193,2.246497252
0.070504886,2.230620279
0.072876526,2.220835348
0.071139908,2.214208607
0.081179395,2.217250845
0.074494339,2.212087248
0.080034532,2.214978665
0.082845219,2.214559261
0.065659264,2.216986868
0.064662523,2.175167894
0.068461116,2.217029466
0.065784618,2.215107611
0.068527388,2.210698611
0.066434914,2.212886581
0.078956685,2.21321092
0.070214362,2.201458575
0.070364499,2.200696412
0.07971413,2.203071058
0.075107629,2.209189416
0.074959985,2.220215288
0.068256488,2.223378742
0.064857422,2.215276853
0.065898597,2.215940004
0.069723048,2.2145114
0.069670386,2.209006358
0.066101576,2.216022404
0.071525666,2.229822919
0.068498467,2.219393257
0.066987519,2.212964048
0.077782926,2.222711479
0.07199272,2.209103232
0.072310085,2.210694005
0.081645288,2.200523881
0.074066491,2.173480082
0.080025809,2.21948273
0.071919993,2.210399272
0.073546359,2.214336566
0.070307212,2.214447256
0.067022228,2.23052324
0.074069698,2.217701499
0.072950795,2.22254635
0.085325724,2.214026866
0.081869509,2.225854374
0.077451633,2.17544322
0.089288969,2.219948186
0.069998066,2.212726879
0.074857658,2.218825993
0.079461645,2.224706031
0.08087522,2.225881183
0.075263189,2.222647664
0.069983078,2.208926754
0.074346407,2.2076993
0.074987061,2.211635443
0.082997448,2.212375896
0.077400852,2.215418792
0.069825165,2.210778873
0.065207151,2.223186146
0.067789212,2.217287687
0.069969977,2.210795978
0.070938208,2.211866197
0.072348083,2.194463417
0.079639485,2.210100755
0.07789342,2.224449619
0.073281734,2.219555591
0.069070305,2.220097691
0.071565566,2.226528052
0.068474824,2.231102017
0.071952887,2.244772928
0.07093735,2.221954086
0.065634552,2.214842318
0.074698942,2.213779993
0.081044138,2.182089368
0.071334339,2.190520037
0.097411356,2.217999357
0.068296475,2.224977245
0.077696403,2.228155337
0.071416154,2.222026454
0.074428602,2.224102748
0.077931783,2.224159491
0.074885202,2.20949188
0.074327117,2.220103776
0.076944211,2.218907572
0.074228953,2.223710153
0.074158308,2.223804396
0.082933864,2.209849277
0.079274178,2.215233925
0.067249801,2.211887579
0.074651775,2.209059483
0.067834247,2.213512068
0.066692565,2.199509089
0.064467834,2.208903235
0.076633708,2.223739923
0.074645561,2.222662467
0.0772314,2.208488272
0.07479595,2.220235354
0.076374429,2.215027349
0.064609198,2.220441437
0.059264702,2.224336134
0.066522172,2.221121529
0.059127907,2.212105997
0.057682584,2.215570435
0.058412865,2.214356632
0.06209895,2.209622306
0.054925443,2.174023991
0.057194251,2.219765622
0.053027308,2.215592968
0.058864521,2.209507669
0.061047465,2.206096027
0.066659922,2.201923044
0.063049413,2.217760873
0.059695495,2.212941186
0.061609368,2.199754152
0.078641305,2.215978326
0.075713945,2.209528064
0.062924486,2.217660709
0.072550614,2.208413601
0.078662095,2.182091342
0.076294588,2.231752175
0.075174965,2.209945165
0.075884348,2.212080175
0.086442051,2.1747253
0.078894165,2.210338253
0.075877497,2.210332167
0.075509841,2.21260813
0.075960776,2.208377089
0.082013001,2.204698673
0.084117384,2.213648745
0.078426155,2.213896933
0.085272728,2.208333668
0.073384318,2.208719684
0.062204392,2.210283319
0.069685924,2.209736285
0.071719409,2.194852722
0.067227222,2.207659991
0.062261273,2.200185397
0.07549825,2.209932336
0.061663392,2.203663651
0.067449665,2.217785379
0.062457565,2.202132746
0.066851111,2.1849497
0.065062915,2.213940189
0.065064287,2.220647027
0.067613125,2.22487626
0.060515933,2.2523291
0.067797092,2.175850617
0.064252474,2.184143294
0.067384997,2.214454493
0.074432431,2.214650379
0.059288869,2.211802053
0.065290364,2.209595004
0.06357431,2.200603156
0.06565967,2.210217037
0.07476912,2.212887733
0.07270051,2.210905352
0.074310562,2.176214922
0.06898937,2.216463847
0.073900508,2.215684414
0.072478267,2.206130895
0.074952625,2.209202902
0.076043511,2.235061845
0.074338959,2.218515635
0.075506263,2.209681351
0.076488007,2.211845474
0.068717369,2.216047568
0.064662353,2.214234923
0.066361498,2.211778863
0.065532271,2.213766342
0.061445544,2.220036507
0.068591193,2.222202932
0.064213869,2.210511277
0.068886055,2.175022336
0.061671831,2.219577959
0.060725717,2.217643933
0.059810877,2.209621319
0.06149946,2.217065485
0.065179052,2.210716867
0.066791166,2.213466838
0.065606135,2.167222417
0.076106535,2.214116996
0.075490104,2.216309243
0.076246367,2.218639153
0.084523609,2.231919608
0.083378936,2.21442719
0.073858007,2.217656927
0.079709489,2.218453464
0.084083755,2.219737004
0.090811188,2.21060075
0.085884517,2.229800057
0.0834556,2.213537561
0.081138704,2.21413443
0.076988603,2.213663383
0.083119856,2.214413539
0.070221727,2.211536431
0.066785913,2.210621967
0.069465917,2.214964191
0.070545624,2.217578802
0.070597962,2.218752146
0.071407,2.237015278
0.073622884,2.207964264
0.071033201,2.216227994
0.083628404,2.223898145
0.075699384,2.229337233
0.074665123,2.224735801
0.069529372,2.208702085
0.075673855,2.214166338
0.077041419,2.21037016
0.076606221,2.21864639
0.077844597,2.211582483
0.080202956,2.20898728
0.090523927,2.221702773
0.081727251,2.209371486
0.083460359,2.208339754
0.076973179,2.207943541
0.087405004,2.202827969
0.082631667,2.174634018
0.073236766,2.208603567
0.07546512,2.201859887
0.082049411,2.207142398
0.077804348,2.209274777
0.078363784,2.202052319
0.074790368,2.222138952
0.07261958,2.231067314
0.090549575,2.242603214
0.080868903,2.230610411
0.081933268,2.227440707
0.070905602,2.221799153
0.073368374,2.233761858
0.071722133,2.217489659
0.073242877,2.206248821
0.075082583,2.214243146
0.08235078,2.214676859
0.07424574,2.217144925
0.076954948,2.219093589
0.077419628,2.21644263
0.077486269,2.218382741
0.078213873,2.209845823
0.072474001,2.208432187
0.074236694,2.213989695
0.068791469,2.216403815
0.075396561,2.229565685
0.075287156,2.219645228
0.07333365,2.210612756
0.075098553,2.212765694
0.072723696,2.219239147
0.071779873,2.23317716
0.079251588,2.228081654
0.070986543,2.220360188
0.075372363,2.236188971
0.080289283,2.17433879
0.076840162,2.212646617
0.073920219,2.194562923
0.074961501,2.191636802
0.076381223,2.184570757
0.078895157,2.197553188
0.081845394,2.189143407
0.076562358,2.163353543
0.079110317,2.197784271
0.073537508,2.172638644
0.074037246,2.211962907
0.072890578,2.203019414
0.078288214,2.213420622
0.080187408,2.178956341
0.075119471,2.211787744
0.079013942,2.211766856
0.075636854,2.200440493
0.077128492,2.209070174
0.072187599,2.211091699
0.076152957,2.204744067
0.077294367,2.215805466
0.070464555,2.225551253
0.076377286,2.214696924
0.08167406,2.219898022
0.075953247,2.204872684
0.07634762,2.220587488
0.077766833,2.216332927
0.080206225,2.219234706
0.078575814,2.213513384
0.078390989,2.220115783
0.082003862,2.220761006
0.077934908,2.207581702
0.074837777,2.208311793
0.08158467,2.228149416
0.071695705,2.178857329
0.071520552,2.226608643
0.068746506,2.230711561
0.066553946,2.221635997
0.066759047,2.222353588
0.064097012,2.238360495
0.064889505,2.232191151
0.06477255,2.234446555
0.065308404,2.236311667
0.061344445,2.245011577
0.065470265,2.234567606
0.072274045,2.238096682
0.076554741,2.231558098
0.070545804,2.22766406
0.066740328,2.223418544
0.065724863,2.221833528
0.067480406,2.197616345
0.066593558,2.204239467
0.065660318,2.17234687
0.067821932,2.181807956
0.070281246,2.21944375
0.0719598,2.216351841
0.073075989,2.212705498
0.073175798,2.215306787
0.063407715,2.220927287
0.066346305,2.217052328
0.067521344,2.21469676
0.066700238,2.226978869
0.064556063,2.217834063
0.059401584,2.222703256
0.062161177,2.241157505
0.068595089,2.239515088
0.066851121,2.244707468
0.070049376,2.229654171
0.066003437,2.238997495
0.067606366,2.23360084
0.064448951,2.235780094
0.066756457,2.251653613
0.069566378,2.232492463
0.07112695,2.242869823
0.064938034,2.252722352
0.070039451,2.227331826
0.067381743,2.230200875
0.068788241,2.226616044
0.072143135,2.233220581
0.069967253,2.227562087
0.075115976,2.232308748
0.071022007,2.229293155
0.073236123,2.229287069
0.078169537,2.237338959
0.068256267,2.245140359
0.073338528,2.234537179
0.06658683,2.246101697
0.066699647,2.244720791
0.067471422,2.229802195
0.069846603,2.232328485
0.065544663,2.232029968
0.070790564,2.245151214
0.071883922,2.230898401
0.070747241,2.243624256
0.069898329,2.252509197
0.065584486,2.254363289
0.067947686,2.253726454
0.067321932,2.259270311
0.070304282,2.262748893
0.071079947,2.267203945
0.072385125,2.25422135
0.071595392,2.265869749
0.073020485,2.278680471
0.075616727,2.269586158
0.073213431,2.271597321
0.07558815,2.282942269
0.072551992,2.256643529
0.07178675,2.255720019
0.063957277,2.257025104
0.069526448,2.274285615
0.061387562,2.281654782
0.06167363,2.259525571
0.061700007,2.258328873
0.063683555,2.270152106
0.061930315,2.252367751
0.060311725,2.255661138
0.059577743,2.223952092
0.059531085,2.224947805
0.057596427,2.224489586
0.055877694,2.226579696
0.058066693,2.233159397
0.060371819,2.233241798
0.058952405,2.249347058
0.061691794,2.238553256
0.058184172,2.220198841
0.062387423,2.216709897
0.063030617,2.220494397
0.070395297,2.21871481
0.059575862,2.226032333
0.058387681,2.184584408
0.064225696,2.225830526
0.067000379,2.211756823
0.069808666,2.21686006
0.059911169,2.223282362
0.063762913,2.217676005
0.067255074,2.241956346
0.055639302,2.22443679
0.058475904,2.212973423
0.058050775,2.206551779
0.05898494,2.177190241
0.059643707,2.178122468
0.060129773,2.225222144
0.0587854,2.218773362
0.056100096,2.209776416
0.055329946,2.213184111
0.059272226,2.215457114
0.062738905,2.209991875
0.060384638,2.202164818
0.062858862,2.223870185
0.070367881,2.209800923
0.078354753,2.212086919
0.067509723,2.203735689
0.068719127,2.204584365
0.062319352,2.209369184
0.062068728,2.199526687
0.06435494,2.206148822
0.065133293,2.170283405
0.06537498,2.168368951
0.058609194,2.192235973
0.062589189,2.195980013
0.06174958,2.193552407
0.070566358,2.192553733
0.068677356,2.195348605
0.062839552,2.19412444
0.064970857,2.171894901
0.07298022,2.201763341
0.068729966,2.193416389
0.063558325,2.192615575
0.065110113,2.164758956
0.065085031,2.198068972
0.069754211,2.199271098
0.072130748,2.19551242
0.07326229,2.207726109
0.066261905,2.175909827
0.071664265,2.219778451
0.062976593,2.208247978
0.065016169,2.22084719
0.082267383,2.224192714
0.071220406,2.200897232
0.081320795,2.197023424
0.079750776,2.204110192
0.071405992,2.201616468
0.072618804,2.213913873
0.070697889,2.201805775
0.084690281,2.193026097
0.082703043,2.195119989
0.070566466,2.197830323
0.086877316,2.197188882
0.080142086,2.205539947
0.082173726,2.199597574
0.074881085,2.201753144
0.075097098,2.200517631
0.07620586,2.21354595
0.06519697,2.20574784
0.069579171,2.208836294
0.070478442,2.21353345
0.068448925,2.210753544
0.074171239,2.209698292
0.073248998,2.211462912
0.071026905,2.213989201
0.076154072,2.176047654
0.072687409,2.182295122
0.069765086,2.179342521
0.065675629,2.21780232
0.076501565,2.209894672
0.073912838,2.204226474
0.06989763,2.236568573
0.065804683,2.183699384
0.064653852,2.231559578
0.068681946,2.216972888
0.069120063,2.202621556
0.072032697,2.214397256
0.07149676,2.212657307
0.069674992,2.20168275
0.061189008,2.197207632
0.073001268,2.194295327
0.063431646,2.200791148
0.073903361,2.210010624
0.071196003,2.204805909
0.070117452,2.186660538
0.071979624,2.181844469
0.060832798,2.167174062
0.064231108,2.174232706
0.062964725,2.202422545
0.070146137,2.196362246
0.078056006,2.179787254
0.07318728,2.214666004
0.089563935,2.210711275
0.068759659,2.210332989
0.069049057,2.20945142
0.073090648,2.215052184
0.071872913,2.207878903
0.067278959,2.211366531
0.087531133,2.211569654
0.076589111,2.210783972
0.059718696,2.210542198
0.061499028,2.21091851
0.061424882,2.21042789
0.063998041,2.2254478
0.060549655,2.2185482
0.055485228,2.209852073
0.059178107,2.218103304
0.062460305,2.209218527
0.063521262,2.208905702
0.058633484,2.210332496
0.055324472,2.211369327
0.058446341,2.198016834
0.061037663,2.213689862
0.05908773,2.213097105
0.05635694,2.214482617
0.060495831,2.210709137
0.060272396,2.217519099
0.062574186,2.218065146
0.055450555,2.182081473
0.056936755,2.22100755
0.061952873,2.211741527
0.060408728,2.210032499
0.070216269,2.214606794
0.06535441,2.207479565
0.064582091,2.209199778
0.068934883,2.207985481
0.066195484,2.179270154
0.077175716,2.218493596
0.059393766,2.213020462
0.058528782,2.214460249
0.064488399,2.215604152
0.063876141,2.225974439
0.079404547,2.216729305
0.060108016,2.213867492
0.055807783,2.211732646
0.059637796,2.209252244
0.058725444,2.223669364
0.059547522,2.219193259
0.059084697,2.209574116
0.058003988,2.211121304
0.057787219,2.212709774
0.058087509,2.207869364
0.059544741,2.213422102
0.058400319,2.208198801
0.064066795,2.196255339
0.068647545,2.205026466
0.068677973,2.205381561
0.069690488,2.194634797
0.059272283,2.197427531
0.062886981,2.213644962
0.064305619,2.209760956
0.063146688,2.214628175
0.063153775,2.213336741
0.071082723,2.218257578
0.066756647,2.21397111
0.064693356,2.215115835
0.064825648,2.222566415
0.063945708,2.216702496
0.063241105,2.200573058
0.063414422,2.200127997
0.070013984,2.199428333
0.06957949,2.193019189
0.060395205,2.212455994
0.066830145,2.21738966
0.059817975,2.154559226
0.062178451,2.19966287
0.064896767,2.193675925
0.063611208,2.219154444
0.059663551,2.225133987
0.065114975,2.203212669
0.072833671,2.219175496
0.063856379,2.224820504
0.060090973,2.224199951
0.057596159,2.232969926
0.067011933,2.221401625
0.066993394,2.183478663
0.069159613,2.233366139
0.061779581,2.231086721
0.06202487,2.211491037
0.063022758,2.209762107
0.064359668,2.22444304
0.056151468,2.211090054
0.061355171,2.214655477
0.058796974,2.217776004
0.060997424,2.215593626
0.060832495,2.209079548
0.065408948,2.214214693
0.064915106,2.221676128
0.07182443,2.222845689
0.066254643,2.236000651
0.070317887,2.215714513
0.073135585,2.227557811
0.06939193,2.238222338
0.067309885,2.246512877
0.059248897,2.233356599
0.060407612,2.235677957
0.06175619,2.236909687
0.060184362,2.231555467
0.059005263,2.231686551
0.063374096,2.241814735
0.060829319,2.234136032
0.06865286,2.237634515
0.06527239,2.23282075
0.055434406,2.225547963
0.057277114,2.218711521
0.054527004,2.218999511
0.055273291,2.226926896
0.057563589,2.223456044
0.057000539,2.230376038
0.060578581,2.239554561
0.0569386,2.234505436
0.05552978,2.240358336
0.060274817,2.237938131
0.057140865,2.24988702
0.058146118,2.233331928
0.063240139,2.245541835
0.065191424,2.226311113
0.070460767,2.244147606
0.074468049,2.245226542
0.066038783,2.242896138
0.066424779,2.254924961
0.071521575,2.245466835
0.061403665,2.237345045
0.061698507,2.24211391
0.058883646,2.239868703
0.056533069,2.225783158
0.058429919,2.227830834
0.056532976,2.227840867
0.055329962,2.223793705
0.055619196,2.22929776
0.058503423,2.223240421
0.056138203,2.234364319
0.056093476,2.217241799
0.059962294,2.231804642
0.060634095,2.234014323
0.058144077,2.236651795
0.056519258,2.227692513
0.055426142,2.233252653
0.059307192,2.238694044
0.060131233,2.242124765
0.056437069,2.232043126
0.054587689,2.237954578
0.055873243,2.231995265
0.052788212,2.251613482
0.056868109,2.243822938
0.06017712,2.226349271
0.055685175,2.229678019
0.058131855,2.239263939
0.053836679,2.226371968
0.056090536,2.2200046
0.054909648,2.228019484
0.058478197,2.223413117
0.060473653,2.229040032
0.058556213,2.231368462
0.059182527,2.22162876
0.052590563,2.216127008
0.055552292,2.220689625
0.057035433,2.225845822
0.05701361,2.226023616
0.059345272,2.22477955
0.055037494,2.224991226
0.060558824,2.223650285
0.05304007,2.219944567
0.057108371,2.219924831
0.053810379,2.22502264
0.053639267,2.232133915
0.056190844,2.223650614
0.057460711,2.215648559
0.058163156,2.213972425
0.05587846,2.225399116
0.057138537,2.22413482
0.054091477,2.228056983
0.059074202,2.235031746
0.062296064,2.226570485
0.067133355,2.223988604
0.071031741,2.215771749
0.059130153,2.209447801
0.063845061,2.214487716
0.065929934,2.214697911
0.058261932,2.224783004
0.067082137,2.219452961
0.062972877,2.221622675
0.068552193,2.233317455
0.067422712,2.2296994
0.060908728,2.226630518
0.063464828,2.224018209
0.060297432,2.218730271
0.06396051,2.224102254
0.067751677,2.225111948
0.061019839,2.230444787
0.060710251,2.241282997
0.057601772,2.22021644
0.05813278,2.212795299
0.058371927,2.220595712
0.056287348,2.234985365
0.059281791,2.225271815
0.056117011,2.224781524
0.056934242,2.216655457
0.063105277,2.236746202
0.061339428,2.224301595
0.066437032,2.176462946
0.054749874,2.22326427
0.057972481,2.218437675
0.06294911,2.240187614
0.064165113,2.218285045
0.063667925,2.174397836
0.059447995,2.187920393
0.067967151,2.241508159
0.066322575,2.235850981
0.06388436,2.24157954
0.062728286,2.232376182
0.060752171,2.233615478
0.067839911,2.245281969
0.065709562,2.236223346
0.06687775,2.245894792
0.066684285,2.252944225
0.063412192,2.242634299
0.068704088,2.223640746
0.061693172,2.244993156
0.063579871,2.243513237
0.07047947,2.220844229
0.071438748,2.226720155
0.072986172,2.249202652
0.067036563,2.22061035
0.065865281,2.234860038
0.065038496,2.225940722
0.062602486,2.223732028
0.062580159,2.221975796
0.062046113,2.226021807
0.062935464,2.229041841
0.072440536,2.186970567
0.067803933,2.236133051
0.061341849,2.23764241
0.072702073,2.224831852
0.062824091,2.234551488
0.069263776,2.234956912
0.055445421,2.222492074
0.054873516,2.231562703
0.065198234,2.227941853
0.058382896,2.230378176
0.056775459,2.230792152
0.059174139,2.220204269
0.06110262,2.225146487
0.05732881,2.230345611
0.061116065,2.22660963
0.058091297,2.251367926
0.054226216,2.279478325
0.061556141,2.264576341
0.058137344,2.250384548
0.055017002,2.252289627
0.054360862,2.244723093
0.055957854,2.252655577
0.059507473,2.25041333
0.057053001,2.254956211
0.057852761,2.266037017
0.057260194,2.266351816
0.059322704,2.261301869
0.058144077,2.26785361
0.060811165,2.258803539
0.059026608,2.256599121
0.05613866,2.267340622
0.05905722,2.259940863
0.06065705,2.267872524
0.059352915,2.251604107
0.06002945,2.259571623
0.062727562,2.264063518
0.055651612,2.264309732
0.05994284,2.264542295
0.05913094,2.265630442
0.058028906,2.262613039
0.059724519,2.26766825
0.06408719,2.254818383
0.062469469,2.245581308
0.059265442,2.250574677
0.06090496,2.242367526
0.065300607,2.243364884
0.058333184,2.240608662
0.057924394,2.238935324
0.057543852,2.227764881
0.060648019,2.25228535
0.059822637,2.251052797
0.068028504,2.215682112
0.066643444,2.219127471
0.066115705,2.231849707
0.060396063,2.211336104
0.056700214,2.212820135
0.061864752,2.229983115
0.067832098,2.214816002
0.061739255,2.217375186
0.066291094,2.210963904
0.069563454,2.218412017
0.064566816,2.177938753
0.062071144,2.223216244
0.065157733,2.216991473
0.064303661,2.215297905
0.069993183,2.219902298
0.067899481,2.222950786
0.068202525,2.213117336
0.069442978,2.207554729
0.071126529,2.220123019
0.070691171,2.218351163
0.061387351,2.221370868
0.061336709,2.23251072
0.068145207,2.237063304
0.062722026,2.252856068
0.06260632,2.239275123
0.069845071,2.231045439
0.062920976,2.248480949
0.060901547,2.22417528
0.061228482,2.224171991
0.0615265,2.230801034
0.058817189,2.233383244
0.063175378,2.237068238
0.059447677,2.244848092
0.058368756,2.239518706
0.063468667,2.23218671
0.060176663,2.227006501
0.060329827,2.232712691
0.063794496,2.252178279
0.05804821,2.233025353
0.057126828,2.245139207
0.060663772,2.22337792
0.059688551,2.232663843
0.065368195,2.223820678
0.060032678,2.225172309
0.063414222,2.227463075
0.061518153,2.228933454
0.061023365,2.229397923
0.064499038,2.222744209
0.065995568,2.224322482
0.081863069,2.204199171
0.070107435,2.233000024
0.062767425,2.215975365
0.057898613,2.221092417
0.057383466,2.218692607
0.055066847,2.213557134
0.057858425,2.214597583
0.055443843,2.213250722
0.061591852,2.21765742
0.054960223,2.203723683
0.056665366,2.210585947
0.058661054,2.207746668
0.060259546,2.210025098
0.057894023,2.209845494
0.063798588,2.194793841
0.069842979,2.202758232
0.057546124,2.19791996
0.05485528,2.177275602
0.061527913,2.21394611
0.058147104,2.205493566
0.054479611,2.219733385
0.056396871,2.202461361
0.064948406,2.205946686
0.059655127,2.214010089
0.057932977,2.205116925
0.057091086,2.199376195
0.057168342,2.203170235
0.059313524,2.171093758
0.0579224,2.201281439
0.057539452,2.193634972
0.056083572,2.215175373
0.054165253,2.209701582
0.052762492,2.199112547
0.055179958,2.208948629
0.057841197,2.201748703
0.058696652,2.204654759
0.053834459,2.20136055
0.052895026,2.205585835
0.053891741,2.218908394
0.05231059,2.204656897
0.057971628,2.216717792
0.056003742,2.196144156
0.056958085,2.187465299
0.060467547,2.193420007
0.055253158,2.201087362
0.060135396,2.184943944
0.057282501,2.165894799
0.061010315,2.202535702
0.064115957,2.203842761
0.055209938,2.193067379
0.054354967,2.169296902
0.056886946,2.21340253
0.058550559,2.213337728
0.059750352,2.213845124
0.051421593,2.2249182
0.051611569,2.206319051
0.058613979,2.175224308
0.052286449,2.181160759
0.054469136,2.208461463
0.054149526,2.197867987
0.062217925,2.168821414
0.05283154,2.199055146
0.051038148,2.203752795
0.054279582,2.194678218
0.053146493,2.197186909
0.053556753,2.193102083
0.05386869,2.197375065
0.053818829,2.20388651
0.05731963,2.207863278
0.05528815,2.209403723
0.054429118,2.177565566
0.053203848,2.208865241
0.051811335,2.21115058
0.052800989,2.230391992
0.054188141,2.210164406
0.055415251,2.219293587
0.053984339,2.21901563
0.054695881,2.220745381
0.054503397,2.219612169
0.056453696,2.216370427
0.053187226,2.218461524
0.052744159,2.225520496
0.052230867,2.225909308
0.052734604,2.217064334
0.052594998,2.227565541
0.052321507,2.253731223
0.053563044,2.246701856
0.054376805,2.236764952
0.052715834,2.209160798
0.051958224,2.211249427
0.053402252,2.212576881
0.050777136,2.205867904
0.052329556,2.212456323
0.051930922,2.17325821
0.051237611,2.217926825
0.052097702,2.213425392
0.051721318,2.210071808
0.053892528,2.219230923
0.048553973,2.213034442
0.048769663,2.208552087
0.04801983,2.209985131
0.047682899,2.207219041
0.050056317,2.230512056
0.050092264,2.224085478
0.049843444,2.22051216
0.049551634,2.224672314
0.049770233,2.232006449
0.049050514,2.234162019
0.049260051,2.221727279
0.048069865,2.215171262
0.04754998,2.208858334
0.049506795,2.214566992
0.050542527,2.219097537
0.050738002,2.216900027
0.052092711,2.216144442
0.050203719,2.219190628
0.0484928,2.225245006
0.048828451,2.214844785
0.048318331,2.214852515
0.04937345,2.209220501
0.048933523,2.218333564
0.049708366,2.230099561
0.047644911,2.216416314
0.049021109,2.221671688
0.048723996,2.214605807
0.049711676,2.211873927
0.047710489,2.214867317
0.04790269,2.21951842
0.053453167,2.215857768
0.052678565,2.221165443
0.052510516,2.225819671
0.054191271,2.224151103
0.051300501,2.222992562
0.049893515,2.209929211
0.0491357,2.213279176
0.049672382,2.22280161
0.05052094,2.218886026
0.048214493,2.222330891
0.048194293,2.223545023
0.04674049,2.219506907
0.047046114,2.232377004
0.047504991,2.245356639
0.046593046,2.238527269
0.047138558,2.233961527
0.048814193,2.221682543
0.048683844,2.212713721
0.04784037,2.228436256
0.04753675,2.216366973
0.047742962,2.21961661
0.049439161,2.224577907
0.048665639,2.22594615
0.047170563,2.234677145
0.050648544,2.230103672
0.050700019,2.225143527
0.051299149,2.227082487
0.054774576,2.232966472
0.053371676,2.227396793
0.052422796,2.226758477
0.052801745,2.222936806
0.04939056,2.228000569
0.04948821,2.226046313
0.055569217,2.222909668
0.053383662,2.225624114
0.054952838,2.237480241
0.05325394,2.236234694
0.050619068,2.240549617
0.050921054,2.231632604
0.053805877,2.24030735
0.062168855,2.245498085
0.059083454,2.237601128
0.05788102,2.236385844
0.054612992,2.230955802
0.064854493,2.22712492
0.067134264,2.224463764
0.066036476,2.251366774
0.057605344,2.234917767
0.066121045,2.23894289
0.058056414,2.234916287
0.065743921,2.240235146
0.057334155,2.230556135
0.062560319,2.2367189
0.058122506,2.235609701
0.058897456,2.231468625
0.061323809,2.235871211
0.054792709,2.23947693
0.057575271,2.252566597
0.062579352,2.247997237
0.064761679,2.243115051
0.063631371,2.240278402
0.05695403,2.235016122
0.055186496,2.228652536
0.057763355,2.219013491
0.055600975,2.224238931
0.058299878,2.228190534
0.057875284,2.22309289
0.05943161,2.225312275
0.06115763,2.222390924
0.064739666,2.223974789
0.063159712,2.233157588
0.052205236,2.224201596
0.052795731,2.223842389
0.050620908,2.234390141
0.051696626,2.222741084
0.051961442,2.229809761
0.051607339,2.219489967
0.051471372,2.227078375
0.054744236,2.221687148
0.05420539,2.231129978
0.051845982,2.231818128
0.057061666,2.233303968
0.050537505,2.220729921
0.051402412,2.214915508
0.054809886,2.222292734
0.051429406,2.240977244
0.05190455,2.229501541
0.050447092,2.233457421
0.049171966,2.23798517
0.047864121,2.239775612
0.048934664,2.224796984
0.050725306,2.24616469
0.05775839,2.222302767
0.052898156,2.216848711
0.053618728,2.212173102
0.057579255,2.220078612
0.050454241,2.22044045
0.051020107,2.236382884
0.050250466,2.224207352
0.050655637,2.222812301
0.047378235,2.215696585
0.048592346,2.216889665
0.048419769,2.216794929
0.048643405,2.225198789
0.051393798,2.212955166
0.050005495,2.213413714
0.055755235,2.216812527
0.050068565,2.246991326
0.052045785,2.22517823
0.050747217,2.219069576
0.049965122,2.218004291
0.04846138,2.21300681
0.049499826,2.216924204
0.048640686,2.21749377
0.049503706,2.219610525
0.050078808,2.218134389
0.0504312,2.227902051
0.054236223,2.243583467
0.052520451,2.211956328
0.05147499,2.216204146
0.050140609,2.210806833
0.049777449,2.210170656
0.05212119,2.209747469
0.052149634,2.218441293
0.05070871,2.212481816
0.049993699,2.220312656
0.052042933,2.235738153
0.05256124,2.228382473
0.055704505,2.230625707
0.055939896,2.227470805
0.053852273,2.239694362
0.052521782,2.225873453
0.051780553,2.236093413
0.05253879,2.239670678
0.053062844,2.228245304
0.053506378,2.224727577
0.05190567,2.225809474
0.054129953,2.218817276
0.050603448,2.217013019
0.052058264,2.210753215
0.05250074,2.223088449
0.050482566,2.219257897
0.050098478,2.226125918
0.052878435,2.219670393
0.050610906,2.209808982
0.051019269,2.2145239
0.052239199,2.223984821
0.051332275,2.220606238
0.055256967,2.214097917
0.052372154,2.218563003
0.052157158,2.219799832
0.05032972,2.217351173
0.04907961,2.212793984
0.049797129,2.218539648
0.050196503,2.213877361
0.050447148,2.207732359
0.049558059,2.220133381
0.05089794,2.214265679
0.05030431,2.225375268
0.05056599,2.212127214
0.051333981,2.178858151
0.050967882,2.19015458
0.051495601,2.219097537
0.050518622,2.215947734
0.051494223,2.20979862
0.0521219,2.211906657
0.052199757,2.21865412
0.052729526,2.211650903
0.053270387,2.214895113
0.052124367,2.212549578
0.051024065,2.218408728
0.05070502,2.208944846
0.049611687,2.21666072
0.051356324,2.225771316
0.049027082,2.223978407
0.049428496,2.219761839
0.052105864,2.230952183
0.051904026,2.220218907
0.053071694,2.211632647
0.051432094,2.219462664
0.049887959,2.222168722
0.047905953,2.233869916
0.049846008,2.218485536
0.050098509,2.227856163
0.051144288,2.218243269
0.048340802,2.218752639
0.048244956,2.215234419
0.048253133,2.207794529
0.048373773,2.210170656
0.048740618,2.213294143
0.049040101,2.214659918
0.048573453,2.210628381
0.050273358,2.211384459
0.049075694,2.229634927
0.050720881,2.227981491
0.050515954,2.217585217
0.051216466,2.222255399
0.052302906,2.226216213
0.049297217,2.225901907
0.050499312,2.232893611
0.05114932,2.225834802
0.049680709,2.237232381
0.050687026,2.234746881
0.049297623,2.230724883
0.0501769,2.228067838
0.050023417,2.231179155
0.050777932,2.235300165
0.052599696,2.235681082
0.055055854,2.239831368
0.067144534,2.238946673
0.058361889,2.232369767
0.053481733,2.233880936
0.065387659,2.234033895
0.068903448,2.242541043
0.067248973,2.239214269
0.066477189,2.231685399
0.061028366,2.223799955
0.062353768,2.227765539
0.062005643,2.232514338
0.055006358,2.226392198
0.055374796,2.227549916
0.053709985,2.235983381
0.054695686,2.24204072
0.054779088,2.252104267
0.055294384,2.239528739
0.054490476,2.247378
0.056651735,2.244594476
0.054360348,2.248834399
0.059499619,2.234588659
0.05487531,2.241139742
0.054118672,2.236135353
0.053112622,2.235724009
0.05526904,2.237094554
0.053777243,2.221926126
0.054432993,2.220675645
0.048181074,2.22688364
0.048013575,2.234615468
0.048588908,2.231586716
0.048666888,2.219996212
0.049996315,2.222268227
0.049756351,2.218393761
0.050104363,2.22612378
0.04944555,2.22669976
0.047337857,2.228446782
0.047392014,2.235914961
0.047468165,2.231705465
0.047860801,2.235976802
0.048703565,2.233537025
0.04776496,2.234004454
0.048182446,2.228954178
0.048035778,2.233434066
0.047494157,2.230994124
0.048614632,2.240546985
0.051517732,2.23222421
0.051001959,2.26850459
0.049250527,2.24016393
0.050156238,2.239246505
0.049875937,2.235218093
0.051163146,2.234848854
0.051678637,2.229702196
0.055665978,2.231194615
0.054874919,2.222830886
0.05720928,2.219239147
0.055129609,2.228769969
0.054050421,2.220023678
0.052317051,2.222179577
0.049861068,2.219930916
0.049415858,2.22741949
0.050228909,2.228544149
0.050800671,2.243910437
0.051663141,2.24418198
0.051580514,2.243506658
0.05152793,2.23842431
0.052593867,2.238747991
0.053190382,2.250835365
0.053123102,2.233176009
0.052254032,2.254227764
0.050373049,2.243114228
0.051574722,2.241442864
0.051370736,2.233072721
0.051640978,2.243437251
0.050962542,2.245555815
0.051102996,2.282302144
0.05214765,2.274156834
0.050978537,2.269017413
0.049709491,2.280552656
0.050657755,2.270444537
0.049524394,2.262948562
0.051102687,2.263148889
0.052266039,2.260191847
0.053852977,2.260908616
0.052361504,2.262745933
0.054285611,2.263517799
0.053277259,2.267706736
0.055734136,2.265127651
0.055781936,2.259940698
0.056772833,2.254500952
0.05635895,2.253759677
0.054680996,2.254855718
0.055602964,2.252636498
0.05706696,2.263040502
0.056505782,2.259414717
0.054638881,2.256486787
0.052706736,2.266537669
0.054729294,2.273818351
0.054241507,2.272738592
0.051876132,2.261397098
0.051214086,2.261260093
0.055332886,2.261246113
0.057756838,2.260472436
0.053057303,2.251600818
0.053989597,2.257172635
0.054039777,2.267994562
0.054217766,2.271067886
0.053435877,2.251391774
0.053763078,2.259167022
0.05935473,2.270926275
0.054692653,2.242434301
0.054830296,2.238820194
0.055839871,2.239421503
0.056333025,2.234170242
0.056939459,2.234665796
0.057528037,2.244920131
0.052566169,2.235788153
0.054434854,2.241637434
0.056326934,2.253546192
0.055784536,2.254732035
0.054511338,2.247382276
0.055346517,2.245757951
0.052628144,2.255256865
0.051458199,2.259933791
0.05136685,2.257885786
0.050888365,2.255466238
0.051462614,2.266054451
0.05346284,2.258500911
0.053720264,2.26190104
0.053065383,2.254874633
0.053854262,2.259534617
0.052587355,2.251989301
0.052479179,2.260805821
0.052151314,2.252447849
0.052912537,2.249988499
0.050975622,2.242157495
0.053241882,2.250815958
0.051518051,2.286948149
0.050158726,2.254394868
0.049568339,2.261697424
0.049812322,2.24908193
0.05029404,2.255699131
0.050650919,2.249733403
0.049377037,2.25405326
0.050503084,2.25206907
0.05142605,2.242640549
0.050982402,2.253845531
0.051296543,2.258941531
0.051569556,2.262545441
0.051524836,2.255578902
0.050795685,2.261958441
0.052847365,2.26775065
0.053874832,2.270734501
0.055822596,2.273109147
0.053257805,2.261382789
0.053083161,2.269744709
0.052857038,2.267637823
0.05199411,2.272465897
0.051270361,2.256815402
0.05303401,2.243736261
0.052604779,2.253384845
0.053214132,2.253992076
0.054019737,2.266105273
0.054509159,2.270068225
0.054971855,2.276754669
0.05812431,2.272572146
0.052622043,2.274811432
0.052678802,2.262509257
0.052949718,2.254862955
0.053786788,2.270044048
0.055151658,2.314210201
0.05728282,2.347514954
0.056981404,2.325943468
0.056202722,2.31001781
0.05835512,2.326197248
0.056020641,2.301229415
0.053797432,2.308198421
0.05248141,2.289014739
0.053797864,2.339120798
0.05698108,2.294992308
0.055404462,2.306617846
0.053637288,2.29023397
0.052631557,2.286270853
0.052125148,2.30335209
0.05125595,2.323038728
0.051688362,2.285238133
0.052239271,2.301038792
0.053403645,2.28318174
0.053378466,2.323690037
0.054345951,2.263927664
0.05322911,2.271005057
0.052818824,2.264748708
0.052946886,2.263108922
0.052037788,2.272774776
0.051939305,2.2558488
0.051162036,2.262720933
0.05099798,2.269551618
0.048327161,2.253376293
0.049976167,2.258359629
0.050276539,2.255285484
0.050397431,2.257828714
0.048457906,2.259664714
0.048444692,2.253570205
0.048736033,2.250739807
0.049064335,2.250892437
0.049919892,2.246192815
0.049079081,2.248767295
0.052756304,2.24995873
0.050024645,2.240443368
0.052497811,2.246079658
0.051837137,2.2448675
0.050678566,2.25058619
0.050004246,2.248230952
0.052731243,2.258784954
0.052672819,2.244738225
0.05137403,2.252284034
0.051890046,2.258300255
0.052738844,2.264154306
0.052826477,2.251551805
0.052026362,2.261950217
0.05082254,2.259246462
0.050270408,2.252884028
0.049197351,2.247397572
0.048708525,2.260701875
0.049450016,2.256442215
0.050569829,2.257847628
0.049025617,2.261182955
0.04871091,2.248683414
0.048316671,2.243977377
0.050046885,2.248070756
0.051455619,2.248325194
0.053617628,2.254359177
0.053179948,2.254326119
0.053928979,2.244253197
0.055991108,2.258005028
0.056296409,2.244369149
0.057944917,2.254842067
0.05828707,2.249332091
0.064038316,2.258815052
0.05607614,2.255178741
0.058047892,2.245595946
0.056097938,2.258133809
0.054548792,2.262959746
0.055164235,2.255131702
0.055784727,2.252834358
0.054715443,2.256168369
0.053091154,2.254446019
0.054927432,2.249573536
0.054197742,2.256192382
0.056253071,2.256318368
0.055867014,2.250795234
0.054793392,2.262163537
0.054090038,2.247224219
0.053073123,2.25679583
0.054328111,2.24924673
0.054807814,2.251257071
0.053258314,2.26338688
0.053694946,2.254902264
0.051863864,2.25764763
0.053924209,2.266863982
0.052582951,2.274555349
0.049625811,2.305040559
0.052736069,2.278025215
0.052050817,2.290379856
0.052077831,2.282790626
0.052899744,2.279490496
0.052032016,2.268688141
0.050932228,2.286898478
0.051532119,2.305607988
0.05098251,2.308319308
0.049041499,2.289489898
0.049330779,2.296290321
0.049792745,2.295256779
0.050223569,2.266118759
0.049985224,2.268850145
0.05076056,2.298034053
0.049819071,2.263670265
0.050449533,2.257974765
0.04987879,2.261150719
0.04937842,2.267161512
0.050774396,2.263881447
0.04993269,2.253999971
0.05037422,2.251997195
0.049779166,2.2442879
0.050632138,2.246571758
0.04731224,2.244197441
0.047186851,2.247531288
0.047000232,2.236487323
0.048259337,2.244112573
0.047860446,2.235262172
0.046586734,2.249251336
0.046408374,2.245880647
0.045740978,2.2548396
0.046224387,2.239577258
0.048513605,2.253159354
0.047701741,2.248194932
0.049936843,2.240535308
0.048764615,2.236805741
0.049266671,2.250780432
0.049576644,2.24138168
0.050101243,2.256748626
0.050118395,2.263512207
0.049903399,2.263937532
0.049395617,2.261525715
0.049146252,2.246915176
0.048035573,2.252703109
0.047698189,2.244648423
0.047420412,2.249202652
0.047337507,2.243075906
0.047154651,2.238540756
0.046859757,2.240198798
0.046987861,2.24836845
0.046260817,2.249871066
0.04710811,2.246587876
0.046412111,2.23585608
0.04609799,2.227674257
0.046845186,2.238086813
0.047893726,2.254002438
0.046625781,2.238533684
0.04754412,2.256410472
0.047571274,2.238144214
0.048961226,2.246827677
0.046953131,2.25487233
0.046901847,2.236236833
0.049010367,2.233981757
0.049171288,2.231675038
0.047628078,2.227874748
0.049106743,2.222718223
0.04961473,2.22858905
0.050696611,2.226292363
0.05098566,2.222406548
0.051740273,2.221570866
0.053478069,2.223053581
0.052830188,2.233035221
0.052826827,2.232036383
0.053391829,2.235288981
0.053471053,2.23684653
0.05354928,2.238845523
0.054496083,2.233227324
0.053839851,2.243114557
0.056115701,2.229153024
0.05479256,2.230659752
0.056108418,2.236598671
0.054036513,2.237359025
0.054497959,2.223131376
0.05412266,2.22044045
0.052925746,2.230477846
0.053001485,2.225345663
0.051039931,2.231109748
0.049847052,2.223216737
0.048983065,2.232360557
0.052453455,2.235845554
0.051725753,2.224593203
0.052066622,2.232636376
0.056530998,2.239980544
0.055600477,2.238999139
0.053038934,2.253870367
0.053610787,2.250047051
0.05602059,2.246085579
0.059785877,2.243648598
0.059072275,2.248032598
0.057705502,2.243391857
0.056919023,2.24405435
0.059769065,2.238006387
0.055330434,2.252834358
0.055688074,2.244891677
0.056104953,2.25019524
0.058045692,2.254276941
0.055491437,2.251292268
0.05929389,2.253975135
0.061806847,2.245389863
0.053449805,2.246289031
0.053266445,2.241153393
0.055315945,2.252728767
0.053516216,2.246476693
0.059769559,2.253843393
0.058044381,2.257944173
0.055322694,2.247504808
0.054773496,2.257289575
0.058675471,2.251436181
0.052882418,2.254636642
0.053491591,2.241732664
0.051479724,2.24660235
0.051367384,2.258793177
0.050298358,2.248853642
0.04897846,2.25240081
0.051157791,2.249519425
0.048234887,2.258280025
0.047089633,2.260292833
0.048755086,2.251954597
0.049088743,2.25036991
0.049119854,2.247861547
0.049282687,2.248811702
0.048830353,2.252274002
0.047707045,2.250453626
0.047887522,2.263826678
0.048527287,2.244291848
0.048439218,2.253936484
0.048962557,2.267598678
0.049853975,2.259601886
0.048850722,2.258507983
0.04962137,2.257469507
0.051139935,2.249858237
0.049948361,2.252061339
0.049739204,2.252728109
0.049159646,2.251524174
0.050907403,2.248113847
0.050603767,2.253561324
0.049639524,2.256516227
0.049635746,2.259242844
0.055476635,2.26284626
0.048381221,2.286109177
0.051863545,2.291447115
0.051139596,2.274941036
0.062619745,2.275707805
0.058313452,2.273874929
0.058084554,2.269729742
0.055420138,2.28740571
0.049659754,2.258648771
0.050209157,2.277257131
0.050673739,2.255979062
0.053780934,2.261199731
0.060355536,2.258749921
0.055175445,2.268250152
0.048278051,2.258985445
0.048567239,2.274017197
0.047803138,2.274995805
0.048765181,2.271411303
0.049768105,2.26361418
0.049154368,2.268534688
0.048183078,2.279578159
0.049181942,2.275213731
0.048920679,2.265953629
0.048051501,2.258623936
0.049898218,2.273347467
0.048429714,2.261912717
0.049442754,2.260985589
0.047188213,2.254071351
0.048885137,2.248592132
0.047844215,2.239490253
0.049326981,2.2561511
0.049461031,2.245936238
0.047941104,2.253447838
0.05061731,2.255870346
0.056618358,2.258841039
0.051166703,2.26132802
0.051519511,2.26121881
0.052828774,2.258450253
0.050376415,2.273516544
0.05082013,2.261706799
0.05279349,2.263254315
0.050133408,2.258884788
0.049754243,2.255248313
0.052219827,2.260655165
0.051273034,2.259213732
0.058836006,2.2628683
0.054610628,2.280422723
0.0537692,2.271007853
0.052407557,2.257976739
0.0521848,2.262486889
0.052864573,2.262653335
0.053620424,2.270484339
0.052469069,2.246307616
0.052394497,2.252416434
0.051325814,2.236968239
0.048967358,2.240587445
0.051468273,2.260106815
0.050935414,2.261350388
0.052799406,2.250974509
0.057850895,2.249157751
0.050693116,2.255345022
0.051667299,2.281845734
0.051615691,2.258352557
0.052256602,2.247556287
0.050572995,2.25435046
0.051966587,2.271838601
0.055494912,2.260424904
0.050923469,2.262883596
0.049494583,2.249693272
0.050885281,2.244900394
0.049663768,2.246268801
0.048853019,2.257920489
0.05167121,2.260278853
0.051124603,2.255360976
0.050315751,2.259958626
0.048666765,2.273638912
0.050291697,2.277479661
0.052386432,2.289080363
0.048901677,2.300688795
0.049779351,2.288459975
0.047925279,2.274825741
0.04881701,2.266489973
0.049173657,2.274343838
0.049116693,2.279779144
0.048839723,2.274608803
0.052031116,2.271280219
0.048909808,2.293440351
0.04869784,2.279615001
0.049018976,2.282260204
0.049518082,2.287323967
0.053328086,2.282057739
0.050765124,2.284318571
0.049537973,2.279754309
0.051025869,2.279813848
0.049269735,2.284665771
0.049266789,2.292504834
0.050113573,2.290191536
0.053641086,2.299627293
0.051828441,2.311888515
0.053196909,2.327096581
0.051795973,2.287852087
0.055028916,2.306758469
0.054562576,2.319959977
0.05555111,2.298914307
0.055868946,2.309445284
0.054705266,2.302001611
0.053490666,2.3033863
0.053336792,2.294867968
0.053264142,2.310253499
0.052653082,2.311976507
0.051732301,2.315361176
0.050404221,2.309537059
0.050074044,2.304957172
0.049947858,2.303003739
0.049029991,2.288635138
0.049603921,2.298891446
0.049244997,2.297879285
0.049248055,2.301196685
0.049585726,2.303485312
0.049987346,2.301909013
0.048289332,2.315147527
0.048406005,2.312754789
0.048447832,2.306285777
0.049858673,2.301564773
0.048144135,2.311649373
0.04805331,2.316758366
0.047645389,2.305797131
0.047838443,2.301395367
0.048275856,2.29966874
0.050959705,2.295022078
0.046555058,2.293683112
0.048207359,2.29156866
0.049231294,2.294321592
0.049244971,2.294678496
0.049351112,2.315238644
0.048926399,2.304841219
0.051920756,2.304292541
0.04828593,2.298587666
0.049897087,2.288036295
0.050365359,2.294050377
0.048480434,2.283944561
0.048713511,2.292545788
0.053579712,2.291696948
0.053150307,2.295113524
0.053209892,2.302566572
0.051458831,2.304445335
0.05159379,2.300026138
0.051450196,2.297203634
0.051887111,2.29773751
0.053593574,2.286011974
0.051850418,2.274768999
0.051733797,2.292747595
0.052278842,2.301751613
0.048865062,2.302747491
0.048102127,2.28663006
0.048149141,2.291657146
0.048628289,2.285991251
0.049133973,2.285540926
0.048464834,2.282093594
0.048502288,2.281671887
0.050349807,2.270624798
0.04919601,2.251801967
0.053959915,2.265118112
0.052546839,2.26711546
0.052156912,2.273924106
0.050669201,2.270188947
0.050681012,2.281573533
0.050774771,2.286877261
0.05019197,2.296696732
0.050875516,2.293755644
0.051017244,2.284070382
0.049582925,2.278014031
0.052187149,2.272399286
0.050308617,2.27569843
0.047815597,2.280164666
0.047532427,2.294045608
0.050326138,2.283839957
0.051102836,2.280899034
0.049581255,2.278249555
0.049980881,2.289384472
0.04855662,2.288059979
0.048669037,2.275723758
0.049158145,2.268108048
0.049913185,2.269642078
0.047233931,2.275570142
0.049036303,2.284824651
0.050417019,2.281981095
0.047032972,2.279687533
0.050247587,2.27063368
0.050022723,2.278230311
0.052663706,2.281914977
0.048736568,2.274833307
0.049581856,2.275845632
0.048072461,2.282080107
0.048653746,2.276821444
0.045196622,2.283701307
0.048255852,2.274549593
0.046751263,2.272847801
0.046275949,2.266037346
0.047865632,2.262516001
0.04879955,2.268552122
0.046957449,2.254320691
0.046694741,2.262709255
0.04658124,2.280718443
0.047851436,2.28337812
0.04584973,2.276716018
0.048674212,2.275367183
0.05095898,2.272084487
0.049396429,2.284488306
0.046884346,2.279826676
0.047423213,2.283011018
0.047298271,2.281445738
0.049920823,2.269390107
0.049198277,2.288194846
0.050063728,2.279026191
0.047774196,2.299579103
0.048268943,2.278854482
0.047175025,2.272106197
0.049945812,2.292774733
0.051277778,2.281105117
0.046291579,2.277772092
0.045388119,2.278963034
0.045829644,2.270137139
0.047277074,2.269835168
0.046809285,2.262287714
0.047700333,2.269175142
0.047493982,2.281802972
0.047729763,2.260631316
0.049516201,2.280208416
0.048802783,2.266141621
0.052353435,2.274529856
0.050619027,2.272141394
0.052267421,2.278187055
0.052015594,2.276654176
0.052143343,2.272169519
0.052413462,2.268080088
0.052869029,2.276089051
0.048780996,2.266085372
0.049661168,2.269992239
0.053130288,2.269790925
0.04907924,2.265071402
0.050600955,2.268551793
0.049120281,2.277720942
0.048559246,2.275487083
0.049872961,2.265425674
0.050035634,2.264615321
0.050619222,2.267505423
0.052027118,2.267354108
0.050570312,2.260129677
0.051547121,2.267999167
0.05321294,2.271015912
0.052677193,2.279050862
0.050879216,2.272929051
0.051629532,2.272501094
0.051222377,2.282904934
0.049565193,2.289179211
0.05078798,2.281028967
0.051910178,2.277779
0.051678488,2.276803517
0.053049491,2.273293191
0.052764723,2.276180662
0.052542568,2.275653529
0.053910306,2.27636964
0.052481389,2.284120546
0.054242642,2.278228831
0.057706232,2.27938474
0.057106562,2.274222458
0.058143532,2.274721466
0.061067407,2.27414565
0.057686686,2.27804084
0.057332819,2.270044377
0.057889423,2.285358527
0.055842317,2.280346079
0.056811803,2.271703076
0.059210724,2.268767087
0.058619093,2.273045661
0.054186773,2.282986019
0.051237775,2.282231257
0.053467584,2.285040767
0.054680873,2.296881598
0.054262209,2.293426864
0.056596828,2.294252349
0.054635211,2.305003389
0.055477071,2.302973805
0.055084981,2.307554185
0.053512485,2.308132797
0.05474274,2.290225253
0.057287281,2.308938381
0.054821651,2.301820692
0.056757727,2.318810153
0.054201309,2.307439877
0.05455977,2.307306819
0.05476408,2.297861358
0.055312784,2.299157726
0.056212066,2.290948436
0.057592495,2.300533369
0.057733391,2.30822375
0.057467671,2.302131708
0.060216527,2.307129354
0.054591009,2.288044683
0.053306792,2.308488057
0.055714127,2.300684026
0.055656901,2.317045205
0.055820679,2.319630375
0.060165546,2.308242335
0.052295335,2.312187525
0.054156475,2.297834384
0.056107343,2.304524775
0.055560037,2.312835051
0.053904282,2.308237237
0.053226288,2.300528106
0.054681479,2.321196477
0.053070543,2.323783457
0.053511523,2.317773487
0.056765751,2.316577117
0.058234917,2.316308699
0.059878665,2.318923146
0.0575848,2.326212708
0.055865935,2.343411707
0.056708334,2.336812598
0.057941807,2.342721748
0.060085473,2.353965216
0.058205949,2.386577049
0.055611831,2.388067659
0.054723178,2.369240387
0.056998977,2.325803173
0.058969444,2.327219277
0.060383317,2.344366303
0.058612293,2.336505529
0.059034467,2.332011332
0.06018741,2.345622211
0.06182072,2.337664728
0.056906533,2.336002245
0.05889264,2.343958906
0.057711356,2.351844515
0.057524007,2.35475386
0.057698219,2.34921247
0.058456975,2.351566393
0.064208236,2.348278433
0.063463486,2.356679497
0.064631417,2.345244912
0.063504054,2.333059183
0.066991092,2.332179587
0.051093806,2.325395283
0.052231196,2.339857304
0.0503924,2.326306622
0.051223343,2.343968116
0.052128381,2.335423303
0.05313845,2.343448056
0.055253996,2.313928132
0.054808781,2.317385333
0.054746908,2.322970472
0.054138948,2.324920452
0.053157724,2.298288985
0.056808277,2.304094023
0.052835374,2.310795927
0.056250696,2.306268672
0.05888783,2.315533707
0.053827274,2.312815972
0.052533655,2.305963247
0.060536805,2.310210407
0.052197176,2.323211588
0.050992147,2.306737417
0.061989761,2.312771071
0.05666736,2.321084308
0.060015943,2.330294245
0.056127332,2.327103324
0.062100101,2.342465007
0.059106069,2.324056645
0.056621832,2.313260211
0.057228241,2.322676067
0.057657076,2.306175416
0.054661815,2.324429668
0.053703575,2.322502549
0.052577991,2.310262216
0.052605046,2.3201506
0.056042449,2.32866811
0.055725239,2.317333853
0.052095245,2.323711912
0.056840411,2.308771935
0.056081583,2.310229157
0.060126278,2.309982778
0.0548231,2.308062897
0.066096796,2.319770341
0.058221728,2.319945504
0.061108756,2.314443422
0.053469974,2.31565262
0.058260616,2.328949029
0.062817482,2.306460282
0.059770361,2.32674494
0.056876641,2.340141676
0.058720202,2.338901228
0.055723841,2.331983043
0.060976521,2.321701406
0.059616913,2.315658212
0.057347729,2.307804347
0.057302608,2.296484563
0.056806997,2.310982603
0.058655446,2.31456398
0.061457519,2.311785226
0.06292207,2.315129764
0.061879225,2.327256118
0.062962808,2.326114354
0.06158222,2.330930751
0.056483419,2.325046602
0.053238988,2.312759065
0.048468684,2.292694799
0.048084781,2.295022078
0.049288063,2.298033395
0.051652368,2.326148564
0.049140316,2.308167336
0.051552821,2.305236281
0.046728925,2.338723105
0.047448403,2.318394204
0.048490549,2.326432278
0.046646216,2.323893818
0.04805312,2.344082424
0.047581018,2.354179194
0.050147331,2.349301449
0.049288448,2.328548868
0.046733176,2.335776918
0.047606229,2.334514267
0.048701304,2.342868785
0.047624866,2.335994021
0.04795677,2.313105772
0.049141858,2.309383771
0.05019471,2.309076537
0.04858677,2.309553342
0.049602662,2.314094742
0.050895761,2.303833993
0.050437568,2.318986796
0.050781021,2.321850418
0.048262082,2.332462643
0.048949317,2.324920287
0.047931971,2.31933926
0.048728375,2.316640604
0.048488935,2.321277891
0.046359321,2.317199973
0.048982433,2.300144887
0.048421326,2.294693298
0.047039592,2.300082058
0.045254722,2.311938843
0.046497847,2.299671701
0.045364733,2.304085306
0.044846122,2.287364427
0.045078084,2.283741109
0.04870797,2.283892753
0.048986884,2.283945548
0.046508286,2.285276126
0.048881498,2.276908615
0.047252188,2.28408683
0.046677255,2.281508896
0.046228745,2.285469545
0.046564998,2.268442913
0.046642192,2.280639826
0.047048803,2.271601762
0.048304207,2.279746907
0.047605103,2.286415424
0.054172824,2.281285378
0.046464927,2.273666872
0.046841979,2.275141528
0.047966345,2.268606891
0.045515991,2.284511661
0.04530983,2.255509823
0.046311125,2.268917743
0.046076624,2.265664159
0.046064171,2.258806829
0.046343264,2.255126933
0.045917235,2.270681212
0.050849159,2.270723481
0.047429396,2.266587998
0.048301313,2.270696672
0.049558588,2.272137282
0.04690639,2.266484216
0.047212205,2.279652172
0.046317956,2.292958941
0.050729793,2.290499099
0.046927314,2.288394351
0.048918561,2.288555698
0.049162489,2.287918698
0.048140316,2.271446665
0.048448264,2.277254499
0.048890729,2.284832052
0.05033965,2.28748663
0.049514705,2.274136439
0.052106958,2.271415086
0.053256242,2.259852048
0.05012284,2.259521295
0.047615907,2.264225358
0.049591843,2.257333324
0.049001342,2.254745358
0.047964583,2.252413803
0.046658804,2.242276079
0.047242689,2.26055385
0.045984381,2.250900496
0.04790638,2.249210382
0.060596108,2.242737259
0.059456517,2.24286933
0.054139462,2.246321103
0.057922179,2.26315333
0.060542233,2.259255837
0.062561995,2.256699285
0.073435962,2.250175997
0.060929914,2.250595072
0.06769259,2.244641186
0.06077219,2.258245979
0.059429246,2.257969666
0.05919456,2.262458764
0.067002044,2.261943474
0.065757932,2.255020848
0.060891402,2.255933832
0.060129778,2.256446162
0.061239029,2.251538319
0.065375591,2.254634668
0.065210461,2.251909203
0.064251903,2.24522243
0.061446572,2.261872093
0.061708144,2.255376437
0.060390112,2.257589572
0.059027615,2.274118347
0.059678616,2.264330291
0.059641291,2.269466258
0.060364464,2.281436035
0.062018991,2.27732736
0.061077245,2.278381132
0.058820262,2.269120702
0.06119328,2.275587247
0.060506928,2.266727635
0.060940245,2.265746395
0.062590058,2.263324709
0.05915154,2.261746601
0.057352782,2.258246473
0.0578049,2.266714806
0.057535901,2.257579045
0.060097002,2.253124815
0.058034893,2.258651896
0.060804139,2.261548741
0.060230306,2.272776585
0.060278332,2.283580914
0.058635802,2.287496992
0.06229369,2.273582333
0.061625805,2.267854268
0.063108181,2.268522846
0.059374492,2.267126808
0.061438261,2.255887944
0.062304421,2.260740526
0.061459416,2.263114185
0.061324831,2.268185021
0.06402414,2.268010187
0.062795324,2.274204366
0.062919634,2.271531697
0.061202968,2.259966685
0.06414824,2.264473875
0.06106695,2.267269734
0.059016272,2.265027159
0.060610751,2.278945435
0.058210544,2.274092854
0.05773173,2.305304701
0.058685678,2.278077681
0.059950941,2.293092986
0.062649756,2.295286878
0.061928706,2.296993439
0.06078506,2.296906269
0.060358225,2.297826161
0.058645542,2.307912569
0.059582415,2.295271417
0.060901475,2.30335982
0.063271789,2.3030641
0.062261181,2.295166813
0.063106377,2.289032008
0.061684573,2.293833274
0.064148291,2.293986562
0.063466041,2.301429577
0.066513506,2.287011306
0.064420431,2.279061882
0.064512268,2.275901059
0.063542998,2.273886277
0.063809448,2.269904082
0.06361626,2.266103628
0.061951706,2.265645573
0.06314181,2.275600733
0.059913708,2.281984878
0.05886138,2.283214964
0.06226776,2.279846906
0.062082364,2.279025862
0.060112581,2.270554404
0.058731586,2.271835476
0.061496607,2.278852673
0.061923766,2.277330156
0.062334931,2.284068738
0.058478639,2.281282253
0.056404431,2.277604167
0.059376964,2.277800053
0.058547213,2.276613058
0.059282825,2.286551936
0.059401686,2.291967504
0.059435059,2.285678425
0.056613444,2.290162918
0.054782753,2.291179355
0.056484848,2.339302869
0.058400232,2.274910609
0.058939022,2.278796424
0.060398428,2.282041292
0.061177372,2.298646053
0.058284896,2.280981434
0.057535186,2.267854761
0.055232162,2.273455196
0.056512947,2.27113499
0.05648032,2.270903907
0.057251411,2.271172161
0.059146513,2.28917954
0.058959103,2.293385582
0.061124813,2.285626616
0.058221477,2.277721435
0.060249339,2.282061357
0.061727104,2.279379806
0.065912479,2.285392244
0.06539394,2.2899894
0.069754077,2.277288216
0.075541681,2.273552564
0.071861677,2.289261118
0.065754643,2.282943585
0.061123477,2.280698542
0.060247262,2.282938322
0.057773984,2.28333141
0.0564522,2.290009794
0.058567603,2.307022118
0.061011261,2.306592353
0.060047748,2.293629
0.06273561,2.288845168
0.064931656,2.288355535
0.065480273,2.282380926
0.063270689,2.289787264
0.062887814,2.289455524
0.061350027,2.298427799
0.059238499,2.285903751
0.062678256,2.296178974
0.063958634,2.289163586
0.064080344,2.29522224
0.06943825,2.29231931
0.071885444,2.295480626
0.068644965,2.281669914
0.067983515,2.295781116
0.071027306,2.279265827
0.070605749,2.269956055
0.07086636,2.282256092
0.064590973,2.276049413
0.063215694,2.2788382
0.059503572,2.285241423
0.064083129,2.299643247
0.059014216,2.281218438
0.057474496,2.281084065
0.063816746,2.289303387
0.065033957,2.268348177
0.064439972,2.268624161
0.064312609,2.269619052
0.062106957,2.281194754
0.06256475,2.298332899
0.054593903,2.288174287
0.052481723,2.272943031
0.053896542,2.29326305
0.052945529,2.273964073
0.052099177,2.292519801
0.050178319,2.296982584
0.049897252,2.314106584
0.053423629,2.296956762
0.055398516,2.313211198
0.056958142,2.281888497
0.060929986,2.269522178
0.061271013,2.26917876
0.056078581,2.264785549
0.053898947,2.256552247
0.053375536,2.264879627
0.053521104,2.270318058
0.054320325,2.273869666
0.0528468,2.257907989
0.053873891,2.264826339
0.05488618,2.264910713
0.05423923,2.262946424
0.053389634,2.259259291
0.051403275,2.259118832
0.052381565,2.259799581
0.053411956,2.261226211
0.053087438,2.261943474
0.055073617,2.263326354
0.055775054,2.260427371
0.055335024,2.262815669
0.054199284,2.248257103
0.055361643,2.248717131
0.057551099,2.270523319
0.055715669,2.254873646
0.05291282,2.25376971
0.053059133,2.263887532
0.053309968,2.255050453
0.055507345,2.254409177
0.058179588,2.250793754
0.059519356,2.254305066
0.066098615,2.258326899
0.066936004,2.248638184
0.059430171,2.250451159
0.057843217,2.253966254
0.055706926,2.258102724
0.0627847,2.245356639
0.050876615,2.249359558
0.051395864,2.267284208
0.053024779,2.251253782
0.059730358,2.248297563
0.054619062,2.244861579
0.053900685,2.253495864
0.053104517,2.258349925
0.05296339,2.270184836
0.05286832,2.271840246
0.051814969,2.251140625
0.052026722,2.250288496
0.053253076,2.253633692
0.053354771,2.254315099
0.05487938,2.26304741
0.053128011,2.241114907
0.053662015,2.248450357
0.05255848,2.257662433
0.05505571,2.250921549
0.057455268,2.249844751
0.055265864,2.253867571
0.058955566,2.258264071
0.053704033,2.25520407
0.054054862,2.251201809
0.056165469,2.252229101
0.055293315,2.239603409
0.052583608,2.249767613
0.054448294,2.25552331
0.056089282,2.25951817
0.053559112,2.258680843
0.05670356,2.268923007
0.056482833,2.27124091
0.051004277,2.260936905
0.055349282,2.255763439
0.054579126,2.271525776
0.053256006,2.27708608
0.054089586,2.275064719
0.050921316,2.25947919
0.052274967,2.267493252
0.05427179,2.259385606
0.052245804,2.275077055
0.061037077,2.250939476
0.055564509,2.255938273
0.056527014,2.26989372
0.054300758,2.266420072
0.055237713,2.263255467
0.056674905,2.258426076
0.056495338,2.264296574
0.054808133,2.255636467
0.054068097,2.248648052
0.054744087,2.251156908
0.052840909,2.268072193
0.056876805,2.261919954
0.057312563,2.272307182
0.058259608,2.266964639
0.04824914,2.259245804
0.057301646,2.25507315
0.049661486,2.262515507
0.04846579,2.261012727
0.049307435,2.273524275
0.051268886,2.272886452
0.046560424,2.266513328
0.047574198,2.239214433
0.054492773,2.247741318
0.053822267,2.23843829
0.051078423,2.242987914
0.059456826,2.247380631
0.056938235,2.254408683
0.053493601,2.251446214
0.055575498,2.242088417
0.052108824,2.244495628
0.054096262,2.250078136
0.053370566,2.254877593
0.052157251,2.254751114
0.053666065,2.249688667
0.056752372,2.238688781
0.057335723,2.239714592
0.057210956,2.24619742
0.056178544,2.257469507
0.05467967,2.240666885
0.055286387,2.248876504
0.055711953,2.247844936
0.054731875,2.242000589
0.052954256,2.249430117
0.053956754,2.241154545
0.054083274,2.251351314
0.051452134,2.246096928
0.051294693,2.256525602
0.051740792,2.265714323
0.051139997,2.260441516
0.053090259,2.253315274
0.054573318,2.247903159
0.061559646,2.258572292
0.052894203,2.244501878
0.051481235,2.255269859
0.052150703,2.259288896
0.050707847,2.259450079
0.051828564,2.256477905
0.052314949,2.258934788
0.053767005,2.251923512
0.051007402,2.265448701
0.050928794,2.259740701
0.05471185,2.270241743
0.053630899,2.262826195
0.055065013,2.268617418
0.053422976,2.265484391
0.054810734,2.262882609
0.052313643,2.258344333
0.053938431,2.264376508
0.052376405,2.259050576
0.052099372,2.263095929
0.052115239,2.265871229
0.05188396,2.263449708
0.053505119,2.256450932
0.053441381,2.245626538
0.05162025,2.268730245
0.054160062,2.265892775
0.054971829,2.246166993
0.055056013,2.254822495
0.055804427,2.250081919
0.051451301,2.269318068
0.052119021,2.272378563
0.051612679,2.274960115
0.052957762,2.264618775
0.05185307,2.256020509
0.053078314,2.26167193
0.056792945,2.260017836
0.056239445,2.260972431
0.058510469,2.266172213
0.054160484,2.266913981
0.055090531,2.259433302
0.053088373,2.266495071
0.051894152,2.256850599
0.052885317,2.254003753
0.052728015,2.260927037
0.051586184,2.255155551
0.053782604,2.262328174
0.052265345,2.2464512
0.051356951,2.245556637
0.053471701,2.258187592
0.055347719,2.248993115
0.054113989,2.247882929
0.051613429,2.24970643
0.051736742,2.260576383
0.05168828,2.256102087
0.050830157,2.248959069
0.051886432,2.258515713
0.050672547,2.25236479
0.050782378,2.278393468
0.050454945,2.26253475
0.05173591,2.251300657
0.049488318,2.243423271
0.049144505,2.238750458
0.050737935,2.25733612
0.050359695,2.252820213
0.048992522,2.261656141
0.048998931,2.254261974
0.050117135,2.253092085
0.051046859,2.265117947
0.05201377,2.251554437
0.048951322,2.257216714
0.049852716,2.254409999
0.050013364,2.259991027
0.052909181,2.269840431
0.054697999,2.273705194
0.053209008,2.290870641
0.056252845,2.288241063
0.057178472,2.282102146
0.056750362,2.28376578
0.056450211,2.287501103
0.054838571,2.296524365
0.054776642,2.293581632
0.054679516,2.297133076
0.054138989,2.27835054
0.053323614,2.290830838
0.052441613,2.296252986
0.052559467,2.296021903
0.051848229,2.284439457
0.052878111,2.291769316
0.051910676,2.287779225
0.053301143,2.288240405
0.053770042,2.291559285
0.054077554,2.288629217
0.054801559,2.299982388
0.05328578,2.287745673
0.053490934,2.285017905
0.052797946,2.276035926
0.053190217,2.286217728
0.051580967,2.292834765
0.050020811,2.291571785
0.05290126,2.289160626
0.052337476,2.298098691
0.05022729,2.287491893
0.050686075,2.285075964
0.049342719,2.285191917
0.051997703,2.289406347
0.050216368,2.30021084
0.05058052,2.288264418
0.050418905,2.290278048
0.047955218,2.289109475
0.051883364,2.286758019
0.050597321,2.282516944
0.049117516,2.282575497
0.049982952,2.286646178
0.050404139,2.286543054
0.051473716,2.297973034
0.051403095,2.289555523
0.052461514,2.290980015
0.048949965,2.29807254
0.052202758,2.298393918
0.049178941,2.309950706
0.050476599,2.297431757
0.050096535,2.299360849
0.049488626,2.314324016
0.051307234,2.308072107
0.051671452,2.292775555
0.050553798,2.296071903
0.046140357,2.301672831
0.048427828,2.303390906
0.049017604,2.303948959
0.048601598,2.304581189
0.048683808,2.300716591
0.047002617,2.294662378
0.049623668,2.301484017
0.049321564,2.305661277
0.048567958,2.31097734
0.048700343,2.291917669
0.049612366,2.270736146
0.050592567,2.280976664
0.050045816,2.289559141
0.048775882,2.280966303
0.049382352,2.285371356
0.049592094,2.27672161
0.051223394,2.272324287
0.051709188,2.288268858
0.05125101,2.285692405
0.048245347,2.282911019
0.047269401,2.277387063
0.050581229,2.283857391
0.051964341,2.275622937
0.050162026,2.342896252
0.049074558,2.278478006
0.049024276,2.284814454
0.051345669,2.275099587
0.050182492,2.269599151
0.052169951,2.262643631
0.053624629,2.266414151
0.049314656,2.261444301
0.048501388,2.261107627
0.049357228,2.256740238
0.048684019,2.251763645
0.047539674,2.255943536
0.046773641,2.271747977
0.046539587,2.261257955
0.045780091,2.255364266
0.044208012,2.259442677
0.045925438,2.254921507
0.047968473,2.265425017
0.048044172,2.266871548
0.048300008,2.261157956
0.047816445,2.262010578
0.049141364,2.263119613
0.051089478,2.264600025
0.05401711,2.271277423
0.051601788,2.264735879
0.054160401,2.258447457
0.050685643,2.264086544
0.053048514,2.257803385
0.054462531,2.264216476
0.05359912,2.266425171
0.0547247,2.257783155
0.056423289,2.257973285
0.052971896,2.262414686
0.051113692,2.255795511
0.053954827,2.273274113
0.052464695,2.267885846
0.05244613,2.271496335
0.054755918,2.25495029
0.052198081,2.269216589
0.059136352,2.257247141
0.056027102,2.280595418
0.052132498,2.267997523
0.055802402,2.285494545
0.051734542,2.273134147
0.056454508,2.265385543
0.056099125,2.267171216
0.054415353,2.277632949
0.054877427,2.284697021
0.055790092,2.269875135
0.053174099,2.276826214
0.0564739,2.262914681
0.053140423,2.273952395
0.055641867,2.27302099
0.052675343,2.282989801
0.052199736,2.283146708
0.057070157,2.283664301
0.055937783,2.279790657
0.054042295,2.257808977
0.058309402,2.258955347
0.056686511,2.264765319
0.061615885,2.25830338
0.063737872,2.247445927
0.061049983,2.227070974
0.060129079,2.2243761
0.059697145,2.225701416
0.06019514,2.235190791
0.061125995,2.237148007
0.058240956,2.23044084
0.0564147,2.214343474
0.055617078,2.225503062
0.056008861,2.236094893
0.057894439,2.229510587
0.056233442,2.236744558
0.058385604,2.245215522
0.054288808,2.243374752
0.054750845,2.234084881
0.054481672,2.246123572
0.052650713,2.240600768
0.056044073,2.246417648
0.053957063,2.244874078
0.055663732,2.237022022
0.055276899,2.248916471
0.055242442,2.259065872
0.052757831,2.256045015
0.053695593,2.252715116
0.053878789,2.246831953
0.053472934,2.24899443
0.051905501,2.245873575
0.051123442,2.243568171
0.052922981,2.240337283
0.054103849,2.240309981
0.052021089,2.243667348
0.052770037,2.259655011
0.053027616,2.255046177
0.053266239,2.254818383
0.051918407,2.255193379
0.051975648,2.245287397
0.053758231,2.240969185
0.054955022,2.250382738
0.055256175,2.25003636
0.056186079,2.248144768
0.052440749,2.240655208
0.053784089,2.249346072
0.052220495,2.243949417
0.055413745,2.240267712
0.052359037,2.237395867
0.054054291,2.239110487
0.054701134,2.22903296
0.050811192,2.248457758
0.052508948,2.24794033
0.052497574,2.247628655
0.050628597,2.254279902
0.050440189,2.253223498
0.050855717,2.257469507
0.052570996,2.255819524
0.053380871,2.247892797
0.054374328,2.252255416
0.052537695,2.252600643
0.053726889,2.250940134
0.053767308,2.259765207
0.051351467,2.247782272
0.052761207,2.239310156
0.054549115,2.255166241
0.052606085,2.249897053
0.054577898,2.253354583
0.053107919,2.250597868
0.051191076,2.240672313
0.053395159,2.251244736
0.051038369,2.247238692
0.05271185,2.241213426
0.054314064,2.241548455
0.053632225,2.243272944
0.05341963,2.251478286
0.056705518,2.258864394
0.055681911,2.265809059
0.053112463,2.26555018
0.05224088,2.266185206
0.052232934,2.268665115
0.052573164,2.25267334
0.053724391,2.249586694
0.052693059,2.244344314
0.052529893,2.246532943
0.052332609,2.24623492
0.054738931,2.262177353
0.054381452,2.257758155
0.052368227,2.248324865
0.053023006,2.25621804
0.053623071,2.258475253
0.05389572,2.272028566
0.052827109,2.278538367
0.053331488,2.279965326
0.052866603,2.27358809
0.054313427,2.261204995
0.052466191,2.261527524
0.054163614,2.262434258
0.054427185,2.264840977
0.052613023,2.266985527
0.052007885,2.268893895
0.056004713,2.26741118
0.05315556,2.268490445
0.05241539,2.329093764
0.054425458,2.255173478
0.055328908,2.255417061
0.054992367,2.249767613
0.052987022,2.252574492
0.053068847,2.253634349
0.051404288,2.263550529
0.052186249,2.252437158
0.051485522,2.247291159
0.051693337,2.24135849
0.052657708,2.246905965
0.05239427,2.255396338
0.051674551,2.250568592
0.052396563,2.25052254
0.054069186,2.255560974
0.053987958,2.253161328
0.054560968,2.264876009
0.054813962,2.267480916
0.054876009,2.27417509
0.050879802,2.271923962
0.050766846,2.258959459
0.052952185,2.264726997
0.054134281,2.260087736
0.052413534,2.272072152
0.052843618,2.277106474
0.053013656,2.282411847
0.0555798,2.282158396
0.05575949,2.2919004
0.054934134,2.289272302
0.054091606,2.278516657
0.053437177,2.271654722
0.056114272,2.290319331
0.054929282,2.283906897
0.053070697,2.273996145
0.054174515,2.278318304
0.052357023,2.279129973
0.053602194,2.285701286
0.053703277,2.271480052
0.052423958,2.275836257
0.053038872,2.272803558
0.052941566,2.283279108
0.053153401,2.262459422
0.054250373,2.271977416
0.053151088,2.257803879
0.054719308,2.259743497
0.056329216,2.260736907
0.054603843,2.280505946
0.057916078,2.267705749
0.057469356,2.281675999
0.05525563,2.251077961
0.055235514,2.251431576
0.055238587,2.255404561
0.056200728,2.259506657
0.058293957,2.253641586
0.054248841,2.258754362
0.057538712,2.2490117
0.055534426,2.255896004
0.053449584,2.27481686
0.05474165,2.262548402
0.054338283,2.287191732
0.054159528,2.272071494
0.056242272,2.275488235
0.053592038,2.277115191
0.054803214,2.297190641
0.053797072,2.283573677
0.053149413,2.277866006
0.05231627,2.265896229
0.051881724,2.262353009
0.052699643,2.277025719
0.053291367,2.272753888
0.052265155,2.272223137
0.054456831,2.271107852
0.05238416,2.253948655
0.053030587,2.253073335
0.053870334,2.260757137
0.05170724,2.252242259
0.050878286,2.250725498
0.051036662,2.235826639
0.050589134,2.245291344
0.051615141,2.244749738
0.049795325,2.239750776
0.050694735,2.25117796
0.050991782,2.245659432
0.052073478,2.258103711
0.052348007,2.260861742
0.053515137,2.246649553
0.056529774,2.266283396
0.055406467,2.245763049
0.053629964,2.239640909
0.055500982,2.247257442
0.053544706,2.249468274
0.054914223,2.254577103
0.053477514,2.252873667
0.053111702,2.25016103
0.052394414,2.248516475
0.052197803,2.245456145
0.050766517,2.243341857
0.054316932,2.251913479
0.052072728,2.246978333
0.053501177,2.243043341
0.051887907,2.248192794
0.05039223,2.251030758
0.052990661,2.2636951
0.051844852,2.241122473
0.050781391,2.239987616
0.050711979,2.238000137
0.050423413,2.247898883
0.050711116,2.258901236
0.051428172,2.249626825
0.050071119,2.236363311
0.051128551,2.257911443
0.053081275,2.264300522
0.053190073,2.261400387
0.053097871,2.262572908
0.051715818,2.266838982
0.051026141,2.246556133
0.052368335,2.245828345
0.052338448,2.250456093
0.050590907,2.259191858
0.049492964,2.23583733
0.049053038,2.244300894
0.050028387,2.240797969
0.04847627,2.248653316
0.048189986,2.248675519
0.050216219,2.253457542
0.048000941,2.250146392
0.047520138,2.251721047
0.048606738,2.257122307
0.046317612,2.262237714
0.047759918,2.245242331
0.047161373,2.25231808
0.047192921,2.254301119
0.04862741,2.251909203
0.049063101,2.261790844
0.049205642,2.254283849
0.050337404,2.254353914
0.049149192,2.261393973
0.048587839,2.251937492
0.048571623,2.256246329
0.047137916,2.240054063
0.048755708,2.257794668
0.048175189,2.24906614
0.047677229,2.273153719
0.049462049,2.259418171
0.048107313,2.275484123
0.046363741,2.270193224
0.048363124,2.289210132
0.046899894,2.270921506
0.046941721,2.260330662
0.045075314,2.263129646
0.046568596,2.264118451
0.047188665,2.258255354
0.044949811,2.264825681
0.047397221,2.25602791
0.047857172,2.267016118
0.047201037,2.252530249
0.047173755,2.253634185
0.046761331,2.250307575
0.04576092,2.275219487
0.047283119,2.277568805
0.048125601,2.26849061
0.047101285,2.254625951
0.047098283,2.261484761
0.048144679,2.256383992
0.048698662,2.265678632
0.049512377,2.264711866
0.049309429,2.260040533
0.047180581,2.258238907
0.048474266,2.257139741
0.048129969,2.263480135
0.048123036,2.259586097
0.048263259,2.266507736
0.048303009,2.261143646
0.048744591,2.267810847
0.048572358,2.262847412
0.050717643,2.260367503
0.051541103,2.266621057
0.050459777,2.275184619
0.050769298,2.248224208
0.051307337,2.245552525
0.050700733,2.255544527
0.048988297,2.259820469
0.050369451,2.260298096
0.049836171,2.257548125
0.051290525,2.266168923
0.050522713,2.262891326
0.050654532,2.267279603
0.049298584,2.27283267
0.052938647,2.266370895
0.054137648,2.26972563
0.052052446,2.272673626
0.051433466,2.250107248
0.053209949,2.256899776
0.057802032,2.265125678
0.053608228,2.253375471
0.052096669,2.255573638
0.04982308,2.27611109
0.056596288,2.270454405
0.063224611,2.257237437
0.059880022,2.24782487
0.05948238,2.257120991
0.060959873,2.246865999
0.056680508,2.244937236
0.05854635,2.250177642
0.056551634,2.25057846
0.070283132,2.262160248
0.069293118,2.245476704
0.061324837,2.248425851
0.061712769,2.262942641
0.062568209,2.255139104
0.059777207,2.252218739
0.062417702,2.246539357
0.06219955,2.245326541
0.06208904,2.247613195
0.061559029,2.254275297
0.058556383,2.255921826
0.066248583,2.254927922
0.059753615,2.261490024
0.061081624,2.261395618
0.059959735,2.263539839
0.061966966,2.256076429
0.05903826,2.264407099
0.059730075,2.252376468
0.06246673,2.266437506
0.058852874,2.256530372
0.058738885,2.254622662
0.058952102,2.27046855
0.059483645,2.261522097
0.057148364,2.266183068
0.056719323,2.251928775
0.055397287,2.265021238
0.056501696,2.265375839
0.05807064,2.249972545
0.05992611,2.247115174
0.061502703,2.247835232
0.061160354,2.258058646
0.067032431,2.255513771
0.06844617,2.246953991
0.061876738,2.254241087
0.065934426,2.259025247
0.062410501,2.249939486
0.058544834,2.253194716
0.057904632,2.257467862
0.059328342,2.255759163
0.060453839,2.255241899
0.061866176,2.251434208
0.060170166,2.257276746
0.064459698,2.271797154
0.070964406,2.2738621
0.060489818,2.276895786
0.060076864,2.275971782
0.057928172,2.30327117
0.05824166,2.281970733
0.059562874,2.279495923
0.056374117,2.27422032
0.060546108,2.274676565
0.060514596,2.250788655
0.06823084,2.262564684
0.062994212,2.273163917
0.061233735,2.281780603
0.062793232,2.269389614
0.061631973,2.284084527
0.064427554,2.277871105
0.062666183,2.276661578
0.062701143,2.2861799
0.058752973,2.28694601
0.05853258,2.279799703
0.062348397,2.266464644
0.059578951,2.271619689
0.05893751,2.267635191
0.063925175,2.26461417
0.066070969,2.272310307
0.06127036,2.274122459
0.062777849,2.276794306
0.061430207,2.27290882
0.059218829,2.283682064
0.063097737,2.29086916
0.06462011,2.286379569
0.05980712,2.283375982
0.070881409,2.275151067
0.065595192,2.276913055
0.063670094,2.289852395
0.063563989,2.286012138
0.063729638,2.290721629
0.065420441,2.278510078
0.060256735,2.271927745
0.060997142,2.282524839
0.061754365,2.284513963
0.060878696,2.287537452
0.061414808,2.281159393
0.05932696,2.274420811
0.058699607,2.288753228
0.062485942,2.281127321
0.059083448,2.274860281
0.057499923,2.274296964
0.057595219,2.27974444
0.059399918,2.281347384
0.056358024,2.285891252
0.058121719,2.266632076
0.055332644,2.270658679
0.057051983,2.254191745
0.058237143,2.249110054
0.055446341,2.237214618
0.055686634,2.241545823
0.054505787,2.252746201
0.053321306,2.245296442
0.054604327,2.235287336
0.053613558,2.239349465
0.057363616,2.220772355
0.056862794,2.214550873
0.053580915,2.220691599
0.055572003,2.212477375
0.058863544,2.208774946
0.05809657,2.222496515
0.055800393,2.214616827
0.0537043,2.209886777
0.053207975,2.229387397
0.054175774,2.244893651
0.057816387,2.22355851
0.058669236,2.224730373
0.05932808,2.228395467
0.058402231,2.227729191
0.058920673,2.221354586
0.059856343,2.271268541
0.058561337,2.255391075
0.058450735,2.2678643
0.057371465,2.277590022
0.063848644,2.265597877
0.06451383,2.267279932
0.060076042,2.265122388
0.058700059,2.241802564
0.057619602,2.247018135
0.059867142,2.240712937
0.061568589,2.233827976
0.060631382,2.235304112
0.062370298,2.229777853
0.063188448,2.243092354
0.060462973,2.247206127
0.060701128,2.231008268
0.070958711,2.226440059
0.063447209,2.245399566
0.061516745,2.242884461
0.059432324,2.252958205
0.06198677,2.240245673
0.069664342,2.242943671
0.063304498,2.245104339
0.064955165,2.236209366
0.065246465,2.233588834
0.065016744,2.24269795
0.065712425,2.241422141
0.065979789,2.253125638
0.063975087,2.248825847
0.064822765,2.24720514
0.06595536,2.239126441
0.064638962,2.247071424
0.063767903,2.237522674
0.060984159,2.24296571
0.060201185,2.235666444
0.060162184,2.239930873
0.060094818,2.244235105
0.05976079,2.238078919
0.06018317,2.253338135
0.061600039,2.262164853
0.062547891,2.252766431
0.062982724,2.261342658
0.057557673,2.265659389
0.060259377,2.254180396
0.059859489,2.251134869
0.058732876,2.249074693
0.057318942,2.264109899
0.058232486,2.24803194
0.057860039,2.249638174
0.060636814,2.272071658
0.058935686,2.283021873
0.059694184,2.265119263
0.061673116,2.285045372
0.060064195,2.257452731
0.060435208,2.24442359
0.059995775,2.247878159
0.061168239,2.246351695
0.062180348,2.255284661
0.063872225,2.256887934
0.065587025,2.261608938
0.061793942,2.244997268
0.060493369,2.254848975
0.06026704,2.255924293
0.060881508,2.251595884
0.062536944,2.266145239
0.06398773,2.246190183
0.065767667,2.264132102
0.067385084,2.255811629
0.064968667,2.263727172
0.060978546,2.260842992
0.063981984,2.256935138
0.06484869,2.253556225
0.064565762,2.258180848
0.063018523,2.245382461
0.062337254,2.258558969
0.062872122,2.26478703
0.058513964,2.251924005
0.057234372,2.244627042
0.057376091,2.257462764
0.058154444,2.249796889
0.05966569,2.25742181
0.060948643,2.262497415
0.05691856,2.250941943
0.05703037,2.270181053
0.057440127,2.236241931
0.058059425,2.257440395
0.061151062,2.246336892
0.06052062,2.259950073
0.060783117,2.263666647
0.06157764,2.258525582
0.061238067,2.246389359
0.060607513,2.251396873
0.062136418,2.259604682
0.05921719,2.272538265
0.060965147,2.274807649
0.063183457,2.266575498
0.061397024,2.266793917
0.060400227,2.252379264
0.065736289,2.253463463
0.065512936,2.253762638
0.06329114,2.254666904
0.063829472,2.258003219
0.0629309,2.259375573
0.062381703,2.25365754
0.060705959,2.261110423
0.059045008,2.246779157
0.060497877,2.257253555
0.05956162,2.245674728
0.062161115,2.253673
0.063156201,2.259946948
0.057812779,2.248148387
0.060406867,2.243986094
0.063473889,2.249610542
0.065563675,2.249332585
0.062262178,2.245192003
0.061971134,2.232137533
0.061387922,2.249114166
0.063162426,2.234555271
0.066333497,2.235921211
0.062246399,2.252524164
0.064250495,2.251616607
0.065069982,2.241984964
0.062437597,2.252481236
0.062796923,2.247262047
0.060592356,2.241366549
0.063468641,2.227473272
0.061713756,2.226835614
0.061110057,2.238641248
0.060251539,2.239796335
0.060098734,2.242387756
0.059086363,2.245430487
0.059525153,2.237989446
0.06120544,2.243314555
0.064234932,2.237944381
0.065766629,2.238766083
0.067018404,2.253881057
0.063898648,2.25059392
0.063066322,2.263872566
0.063702613,2.267330918
0.0613404,2.254764601
0.061165715,2.258720645
0.060275074,2.262068801
0.061971787,2.254048325
0.068471401,2.25648728
0.06503204,2.258430188
0.0655554,2.260192176
0.06646032,2.257668683
0.062082538,2.259028537
0.063843232,2.248232925
0.066785116,2.264267134
0.063955479,2.251480424
0.064809633,2.25755273
0.067190041,2.253477279
0.064319039,2.264548216
0.065106381,2.254337961
0.063033284,2.258339893
0.063104274,2.258252558
0.060832937,2.259313402
0.061883918,2.262344785
0.060555159,2.260556646
0.06117822,2.269394548
0.062467316,2.257416876
0.063365913,2.276725722
0.063783066,2.274843011
0.060331426,2.268493406
0.061488317,2.268534195
0.060355567,2.265102323
0.06020891,2.2593236
0.058166476,2.263214678
0.060017911,2.272119684
0.061038804,2.264636867
0.06126831,2.274392029
0.064008084,2.256725765
0.063411395,2.268828271
0.061693732,2.263818783
0.062299739,2.253694875
0.06458775,2.260639211
0.059669066,2.256618036
0.061725053,2.250952305
0.063561178,2.247384908
0.059573601,2.25661195
0.060715853,2.270046515
0.058898382,2.266889146
0.058288602,2.274235123
0.057558171,2.258988077
0.05955978,2.253463299
0.058980705,2.25505621
0.062644544,2.260048921
0.061970502,2.24955051
0.06047592,2.25164539
0.058324272,2.252312488
0.057674037,2.257759636
0.057238921,2.269504744
0.058790771,2.262428995
0.057432222,2.26520265
0.06396802,2.274872122
0.062847739,2.266092937
0.055963636,2.251952623
0.056503567,2.264978146
0.054682019,2.273866047
0.053469686,2.276915358
0.0550756,2.267384371
0.055898125,2.290233312
0.057531121,2.307998917
0.056651114,2.272966715
0.057413374,2.278694945
0.059508269,2.280962191
0.062261618,2.275776718
0.059741691,2.262423403
0.062119997,2.260481647
0.05880933,2.254684996
0.06045771,2.26478999
0.058341598,2.267477298
0.063368113,2.273218357
0.061524454,2.276561579
0.060666872,2.264348054
0.062057528,2.28349654
0.060882268,2.26620116
0.060873942,2.268658042
0.063416961,2.261453183
0.059396192,2.250898029
0.063017999,2.248202991
0.068096333,2.244259611
0.063952102,2.235386512
0.066059497,2.238411974
0.065471432,2.233379132
0.066370415,2.233750839
0.064719646,2.243163734
0.064401686,2.233627485
0.063869938,2.24537983
0.067109224,2.229570783
0.063036985,2.244666844
0.06506403,2.236618079
0.064554002,2.253292083
0.064675825,2.246973728
0.068567962,2.237959183
0.064042083,2.234595731
0.064850206,2.23429705
0.062424707,2.243340048
0.060988805,2.226300258
0.061073477,2.242868672
0.058447584,2.243769649
0.061536445,2.253683855
0.06108774,2.245525716
0.060903079,2.248881603
0.063338585,2.249386367
0.061174011,2.2457568
0.062285307,2.249871724
0.060278728,2.245823082
0.059400725,2.240867706
0.058212718,2.24531585
0.059754705,2.234617441
0.062252464,2.234519416
0.063503165,2.241948615
0.062288427,2.245163549
0.061903608,2.255115091
0.063842795,2.24988554
0.063073343,2.245717491
0.062930767,2.256044686
0.061571653,2.248023059
0.060804509,2.238499309
0.061656248,2.266660366
0.061964689,2.277540845
0.062233991,2.247102509
0.062362912,2.249215152
0.065309258,2.240654879
0.06511165,2.264981765
0.064248388,2.253746684
0.06269681,2.242888244
0.060420056,2.243379851
0.062153102,2.250989476
0.065157933,2.255367226
0.061962489,2.25755898
0.060431183,2.241266386
0.060429354,2.246794453
0.061492321,2.26746891
0.063942974,2.24352804
0.060215864,2.254626609
0.060349261,2.247461387
0.06131907,2.25105987
0.06156163,2.255385976
0.060944326,2.250261029
0.058718326,2.261620286
0.061520538,2.258276571
0.063801779,2.253873492
0.06681909,2.235973677
0.06741251,2.257619012
0.060612031,2.260917826
0.060938759,2.25534749
0.06020855,2.249938335
0.061244903,2.241578553
0.062338195,2.24267295
0.061512129,2.252184364
0.062954656,2.26618241
0.061278142,2.26481022
0.063058978,2.262354489
0.061902046,2.270809171
0.06149875,2.258818835
0.061829596,2.261540024
0.062343828,2.265748204
0.064615921,2.281821721
0.058999897,2.28200297
0.062225331,2.272119684
0.062853115,2.254958349
0.05978984,2.254494373
0.059188361,2.241182505
0.059449974,2.248833412
0.058640556,2.253553594
0.059426018,2.248735058
0.059019453,2.244491023
0.060015336,2.238942561
0.058991904,2.250882404
0.061107338,2.25618383
0.059578694,2.249882086
0.061375576,2.249471399
0.059926856,2.255208511
0.061173831,2.24615548
0.059313504,2.251901308
0.057616718,2.254409341
0.058395755,2.250558066
0.057608268,2.243899253
0.059485634,2.242092199
0.060221086,2.245053353
0.060691054,2.236250648
0.060960475,2.22785386
0.05930013,2.251483056
0.058588306,2.25282597
0.059106238,2.243456001
0.062572655,2.239558673
0.062283796,2.226519006
0.063105631,2.229011743
0.061398998,2.230123409
0.063468539,2.225067212
0.060434226,2.233743108
0.060245351,2.232319274
0.0598599,2.229617987
0.065073873,2.236704097
0.062812881,2.238677103
0.064672725,2.239565416
0.061835306,2.238708517
0.064469063,2.244912565
0.063146389,2.244418984
0.064131782,2.238116912
0.063279077,2.241170498
0.062589287,2.240076102
0.065065263,2.24149862
0.072298433,2.225538917
0.065280855,2.231815003
0.064408553,2.234444581
0.065416694,2.24739346
0.064065336,2.249797547
0.062795422,2.239269038
0.064063701,2.255371996
0.065483757,2.237923657
0.062913024,2.241369181
0.064454954,2.243280345
0.064534415,2.243636756
0.065672792,2.238302601
0.065675974,2.248384075
0.065944937,2.250487178
0.067851074,2.252598998
0.063795555,2.26883485
0.064728533,2.257596315
0.064136459,2.256115738
0.066576905,2.245203351
0.064084111,2.245388711
0.064407561,2.256806027
0.065806014,2.250893588
0.065583535,2.257465066
0.064665509,2.245374238
0.065557806,2.25566048
0.06301364,2.257116715
0.065714506,2.251671541
0.064088506,2.271070024
0.060616872,2.255534001
0.0617972,2.256331361
0.069016991,2.263610068
0.064054578,2.258298775
0.065284469,2.256294026
0.065169667,2.261110423
0.065647433,2.261392986
0.062922091,2.263768619
0.065704741,2.262393469
0.064501006,2.27193712
0.062432946,2.270272828
0.064812223,2.265351333
0.060345452,2.266372375
0.060542582,2.26293047
0.064793191,2.266392112
0.062465804,2.273715884
0.062552759,2.274230188
0.064338195,2.261837718
0.06301016,2.254078424
0.063215406,2.262685407
0.065791012,2.256375275
0.066143233,2.258123777
0.065422563,2.267435358
0.065140001,2.270988939
0.066117761,2.262665177
0.070962483,2.253703428
0.066834889,2.257209477
0.066496864,2.261785581
0.073000738,2.27067085
0.069055991,2.27721371
0.064167082,2.285286159
0.067750181,2.291712079
0.06393715,2.282287506
0.064191501,2.291366359
0.06413665,2.299292922
0.061273131,2.297764813
0.064684177,2.291249255
0.066701343,2.305478713
0.067868174,2.283990613
0.070897651,2.282938322
0.069771855,2.280156443
0.071723773,2.273106516
0.07475091,2.28455245
0.071423755,2.286900616
0.071991728,2.277984097
0.067605004,2.288083005
0.065139918,2.290844819
0.066870667,2.278637379
0.068437325,2.288253892
0.067000441,2.289681015
0.06560228,2.288920332
0.068107949,2.298185367
0.068338826,2.288569349
0.066942603,2.291373432
0.069166444,2.281007092
0.065316613,2.277304499
0.073265363,2.273025267
0.074314109,2.290357159
0.077105651,2.288594513
0.069554017,2.284005745
0.072984533,2.293455811
0.068016955,2.283218089
0.069369613,2.274785281
0.067556336,2.271923798
0.069362968,2.279829143
0.075134104,2.279262866
0.070510042,2.316295377
0.068347086,2.299361178
0.070374414,2.293128348
0.071471719,2.296046245
0.071387448,2.296320584
0.071759679,2.291500568
0.062794193,2.28406035
0.060074706,2.272302412
0.06102173,2.274300582
0.064681473,2.269689282
0.064091646,2.294854481
0.067485828,2.280550024
0.061995851,2.281126498
0.061383096,2.292184278
0.064679412,2.293201867
0.061988039,2.287187455
0.063866998,2.291182809
0.06258629,2.290459625
0.063625938,2.295055301
0.061751847,2.304919344
0.06142169,2.288419186
0.061395215,2.292256811
0.060315549,2.326942141
0.061677598,2.341567648
0.061650358,2.31936426
0.063223126,2.344724523
0.063713319,2.321864069
0.062782912,2.301050469
0.063122911,2.287980375
0.05824846,2.290909127
0.060472964,2.303279723
0.061151416,2.284142257
0.058984611,2.292013885
0.060338678,2.285427276
0.05820027,2.283171872
0.058730486,2.283820714
0.061448288,2.281595244
0.063707239,2.270582364
0.061049182,2.280161706
0.060084574,2.286587461
0.062705754,2.288762439
0.062883507,2.286953905
0.061192498,2.29803356
0.063367034,2.300938299
0.060249796,2.300727446
0.058289218,2.314033229
0.061212888,2.292756805
0.057625836,2.316261167
0.059486487,2.289657824
0.060695089,2.293537718
0.059140145,2.298335859
0.059284593,2.314794899
0.057985192,2.317896347
0.059185827,2.323962896
0.061744214,2.332224981
0.066149555,2.340366344
0.063918251,2.330159871
0.063351445,2.34225218
0.065446607,2.330012011
0.065812357,2.320264579
0.065320282,2.33383434
0.067073657,2.320627075
0.06988713,2.320650924
0.083959152,2.330679438
0.075669317,2.334947651
0.073974099,2.369803374
0.073830145,2.318989428
0.080250689,2.290008972
0.073210471,2.297534881
0.077539384,2.287000944
0.06512306,2.283621374
0.062189209,2.287264922
0.064713869,2.290485118
0.066327637,2.304398625
0.065700927,2.304489743
0.065747812,2.298758059
0.065717909,2.357233439
0.064079768,2.283869891
0.066749451,2.294787705
0.067532554,2.304109813
0.06601272,2.291088731
0.069564487,2.299416769
0.065311005,2.276566677
0.064753615,2.276412403
0.062272185,2.299890777
0.065480545,2.30077613
0.06364476,2.324595455
0.063848978,2.314706413
0.066369537,2.313646556
0.068348062,2.314501152
0.067350679,2.344593439
0.070709181,2.297917607
0.077458541,2.294548563
0.079329116,2.319028572
0.075001884,2.297676491
0.070497218,2.298177308
0.078196634,2.30756981
0.079883043,2.288803392
0.075434348,2.293275879
0.076816154,2.285377606
0.072435942,2.291347774
0.074129962,2.302009341
0.067426824,2.29722222
0.070311087,2.31198029
0.070665591,2.310534417
0.059901064,2.291813065
0.059936601,2.279588521
0.065066883,2.291551555
0.06365286,2.29594493
0.06679776,2.285966251
0.061887228,2.296031607
0.067772909,2.300902938
0.068966606,2.307577869
0.067890959,2.336332505
0.068105528,2.330927133
0.069597674,2.305758809
0.071761339,2.295383587
0.067558083,2.302594697
0.073410767,2.285481716
0.070947701,2.296017298
0.071496467,2.314085038
0.068562472,2.296523707
0.064988522,2.292201383
0.067808934,2.293119959
0.063863755,2.276998252
0.067675958,2.285837469
0.069073682,2.283109866
0.067561686,2.284129428
0.06237993,2.292944961
0.062930124,2.279151519
0.062368756,2.27372674
0.072293293,2.290934785
0.068864859,2.30248631
0.065861143,2.296995084
0.062797868,2.285833522
0.05892592,2.271466237
0.062521776,2.284025481
0.063285553,2.276955489
0.065507087,2.285864278
0.066202711,2.272632179
0.06095792,2.282327966
0.059463574,2.285225798
0.057113727,2.306304691
0.056880891,2.290583966
0.058877591,2.30664301
0.059527245,2.291136427
0.060844471,2.294544451
0.061421269,2.287387124
0.062509641,2.290410942
0.063022779,2.285230732
0.061179043,2.27823393
0.063308744,2.281122058
0.063669503,2.27500995
0.066854385,2.278244291
0.064292826,2.279819769
0.06309969,2.29206997
0.059461153,2.300958365
0.063427611,2.293508442
0.065286653,2.310271262
0.066498077,2.302023321
0.063499007,2.300259524
0.065532277,2.295935555
0.064779581,2.301495366
0.059115094,2.294017812
0.060887367,2.289289243
0.062793916,2.27351786
0.058486235,2.278611557
0.060792035,2.293617652
0.058293916,2.291305176
0.061744621,2.287516235
0.065073991,2.308848086
0.07965785,2.305910945
0.058611409,2.308665851
0.057252372,2.312712026
0.057176391,2.316798661
0.057561214,2.298654277
0.057845216,2.297036531
0.05791304,2.295191484
0.05742573,2.291201723
0.059868489,2.28831524
0.060300629,2.292106977
0.064399866,2.302526934
0.064198512,2.296768606
0.06560852,2.292229837
0.065634306,2.303119033
0.064411045,2.285349316
0.060268541,2.295586546
0.060655405,2.282603457
0.061222874,2.293507949
0.060015249,2.297273535
0.059935845,2.285955725
0.060999033,2.27229057
0.058730641,2.277879822
0.060041256,2.288656848
0.062070126,2.28169442
0.065577738,2.272314419
0.062938944,2.269976779
0.06292482,2.282989472
0.062025009,2.28481396
0.060713114,2.292369309
0.062770921,2.273577728
0.066873052,2.27053549
0.069032466,2.258815052
0.067598641,2.279587041
0.065263185,2.274497949
0.069186263,2.272945498
0.068149057,2.275602871
0.066453685,2.28202945
0.068509111,2.274873109
0.068240051,2.285648491
0.066498827,2.286299471
0.066970826,2.297197878
0.067194214,2.274044664
0.069925858,2.285201127
0.06172475,2.289037436
0.062064858,2.282838487
0.062726971,2.285836976
0.061053185,2.300599816
0.061190741,2.279948057
0.063512787,2.26991395
0.063018574,2.295210727
0.060948448,2.272802078
0.061727742,2.289556181
0.064677649,2.27734759
0.06762694,2.273425591
0.065878223,2.276324575
0.06513979,2.279920754
0.067916288,2.268073838
0.066008536,2.276990522
0.066265822,2.280390651
0.064711217,2.290165714
0.064592628,2.299763312
0.066490855,2.311706773
0.064956861,2.317076619
0.065318042,2.297824023
0.06266149,2.306721792
0.065199447,2.319073144
0.062759988,2.299058385
0.065559764,2.307146952
0.064970029,2.30985597
0.064197782,2.286359997
0.067019633,2.295617138
0.066941323,2.300373832
0.065240534,2.294580635
0.062282788,2.305132335
0.063036697,2.298744572
0.061968621,2.306932152
0.061719975,2.298473193
0.06209309,2.292084444
0.063675727,2.288719018
0.065131484,2.28372861
0.063501618,2.278008439
0.061168434,2.286493548
0.066986867,2.292975718
0.063769286,2.289273453
0.063172705,2.282833389
0.066024541,2.290715873
0.065204175,2.289389406
0.066271815,2.292849568
0.064356929,2.290919982
0.063420554,2.288933325
0.062587339,2.28760176
0.062949717,2.296598706
0.063572922,2.298875656
0.064754293,2.283917423
0.058084168,2.290131997
0.059630513,2.29792912
0.060144082,2.304207016
0.061085412,2.31409211
0.064044936,2.304994507
0.064701148,2.288458988
0.066424085,2.280670089
0.062015311,2.290731826
0.063318962,2.271575611
0.061525215,2.285151457
0.064330166,2.28588089
0.062034615,2.311716313
0.063305593,2.306090713
0.073330844,2.309399725
0.067243422,2.306211271
0.069728219,2.316708366
0.068135025,2.324334438
0.060395483,2.332570537
0.062600245,2.305255031
0.05989151,2.301233033
0.059077317,2.325292652
0.059629979,2.313568925
0.05979386,2.324162565
0.060256077,2.32071293
0.058375248,2.326100209
0.06008479,2.293153512
0.060690299,2.281768761
0.0607755,2.285736483
0.058250182,2.296822059
0.059011842,2.294069456
0.057493236,2.301502438
0.057001629,2.306967842
0.05926538,2.316440606
0.058038162,2.310439352
0.062450025,2.339585596
0.058464756,2.335334324
0.057947446,2.340764695
0.06502393,2.309539526
0.061647777,2.311712036
0.060079892,2.328365975
0.05923006,2.328180615
0.059572234,2.340589862
0.059970965,2.350783506
0.061568229,2.314230925
0.060711372,2.304969014
0.059678688,2.310315669
0.060098169,2.301499478
0.062294245,2.297672708
0.065068301,2.299007069
0.064828593,2.29328032
0.063545455,2.294597247
0.060142093,2.28091877
0.058888087,2.296676008
0.060401414,2.297746227
0.060036204,2.296477326
0.061440049,2.288709972
0.060031074,2.311094937
0.060691219,2.305754697
0.061030776,2.326558099
0.062082194,2.318212133
0.061051921,2.315475813
0.060988605,2.307665039
0.062225814,2.290301403
0.059807321,2.300606888
0.059726863,2.304539742
0.062711474,2.297091793
0.058744199,2.287791561
0.060287558,2.285482374
0.059838503,2.290917515
0.059875597,2.285499973
0.057703087,2.285890429
0.05943843,2.291637245
0.059603195,2.272850104
0.059956024,2.283877292
0.059162873,2.308948907
0.062934118,2.281186531
0.064646806,2.297369751
0.06311495,2.279212538
0.062742883,2.286263616
0.063912377,2.276462238
0.061882407,2.279232275
0.061710138,2.299598675
0.064249261,2.313239488
0.065940445,2.28478452
0.066480689,2.286686145
0.069662738,2.284286663
0.063286694,2.301193889
0.063162842,2.302748807
0.062441709,2.286592067
0.06429242,2.275598595
0.065162831,2.2822255
0.064035998,2.285140108
0.064456224,2.296749692
0.06463408,2.294936388
0.059971232,2.303481201
0.060143362,2.295865655
0.062195469,2.301466748
0.060874507,2.295844438
0.060391325,2.289470162
0.056751441,2.287737121
0.059449193,2.304534808
0.058156027,2.311756444
0.056000673,2.341825704
0.058054137,2.336910953
0.056311659,2.341925539
0.056928382,2.326139847
0.058101854,2.323666847
0.058784916,2.324116348
0.057802299,2.308086087
0.058807346,2.331540614
0.060185585,2.325716167
0.059799883,2.328931759
0.057731941,2.302416574
0.060697854,2.295302996
0.059311468,2.295771906
0.056931939,2.307032809
0.05796214,2.306762746
0.058081557,2.30581144
0.057148076,2.304381027
0.05762927,2.303491398
0.058248142,2.298453292
0.057965116,2.302460981
0.05716277,2.307463725
0.056879478,2.301035173
0.059182692,2.301369216
0.060372446,2.318039273
0.05937755,2.30472428
0.059172705,2.306127226
0.059916694,2.302949956
0.059788185,2.304285469
0.061862727,2.290562749
0.05997004,2.288548132
0.059622824,2.301403755
0.059639518,2.318136641
0.061114914,2.313109884
0.063370837,2.291553528
0.06303994,2.304969179
0.062183915,2.30760698
0.065125404,2.31415757
0.067729134,2.304963751
0.062616399,2.314721709
0.062428474,2.316002781
0.061416612,2.30059225
0.062067921,2.311203818
0.064516857,2.291849249
0.062905962,2.314967759
0.061024315,2.303914913
0.061122464,2.301393393
0.060832978,2.317540759
0.062704577,2.303989584
0.070588104,2.32600975
0.060687893,2.312195255
0.061469387,2.310540009
0.060492567,2.303163605
0.063686063,2.316578598
0.063661768,2.32761549
0.064215339,2.307584777
0.065418164,2.306841199
0.061819183,2.324242663
0.062343124,2.311468782
0.067067936,2.307957141
0.067201246,2.32030027
0.069413255,2.305396148
0.06768009,2.310390175
0.072341329,2.319697644
0.067317615,2.318628905
0.066834309,2.309962054
0.064428284,2.302879727
0.068861806,2.298374675
0.064795771,2.299290126
0.066077691,2.31942166
0.065708334,2.308280329
0.064617047,2.303748797
0.062487191,2.318386145
0.066817461,2.317153592
0.065656818,2.323296127
0.07047835,2.324564041
0.064731632,2.320202573
0.064363636,2.322452714
0.065004409,2.324426872
0.067125604,2.316303601
0.06614257,2.314583224
0.068667056,2.311164838
0.073062893,2.324446608
0.066929605,2.319789255
0.063284926,2.325731792
0.068977743,2.331188808
0.069517145,2.308862559
0.068695761,2.314611513
0.065800392,2.321719005
0.067200577,2.316510835
0.069859524,2.3140579
0.068020275,2.312589165
0.069905535,2.317420859
0.073190215,2.317945689
0.080485909,2.320081851
0.066126411,2.324330162
0.06805926,2.30898394
0.067521349,2.306832153
0.067919335,2.317134677
0.064828578,2.318035162
0.066590248,2.32363165
0.068793298,2.33339339
0.065078884,2.34413193
0.059873644,2.333807366
0.060580611,2.327745258
0.059033156,2.345270899
0.060816372,2.362107566
0.059115181,2.352647467
0.058707116,2.355015205
0.059000925,2.347308378
0.059081562,2.346175659
0.05920635,2.341607614
0.061524495,2.345326655
0.060167041,2.323297278
0.06235385,2.321486442
0.06172052,2.337497624
0.064353809,2.322112586
0.06220487,2.319439917
0.06763724,2.33210393
0.061587689,2.336511286
0.059856256,2.337536439
0.060747334,2.346792264
0.058414371,2.327091811
0.057564488,2.321604697
0.058582385,2.359043453
0.057756072,2.378268254
0.061628179,2.360420248
0.069940742,2.357643961
0.077854162,2.350740579
0.076302693,2.357105644
0.070609455,2.350361142
0.060034276,2.344267291
0.060846963,2.332744877
0.059347056,2.345530435
0.058972749,2.334088942
0.059583962,2.33397299
0.058606773,2.33694763
0.060963034,2.333082374
0.060611486,2.372126541
0.06161589,2.357207124
0.060826882,2.346990947
0.062251914,2.352513587
0.061757357,2.363913797
0.062785338,2.361691452
0.06092426,2.353993835
0.063111856,2.358507768
0.063031532,2.345463824
0.062582436,2.35671601
0.065877647,2.364426128
0.06322584,2.376734224
0.062804056,2.354173273
0.062006522,2.353904526
0.064722391,2.3422382
0.065309037,2.354335607
0.063241758,2.351241889
0.063670531,2.348828757
0.065416072,2.349119379
0.063285646,2.354046959
0.065085401,2.344326501
0.065165144,2.336118362
0.062727973,2.32219696
0.063626226,2.340021118
0.065104444,2.344797219
0.065293391,2.332963954
0.065627542,2.322817842
0.064848998,2.336386945
0.06359547,2.326731946
0.068267697,2.329081264
0.064899265,2.32260666
0.064447265,2.322814553
0.062612755,2.308677857
0.061463934,2.313433565
0.060700537,2.309472092
0.060384237,2.315965611
0.061706699,2.321868016
0.060769605,2.311606281
0.062977559,2.314688321
0.062534101,2.311591807
0.061027081,2.312152657
0.062185498,2.323837568
0.061908815,2.302498481
0.061332351,2.337017037
0.062457997,2.318463118
0.06671555,2.319741229
0.0629526,2.329263828
0.06510374,2.316041761
0.064440476,2.317030073
0.063019972,2.326558099
0.062705106,2.325141996
0.061817009,2.322392024
0.062493539,2.317236979
0.063183493,2.328040321
0.065533176,2.31719471
0.063114533,2.319872642
0.06340718,2.316008044
0.063479969,2.315391932
0.063449373,2.31782217
0.062664081,2.313120903
0.06232219,2.326563034
0.062481342,2.330678122
0.062560021,2.329222874
0.063442552,2.331729427
0.062561712,2.32576041
0.064427816,2.324995287
0.064028206,2.314649506
0.065242071,2.316590111
0.062604593,2.316954416
0.063354447,2.318217396
0.063370467,2.308871441
0.066618167,2.315770876
0.066851301,2.316710011
0.064642226,2.310193796
0.064664075,2.320219678
0.066856312,2.312402983
0.064487057,2.314494409
0.063415013,2.315403939
0.064202063,2.33459897
0.062622145,2.335055709
0.063945703,2.327922888
0.06497208,2.329564318
0.062121472,2.320257507
0.06827607,2.309107787
0.064955581,2.329019587
0.064702135,2.324464371
0.065387037,2.332072351
0.06345994,2.320271816
0.06228009,2.32308478
0.061980072,2.328917121
0.066579984,2.324249242
0.063476161,2.328405778
0.064550528,2.331256406
0.064158283,2.323130339
0.06328358,2.335351758
0.068061285,2.34779028
0.070787835,2.327795093
0.064628786,2.331959853
0.065573682,2.337614235
0.06753481,2.361640795
0.070950775,2.348336163
0.066471617,2.348655403
0.073114944,2.349976278
0.068797785,2.381297828
0.067736129,2.372818146
0.067979306,2.358896415
0.06820415,2.356359106
0.066185677,2.347800478
0.065593804,2.345420075
0.066963178,2.337439401
0.066374167,2.353788245
0.064060494,2.348145375
0.064484174,2.336627896
0.064131032,2.337900909
0.06422106,2.340847918
0.064497419,2.328644098
0.067095732,2.328593769
0.066831184,2.326174386
0.068104577,2.333847169
0.067633982,2.33356477
0.063251574,2.327891309
0.06532166,2.34366006
0.061773866,2.342608097
0.061194297,2.333955062
0.059823418,2.337535124
0.060861889,2.354024591
0.06007375,2.33510505
0.064534065,2.344208903
0.061362501,2.333749308
0.060030514,2.335212615
0.063481589,2.346333717
0.062974172,2.346804106
0.059454554,2.333163787
0.062277746,2.335753234
0.063235297,2.339856646
0.067862808,2.336437109
0.063559605,2.356600057
0.066187132,2.35022792
0.067233945,2.351141726
0.068015171,2.337423612
0.06445481,2.335836457
0.068536347,2.341556792
0.064045918,2.320804047
0.063816556,2.331725809
0.079308007,2.339626549
0.06600097,2.336364741
0.070461656,2.333376121
0.071428098,2.323308627
0.068111428,2.325280646
0.069567663,2.318268712
0.075668983,2.329671061
0.073647535,2.317111816
0.065494566,2.311241975
0.067279329,2.314259543
0.071584136,2.318211147
0.069283682,2.310398563
0.068732742,2.30967834
0.067770761,2.313877474
0.068086974,2.310934906
0.066167771,2.305539732
0.069831538,2.307568823
0.067894038,2.309272917
0.06751843,2.308657134
0.070922342,2.300125479
0.069811488,2.293828669
0.069604834,2.308426873
0.072946185,2.305233814
0.068628477,2.324315195
0.069609085,2.297135872
0.067667555,2.304023629
0.069404487,2.338067191
0.070411857,2.328863668
0.073961882,2.296029304
0.073724379,2.288173136
0.078775601,2.282834375
0.075132511,2.295241648
0.072078996,2.291014883
0.072356769,2.281137025
0.072083766,2.277731961
0.072838924,2.290766201
0.07468468,2.291596127
0.073951828,2.321562592
0.071339083,2.314951805
0.076371191,2.335919351
0.076878463,2.305198124
0.0733033,2.311032109
0.073262413,2.336905032
0.072624092,2.327781771
0.071912494,2.327903809
0.070644276,2.336595331
0.070990593,2.349882528
0.067157409,2.341535576
0.069874589,2.365870027
0.070464323,2.356493151
0.070884981,2.33900649
0.07186343,2.332222843
0.073797775,2.341612877
0.073348746,2.315267098
0.072162039,2.332367579
0.069934698,2.335137616
0.072024972,2.319615902
0.080323329,2.325781298
0.082509362,2.327528484
0.072451726,2.324751704
0.07038364,2.321847457
0.068499572,2.296926006
0.067490506,2.290618999
0.069633714,2.296827158
0.070356867,2.296977814
0.066650707,2.288549448
0.070656725,2.293818965
0.070470614,2.294943954
0.072650942,2.298574673
0.071395857,2.290948765
0.070526196,2.287102752
0.069902975,2.286845189
0.074787397,2.272269847
0.073708194,2.283867424
0.067961857,2.287741232
0.066086763,2.292673747
0.067089806,2.287521169
0.069002204,2.292725556
0.070307438,2.29250319
0.070280511,2.28197649
0.069283425,2.262663697
0.074078528,2.276300068
0.072545413,2.279516647
0.070576704,2.268379262
0.069470723,2.275260441
0.070249415,2.284206401
0.07310121,2.280700187
0.075654083,2.293207623
0.074987781,2.296161211
0.073730896,2.290581499
0.070904332,2.297145247
0.071083684,2.297509717
0.07616025,2.30111889
0.071141033,2.294718956
0.073950394,2.297114984
0.079652874,2.302139603
0.073128034,2.310860729
0.079159654,2.304343856
0.07639785,2.310217808
0.074967068,2.313082581
0.074821438,2.310600535
0.071394978,2.305175591
0.074026684,2.297297383
0.069042098,2.289061778
0.074762562,2.298765131
0.07908192,2.313003306
0.073941832,2.301502603
0.074417001,2.294448564
0.074327734,2.292205495
0.077570412,2.303026436
0.079161874,2.277198579
0.076883696,2.283542756
0.082413567,2.279527831
0.073917973,2.3198034
0.072360881,2.297388336
0.074928761,2.305296313
0.074800175,2.317249479
0.073264716,2.306981329
0.073543737,2.288666387
0.071496164,2.289542365
0.066751877,2.294922408
0.071406871,2.29427554
0.071201919,2.284337978
0.072667056,2.27440568
0.068812187,2.263391649
0.066821752,2.260505002
0.068373365,2.267623513
0.069231226,2.289334143
0.070043064,2.274337753
0.066364258,2.270535819
0.06985239,2.278540177
0.073664768,2.279986543
0.071821423,2.295134248
0.071058653,2.268518077
0.071204566,2.289137435
0.069375175,2.288269845
0.069382005,2.266205929
0.067844233,2.267072039
0.068482143,2.279179973
0.070003113,2.292554176
0.069387947,2.297568104
0.06961405,2.289375097
0.070169723,2.279052507
0.068506321,2.270765751
0.073062297,2.291675896
0.070603631,2.286842064
0.072808779,2.260408128
0.071589142,2.258459793
0.072619374,2.25989185
0.072348422,2.266001162
0.069783507,2.269311489
0.071379924,2.274346635
0.073549648,2.269938457
0.070571996,2.280697062
0.070503134,2.268058377
0.071663386,2.263657765
0.072279565,2.26806693
0.068715709,2.25595801
0.06911683,2.258493674
0.070991261,2.255623145
0.068015701,2.258302558
0.064914474,2.257295989
0.066639348,2.261959263
0.066521267,2.263742633
0.06771813,2.257766543
0.070241418,2.258367853
0.068069072,2.262532612
0.068072963,2.259432151
0.064996596,2.281342779
0.07312163,2.247678984
0.06536783,2.24841664
0.071603785,2.24361998
0.068953659,2.254421019
0.077605676,2.244765362
0.075931567,2.255578573
0.070477224,2.254235988
0.074340835,2.29064959
0.072381476,2.253995365
0.071893338,2.265042784
0.070264361,2.268239626
0.07414294,2.26039645
0.073671774,2.260400891
0.076285629,2.263328657
0.073390321,2.257087274
0.070319095,2.262987048
0.07760047,2.27036115
0.075478488,2.271224956
0.074790193,2.270000463
0.071741561,2.276443981
0.074283332,2.289360788
0.075910201,2.288117544
0.072949382,2.274524264
0.075600999,2.290732155
0.075952728,2.294999874
0.077163719,2.2925948
0.075479136,2.297247219
0.072599165,2.308299243
0.075799769,2.27638987
0.073836426,2.276450725
0.072143238,2.282207902
0.074271146,2.274308313
0.070542663,2.271392389
0.075965577,2.269337147
0.073754066,2.281247385
0.073584244,2.272814249
0.073526339,2.269673328
0.07372737,2.273186943
0.070789824,2.273262435
0.068412006,2.264758905
0.067118141,2.265861854
0.06582315,2.266132246
0.063512473,2.26304741
0.064400236,2.270567891
0.064210677,2.268341105
0.06406255,2.261206475
0.065407108,2.265675014
0.066231488,2.26549722
0.066464786,2.279182111
0.067186448,2.276719472
0.065670813,2.270410327
0.0650403,2.280255455
0.06448844,2.270918874
0.063977189,2.290714392
0.065420256,2.29034433
0.064887084,2.281449686
0.066168644,2.285787141
0.063472455,2.279253656
0.064333708,2.282522372
0.065838873,2.278201364
0.064669929,2.280657095
0.066011383,2.284982708
0.062576525,2.28243882
0.064461605,2.279068296
0.064643347,2.265853466
0.062727968,2.278533927
0.0621613,2.27458479
0.063972445,2.277385254
0.062005396,2.278348567
0.063334319,2.274887583
0.0651203,2.271623636
0.065030765,2.295533915
0.064651164,2.278451691
0.064361123,2.290479197
0.065732871,2.309336403
0.065384504,2.291660435
0.065608288,2.290693175
0.065360131,2.275403038
0.064044484,2.283061182
0.065217631,2.276756313
0.067130502,2.276625723
0.062889345,2.277730152
0.064626488,2.287833172
0.064385742,2.281734716
0.065291947,2.287277915
0.065597094,2.287830705
0.065448298,2.279873057
0.065180605,2.278076695
0.065747745,2.279669112
0.065109023,2.269939443
0.065738144,2.275537905
0.064470245,2.283375982
0.06339594,2.28626559
0.061690396,2.284560509
0.065954795,2.286812953
0.065258729,2.295604309
0.06439578,2.292790687
0.063181247,2.290038248
0.063272354,2.284539621
0.065512247,2.292019313
0.064353485,2.289579536
0.066847194,2.299553939
0.065864952,2.30093978
0.068471098,2.304564249
0.069084373,2.279784078
0.066559219,2.296057922
0.065956635,2.285249317
0.065954867,2.291492509
0.063901881,2.281241793
0.06476301,2.2994819
0.064682044,2.299072694
0.069106582,2.299776469
0.067295118,2.294415176
0.072054845,2.296109073
0.064775248,2.286894695
0.066512982,2.288683328
0.067662764,2.292531808
0.067830084,2.312820084
0.070526525,2.315991926
0.071518342,2.300088308
0.070314926,2.305299274
0.072236072,2.299063319
0.074803464,2.303580377
0.072575028,2.299049503
0.068033577,2.296842618
0.070729601,2.294908428
0.070278229,2.300158044
0.068593938,2.297465638
0.068618927,2.288144353
0.065665427,2.287512616
0.066480987,2.297104622
0.06644046,2.288640565
0.066917372,2.284342254
0.068960839,2.307907142
0.068215632,2.270440754
0.06777789,2.276664374
0.068975508,2.273624931
0.067492597,2.287012457
0.067418621,2.284182717
0.066675747,2.280231442
0.066538932,2.294008931
0.067353865,2.298374346
0.067957555,2.288654545
0.066975744,2.305316215
0.067735631,2.294634746
0.070528534,2.297571723
0.070417588,2.310771257
0.074046996,2.303780375
0.072273171,2.289818513
0.077946462,2.30280851
0.075787932,2.306023937
0.075226466,2.324396938
0.071025512,2.298698849
0.07391345,2.291015212
0.074020269,2.288559316
0.072729426,2.302798642
0.068566219,2.300140939
0.067633982,2.301162146
0.069676297,2.293286241
0.068103667,2.276350397
0.066875689,2.296523214
0.069750628,2.285594873
0.067108869,2.283847194
0.066029609,2.286397825
0.066531649,2.301508359
0.066441622,2.293361898
0.070117344,2.288719512
0.068928674,2.274270484
0.065050882,2.28555063
0.069321007,2.278195279
0.067245175,2.280845251
0.06925914,2.280691963
0.065123728,2.286138288
0.064609553,2.29334874
0.064151385,2.287071996
0.06527421,2.28756755
0.064733662,2.299029273
0.064981208,2.289045166
0.065215617,2.284614127
0.065217236,2.284411497
0.065145742,2.295841313
0.066750449,2.286542725
0.065356528,2.298111355
0.064688864,2.305559304
0.06612252,2.296972222
0.066750094,2.282878947
0.065418107,2.280807752
0.065210266,2.27795663
0.06816793,2.262514027
0.06739724,2.275398762
0.065496596,2.287615576
0.066784823,2.287024135
0.06850115,2.302098485
0.068283204,2.304629873
0.067141589,2.310605633
0.074945871,2.305057336
0.066116609,2.305027073
0.067829914,2.296315979
0.064668614,2.298399017
0.064980031,2.287133015
0.066548307,2.296510385
0.066435634,2.292346941
0.065896299,2.29099087
0.064326425,2.298198854
0.066152526,2.294841323
0.065597084,2.284139296
0.066931568,2.29828109
0.066343756,2.297235706
0.06957011,2.285499479
0.068445229,2.284766592
0.070884626,2.289336775
0.067218371,2.28919829
0.068052943,2.276255496
0.069754956,2.278701688
0.069421751,2.27783525
0.068888224,2.286177597
0.068872425,2.275516853
0.068474002,2.289083324
0.069178995,2.289495491
0.072730891,2.307812241
0.070694574,2.292223258
0.071726641,2.303412945
0.071548245,2.305264899
0.070662096,2.295112209
0.070734726,2.306883468
0.074975641,2.297183569
0.078440094,2.315962321
0.078253942,2.292379178
0.078563268,2.304708162
0.079434635,2.293866498
0.078693766,2.295605953
0.072756451,2.302030887
0.074873349,2.294799383
0.076784442,2.304002248
0.104090563,2.303645673
0.083700257,2.293980148
0.08112568,2.300766591
0.080633076,2.30180704
0.080303387,2.310431951
0.076584454,2.296137033
0.079667939,2.308614371
0.075591146,2.289108817
0.076378433,2.30115162
0.076025841,2.316191266
0.079044354,2.311956442
0.074137276,2.324473911
0.079553132,2.308883612
0.07725495,2.319218044
0.074644954,2.326153663
0.073478288,2.313563004
0.076598368,2.329669745
0.077355602,2.325943961
0.080889405,2.336917696
0.076455076,2.331761828
0.082892484,2.309978008
0.078247914,2.313979283
0.081779482,2.307064223
0.079963593,2.332683365
0.078399156,2.329170901
0.079447459,2.314069742
0.08218069,2.33013372
0.084252076,2.336438753
0.083331907,2.341573404
0.084422659,2.317572173
0.078096157,2.329845236
0.082727169,2.361619578
0.086202971,2.362335031
0.087205366,2.355879835
0.087976781,2.369646962
0.094159776,2.345435535
0.077808162,2.362010363
0.099907074,2.361666617
0.093618139,2.360478307
0.079457723,2.368757826
0.089200401,2.348132382
0.080289782,2.361054617
0.074576159,2.370533466
0.075586469,2.358674378
0.075470167,2.377949507
0.07387798,2.358766647
0.06608426,2.356277363
0.067674308,2.358274218
0.068396428,2.347633045
0.069931563,2.359516968
0.067434996,2.362647857
0.067541764,2.357941655
0.065932807,2.34853945
0.065703877,2.337712424
0.066944937,2.331112657
0.067029573,2.305087598
0.063702474,2.314422041
0.067050368,2.32448345
0.061468601,2.319371496
0.064077219,2.331470713
0.065683442,2.31863203
0.063466699,2.309279989
0.065850278,2.305393187
0.064055544,2.313774844
0.062078252,2.321208155
0.064260492,2.314635855
0.061718937,2.325738371
0.064321465,2.333529409
0.062987859,2.358163693
0.062284772,2.342224878
0.064338786,2.332316921
0.062564107,2.341293966
0.062843571,2.354429685
0.06192627,2.360426005
0.063426326,2.340804498
0.065349214,2.358393953
0.065403053,2.343439997
0.06661663,2.346987657
0.064047747,2.352789406
0.062475858,2.33970418
0.062035556,2.343277827
0.060417373,2.350898472
0.058527358,2.338504686
0.055864182,2.337242693
0.056352129,2.345695072
0.05809326,2.330621873
0.05664179,2.318823311
0.05512836,2.336050435
0.056037577,2.337175917
0.056117875,2.341179329
0.056267652,2.3238777
0.054452375,2.336386287
0.055696765,2.339117015
0.055417795,2.335793201
0.054270197,2.333625625
0.055295798,2.338083144
0.055092562,2.336731349
0.055597537,2.335688432
0.055874698,2.328237029
0.055315509,2.343766309
0.058202002,2.339245139
0.057399672,2.334771666
0.061995898,2.331770874
0.065596107,2.32945774
0.069500291,2.325104496
0.063029296,2.326627342
0.062295119,2.334339269
0.065262208,2.34119298
0.0636863,2.3264581
0.063814495,2.330013327
0.059883959,2.331528114
0.061120562,2.335624124
0.064817091,2.328076669
0.064007596,2.330116615
0.063537375,2.314123853
0.064756416,2.33709253
0.062630816,2.336428227
0.064153174,2.332734516
0.066237281,2.352049776
0.067615222,2.327530787
0.066611876,2.319525607
0.063017012,2.324090197
0.06174167,2.329294584
0.065804498,2.335127583
0.063890774,2.354524421
0.065566898,2.333229083
0.064001233,2.340178682
0.064992886,2.337786437
0.064108283,2.347283378
0.056695346,2.327979795
0.059959282,2.337454039
0.060583171,2.334355551
0.061431723,2.343592298
0.05873118,2.358748884
0.065402888,2.339881316
0.06416591,2.337587097
0.064244697,2.351210311
0.06502965,2.347833372
0.063983048,2.34692598
0.062380012,2.352560461
0.06934504,2.356601702
0.072846633,2.376814321
0.059989689,2.355773915
0.060985094,2.362705751
0.059242534,2.420043314
0.058618291,2.352567205
0.061344301,2.355814868
0.056326374,2.354129853
0.062487294,2.347702452
0.059203477,2.345597211
0.058366967,2.332359355
0.061914207,2.343554469
0.062165011,2.338436924
0.058588963,2.347735347
0.054718953,2.333852925
0.054454924,2.333344542
0.05690125,2.32642718
0.054809752,2.344230942
0.058228528,2.364554745
0.063578761,2.360823698
0.06070413,2.35722061
0.059345401,2.364713954
0.063468436,2.379090614
0.059458347,2.374304479
0.058403393,2.373918463
0.060172844,2.388724724
0.071918662,2.376524851
0.058588969,2.377939145
0.057137652,2.376245906
0.058013728,2.361304285
0.05614308,2.351839745
0.05880658,2.329949512
0.056391104,2.35463215
0.057232866,2.364560995
0.058657682,2.382068214
0.057638567,2.39235314
0.057215201,2.369130684
0.058682826,2.365655062
0.057002194,2.356313383
0.058145485,2.354123767
0.05604432,2.346899665
0.058372246,2.353525089
0.055793248,2.36416988
0.05558275,2.363396369
0.057024706,2.381699633
0.060415451,2.378163814
0.057218526,2.364047184
0.057963112,2.348303926
0.057425108,2.338678368
0.059058079,2.375598216
0.059628925,2.380157872
0.056013163,2.362581903
0.055667818,2.358899211
0.055928187,2.368930193
0.055332141,2.382860969
0.055646395,2.361745399
0.058157399,2.383357346
0.055933034,2.371258129
0.055140433,2.382210976
0.057829992,2.374527503
0.06203276,2.366608177
0.062881785,2.3514659
0.060746635,2.361300338
0.05904251,2.351782344
0.062123292,2.367429221
0.059373772,2.381184013
0.057881893,2.363460184
0.05974642,2.36795142
0.060999861,2.377761022
0.058346362,2.37812138
0.059883723,2.373270937
0.057238176,2.370280508
0.05577988,2.374660561
0.055816166,2.360328637
0.059945086,2.392462843
0.058199864,2.380046854
0.058520841,2.368657663
0.059276282,2.377251981
0.058577836,2.374990985
0.059632934,2.362976143
0.060736078,2.361076327
0.061521144,2.363484361
0.059578951,2.369740546
0.062428284,2.369577554
0.060409108,2.356207627
0.057978037,2.353161277
0.059622007,2.336583489
0.057263196,2.362781737
0.057210036,2.349217897
0.059606279,2.347340614
0.061119735,2.368375264
0.061974645,2.356330488
0.060743336,2.372705976
0.061940954,2.370269488
0.059011065,2.364984017
0.05807062,2.357369951
0.058516591,2.358610563
0.057156675,2.384853547
0.056472749,2.367802079
0.056385851,2.36239753
0.058750799,2.366882681
0.060807264,2.369445154
0.059121539,2.373344292
0.059282706,2.37424494
0.05663684,2.37020041
0.060890307,2.3770732
0.059452734,2.372470452
0.058247895,2.376522548
0.058949959,2.390938353
0.05624826,2.388492654
0.05849065,2.383636948
0.062324359,2.377683227
0.061889752,2.380472672
0.061458285,2.341918302
0.060779139,2.358957599
0.062323886,2.350579067
0.061944315,2.344890146
0.066416087,2.356944462
0.061309746,2.359649697
0.058689888,2.355850394
0.060225007,2.356005327
0.061100327,2.36002716
0.059427344,2.359535224
0.062978926,2.356236081
0.061813025,2.37708899
0.062870195,2.38970399
0.057444788,2.366204892
0.059259284,2.375075688
0.059187169,2.355908288
0.062279082,2.357477187
0.061172793,2.360940473
0.062189075,2.365022174
0.06323321,2.361371883
0.063896793,2.360505609
0.061830953,2.367466721
0.060269199,2.363612978
0.060678698,2.395328932
0.063661531,2.332791752
0.067616512,2.339469314
0.062380053,2.349181713
0.064947538,2.344428967
0.064840076,2.341364854
0.066632275,2.349982034
0.062728137,2.345105604
0.063210616,2.346142107
0.065189645,2.34311648
0.064885203,2.352869669
0.068931881,2.353372953
0.068368868,2.368989896
0.068679324,2.353863408
0.066706714,2.358568129
0.067809746,2.354505178
0.069126442,2.371245629
0.068399902,2.356967652
0.067191763,2.369330024
0.069626729,2.362267762
0.068355063,2.365237632
0.070298484,2.374195434
0.068971437,2.358063036
0.073409832,2.353386275
0.069458747,2.36553286
0.068825293,2.356086411
0.073759263,2.344067951
0.068802278,2.366983667
0.072283188,2.362390458
0.067789079,2.349758846
0.069763246,2.353489234
0.074838111,2.36645785
0.073074154,2.362899334
0.075744717,2.358674871
0.067936482,2.346215955
0.072770467,2.34613487
0.074433505,2.346069081
0.074894016,2.35637029
0.068122294,2.347895543
0.068282412,2.361773195
0.070867398,2.365687463
0.067639378,2.361630926
0.066128451,2.349262963
0.068895312,2.35458544
0.072800622,2.357903498
0.071751707,2.349243555
0.063879318,2.355070797
0.062262311,2.358389184
0.064315446,2.343012205
0.064363277,2.353869494
0.066449244,2.350906695
0.066911544,2.364947997
0.069194538,2.355362077
0.066940203,2.354424093
0.06526172,2.351997145
0.069035242,2.373105149
0.074138617,2.358302507
0.075887108,2.35979213
0.079890629,2.377784213
0.076378715,2.363802121
0.075189084,2.354810273
0.073218052,2.3573438
0.078066902,2.357196762
0.07503923,2.357892643
0.076996128,2.361448691
0.072135893,2.334814428
0.077331445,2.341539687
0.074916071,2.344288672
0.079981356,2.344644754
0.075628466,2.333351779
0.073766432,2.357676691
0.062817733,2.351887442
0.065284489,2.356961073
0.064715524,2.357887709
0.06395886,2.346392433
0.064528252,2.346406413
0.063230327,2.34555231
0.071787932,2.354746129
0.065867213,2.366915575
0.071733399,2.34573619
0.072002157,2.339658621
0.078361029,2.347699656
0.070850653,2.346472366
0.067416061,2.354789057
0.070627942,2.347396863
0.070702376,2.352847958
0.070157604,2.339630826
0.070405165,2.343919432
0.070555081,2.337693346
0.071234489,2.346673845
0.072354096,2.350235156
0.074576904,2.34625625
0.071888851,2.348691093
0.07346036,2.356825877
0.073011624,2.355794967
0.07509624,2.347316601
0.074028488,2.34508817
0.073366483,2.355407307
0.071910181,2.351966224
0.07070896,2.352832991
0.074805186,2.344007425
0.075405329,2.345965135
0.070448586,2.34757696
0.070738889,2.368183325
0.071612137,2.36868184
0.067513162,2.395818401
0.068191943,2.382247982
0.067552763,2.389885896
0.069386528,2.385621631
0.063185652,2.386529846
0.066709963,2.37392899
0.063524197,2.370470308
0.063938584,2.38521407
0.069305824,2.389534584
0.069661284,2.379078114
0.067758564,2.37591466
0.068311457,2.381918216
0.068182722,2.385573935
0.068684274,2.376607251
0.068989498,2.382041734
0.06842355,2.387751872
0.071185749,2.384745654
0.069684829,2.3764862
0.074016481,2.36689403
0.070350586,2.364268399
0.073689526,2.365821343
0.065147566,2.365112634
0.065924398,2.370090543
0.066200254,2.361325008
0.066084059,2.363373178
0.067970985,2.372846764
0.068534856,2.353481011
0.065498056,2.369185124
0.067608154,2.384334967
0.071152006,2.380983028
0.071751116,2.381770849
0.069161649,2.373895437
0.070838189,2.37706399
0.064471088,2.391939493
0.065715627,2.373457613
0.065705846,2.374159744
0.062449311,2.365612793
0.061912408,2.374079481
0.06343587,2.379092094
0.061599381,2.385930839
0.062021458,2.374226519
0.063923391,2.384452071
0.063126113,2.37004153
0.067410115,2.37029531
0.064402565,2.376291136
0.065144781,2.374815658
0.066589215,2.388066014
0.064421124,2.373983923
0.066844866,2.386751389
0.07057029,2.39469555
0.072672128,2.392877806
0.064310347,2.400729863
0.070514796,2.365278421
0.067456064,2.370738727
0.066307546,2.370720799
0.07009365,2.391572063
0.077058586,2.381796342
0.072690842,2.392836359
0.070829071,2.374679146
0.06880035,2.400527398
0.068167976,2.367495668
0.068729535,2.377841284
0.06868892,2.379814948
0.068316371,2.394413974
0.067318992,2.386562576
0.066174452,2.384793679
0.064393776,2.383273136
0.064919295,2.387761741
0.064943261,2.38274699
0.06624534,2.406577335
0.071899249,2.414007028
0.064155214,2.397195524
0.070054125,2.414983004
0.067196764,2.396043563
0.067026294,2.386742343
0.061211952,2.401399099
0.065409411,2.401663406
0.064959842,2.40592471
0.066000847,2.38440717
0.065474213,2.405534254
0.065481763,2.401372455
0.069050178,2.389707444
0.063791479,2.392017618
0.064255213,2.401092359
0.063186058,2.390595428
0.065079398,2.394344567
0.06739523,2.350979392
0.066661151,2.349756378
0.071211242,2.355137573
0.073830052,2.359608414
0.072830715,2.361546388
0.073594271,2.366389101
0.070777786,2.377018102
0.063409673,2.367362939
0.06627864,2.362677133
0.060526562,2.367106692
0.062058027,2.360454458
0.066474007,2.369705349
0.061808081,2.369350254
0.059914911,2.372078022
0.064640001,2.37130451
0.064509384,2.357278011
0.065814829,2.361406093
0.068461317,2.362468089
0.067540238,2.360403472
0.068806415,2.359597395
0.067107661,2.364174485
0.068590258,2.358520103
0.070078888,2.363262653
0.067768386,2.366137952
0.06699344,2.365501116
0.06728399,2.373850207
0.068411687,2.372450551
0.067040248,2.369909952
0.066791433,2.376081763
0.065586439,2.396711812
0.066153009,2.382502091
0.065086866,2.382914423
0.064826496,2.387415692
0.077595027,2.381301446
0.076064512,2.395853927
0.074788055,2.384423453
0.071273562,2.388986235
0.071503709,2.37961199
0.072190375,2.392093275
0.068812624,2.393501648
0.06849085,2.389093306
0.069346058,2.397345687
0.073154227,2.386716686
0.066498549,2.385241537
0.065900858,2.389404487
0.065852015,2.398692713
0.069189969,2.369757322
0.067606628,2.391963835
0.064673866,2.375151839
0.064420235,2.381164276
0.064097618,2.36608713
0.063084461,2.377047872
0.065833147,2.383628067
0.068663967,2.38734135
0.068796084,2.39347632
0.066521992,2.37450349
0.067056115,2.380910167
0.070648069,2.386401886
0.063545548,2.383195012
0.069323623,2.380475632
0.064196091,2.377475663
0.065850998,2.395152289
0.068021822,2.378700486
0.065704936,2.382120023
0.068216624,2.3934778
0.065399208,2.391289336
0.065906013,2.398394525
0.065480303,2.400444504
0.069113803,2.39134394
0.069068655,2.408162845
0.066867157,2.412510662
0.068935479,2.41127153
0.067688273,2.430375608
0.068913348,2.407377491
0.071213612,2.400209967
0.068353737,2.395326794
0.069835655,2.398787449
0.06885588,2.39646017
0.06594174,2.40522702
0.068104058,2.405575536
0.070639147,2.392987015
0.068265765,2.388861071
0.067086192,2.407112527
0.069041872,2.402201065
0.071901644,2.387572598
0.069004013,2.38957965
0.071151606,2.38892538
0.069107018,2.398491399
0.070518229,2.402240538
0.070520635,2.38232183
0.07342411,2.382719194
0.073207922,2.364616422
0.071906763,2.376862018
0.073508443,2.377006425
0.073303793,2.387150069
0.075182577,2.384190067
0.07418433,2.372670614
0.07585114,2.370744154
0.069080143,2.387966179
0.069609999,2.368017538
0.071904096,2.372122265
0.066836236,2.379492254
0.067245843,2.367919677
0.068797631,2.354592841
0.069817178,2.351482512
0.07022624,2.356827522
0.070337593,2.361561848
0.069236417,2.368446974
0.07733825,2.375099701
0.074965156,2.363272686
0.069552403,2.369002231
0.071901084,2.382163444
0.067995291,2.373038045
0.066837393,2.38725122
0.064081896,2.380113465
0.065289315,2.374188691
0.065859509,2.382714425
0.065268006,2.366053742
0.064076581,2.387112405
0.065100538,2.374707271
0.064385408,2.374019449
0.06546252,2.385029861
0.064189851,2.371948418
0.067967793,2.390743453
0.067734191,2.36996686
0.062341016,2.368261943
0.066028494,2.380786813
0.067183904,2.385244497
0.061418411,2.366745511
0.066192714,2.383181854
0.064389453,2.376003475
0.061940908,2.38737885
0.061315529,2.365885652
0.064686659,2.359444765
0.067452307,2.372277855
0.06725769,2.383658823
0.066671168,2.383417049
0.063556804,2.387731807
0.064541456,2.381021186
0.06639797,2.38689596
0.066346577,2.384961441
0.066651436,2.38166789
0.067653035,2.372408282
0.067087991,2.378741111
0.064845914,2.389588531
0.0670666,2.385515218
0.066502507,2.402215209
0.068317121,2.391422723
0.067818776,2.401681991
0.068668418,2.402323925
0.065695309,2.392547546
0.06909992,2.389446921
0.069686294,2.376565311
0.069764454,2.367836783
0.069654448,2.384853876
0.066617247,2.384889402
0.0681113,2.380692406
0.068183354,2.376985208
0.066561984,2.361513822
0.064105189,2.368636117
0.061578118,2.380504744
0.062958521,2.388108283
0.061033557,2.370890041
0.065847554,2.377047378
0.063598585,2.366732025
0.062918257,2.367452083
0.057570358,2.367578562
0.059244415,2.368546151
0.06113575,2.353147133
0.062458342,2.372466669
0.061499162,2.370818824
0.059656351,2.371725065
0.058764692,2.379361334
0.059329565,2.386107317
0.059046391,2.370501722
0.059709198,2.374940163
0.067109126,2.38987241
0.067037904,2.387465033
0.066898304,2.3721846
0.068018013,2.385925247
0.070210677,2.388417326
0.064965259,2.364711158
0.072724909,2.360745409
0.069275047,2.359075032
0.064985346,2.380457869
0.066246183,2.381886144
0.069204674,2.374004482
0.07114001,2.379815935
0.065419248,2.369474102
0.06352615,2.365236646
0.070201019,2.376782907
0.067888487,2.391609398
0.07195006,2.390449048
0.073170515,2.402301721
0.076760408,2.39750358
0.076981926,2.384909303
0.071672062,2.38663445
0.069411749,2.389374389
0.066774595,2.383930695
0.068112318,2.382674951
0.069706534,2.38603791
0.070240518,2.390633257
0.07302581,2.395399819
0.07832853,2.390845097
0.069068239,2.405607608
0.06708739,2.399345667
0.070339941,2.400593516
0.069093933,2.39894748
0.06655798,2.386351887
0.06569331,2.395720211
0.068247,2.380834346
0.067883712,2.396719543
0.065012679,2.391856106
0.065679679,2.383870663
0.067366802,2.378871866
0.067184572,2.373342318
0.067197339,2.37929423
0.061398505,2.386389058
0.062565361,2.385729032
0.065446941,2.388960906
0.063512982,2.38238581
0.071079557,2.369115224
0.065517633,2.359926503
0.065537699,2.363324001
0.065549438,2.367054883
0.068489524,2.357991819
0.072484718,2.356502197
0.068773675,2.367803724
0.068272251,2.361736024
0.068304483,2.340070788
0.071259612,2.355521615
0.065225685,2.361471389
0.068604258,2.365062634
0.071192004,2.356428842
0.068280326,2.36731442
0.06799893,2.358487867
0.0663511,2.366747979
0.06892115,2.365343717
0.065425766,2.362586837
0.063984148,2.352419015
0.062122135,2.361415468
0.062680312,2.35091788
0.065175419,2.364200308
0.06452395,2.367501425
0.064750731,2.363670543
0.063457231,2.373626032
0.063634075,2.363280909
0.064767353,2.383030211
0.066435305,2.364962142
0.066257243,2.364023336
0.064983619,2.364837965
0.064736772,2.370596458
0.064531552,2.376088178
0.066544843,2.369560449
0.066079979,2.373027025
0.062704726,2.361057084
0.061673265,2.365220363
0.062668691,2.356395125
0.065885316,2.35749939
0.064255239,2.376813828
0.064775186,2.374335235
0.062895457,2.366807024
0.063307197,2.368940883
0.064849846,2.36753399
0.060777469,2.376471726
0.060806467,2.383174946
0.057700054,2.362200164
0.059991313,2.371820459
0.061215632,2.374639673
0.06113941,2.37810888
0.060890142,2.364979411
0.063130451,2.361412836
0.058350011,2.351754384
0.058961421,2.353777883
0.056765802,2.338914715
0.058292606,2.340298253
0.058189862,2.348216592
0.060005237,2.355427866
0.060556485,2.339419479
0.061845565,2.334671338
0.06222604,2.338409292
0.064578354,2.34484064
0.064619745,2.342340337
0.062732727,2.346026318
0.06586287,2.34441696
0.064320298,2.356340685
0.065972383,2.354168833
0.062586306,2.353601404
0.063800495,2.338219327
0.063686536,2.339021128
0.060921505,2.330511677
0.060835363,2.332955073
0.064416966,2.332339454
0.062417023,2.339183955
0.064409385,2.339558293
0.066684655,2.341328505
0.062794527,2.34757548
0.064602275,2.340294141
0.063951367,2.349510493
0.062604711,2.344483078
0.062837537,2.347044893
0.062376239,2.35127906
0.062349872,2.331616764
0.060138726,2.339130995
0.060500056,2.344386533
0.061095295,2.334306539
0.060840307,2.348135672
0.060970168,2.344822055
0.062026597,2.348258861
0.062133144,2.34985243
0.063529671,2.346088489
0.062484971,2.353645318
0.060932905,2.340607625
0.060475735,2.348906552
0.06659804,2.34679358
0.061225018,2.343713514
0.064158838,2.359000033
0.063172412,2.336588916
0.066410495,2.328465152
0.064117324,2.338192189
0.064137657,2.346754271
0.065808651,2.366902089
0.065825032,2.355052376
0.067479568,2.346631575
0.065543342,2.358261224
0.067474588,2.345342773
0.068297981,2.343073882
0.068311766,2.343251841
0.070992679,2.347666926
0.069456717,2.342379152
0.06891748,2.361780431
0.063667915,2.366003249
0.06377201,2.357492318
0.067688371,2.356713708
0.068534892,2.350703408
0.065082163,2.349376284
0.065699395,2.36260789
0.06834063,2.362468582
0.064958223,2.362734698
0.068011789,2.356884265
0.066124535,2.373643137
0.067516127,2.350207196
0.066978571,2.355568818
0.066371824,2.352015895
0.066054614,2.348931223
0.061816387,2.356543808
0.061653539,2.348183697
0.063692514,2.356832127
0.064781226,2.343646244
0.067442536,2.348028271
0.067759921,2.35700104
0.068341453,2.365731706
0.068021889,2.357310083
0.068616244,2.347893404
0.068037426,2.356055655
0.067647926,2.362489635
0.068202371,2.34052506
0.065263709,2.336472635
0.069447126,2.360947545
0.066815883,2.361105438
0.069939319,2.357734256
0.066231097,2.352022473
0.065889438,2.351375276
0.062213587,2.360493109
0.06199689,2.353378051
0.06264879,2.381646673
0.062800654,2.353094337
0.063702161,2.356606307
0.063058952,2.365109673
0.065670294,2.359302825
0.06468244,2.352038098
0.062606197,2.365108686
0.063667997,2.370287909
0.062659378,2.352913747
0.058786222,2.355920953
0.059918355,2.346751475
0.059453845,2.363857712
0.061770792,2.350386964
0.066394726,2.347483705
0.065367219,2.351991059
0.063368473,2.34043312
0.062969998,2.348679909
0.064970713,2.344048543
0.067421911,2.345579942
0.06916445,2.334234007
0.064717421,2.34555708
0.066265482,2.346149837
0.06500647,2.347442258
0.065101977,2.347368739
0.066305732,2.352945819
0.06596456,2.363258377
0.067749503,2.36752149
0.065778106,2.343612857
0.073161284,2.353809955
0.069957924,2.347721531
0.068714054,2.346727463
0.068598795,2.34502896
0.068111917,2.336034975
0.065940321,2.340301871
0.067345611,2.34929635
0.063390461,2.354050577
0.063363765,2.349198983
0.067079721,2.349511973
0.068745499,2.350547324
0.067298593,2.340385752
0.067872805,2.356142332
0.06342244,2.348939775
0.065308651,2.369082658
0.066425149,2.358015339
0.063126478,2.352982332
0.064767847,2.369937255
0.062593044,2.348495536
0.064357803,2.375972225
0.06671576,2.365260987
0.067869362,2.340984759
0.068195088,2.336101093
0.067893076,2.352039578
0.068888636,2.344221732
0.067426613,2.340422923
0.066418791,2.343811374
0.065949758,2.348344715
0.068696424,2.348565272
0.064367208,2.366870839
0.065612308,2.348842408
0.066655826,2.334382525
0.068014847,2.333786807
0.066566995,2.339962566
0.065608504,2.334347492
0.065743916,2.328240812
0.064888204,2.328452488
0.062560083,2.32708737
0.066370786,2.333614276
0.064121282,2.326020112
0.065860984,2.325281797
0.064598394,2.344534558
0.067587796,2.328461369
0.069445779,2.331772026
0.071161649,2.332916257
0.069426557,2.330922692
0.070174606,2.336004712
0.067629032,2.336798454
0.068443862,2.309811398
0.068132399,2.317139612
0.071576992,2.311224212
0.067961456,2.304921975
0.067835131,2.322383143
0.069049289,2.31171253
0.070569334,2.310007942
0.065425848,2.311515657
0.064288478,2.307000737
0.064698774,2.309662387
0.063887161,2.329742112
0.065046637,2.322237421
0.065568137,2.330244739
0.067814058,2.325655806
0.067512653,2.314651808
0.064582528,2.317871676
0.065329118,2.318082036
0.064286679,2.316715767
0.065733426,2.322056995
0.063494417,2.334888934
0.064296069,2.332599155
0.064177809,2.338344161
0.063429137,2.33792887
0.063431132,2.320134482
0.062596287,2.335834977
0.060309058,2.330732727
0.063737743,2.330475822
0.070210075,2.32252245
0.064761288,2.329316788
0.064173661,2.321193352
0.064196178,2.322164231
0.064916031,2.334696831
0.063829411,2.345444746
0.064957987,2.330763154
0.066131839,2.340020295
0.066651298,2.352668684
0.069118912,2.34145005
0.069623969,2.350917715
0.067847343,2.363522847
0.068243941,2.363982876
0.069015089,2.356562229
0.071859539,2.352511449
0.066155373,2.370513071
0.066336061,2.344512354
0.069800617,2.345497541
0.067585971,2.344819917
0.068754504,2.350197821
0.066744625,2.345093762
0.063411616,2.347593572
0.068578637,2.345673197
0.066436292,2.370970468
0.06261993,2.372288053
0.062115726,2.346533715
0.060990116,2.365949138
0.064014961,2.348621522
0.064393539,2.354044821
0.063668346,2.347561007
0.064049736,2.347197852
0.06203755,2.362803612
0.06250849,2.356400224
0.062935788,2.360405117
0.063242842,2.361340798
0.064423792,2.349951442
0.064918138,2.371394805
0.065253779,2.342518789
0.065089343,2.346959861
0.065237322,2.34912678
0.067799965,2.356603347
0.063053956,2.358331783
0.062148168,2.355228526
0.064192986,2.361575993
0.070742553,2.370673267
0.071730048,2.354613072
0.066982842,2.352147143
0.06746033,2.339879672
0.064958439,2.352235136
0.06578102,2.370184949
0.065788442,2.362832723
0.06389983,2.351272317
0.065413266,2.351656688
0.069564045,2.364459022
0.074953216,2.375912357
0.061895657,2.364700138
0.063996314,2.365460327
0.06511461,2.36628499
0.064672432,2.372051706
0.065540901,2.374008101
0.066482226,2.352660296
0.06383194,2.356763214
0.064563167,2.36872855
0.064193649,2.361914969
0.067548384,2.355696119
0.066288637,2.356577854
0.067403217,2.368166056
0.070760892,2.361671551
0.06780292,2.376124197
0.067400175,2.367820171
0.064648085,2.360860375
0.066685683,2.361863325
0.068380849,2.357717316
0.063523503,2.363524328
0.064382587,2.36553286
0.063202783,2.353844494
0.063839855,2.347002953
0.063029203,2.361313989
0.063554609,2.346496379
0.065498467,2.338524752
0.066543173,2.350216242
0.067111716,2.348257874
0.065342502,2.3447987
0.067652387,2.363259199
0.063869819,2.362201315
0.068960551,2.357996096
0.066143105,2.374917631
0.065473606,2.368145003
0.06663484,2.377693424
0.06430125,2.373384094
0.063870873,2.377389644
0.066752253,2.372839527
0.065492356,2.371110598
0.065712337,2.362365129
0.067606124,2.368736609
0.068686376,2.364196525
0.067621986,2.361128958
0.066611686,2.360724357
0.064407062,2.369658968
0.064349641,2.364031559
0.064748532,2.364684184
0.065791911,2.345973523
0.065043574,2.357817479
0.066622602,2.359491475
0.066607461,2.359097893
0.063897682,2.350352096
0.067803861,2.352106519
0.063068877,2.363231403
0.063514853,2.354272943
0.063321804,2.367589417
0.065980915,2.362336511
0.065427549,2.367927243
0.067429564,2.376994747
0.06803352,2.386808461
0.067671862,2.46686717
0.072027198,2.509373472
0.069639491,2.492109671
0.064873967,2.491975791
0.064042844,2.480536107
0.066849157,2.477801267
0.067200089,2.473981899
0.06873508,2.48189333
0.068017834,2.472159878
0.066567669,2.481126068
0.067519155,2.525432845
0.068008269,2.506189788
0.070717908,2.455975671
0.072272127,2.451533283
0.074954352,2.456246063
0.074688488,2.46453874
0.074120006,2.453477671
0.074279446,2.450579181
0.070080014,2.46349385
0.071299168,2.47437104
0.074711879,2.462883001
0.071345826,2.47565277
0.067694641,2.48312539
0.066398437,2.479744504
0.07057234,2.487887182
0.069879872,2.492970682
0.070095521,2.503716459
0.070481321,2.491615762
0.069170073,2.483185257
0.069783461,2.491108201
0.066007868,2.492999136
0.064823613,2.464723442
0.068931095,2.460258357
0.065244065,2.458245713
0.06370599,2.454103651
0.065451829,2.473487332
0.068211638,2.460514769
0.068584177,2.449224261
0.066617504,2.467461078
0.067201503,2.478070014
0.067966302,2.480051737
0.06873764,2.451127037
0.066283713,2.457758876
0.067553961,2.457023358
0.06830385,2.441715457
0.069795005,2.438122238
0.068201636,2.461829722
0.069606253,2.459124487
0.070138468,2.487985865
0.06779518,2.485850197
0.070707798,2.477367061
0.067616866,2.453426191
0.067175305,2.464239566
0.067924871,2.450477537
0.065550625,2.453149878
0.064823413,2.455116799
0.064711633,2.442493245
0.065317116,2.439851332
0.065157409,2.45207637
0.064022275,2.458766596
0.066837624,2.453910561
0.065508521,2.447461779
0.065012905,2.448246475
0.065941015,2.429490749
0.065398921,2.434128858
0.064761638,2.42483981
0.06339152,2.422275856
0.06473062,2.419273256
0.066343252,2.423079795
0.06626081,2.4244084
0.065767687,2.422830949
0.063325489,2.420186404
0.063077645,2.432924759
0.067063387,2.417431005
0.062940357,2.422896574
0.063275963,2.41939809
0.064361935,2.403789864
0.066847364,2.435500719
0.065721224,2.403639208
0.066300453,2.41383351
0.064369234,2.405340012
0.065039575,2.429308843
0.067448951,2.409168427
0.068105214,2.386183468
0.068215395,2.438703646
0.065120074,2.415863752
0.063654536,2.437706453
0.065201272,2.445200947
0.066642719,2.439711695
0.0661008,2.433964222
0.068946494,2.426325814
0.065605276,2.43365633
0.065599607,2.435144308
0.070883789,2.428935327
0.069345261,2.42537862
0.070777262,2.417454525
0.067979923,2.429458348
0.070576144,2.452083771
0.069583776,2.429764266
0.067524181,2.41994792
0.070476756,2.428797499
0.069050646,2.423108414
0.06791786,2.407962354
0.067447008,2.402671783
0.065571046,2.417418999
0.069257171,2.430652743
0.069021909,2.402925399
0.069368873,2.402385602
0.066401511,2.422764009
0.066759556,2.426479431
0.065982179,2.422475032
0.067557687,2.432202892
0.070383378,2.429928244
0.070412247,2.439846398
0.067876722,2.432819004
0.069308985,2.429195357
0.070452846,2.4393441
0.07507105,2.427597183
0.073515032,2.442152953
0.07099287,2.429020359
0.068229401,2.448005195
0.071032564,2.426031574
0.071882827,2.43989722
0.078373498,2.421658593
0.0718579,2.438735225
0.072029079,2.438366643
0.074475075,2.431389578
0.075822414,2.43920726
0.084773478,2.431983815
0.078114038,2.428103592
0.072159038,2.431196816
0.075229549,2.431076423
0.07742394,2.427681886
0.074949284,2.430482844
0.073348031,2.434401717
0.072572479,2.420947581
0.071802031,2.434395796
0.074727165,2.437727505
0.074862309,2.42384936
0.070943348,2.427403764
0.073802801,2.436078345
0.074621209,2.437274056
0.070496632,2.438106613
0.073262495,2.430167715
0.074033391,2.433785112
0.075865295,2.438289177
0.076544811,2.429786963
0.077842922,2.435039046
0.076524437,2.460700622
0.077637522,2.457966276
0.080949124,2.458511171
0.07893997,2.442326471
0.080488633,2.439979456
0.082273319,2.441003294
0.08117606,2.449865702
0.086051179,2.430123801
0.080739654,2.435384273
0.078986156,2.452712712
0.079476375,2.44940847
0.078179385,2.454378977
0.077902502,2.445797816
0.079857092,2.436485906
0.079168612,2.442579593
0.08392727,2.445934657
0.076025414,2.45044086
0.076760917,2.447136947
0.084218976,2.456445074
0.082977675,2.459914775
0.083176964,2.462518531
0.083303602,2.468316826
0.082205556,2.471412024
0.080356784,2.468382615
0.074951833,2.466365531
0.077523497,2.455555116
0.075842439,2.463530527
0.073333763,2.532699053
0.077493845,2.506604258
0.078450486,2.474987152
0.077079859,2.454082928
0.072063844,2.460797332
0.064853465,2.477439593
0.064824949,2.437182281
0.0613702,2.465332647
0.064726307,2.467131641
0.062786515,2.42736758
0.06605209,2.478727738
0.062791952,2.469425367
0.060178313,2.472642933
0.060045815,2.459798329
0.063569134,2.461382523
0.06070064,2.454113848
0.059761335,2.480179532
0.060969289,2.504805099
0.06375397,2.474660675
0.061958676,2.490676791
0.060836972,2.473644402
0.061203754,2.451520948
0.06122401,2.448934297
0.063626761,2.446665241
0.074116676,2.447054711
0.067544946,2.437437706
0.068216408,2.465205016
0.069760697,2.448181015
0.069833985,2.46800729
0.066126694,2.454058421
0.062393072,2.463471646
0.065427981,2.479957001
0.063955021,2.455760871
0.062701447,2.43803293
0.062117098,2.448070655
0.060800073,2.441070727
0.057657785,2.445297821
0.05638399,2.444874964
0.059276318,2.43880233
0.058492424,2.453170108
0.058800767,2.444922496
0.059829092,2.438592134
0.06081485,2.444148491
0.060355665,2.429566077
0.062487597,2.435757953
0.060176169,2.440565469
0.062893185,2.428510331
0.065826651,2.425799668
0.060507909,2.443618398
0.067300679,2.43620433
0.062832356,2.447017047
0.061614878,2.437430962
0.063144385,2.437773393
0.060166496,2.458279759
0.061228728,2.457180593
0.058920184,2.45886199
0.065881774,2.472659544
0.066401701,2.48521846
0.05914327,2.4923623
0.05840457,2.479561446
0.058371603,2.4770419
0.059734439,2.465373436
0.059980731,2.474175976
0.058330737,2.45465381
0.057300063,2.484000216
0.05890606,2.4786631
0.056631233,2.460408027
0.057451568,2.455924191
0.064029075,2.447275433
0.058879308,2.452786066
0.062781837,2.458925476
0.057459642,2.46597491
0.057688644,2.464133317
0.05649376,2.466347439
0.058346203,2.48740051
0.059235955,2.47862264
0.060737153,2.480788407
0.058598606,2.475851123
0.059155271,2.477897812
0.060002765,2.485162046
0.058477015,2.487886524
0.059257403,2.501923385
0.060051037,2.506637646
0.059523005,2.459983031
0.058895544,2.469451354
0.059389582,2.455022392
0.05983746,2.461534002
0.055746667,2.476134344
0.060189163,2.500055642
0.061551001,2.474031076
0.063667247,2.482885589
0.063535921,2.481936422
0.067029059,2.476487794
0.063161254,2.494406851
0.064713885,2.488866119
0.060968292,2.439187194
0.063278841,2.445124632
0.065142529,2.456824511
0.065688057,2.472909542
0.063164584,2.462594024
0.063510489,2.452672416
0.066167395,2.468224064
0.060149525,2.487315971
0.06072235,2.472487671
0.060263314,2.489830254
0.06022215,2.453045438
0.061775176,2.478235802
0.06155318,2.494754381
0.063604721,2.500603004
0.060918498,2.478934644
0.063546015,2.489148847
0.062004615,2.502322394
0.062756411,2.482703519
0.061676231,2.501500857
0.065917403,2.478368531
0.062823351,2.495203225
0.061577234,2.497714876
0.059946037,2.486954626
0.059136486,2.496086275
0.061615916,2.495150923
0.057711069,2.523494214
0.059425571,2.506100809
0.060365826,2.493590577
0.061866654,2.512232982
0.064597079,2.488134548
0.063412068,2.500425375
0.061972054,2.508293385
0.06363262,2.491756879
0.061895025,2.478080541
0.06084849,2.504002147
0.059049819,2.518365649
0.060713391,2.502844593
0.060335091,2.46730631
0.061350057,2.482738387
0.060341536,2.479651906
0.059975128,2.477628407
0.058064971,2.498288061
0.056679269,2.525485805
0.057322262,2.519012846
0.05833083,2.526676089
0.056728899,2.494710796
0.060033069,2.522802281
0.060943611,2.503775175
0.055813381,2.505338975
0.056606161,2.478352413
0.056688459,2.473520062
0.059187873,2.443582708
0.05973043,2.481620635
0.060912778,2.499131967
0.058806889,2.486804957
0.057441931,2.499913373
0.057173852,2.515036901
0.058011168,2.498520954
0.056705564,2.521960184
0.058686829,2.513370799
0.057426671,2.505394402
0.056455382,2.525205381
0.055582447,2.506495048
0.056003073,2.5030089
0.055352191,2.485483095
0.056663161,2.482196616
0.055222407,2.452327025
0.055870812,2.445244039
0.054200522,2.45337356
0.054930176,2.458169234
0.05631795,2.473680586
0.056589267,2.455176337
0.056924815,2.445542885
0.056665124,2.447495167
0.055882361,2.465096465
0.054959936,2.449116038
0.056592988,2.456411357
0.055166122,2.472461355
0.056383276,2.46235998
0.055463338,2.477281371
0.05553919,2.494347313
0.055751493,2.507091588
0.054876353,2.513686092
0.056898901,2.498449408
0.055500216,2.510345831
0.054649695,2.513038402
0.057494783,2.519481262
0.056987412,2.494227084
0.057161383,2.497705666
0.059151627,2.494290734
0.059961117,2.500437874
0.056942733,2.489608875
0.05849816,2.508701933
0.059137514,2.520160203
0.060857803,2.540197824
0.065626252,2.515581796
0.059777967,2.525101105
0.060797031,2.522638138
0.05979756,2.513870794
0.059609281,2.486412033
0.060047131,2.490130416
0.059924152,2.505799003
0.061530216,2.484821754
0.060444418,2.516835895
0.058837234,2.519872706
0.061724087,2.506431727
0.061355572,2.505014472
0.061636146,2.528353539
0.063496884,2.568506083
0.065839443,2.555624308
0.066193074,2.557480046
0.064656258,2.546801703
0.062682496,2.538456394
0.060805321,2.513929511
0.061139425,2.506194394
0.062286607,2.493847647
0.062046694,2.504748356
0.063746147,2.513833624
0.066621467,2.501737039
0.068382139,2.500477677
0.064687142,2.487444917
0.061715576,2.509589918
0.060982524,2.488968092
0.060839192,2.513259781
0.058931291,2.496204037
0.059255008,2.501586382
0.059914865,2.485253657
0.059664086,2.514215692
0.063808261,2.480041375
0.06155353,2.47623204
0.060975724,2.474855903
0.063477508,2.476247171
0.060863087,2.477571993
0.0615815,2.467930646
0.060968143,2.472444086
0.061464597,2.472883226
0.059750588,2.476204244
0.062540372,2.506136499
0.063892969,2.487570903
0.064158915,2.478745501
0.06153203,2.524826437
0.061226955,2.475088302
0.062002091,2.485283755
0.063355778,2.490623503
0.056755841,2.488475827
0.059592392,2.467481308
0.059511394,2.477741893
0.05967434,2.462694352
0.060047182,2.471849684
0.059917347,2.45972333
0.058201211,2.466535101
0.058887136,2.457864632
0.057953218,2.465314555
0.056412737,2.468808762
0.059209002,2.476810488
0.058448021,2.488535695
0.057707296,2.487905274
0.060679294,2.489274174
0.061388888,2.473125658
0.058068302,2.471498536
0.060150887,2.45154825
0.0611374,2.456283727
0.061002924,2.43981153
0.05888987,2.421043468
0.058447312,2.434834608
0.057512916,2.4308983
0.058522198,2.436722581
0.059431245,2.463431186
0.05919936,2.48381058
0.056716275,2.495482663
0.054332907,2.47100841
0.055816089,2.460774141
0.058088814,2.492242565
0.057278754,2.480663244
0.058470076,2.4837966
0.058739949,2.478474944
0.05833413,2.495708318
0.058694585,2.493041076
0.059181926,2.50224575
0.067482261,2.490144889
0.060196636,2.497345637
0.060450391,2.506720046
0.057889264,2.499486733
0.058458717,2.49751603
0.056128098,2.48508902
0.059633797,2.457572036
0.05616164,2.467522591
0.054214071,2.484939351
0.055774992,2.482896116
0.058372811,2.473038159
0.057682851,2.466448095
0.057659882,2.470333088
0.059349652,2.482592665
0.060108664,2.473199999
0.059015486,2.473829433
0.060813637,2.458111011
0.060012695,2.464964394
0.06328431,2.46469466
0.061835512,2.4751559
0.062068528,2.487726
0.061171533,2.481025082
0.059423638,2.480115388
0.057862157,2.484138537
0.05728229,2.483259928
0.060011199,2.477806037
0.057867096,2.491167576
0.057324909,2.470549698
0.057056367,2.481219159
0.056153,2.479364409
0.053330794,2.482374904
0.055283519,2.487849189
0.057659733,2.492666409
0.056021232,2.49538069
0.056456703,2.495726246
0.054709167,2.49281246
0.056459941,2.493467388
0.055002503,2.501582764
0.055188886,2.472054781
0.056543081,2.480763572
0.054700712,2.489817754
0.055018919,2.485695593
0.056269143,2.474689293
0.059091379,2.480156835
0.059427416,2.483360091
0.059065197,2.507048168
0.056257512,2.50344508
0.06029995,2.515720282
0.058446757,2.48996249
0.059713304,2.51097543
0.057189292,2.498591512
0.056864423,2.511297959
0.055184311,2.500350375
0.056619041,2.493527749
0.055343299,2.496591862
0.056409797,2.491070208
0.055887408,2.497943657
0.056470117,2.508082861
0.055513394,2.501331615
0.057606706,2.501892629
0.055306,2.519130279
0.058140741,2.518146572
0.058366212,2.537542917
0.058491678,2.516339683
0.055646395,2.537460681
0.057615428,2.501107275
0.057483845,2.489569402
0.056639472,2.487098704
0.056777428,2.473868249
0.055370997,2.480676566
0.055919984,2.491212148
0.056458671,2.490846198
0.055461925,2.498944469
0.05488379,2.512351896
0.05555518,2.488282079
0.055854278,2.486111049
0.059214142,2.463454377
0.058003777,2.481139555
0.055660879,2.489270721
0.058096324,2.498209773
0.058320828,2.469453492
0.058012165,2.479993679
0.063702212,2.481970632
0.057252685,2.481903856
0.055832855,2.481875238
0.057082097,2.474796693
0.055617279,2.450558293
0.058005145,2.489061183
0.055634558,2.470865813
0.057119447,2.477694196
0.057877925,2.476933184
0.058388842,2.476336151
0.058268552,2.484816161
0.05740621,2.475629908
0.05834811,2.467387888
0.059580473,2.463780196
0.059085803,2.485325202
0.060912757,2.471716955
0.069903325,2.479377073
0.070488064,2.457390788
0.064369059,2.472610367
0.068331029,2.464320979
0.074184582,2.472127148
0.070685184,2.454779467
0.077572648,2.446451592
0.07058648,2.455302158
0.072619199,2.4543423
0.074689501,2.438135067
0.074945697,2.442500975
0.075699862,2.43592259
0.068677834,2.439443441
0.063666219,2.433734619
0.062372965,2.452330314
0.062405854,2.462584155
0.063793571,2.458023347
0.063538198,2.439109892
0.064842142,2.442650974
0.063912315,2.432894496
0.063746918,2.468199558
0.066487026,2.472893094
0.058340534,2.481932803
0.064250911,2.463033986
0.072041322,2.43281226
0.070992731,2.47090249
0.076164357,2.435256643
0.085836944,2.461506699
0.080520747,2.446749945
0.059279396,2.451930976
0.060739686,2.451088222
0.057607986,2.444144873
0.060274236,2.455260876
0.057166718,2.464630187
0.058265134,2.484018637
0.060174771,2.480045323
0.059793895,2.465630341
0.061713227,2.449717512
0.061895971,2.491832043
0.06103495,2.447242209
0.059514201,2.438484734
0.058934452,2.452245447
0.06232405,2.429223317
0.058896562,2.450349249
0.060317281,2.449169656
0.06185806,2.453688195
0.059705667,2.463271648
0.062880978,2.467578018
0.066430263,2.466935426
0.063656556,2.472037182
0.065022717,2.467428842
0.063094678,2.472633558
0.064881631,2.496473935
0.065039585,2.475334187
0.061972882,2.469425861
0.060196369,2.477917549
0.060153149,2.486292955
0.06085127,2.477490909
0.058151679,2.469871251
0.061870961,2.477153741
0.062940877,2.468721921
0.06292244,2.488813817
0.061806549,2.467922258
0.064551098,2.468772413
0.063984657,2.485174052
0.060603658,2.494380371
0.059801944,2.485216486
0.058160869,2.477731696
0.059971361,2.473192269
0.058593327,2.486261212
0.057915112,2.487445739
0.058303255,2.473796868
0.059622541,2.465881161
0.057442933,2.480151078
0.059748455,2.461136473
0.063082816,2.470418942
0.064500914,2.508173814
0.066066749,2.459176789
0.065314104,2.466252538
0.0633248,2.461398641
0.060608988,2.45550265
0.05956697,2.48238543
0.061603159,2.47641888
0.060781226,2.489274668
0.06168448,2.46938721
0.063350684,2.455022721
0.065720777,2.464653048
0.068197062,2.47936556
0.076344793,2.500315507
0.069578585,2.483874724
0.070798274,2.494774611
0.074879836,2.486422724
0.072437412,2.494009158
0.073567442,2.494741881
0.072088829,2.484673729
0.074355489,2.478205868
0.081179498,2.491306555
0.072092452,2.463175432
0.073141896,2.459214453
0.070731195,2.461570514
0.071599627,2.470006282
0.073658159,2.4775965
0.079434671,2.510921647
0.080769336,2.483115686
0.078911111,2.480920807
0.082052757,2.464944328
0.081152756,2.470863675
0.083669187,2.481293172
0.079318318,2.464916203
0.07673104,2.481742016
0.075422861,2.517128326
0.074903186,2.495990552
0.073863265,2.494831354
0.071716531,2.468327188
0.079687994,2.474432881
0.076698891,2.483081147
0.074039852,2.50186434
0.075114542,2.477347489
0.071406501,2.471071567
0.07116539,2.489766604
0.073784211,2.491827931
0.074616742,2.489233385
0.075443651,2.502803639
0.073574761,2.477957351
0.072863928,2.475611652
0.078888331,2.477332193
0.08019224,2.49412067
0.075876634,2.442288149
0.078307524,2.469782929
0.072005354,2.494518528
0.070473549,2.493608504
0.07704291,2.494638428
0.075632192,2.507822995
0.074232089,2.500020445
0.075536125,2.501700197
0.078005965,2.480190387
0.075324537,2.50017439
0.075870019,2.484825536
0.076486342,2.471151665
0.074605517,2.471604127
0.079179195,2.486618445
0.075249615,2.486343777
0.078310485,2.490605246
0.073798854,2.490753106
0.072283985,2.510869345
0.070267332,2.48531188
0.074430169,2.492090757
0.073600845,2.494475601
0.074502136,2.489066611
0.075502455,2.490811494
0.074072366,2.497352545
0.077065745,2.507771022
0.072031916,2.492690422
0.067293643,2.504137178
0.068589595,2.516864184
0.067475035,2.449946293
0.072917665,2.458823175
0.07181654,2.454598054
0.068017607,2.476202435
0.071352919,2.474960836
0.066772863,2.488895395
0.069724205,2.490634358
0.068016004,2.467488874
0.071258168,2.467269469
0.06836304,2.477880543
0.068881846,2.469389348
0.067048539,2.491894706
0.06442668,2.503143109
0.061886257,2.529048762
0.06524461,2.557952903
0.062360537,2.583021886
0.065986723,2.517821082
0.067669965,2.504838322
0.066451444,2.527676243
0.066004686,2.519205607
0.066673085,2.521112331
0.065787645,2.521159699
0.066282377,2.496621467
0.071158287,2.515263543
0.067863929,2.490886987
0.066775705,2.488853784
0.069590134,2.482196123
0.071631622,2.559644497
0.074780772,2.577405332
0.073770077,2.593260102
0.073574566,2.583935034
0.073393821,2.586019552
0.068631042,2.589626423
0.06948462,2.582523043
0.069485628,2.568937986
0.073120453,2.561540037
0.069385017,2.553413641
0.073918343,2.5437343
0.073503241,2.535337512
0.074069868,2.551023698
0.073459918,2.544298275
0.071620186,2.54783508
0.070787197,2.550558078
0.073815466,2.537505417
0.071678903,2.522168734
0.071620911,2.52213913
0.069915815,2.528100416
0.073877924,2.528791857
0.07377647,2.476044213
0.07179704,2.483119962
0.071323001,2.468325214
0.07270198,2.48170945
0.073739824,2.491856713
0.071950066,2.48112245
0.066809535,2.495847626
0.065845416,2.494295997
0.065623959,2.495760456
0.069181046,2.484850372
0.071277894,2.486724036
0.071883059,2.504720396
0.0691696,2.500838528
0.066590422,2.501121913
0.068078986,2.488204778
0.070446463,2.500325376
0.072613643,2.495335789
0.074540391,2.495453716
0.076849419,2.480397457
0.075128471,2.485407932
0.071406501,2.487163834
0.078373858,2.474082885
0.073208872,2.47072338
0.071055431,2.48040272
0.069590967,2.470889168
0.075710702,2.460745359
0.081823051,2.486752983
0.082871293,2.490686989
0.074792306,2.493431533
0.086573495,2.491983028
0.080954166,2.492470029
0.073557265,2.483035094
0.073718227,2.489286674
0.070304698,2.482786906
0.073319105,2.483299072
0.076439143,2.475012809
0.079554849,2.49724021
0.077825884,2.496040552
0.071401043,2.474678109
0.072819115,2.486164832
0.075351572,2.479004709
0.072674071,2.481715865
0.075273792,2.47975503
0.078644743,2.46997898
0.075366858,2.476977098
0.076507394,2.47358585
0.071987863,2.477617552
0.074790414,2.464681009
0.073237511,2.474050155
0.072936682,2.496535448
0.072886795,2.489400489
0.069705835,2.471957907
0.071057522,2.467331146
0.07756445,2.485521417
0.076010817,2.470543777
0.075391189,2.494383661
0.074079125,2.476762298
0.071764315,2.47571494
0.072180347,2.485022738
0.071270873,2.482781479
0.074458906,2.493360974
0.073895358,2.474472025
0.071416416,2.494585468
0.070156452,2.474271863
0.070166917,2.473976142
0.070883223,2.472466454
0.069377899,2.47703088
0.073671095,2.484020282
0.073701332,2.47679437
0.071780449,2.486549203
0.07186013,2.482351549
0.069158185,2.497859283
0.082259154,2.491678097
0.070443672,2.487958399
0.072522485,2.494919675
0.071275263,2.492746013
0.068220427,2.491426948
0.068490721,2.50498536
0.06838217,2.509586299
0.072327642,2.522195379
0.070942778,2.523105238
0.066983824,2.514829172
0.068463912,2.514468979
0.066265416,2.501390661
0.072194353,2.493013609
0.070597345,2.490147027
0.069078781,2.499583114
0.070789094,2.499616995
0.074113638,2.500161233
0.074480123,2.489188156
0.076022695,2.482808452
0.075609346,2.492895518
0.080945696,2.503481428
0.079005641,2.496591862
0.078476494,2.499380649
0.080000681,2.486840318
0.079201101,2.487677974
0.084169552,2.484615341
0.083312242,2.484669617
0.0816292,2.491846845
0.075674914,2.482777696
0.075851315,2.499989524
0.077633133,2.507819212
0.075625603,2.51974376
0.07905012,2.519707247
0.078595227,2.51633442
0.07909662,2.516955631
0.092687237,2.514341513
0.072249646,2.529903194
0.07517716,2.528738074
0.07388495,2.516084423
0.078223382,2.539182045
0.079788893,2.521162166
0.07297486,2.525793861
0.073149745,2.524184174
0.072757973,2.512706826
0.083904526,2.497832145
0.081113236,2.516611391
0.076915197,2.495344671
0.07334816,2.506238966
0.075540006,2.507084023
0.072973647,2.509686792
0.072449084,2.495303717
0.073957318,2.492644041
0.074772908,2.484715669
0.079488161,2.482144479
0.07392008,2.494534646
0.078109716,2.497319321
0.081289982,2.500156627
0.084038273,2.506010021
0.086127715,2.517215825
0.082546384,2.506723171
0.081777354,2.507227278
0.085609201,2.501707269
0.085509315,2.513343333
0.084365469,2.496880839
0.083702755,2.500335737
0.081441435,2.493076602
0.086545689,2.512308146
0.082846653,2.500288863
0.087425943,2.515189531
0.084123084,2.500148075
0.085400769,2.541142551
0.082627098,2.534196899
0.086683568,2.513745631
0.081486356,2.521496044
0.080677036,2.532962701
0.076480868,2.527341707
0.075289083,2.541096828
0.077828027,2.549004805
0.08392655,2.545947271
0.085068304,2.504102639
0.085320152,2.530617167
0.090448291,2.507763292
0.090698566,2.480289893
0.124620716,2.53080154
0.107105159,2.529893161
0.102557838,2.528192192
0.099345587,2.467037399
0.102278277,2.521358381
0.100556204,2.491798819
0.093232945,2.487924846
0.087032886,2.477721169
0.108489458,2.486500519
0.094075484,2.470555783
0.09745527,2.45527206
0.105970087,2.508321839
0.102624532,2.505435191
0.098434824,2.474559196
0.096991572,2.467343481
0.086888726,2.473246051
0.096812339,2.498068491
0.109227424,2.477535645
0.095745594,2.493901922
0.094116499,2.477514428
0.091230766,2.458064959
0.093287889,2.437699052
0.087660049,2.4401135
0.083869319,2.442208873
0.077202524,2.457255757
0.076554592,2.437134913
0.073026812,2.427939449
0.073895918,2.42756363
0.080901345,2.434089714
0.083903992,2.444909997
0.085790557,2.46662112
0.085049822,2.45696201
0.079854466,2.455807087
0.074640457,2.4681864
0.07784471,2.474174496
0.075594256,2.471612187
0.077710142,2.459033863
0.076752627,2.463979536
0.071913404,2.488498525
0.071408367,2.459050475
0.073234556,2.469933421
0.07589323,2.4568653
0.084174451,2.457318749
0.086677072,2.465972936
0.090904608,2.470441804
0.084749388,2.454266314
0.080977799,2.449548106
0.084580074,2.444816412
0.084066901,2.461387128
0.093283109,2.458419725
0.085984002,2.467701207
0.090676321,2.461661961
0.082161653,2.459865927
0.085189325,2.470017795
0.081141962,2.45975129
0.078609798,2.457724337
0.088529386,2.469119778
0.087886434,2.461070191
0.083077314,2.469439018
0.083951144,2.466455003
0.072171121,2.467807292
0.077124811,2.472115635
0.077319474,2.478978722
0.083425599,2.487054625
0.081448235,2.492364603
0.074976345,2.481268336
0.078960221,2.478595831
0.0796584,2.48721515
0.077367701,2.501793946
0.083658168,2.478971814
0.071639769,2.488686516
0.072060591,2.48665907
0.074060822,2.483489695
0.073680095,2.491542572
0.070608637,2.495763745
0.071586624,2.497793165
0.078878473,2.499027527
0.081275606,2.4980953
0.085771484,2.501893122
0.089986731,2.507489446
0.086559268,2.500554321
0.084306784,2.499242985
0.077075994,2.469055799
0.084218025,2.455223376
0.079727133,2.484345443
0.072984137,2.50986475
0.077171388,2.502656108
0.075438845,2.501186386
0.081822774,2.491788787
0.076560611,2.501847893
0.077976442,2.496752715
0.074682932,2.485255795
0.076908515,2.492402596
0.074706251,2.512069991
0.074035468,2.514295954
0.074810038,2.502832915
0.074533807,2.516225211
0.076358521,2.504667107
0.075789787,2.493390579
0.078952414,2.488797699
0.07541311,2.492320195
0.074300925,2.543345324
0.075210399,2.530839862
0.07763121,2.540796337
0.084260588,2.511065725
0.072848494,2.544430675
0.072440043,2.535717607
0.072576216,2.531843141
0.071421566,2.552718746
0.071327704,2.571273982
0.073543496,2.525783335
0.071908922,2.523201618
0.068580878,2.518216966
0.070555025,2.53011783
0.073745724,2.532464516
0.072527676,2.521996861
0.070438131,2.52180114
0.069562061,2.524667886
0.066828927,2.517400527
0.069126673,2.525368043
0.071445378,2.530926209
0.074315584,2.515681466
0.076483273,2.529256325
0.0732316,2.538986488
0.072691973,2.530963051
0.070771886,2.541799452
0.066289141,2.531475381
0.069948123,2.542977894
0.070414139,2.550715478
0.072904532,2.554966914
0.070142282,2.5647627
0.069534106,2.555073656
0.071842095,2.550990804
0.069757145,2.542438426
0.069870559,2.536360693
0.070127058,2.56160451
0.069814479,2.52892146
0.071078138,2.516705633
0.073097211,2.54642572
0.070565181,2.540438611
0.071968851,2.533724207
0.068756349,2.536207076
0.069071955,2.550769918
0.073458736,2.556290255
0.067669503,2.55529668
0.072432688,2.554428762
0.0703601,2.557577249
0.071114471,2.561656812
0.070634624,2.540737127
0.06788933,2.553134861
0.072120222,2.569772024
0.075306774,2.551095244
0.073937689,2.524242397
0.085318857,2.527660618
0.086024858,2.523315104
0.072188051,2.51320567
0.074368868,2.518309235
0.073584604,2.536298193
0.072443718,2.535370407
0.070482909,2.550439987
0.075981793,2.534769262
0.072885032,2.542830198
0.073762095,2.536426481
0.077932939,2.552251153
0.081114763,2.579416496
0.076871345,2.577014876
0.076828921,2.550770411
0.077739207,2.563418307
0.081134232,2.559363085
0.074992715,2.561309447
0.081358593,2.572294695
0.075209916,2.55721541
0.073792548,2.557140411
0.071711247,2.55798185
0.072182614,2.562545125
0.076885597,2.55528895
0.077577012,2.579331464
0.073847044,2.598620902
0.076992627,2.584274669
0.07235368,2.590167865
0.07544768,2.58033869
0.076447151,2.593994305
0.074948513,2.600045065
0.077285269,2.585795377
0.073360058,2.574877563
0.075188442,2.57483957
0.076183842,2.580560892
0.078190631,2.562686735
0.076360299,2.566113838
0.074674734,2.538915436
0.072873792,2.555349969
0.074795333,2.55541839
0.074811914,2.53905425
0.076426977,2.535908066
0.079755309,2.530214375
0.076717296,2.538839285
0.079204955,2.522344884
0.079839648,2.541475278
0.080297712,2.550887351
0.082452223,2.555751774
0.083095257,2.562531474
0.082976776,2.546947754
0.076315471,2.565946734
0.079400888,2.554445867
0.08302586,2.561079679
0.081848904,2.565788183
0.080903488,2.561459281
0.071957184,2.568343091
0.071992808,2.56510069
0.071518044,2.57047876
0.072886471,2.549587693
0.072476319,2.544900407
0.072221825,2.550121405
0.071820143,2.51568821
0.073540571,2.531220943
0.073200243,2.53566366
0.073996411,2.558984306
0.073351331,2.560546297
0.075557471,2.575168349
0.074001124,2.569241766
0.072027013,2.529027545
0.07393111,2.549572562
0.073383598,2.57685024
0.07565492,2.559365224
0.073404265,2.562945121
0.07219644,2.570493233
0.075743005,2.565522725
0.074221938,2.568166941
0.07310562,2.579227024
0.074224852,2.556521503
0.07698666,2.554054259
0.074480225,2.591088085
0.076719722,2.563084428
0.07727131,2.575361933
0.075678512,2.574325595
0.077045217,2.555857365
0.075581494,2.56334561
0.07359402,2.566822548
0.076796921,2.569801464
0.076174698,2.565474371
0.076104674,2.585465611
0.077397927,2.583645235
0.076462837,2.593818649
0.075845497,2.597178483
0.075569343,2.587428584
0.077930791,2.572166078
0.074953129,2.58624751
0.074329369,2.597193121
0.073186653,2.600927786
0.078085138,2.575191375
0.079147221,2.590742365
0.077548507,2.599498031
0.075036788,2.610629659
0.07445023,2.573677082
0.077141855,2.581521244
0.081738338,2.603474634
0.081150201,2.580694772
0.078715826,2.555600131
0.077011557,2.567390798
0.08159719,2.554154916
0.082185249,2.547711397
0.084845825,2.549009245
0.085106832,2.566772548
0.087108029,2.565862854
0.082783701,2.561587898
0.085261533,2.535538826
0.082389924,2.553219235
0.083695339,2.560174097
0.086865998,2.562104175
0.082407831,2.558018527
0.092150339,2.574314904
0.090933874,2.511182664
0.074595788,2.533691641
0.078276758,2.533767627
0.080141079,2.527710947
0.084032008,2.519291791
0.078091059,2.511233486
0.076838908,2.523960821
0.072984127,2.523298821
0.100821004,2.523223658
0.078564625,2.523892894
0.069853819,2.501193952
0.071638607,2.498694636
0.072627269,2.50786362
0.066701122,2.498572269
0.06896034,2.48783636
0.06866832,2.486644596
0.071670391,2.490934684
0.07884635,2.501115992
0.080819829,2.501614178
0.07559734,2.49189816
0.071852873,2.495082173
0.072716988,2.504215302
0.074745282,2.498528684
0.074196105,2.48582125
0.072925061,2.493714918
0.076817208,2.492186973
0.078146897,2.47571642
0.071537729,2.478017877
0.07328325,2.488543754
0.068327642,2.485713356
0.069324682,2.506435181
0.067679417,2.505965778
0.069316227,2.488875659
0.069024155,2.501286385
0.067016703,2.499687553
0.067110437,2.524799793
0.065058253,2.523590595
0.065647823,2.535626819
0.067241809,2.540743213
0.068172396,2.532162216
0.069352606,2.527413252
0.069965064,2.511945156
0.074220442,2.504766448
0.070885814,2.516908592
0.072134906,2.506517581
0.075138067,2.51853818
0.073023528,2.513278202
0.075941189,2.501954306
0.072689922,2.504520891
0.071755434,2.521809857
0.072542273,2.518116803
0.070144539,2.532664843
0.071776183,2.504870394
0.072028663,2.530020133
0.073656293,2.542065074
0.075221675,2.556340584
0.074710856,2.568804599
0.076262978,2.539830887
0.07448482,2.552153127
0.076118839,2.5496946
0.075490644,2.554694384
0.075602145,2.555611809
0.074591845,2.546649237
0.075320564,2.522522843
0.072754462,2.509114594
0.077251753,2.531488375
0.071691634,2.524235818
0.078953658,2.543151905
0.072712876,2.525259656
0.0737305,2.505417099
0.074389915,2.506837972
0.075533663,2.520087177
0.073745267,2.526546485
0.078424325,2.524741076
0.083692835,2.525697152
0.080762623,2.532033764
0.083363141,2.517001189
0.078571486,2.508937128
0.078696449,2.507435993
0.076078204,2.514290198
0.074849743,2.499213381
0.076144548,2.513689053
0.074512817,2.512295153
0.075797281,2.503704123
0.073471771,2.51478016
0.074714721,2.507709345
0.074606602,2.504173526
0.07343498,2.492000626
0.074657501,2.501229478
0.07849788,2.499088875
0.073465418,2.499342162
0.081636884,2.499035257
0.093810365,2.496539395
0.099832137,2.481613892
0.082440299,2.484811721
0.078550532,2.496099926
0.078283244,2.493863929
0.074874367,2.516392314
0.078314576,2.522640276
0.068501844,2.499392491
0.067495532,2.525200611
0.067190442,2.520745723
0.071391987,2.512109464
0.068364422,2.510671156
0.070419063,2.526779542
0.071963814,2.537249828
0.075937781,2.520866445
0.075445347,2.541023144
0.07410194,2.528597122
0.075116141,2.5246044
0.080066146,2.53748124
0.076111705,2.545552538
0.0708239,2.557211463
0.080691273,2.57095359
0.073035622,2.548207938
0.067839525,2.54312855
0.067321778,2.560842346
0.068477661,2.556193381
0.068397954,2.538020708
0.069843411,2.539606218
0.071553971,2.548578493
0.073991512,2.53207702
0.069726101,2.524837128
0.075032651,2.544529029
0.085193231,2.526966218
0.076817383,2.540273481
0.074906598,2.536786839
0.076134001,2.529591848
0.07825072,2.531440842
0.075381121,2.527383483
0.078165791,2.519771226
0.076609439,2.517645426
0.078299743,2.514680161
0.077547242,2.513965037
0.070696979,2.517254476
0.073368811,2.522695209
0.069784874,2.516170441
0.075743751,2.523041752
0.071158961,2.534066966
0.066117041,2.524472658
0.065324533,2.528162587
0.067225171,2.52434733
0.072101976,2.527427561
0.067149118,2.527175426
0.067037216,2.509986624
0.068267173,2.513669481
0.066851995,2.516028009
0.068920862,2.516873395
0.069837248,2.528589392
0.071898134,2.521291605
0.068479383,2.52914136
0.06988182,2.531418803
0.067465357,2.502204632
0.068991801,2.488110206
0.06657268,2.485375202
0.065683334,2.483577687
0.064739666,2.481838067
0.064107034,2.492219374
0.063120675,2.492540259
0.063509215,2.478885137
0.064945852,2.50856279
0.062705168,2.499837058
0.0612939,2.511181184
0.063608273,2.5004984
0.063049176,2.494646652
0.063459544,2.503657907
0.062541343,2.517726675
0.06583252,2.502372065
0.067619822,2.474938139
0.065463692,2.483775547
0.066821783,2.478502905
0.066660302,2.475800137
0.06410799,2.491090603
0.064026366,2.490220217
0.062373032,2.500758759
0.063519494,2.496249102
0.060506311,2.48851086
0.063327011,2.499128842
0.063578123,2.502125192
0.06142259,2.496589395
0.062806534,2.501323885
0.063934935,2.486707589
0.060792569,2.485670429
0.059862162,2.485317965
0.059531146,2.476900619
0.059896547,2.498921772
0.060169015,2.504319578
0.061055591,2.508392891
0.061890852,2.5161461
0.06280656,2.530677692
0.063329421,2.525080382
0.063146873,2.518506601
0.062303409,2.511812263
0.061749472,2.513253531
0.062766721,2.502752324
0.063330603,2.521882389
0.06226999,2.507972994
0.062509107,2.524269864
0.06215595,2.514578024
0.062379595,2.526496321
0.062192144,2.53451285
0.066831307,2.534943437
0.065623569,2.53598142
0.065422127,2.536604276
0.062398885,2.529680005
0.062236716,2.51024024
0.06281726,2.540204074
0.06200204,2.563232618
0.061498786,2.50280956
0.063252726,2.511245821
0.062484123,2.495431183
0.062400334,2.5057268
0.061630153,2.496034302
0.061905335,2.504913321
0.063913471,2.51083678
0.061567885,2.505413481
0.063469988,2.496081176
0.064836283,2.495742199
0.065391756,2.496378213
0.066704977,2.502471077
0.067066003,2.511730685
0.065342203,2.509641068
0.065825741,2.497570305
0.065874162,2.497228697
0.066129048,2.508093387
0.063375612,2.50495592
0.064535808,2.497691028
0.062201354,2.49645058
0.061951254,2.492461477
0.064489375,2.500439355
0.066230429,2.495176087
0.067566636,2.503108077
0.067499151,2.482735755
0.069595629,2.494110308
0.068613063,2.486465651
0.077886656,2.498542335
0.076075866,2.497414057
0.08039122,2.483410091
0.073213457,2.493394033
0.073743221,2.495303717
0.07156938,2.483385255
0.070994838,2.484950371
0.075681015,2.495169508
0.072364617,2.491413133
0.074788374,2.493722484
0.072302529,2.487307747
0.075390465,2.501369937
0.078171809,2.494035145
0.065750032,2.50771247
0.078326135,2.505148023
0.074546138,2.501109742
0.078820461,2.50204345
0.083922736,2.505750155
0.076369859,2.509059167
0.068152161,2.508154077
0.063047763,2.509693042
0.064944783,2.504396715
0.059729356,2.509155383
0.058734501,2.522462152
0.061777191,2.511890552
0.059974804,2.517734405
0.057396865,2.528416038
0.059371917,2.523435498
0.060849112,2.506762809
0.062182301,2.502420749
0.062831179,2.496731992
0.063631191,2.505250489
0.066990557,2.512236436
0.064311535,2.508658513
0.065995466,2.503215313
0.06538291,2.507508525
0.067765482,2.503094426
0.065397934,2.520959043
0.064731719,2.517073886
0.066784808,2.520859702
0.064305305,2.506084033
0.067763272,2.496925246
0.073499145,2.493472815
0.068236042,2.498096616
0.064417059,2.492143882
0.067199755,2.490241434
0.070961928,2.50141895
0.070207151,2.486046741
0.068007827,2.498596282
0.064052789,2.494271327
0.064419007,2.501753486
0.064483254,2.485354972
0.066814171,2.508027763
0.065132754,2.489400489
0.065315883,2.490772021
0.066920502,2.48675726
0.067710821,2.484827017
0.066754159,2.489304931
0.067349512,2.491475796
0.067853243,2.487161367
0.067513809,2.500313534
0.065430952,2.49430603
0.066188504,2.485629969
0.068120038,2.509256862
0.067590484,2.504391287
0.068644035,2.509958006
0.065737954,2.508906701
0.0643542,2.4970611
0.068158622,2.507614774
0.066132157,2.51674708
0.065388502,2.525877249
0.066254082,2.517010071
0.067434873,2.52503877
0.069661109,2.53314066
0.07041989,2.535105113
0.069974408,2.520719901
0.070993913,2.522963956
0.082630331,2.52155657
0.06735606,2.524533348
0.069223501,2.524680551
0.068831538,2.521495715
0.067794794,2.526576912
0.06531653,2.527802558
0.061589102,2.531954982
0.063728774,2.506573008
0.070756852,2.50856427
0.064492305,2.504518424
0.067372713,2.498117339
0.063594606,2.498611249
0.068243798,2.502068285
0.068795395,2.507068891
0.06671354,2.496989062
0.068266366,2.496874918
0.072725613,2.493187621
0.070295056,2.48778044
0.071585328,2.493414428
0.069874573,2.498472434
0.068267687,2.499063547
0.071677602,2.509392716
0.066726081,2.494981681
0.063803147,2.500819614
0.067256339,2.493907021
0.067814269,2.508420357
0.068268181,2.500185574
0.065276754,2.497580832
0.065160791,2.498993153
0.063448817,2.506901788
0.062811041,2.503690637
0.064423314,2.519031925
0.064775125,2.529460435
0.064566841,2.509889257
0.065448272,2.509882349
0.0626385,2.525297485
0.064513111,2.502826994
0.065956275,2.498043162
0.06416644,2.492969531
0.063925642,2.511067205
0.065968348,2.516311723
0.064192657,2.511948446
0.061964042,2.5071082
0.062103344,2.505248351
0.063147479,2.494675599
0.062655235,2.486734398
0.06319587,2.495799271
0.06447336,2.480211275
0.064619195,2.484517809
0.065295493,2.490062324
0.063509657,2.476765258
0.064601031,2.480957155
0.066143722,2.480118348
0.063869203,2.486851009
0.065236803,2.490480576
0.064480046,2.501020434
0.062764732,2.504082409
0.06374094,2.509257355
0.064709469,2.5125389
0.062317343,2.51161391
0.062319954,2.489789301
0.06480602,2.49207102
0.065638716,2.485047574
0.065244404,2.484884417
0.064665448,2.49580289
0.060937608,2.491662143
0.062411631,2.479168194
0.060827921,2.488409545
0.059602553,2.489287661
0.063470656,2.48406436
0.0595598,2.467645123
0.061728394,2.489514304
0.059866351,2.493166239
0.068761062,2.496602881
0.060595321,2.495199113
0.059029003,2.495971473
0.061105287,2.498107635
0.059237379,2.509255053
0.060606839,2.518522555
0.060526937,2.52780634
0.062625203,2.500004655
0.063999727,2.493748799
0.063116851,2.502109568
0.062715673,2.497723264
0.063872523,2.488169416
0.062661315,2.49608167
0.061117283,2.502814001
0.060580334,2.498084774
0.062603257,2.504962005
0.064623661,2.502003154
0.063582189,2.501111881
0.062519335,2.494953063
0.062267744,2.495423124
0.063395333,2.485328163
0.06412103,2.499814855
0.063396839,2.481611425
0.065233852,2.484765504
0.063243294,2.484933266
0.06597447,2.489073354
0.062041847,2.493763108
0.063951094,2.486376014
0.061484765,2.489145886
0.062399697,2.489926141
0.063500015,2.491847503
0.064488203,2.508284504
0.067481907,2.515629822
0.064942043,2.49186395
0.06413629,2.493727582
0.064960814,2.497918493
0.06643677,2.489203945
0.06513427,2.509780376
0.065304853,2.491969541
0.064941879,2.491219056
0.064997501,2.475236491
0.066317168,2.482226715
0.067164789,2.48257227
0.067431208,2.493001603
0.06857673,2.492211479
0.0673739,2.489024013
0.069638489,2.474053773
0.066418637,2.475891254
0.066518908,2.476838942
0.068327113,2.488783883
0.065933475,2.480042362
0.069296989,2.479503223
0.066197525,2.48448031
0.066306564,2.490147027
0.067025559,2.489903444
0.064137657,2.477577256
0.066798346,2.478333827
0.067411271,2.474194561
0.067990115,2.471112521
0.069275864,2.469488689
0.069793694,2.473011514
0.071494967,2.476830225
0.070927384,2.468882939
0.068392686,2.47623681
0.069878207,2.472397869
0.073124169,2.478333827
0.069303326,2.476103094
0.069970712,2.480892025
0.069448812,2.479420329
0.070802755,2.489858708
0.071770277,2.492838611
0.073560205,2.493320514
0.072675089,2.496128544
0.070126251,2.484485737
0.070215076,2.495439407
0.069696352,2.482098262
0.070353428,2.487911031
0.070863785,2.489717591
0.071703337,2.502948868
0.069126812,2.507489939
0.069853027,2.490598996
0.068203594,2.497635765
0.071840846,2.480214729
0.073999479,2.466763553
0.07291308,2.466218493
0.073052218,2.47297385
0.070131134,2.481173765
0.073099236,2.474602452
0.070703507,2.472220897
0.072251178,2.462017714
0.070897358,2.470236707
0.06952836,2.480916531
0.068542936,2.471508898
0.073201214,2.464624759
0.0693693,2.456919905
0.070440018,2.451992653
0.075201795,2.45467256
0.078263184,2.452144954
0.079698556,2.454854795
0.077788857,2.458819556
0.075681071,2.447057343
0.075256117,2.460837134
0.066969196,2.443189126
0.066990804,2.446652906
0.067226739,2.458528112
0.066718608,2.453376685
0.068510319,2.448048286
0.065603894,2.452472089
0.064198368,2.446577413
0.067706683,2.453535565
0.067195371,2.473959037
0.065577948,2.462666391
0.06543643,2.460219048
0.067000806,2.458783372
0.069383886,2.461046178
0.071359277,2.444352272
0.067471525,2.449728039
0.067254221,2.452360248
0.071323618,2.456177972
0.067743936,2.448441868
0.066788956,2.449018178
0.065275901,2.455938994
0.065750053,2.454290985
0.069324224,2.457361348
0.065708251,2.45141585
0.065969222,2.453350041
0.063658391,2.45976527
0.066279062,2.463103393
0.067675573,2.464650581
0.066327473,2.459848328
0.068750659,2.463437929
0.06529518,2.465372449
,2.463050762
,2.466960755
,2.466995458
,2.471135218
,2.460599965
,2.454948215
,2.460527104
,2.458982548
,2.452959749
,2.451623414
,2.451629499
,2.45558982
,2.456839314
,2.463120498
,2.451347101
,2.451521441
,2.453849542
,2.445212296
,2.447068691
,2.452343143
,2.44796309
,2.457850323
,2.443859843
,2.443720206
,2.454111217
,2.450874244
,2.443470044
,2.450205172
,2.448080194
,2.439332094
,2.442178775
,2.446180707
,2.444270529
,2.453015669
,2.461935807
,2.460296843
,2.450697437
,2.456626651
,2.448075095
,2.480939228
,2.469979144
,2.47676164
,2.466089053
,2.470692295
,2.484613203
,2.47783301
,2.474258705
,2.479328883
,2.467415849
,2.465587907
,2.47115002
,2.468041007
,2.469344283
,2.471969255
,2.464007331
,2.474015451
,2.463541547
,2.468218636
,2.466680659
,2.455485709
,2.456633724
,2.468543797
,2.465732971
,2.472616946
,2.473388977
,2.463732005
,2.472253956
,2.456647704
,2.459232216
,2.471194263
,2.471359393
,2.463462929
,2.457953776
,2.501401516
,2.449638895
,2.45067441
,2.445107692
,2.45105911
,2.451159603
,2.447058658
,2.449411924
,2.455438835
,2.459655074
,2.460899469
,2.447216223
,2.458348673
,2.459150145
,2.451426705
,2.455556432
,2.460559505
,2.463246484
,2.473204604
,2.472674676
,2.466474082
,2.459150145
,2.45704145
,2.46400322
,2.464747291
,2.458270055
,2.459560173
,2.455951658
,2.464581667
,2.461725118
,2.461604067
,2.456675335
,2.449915866
,2.445446998
,2.440563989
,2.445729725
,2.44317235
,2.442620382
,2.434525565
,2.435007797
,2.440844907
,2.440023863
,2.444623815
,2.452737711
,2.444861313
,2.446149128
,2.446687445
,2.461932846
,2.46838426
,2.466842828
,2.451502198
,2.453110076
,2.455460052
,2.451189208
,2.451982292
,2.453341652
,2.452646923
,2.455331599
,2.458300812
,2.466638718
,2.461036474
,2.451070623
,2.445859987
,2.452832447
,2.466162901
,2.470739498
,2.464089732
,2.47106433
,2.472553789
,2.462768035
,2.463770985
,2.455449854
,2.482098427
,2.47930783
,2.480180683
,2.467313383
,2.471752317
,2.473380096
,2.475268892
,2.479689077
,2.471420577
,2.483898901
,2.478488102
,2.491620203
,2.479822299
,2.472909377
,2.480671468
,2.484440836
,2.484758103
,2.477041407
,2.511256677
,2.496202063
,2.498281482
,2.494873294
,2.499806466
,2.507611484
,2.494437772
,2.480775907
,2.483669956
,2.480972451
,2.48991101
,2.483810086
,2.482593323
,2.491391751
,2.494414417
,2.514011253
,2.524739925
,2.521186343
,2.531025057
,2.551226328
,2.523719376
,2.499899393
,2.500045444
,2.49625272
,2.499838867
,2.500534255
,2.505565288
,2.522049657
,2.505426638
,2.46839495
,2.464076903
,2.466670626
,2.464701732
,2.457774501
,2.461626764
,2.475076789
,2.474211831
