Model,MeanAccuracy,StdAccuracy
Logistic,0.9623376623376624,0.05546534156899384
RandomForest,0.9619047619047618,0.05553287518900288
GradientBoosting,0.9904761904761905,0.01904761904761907
SVM,0.9619047619047618,0.05553287518900288
