Voc_V,Jsc_mAcm-2,FF,PCE_percent,Rs_ohm_cm2,Rsh_ohm_cm2,Vmp_V,Jmp_mAcm-2,Pmax_mWcm-2,Device_ID
1.1076078737609996,19.880957373222795,0.5522656849621509,12.161058782197994,6.99737164472591,684.4721855982591,0.766650021,15.86259499,12.161058782197994,device2
1.159399986,20.15420776090766,0.76078194517441,17.77703057610764,5.103654617301842,117.76649082120963,0.947899997,18.7541203,17.77703057610764,device3
1.107751193086849,21.972701696800616,0.7880153416906271,19.18051919888375,3.8573243530155628,294.3606964126914,0.947899997,20.23474972,19.18051919888375,device 4
1.1516287829266894,20.73757782,0.7604300938808735,18.160585042737193,5.488168757597696,7251.29656876927,0.959999979,18.9172765,18.160585042737193,device5
