Voc_V,Jsc_mAcm2,FF,PCE_percent,Rs_ohm_cm2,Rsh_ohm_cm2,Device,Scan,File
1.1130551394149402,20.178596289077195,0.6401612832652267,14.377952200116573,8.30434426885373,4474.454511753776,deviceA,Reverse,deviceA_LIV1.csv
1.1048827032373818,20.177046982342677,0.6500509725364254,14.491761983106965,8.245943870854289,5106.92862023312,deviceA,Forward,deviceA_LIV2.csv
1.1624804379369054,20.1542077592868,0.7587659522128775,17.77703057136814,7.594257753111045,7605.3966530848975,deviceB,Reverse,deviceB_LIV1.csv
1.1443829090044504,20.051937478783174,0.7467038337228303,17.1346834681668,6.118375868727226,3341.636254933958,deviceB,Forward,deviceB_LIV2.csv
1.1524229709770295,20.797108968,0.767191963107263,18.387340494736918,5.584745057738499,8414.256138810866,deviceC,Reverse,deviceC_LIV1.csv
1.1473452226738943,20.756445842,0.7711152529773916,18.363962448528312,4.786209399784143,4110.186342640512,deviceC,Forward,deviceC_LIV2.csv
