Voc_V,Jsc_mAcm2,FF,PCE_percent,Rs_ohm_cm2,Rsh_ohm_cm2,Device,Scan,File
1.1463275585455812,20.740309599,0.772241162584648,18.36017918173107,4.7228491752186885,4649.3754250854845,device038,Forward,device038_LIV2.csv
