Voc_V,Jsc_mAcm2,FF,PCE_percent,Rs_ohm_cm2,Rsh_ohm_cm2,Device,Scan,File
1.0787746838755703,18.721813271569417,0.6498537277274496,13.124847620608577,8.527440048474723,1601.1954148117707,device055,Reverse,device055_LIV1.csv
