Voc_V,Jsc_mAcm2,FF,PCE_percent,Rs_ohm_cm2,Rsh_ohm_cm2,Device,Scan,File
0.8433884892243547,18.351961354289035,0.46127121462441384,7.139478809627012,13.283674902094877,157.08541762279532,device102,Reverse,device102_LIV1.csv
