Voc_V,Jsc_mAcm2,FF,PCE_percent,Rs_ohm_cm2,Rsh_ohm_cm2,Device,Scan,File
0.6893170237525931,0.007487700399930814,0.4459325195911924,0.0023016358187379522,28820.798895492608,289252.942121867,device052,Forward,device052_LIV2.csv
