Voc_V,Jsc_mAcm2,FF,PCE_percent,Rs_ohm_cm2,Rsh_ohm_cm2,Device,Scan,File
0.199164470989283,13.082982938472952,0.26013776137429523,0.6778319577778609,14.007995100963834,15.84225448650028,device086,Reverse,device086_LIV1.csv
