Voc_V,Jsc_mAcm2,FF,PCE_percent,Rs_ohm_cm2,Rsh_ohm_cm2,Device,Scan,File
1.0324759564563286,19.241814411026667,0.4689454263227451,9.316403136652655,12.31424400652148,157.8626459601937,device045,Reverse,device045_LIV1.csv
