Voc_V,Jsc_mAcm2,FF,PCE_percent,Rs_ohm_cm2,Rsh_ohm_cm2,Device,Scan,File
1.17019999,6.067543638977974e-06,1.0104688652509812,7.174570956291e-06,564429458.2428402,25251203.68573692,device079,Reverse,device079_LIV1.csv
