Voc_V,Jsc_mAcm2,FF,PCE_percent,Rs_ohm_cm2,Rsh_ohm_cm2,Device,Scan,File
0.9674982116561086,17.456758834696817,0.3073204942142368,5.19045351636026,63004320.78433823,96.78904618169109,device026,Forward,device026_LIV2.csv
