Voc_V,Jsc_mAcm2,FF,PCE_percent,Rs_ohm_cm2,Rsh_ohm_cm2,Device,Scan,File
0.581304917731915,16.51732089395636,0.3819979964741476,3.667791910770193,15.64707187489496,76.22869144390565,device023,Reverse,device023_LIV1.csv
