Voc_V,Jsc_mAcm2,FF,PCE_percent,Rs_ohm_cm2,Rsh_ohm_cm2,Device,Scan,File
1.1436868449034092,20.05354076785978,0.7465796507383542,17.122782467112764,6.063899845348869,3221.211753298164,device014,Forward,device014_LIV2.csv
