Voc_V,Jsc_mAcm2,FF,PCE_percent,Rs_ohm_cm2,Rsh_ohm_cm2,Device,Scan,File
-0.170200005,-3.4618959666743617e-06,7.344093489953169,4.3272479220460005e-06,223419577.68620145,16064956.086832516,device081,Forward,device081_LIV2.csv
