Voc_V,Jsc_mAcm2,FF,PCE_percent,Rs_ohm_cm2,Rsh_ohm_cm2,Device,Scan,File
1.1281877465936314,20.740386695,0.7584703375907579,17.747485450579394,5.11443899583944,2975.951176046202,device030,Forward,device030_LIV2.csv
