Voc_V,Jsc_mAcm2,FF,PCE_percent,Rs_ohm_cm2,Rsh_ohm_cm2,Device,Scan,File
1.0686027308131651,18.516828974495134,0.6780189079337987,13.41605099134277,8.93554324679687,1142.8719502439274,device057,Reverse,device057_LIV1.csv
