Voc_V,Jsc_mAcm2,FF,PCE_percent,Rs_ohm_cm2,Rsh_ohm_cm2,Device,Scan,File
1.1495415408579006,20.792203077,0.7613152137782551,18.19657646750388,5.354425425911984,8397.163005308483,device028,Reverse,device028_LIV1.csv
