Voc_V,Jsc_mAcm2,FF,PCE_percent,Rs_ohm_cm2,Rsh_ohm_cm2,Device,Scan,File
1.1486563490268784,20.799292077,0.7600227247687116,18.1578844865062,5.308607389998143,8784.509397695654,device034,Reverse,device034_LIV1.csv
