Voc_V,Jsc_mAcm2,FF,PCE_percent,Rs_ohm_cm2,Rsh_ohm_cm2,Device,Scan,File
0.8005422550157236,13.054768479845922,0.4241025244715689,4.432250442531173,27.50864322362746,1607.3369552863944,device073,Reverse,device073_LIV1.csv
