Voc_V,Jsc_mAcm2,FF,PCE_percent,Rs_ohm_cm2,Rsh_ohm_cm2,Device,Scan,File
0.2435046563271906,17.991937474827882,0.23360538407552295,1.0234533491069109,14.278452057525115,12.010007938544815,device043,Forward,device043_LIV2.csv
