Voc_V,Jsc_mAcm2,FF,PCE_percent,Rs_ohm_cm2,Rsh_ohm_cm2,Device,Scan,File
1.1196794393125957,18.42781107777466,0.6657654210401042,13.736898498509714,8.590910490708916,4018.0124131392436,device104,Reverse,device104_LIV1.csv
