Voc_V,Jsc_mAcm2,FF,PCE_percent,Rs_ohm_cm2,Rsh_ohm_cm2,Device,Scan,File
0.7732860995326016,13.314118624139972,0.43417834318025467,4.470136475179276,21.611896434287367,999.8180726165992,device070,Reverse,device070_LIV1.csv
