Voc_V,Jsc_mAcm2,FF,PCE_percent,Rs_ohm_cm2,Rsh_ohm_cm2,Device,Scan,File
0.4996087382974597,13.386098226389436,0.318800437874366,2.132077281042482,33.98365111729515,69.37628585733256,device071,Reverse,device071_LIV1.csv
