Voc_V,Jsc_mAcm2,FF,PCE_percent,Rs_ohm_cm2,Rsh_ohm_cm2,Device,Scan,File
1.1423401561810556,20.784657925,0.7603638130867661,18.053431597428446,5.029313615502787,8546.482539259505,device033,Reverse,device033_LIV1.csv
