Voc_V,Jsc_mAcm2,FF,PCE_percent,Rs_ohm_cm2,Rsh_ohm_cm2,Device,Scan,File
1.17019999,5.269060404330886e-06,0.8144255071601865,5.02162912323e-06,70113322.3318695,69457218.12074958,device095,Reverse,device095_LIV1.csv
