Voc_V,Jsc_mAcm2,FF,PCE_percent,Rs_ohm_cm2,Rsh_ohm_cm2,Device,Scan,File
0.9444748272665009,18.526967213672037,0.4636324133476342,8.112757805063413,15.02830968287362,175.46936490388572,device101,Reverse,device101_LIV1.csv
