Voc_V,Jsc_mAcm2,FF,PCE_percent,Rs_ohm_cm2,Rsh_ohm_cm2,Device,Scan,File
1.1327423880627145,20.758509451,0.7501216021902865,17.638392035311504,5.8020828511654585,4218.5516813127015,device030,Reverse,device030_LIV1.csv
