Voc_V,Jsc_mAcm2,FF,PCE_percent,Rs_ohm_cm2,Rsh_ohm_cm2,Device,Scan,File
0.6132124115825873,12.534347193489868,0.3485980814603262,2.6794005940557146,25.375697370898635,213.54365790105024,device074,Forward,device074_LIV2.csv
