Voc_V,Jsc_mAcm2,FF,PCE_percent,Rs_ohm_cm2,Rsh_ohm_cm2,Device,Scan,File
0.7060839051942049,13.11335715357336,0.33230175886994784,3.076825327229894,33.843376308648295,364.9663544833029,device098,Forward,device098_LIV2.csv
