Voc_V,Jsc_mAcm2,FF,PCE_percent,Rs_ohm_cm2,Rsh_ohm_cm2,Device,Scan,File
1.17019999,4.4540436289947524e-06,0.7464610805783277,3.89064607848e-06,81258314.97882465,39571400.62355297,device085,Reverse,device085_LIV1.csv
