Voc_V,Jsc_mAcm2,FF,PCE_percent,Rs_ohm_cm2,Rsh_ohm_cm2,Device,Scan,File
1.1227754321258179,12.589403758834736,0.23591514931268018,3.334677915265368,132.81302975308404,280.0745222871677,device074,Reverse,device074_LIV1.csv
