Voc_V,Jsc_mAcm2,FF,PCE_percent,Rs_ohm_cm2,Rsh_ohm_cm2,Device,Scan,File
1.1625961861214822,20.171703604437727,0.7594758864891623,17.810883443410198,7.581880944302407,7279.252937442221,device004,Reverse,device004_LIV1.csv
