Voc_V,Jsc_mAcm2,FF,PCE_percent,Rs_ohm_cm2,Rsh_ohm_cm2,Device,Scan,File
0.41291754898959954,12.51936382791347,0.24979026452286315,1.2912820364688464,38.51247422384649,46.58818130395903,device072,Forward,device072_LIV2.csv
