Voc_V,Jsc_mAcm2,FF,PCE_percent,Rs_ohm_cm2,Rsh_ohm_cm2,Device,Scan,File
1.0488928087503577,18.969345881291716,0.5069711868195693,10.087109623773244,12.250713004374797,256.31438886208764,device046,Forward,device046_LIV2.csv
