Voc_V,Jsc_mAcm2,FF,PCE_percent,Rs_ohm_cm2,Rsh_ohm_cm2,Device,Scan,File
1.0802884706255698,19.428981060524045,0.6586102950722171,13.823508411908115,7.756428392205706,2430.67086445241,device020,Reverse,device020_LIV1.csv
