Voc_V,Jsc_mAcm2,FF,PCE_percent,Rs_ohm_cm2,Rsh_ohm_cm2,Device,Scan,File
1.1576934135588821,20.13643189151162,0.7608299404767158,17.736326494268962,7.084655102032218,6795.352768451207,device016,Reverse,device016_LIV1.csv
