Voc_V,Jsc_mAcm2,FF,PCE_percent,Rs_ohm_cm2,Rsh_ohm_cm2,Device,Scan,File
0.01892832825524331,0.2780290239048263,0.24706383224563608,0.0013002042085000002,67.45037871057772,67.29589710447958,device096,Forward,device096_LIV2.csv
