Voc_V,Jsc_mAcm2,FF,PCE_percent,Rs_ohm_cm2,Rsh_ohm_cm2,Device,Scan,File
0.010947918819727877,6.384943119504497,0.1736810936370629,0.0121406278345,57334370.938401535,1.712308641653694,device089,Forward,device089_LIV2.csv
