Voc_V,Jsc_mAcm2,FF,PCE_percent,Rs_ohm_cm2,Rsh_ohm_cm2,Device,Scan,File
1.1035394374518674,21.299905157155365,0.7578190769121177,17.8127536502103,6.618390449004331,11259.591175453717,device051,Reverse,device051_LIV1.csv
