Voc_V,Jsc_mAcm2,FF,PCE_percent,Rs_ohm_cm2,Rsh_ohm_cm2,Device,Scan,File
1.1430094033517653,20.037658902203994,0.7469366603920977,17.107264030372477,6.012889715226606,3581.1640582424816,device016,Forward,device016_LIV2.csv
