Voc_V,Jsc_mAcm2,FF,PCE_percent,Rs_ohm_cm2,Rsh_ohm_cm2,Device,Scan,File
0.7357788137065565,17.438553208504278,0.3828536868630525,4.9123642592706735,17.758579911886677,88.27010776462538,device022,Forward,device022_LIV2.csv
