Voc_V,Jsc_mAcm2,FF,PCE_percent,Rs_ohm_cm2,Rsh_ohm_cm2,Device,Scan,File
1.0233160829402106,24.04685178370353,0.7309151776270993,17.98601728834435,6.337541569845712,2174.303764713549,device065,Forward,device065_LIV2.csv
