Voc_V,Jsc_mAcm2,FF,PCE_percent,Rs_ohm_cm2,Rsh_ohm_cm2,Device,Scan,File
1.0234890508290708,24.12062555473684,0.7286302782886184,17.98783860416151,6.5384699368915635,2385.4215354140974,device061,Forward,device061_LIV2.csv
