Voc_V,Jsc_mAcm2,FF,PCE_percent,Rs_ohm_cm2,Rsh_ohm_cm2,Device,Scan,File
1.1427427142696407,20.75196398,0.7687975723767951,18.231385290788438,4.552524023723928,4913.054327239646,device028,Forward,device028_LIV2.csv
