Voc_V,Jsc_mAcm2,FF,PCE_percent,Rs_ohm_cm2,Rsh_ohm_cm2,Device,Scan,File
0.7030096425020204,0.00820925614155791,0.4674940931263858,0.002697995470652699,27673.39819017305,315932.9273566646,device012,Reverse,device012_LIV1.csv
