Voc_V,Jsc_mAcm2,FF,PCE_percent,Rs_ohm_cm2,Rsh_ohm_cm2,Device,Scan,File
0.4768942044492754,6.133083873828318e-06,0.3308042168834214,9.675468104939998e-07,73678655.43418492,28802755.95980316,device025,Reverse,device025_LIV1.csv
