Voc_V,Jsc_mAcm2,FF,PCE_percent,Rs_ohm_cm2,Rsh_ohm_cm2,Device,Scan,File
0.008964385664272153,12.060800020552065,-0.35415890556341406,-0.0382908331307,0.7424772493880717,0.7424772493880717,device044,Reverse,device044_LIV1.csv
