Voc_V,Jsc_mAcm2,FF,PCE_percent,Rs_ohm_cm2,Rsh_ohm_cm2,Device,Scan,File
0.014689287425556877,9.790709163177425,0.24398722155720518,0.0350898862265,1.5008491146259824,1.5000242743615118,device105,Reverse,device105_LIV1.csv
