Voc_V,Jsc_mAcm2,FF,PCE_percent,Rs_ohm_cm2,Rsh_ohm_cm2,Device,Scan,File
1.1262069393553737,19.19120269212037,0.6603414313590409,14.27213477331436,8.752210857360367,2660.7346831113687,device103,Reverse,device103_LIV1.csv
