Voc_V,Jsc_mAcm2,FF,PCE_percent,Rs_ohm_cm2,Rsh_ohm_cm2,Device,Scan,File
0.7437205232103896,17.46852413063638,0.39106715021357014,5.080627058728067,18.30577715059056,91.86796932032541,device024,Forward,device024_LIV2.csv
