Voc_V,Jsc_mAcm2,FF,PCE_percent,Rs_ohm_cm2,Rsh_ohm_cm2,Device,Scan,File
-0.07793825566135112,-3.343879137143595e-06,1.2191694655642367,3.177352e-07,64738262.1297083,14384835.58260787,device025,Forward,device025_LIV2.csv
