Voc_V,Jsc_mAcm2,FF,PCE_percent,Rs_ohm_cm2,Rsh_ohm_cm2,Device,Scan,File
1.0228362307501586,24.037485918833852,0.7316269352381334,17.988080889807645,6.277197941931417,2232.296483375049,device066,Forward,device066_LIV2.csv
