Voc_V,Jsc_mAcm2,FF,PCE_percent,Rs_ohm_cm2,Rsh_ohm_cm2,Device,Scan,File
1.1461794892688566,20.753565012,0.7700783155917209,18.318092037691727,4.739131691883291,1388.1601167599079,device027,Forward,device027_LIV2.csv
