Voc_V,Jsc_mAcm2,FF,PCE_percent,Rs_ohm_cm2,Rsh_ohm_cm2,Device,Scan,File
1.0274439271172682,24.156032977465042,0.7477608314211271,18.558653183046683,5.490292955912919,5030.262199009612,device064,Reverse,device064_LIV1.csv
