Voc_V,Jsc_mAcm2,FF,PCE_percent,Rs_ohm_cm2,Rsh_ohm_cm2,Device,Scan,File
1.0025713407239554,19.1753279305731,0.41884554766777987,8.052152453688581,15.531277028852493,130.33944763291714,device045,Forward,device045_LIV2.csv
