Voc_V,Jsc_mAcm2,FF,PCE_percent,Rs_ohm_cm2,Rsh_ohm_cm2,Device,Scan,File
1.0775411621224336,19.412144944922044,0.6757560015534749,14.135048601410691,7.262967488381578,2607.9107836734743,device021,Reverse,device021_LIV1.csv
