Voc_V,Jsc_mAcm2,FF,PCE_percent,Rs_ohm_cm2,Rsh_ohm_cm2,Device,Scan,File
0.60523598584344,19.560435165020067,0.552655859922176,6.542715467124983,8.178893907076574,212.88445132519394,device056,Reverse,device056_LIV1.csv
