Voc_V,Jsc_mAcm2,FF,PCE_percent,Rs_ohm_cm2,Rsh_ohm_cm2,Device,Scan,File
0.019006140120339538,0.27948615174613867,0.24714740123746967,0.00131283537,67.2745365799735,67.09127343053136,device096,Reverse,device096_LIV1.csv
