Voc_V,Jsc_mAcm2,FF,PCE_percent,Rs_ohm_cm2,Rsh_ohm_cm2,Device,Scan,File
1.1496286129708873,20.14817315727934,0.7461457098223897,17.282910669511377,6.524716003302891,3077.2515660196027,device015,Forward,device015_LIV2.csv
