Voc_V,Jsc_mAcm2,FF,PCE_percent,Rs_ohm_cm2,Rsh_ohm_cm2,Device,Scan,File
1.1511596034347689,20.798533964,0.7639764788597738,18.291454978754413,5.5048706937415774,9156.2971921348,device027,Reverse,device027_LIV1.csv
