Voc_V,Jsc_mAcm2,FF,PCE_percent,Rs_ohm_cm2,Rsh_ohm_cm2,Device,Scan,File
0.7320478229063455,13.026744976465286,0.3663692826023736,3.4937708625087804,30.424005648990214,939.4931467648689,device073,Forward,device073_LIV2.csv
