Voc_V,Jsc_mAcm2,FF,PCE_percent,Rs_ohm_cm2,Rsh_ohm_cm2,Device,Scan,File
1.11456533980547,18.36016213315575,0.6804666203034403,13.924796967243813,7.773186406152716,2595.819206746536,device104,Forward,device104_LIV2.csv
