Voc_V,Jsc_mAcm2,FF,PCE_percent,Rs_ohm_cm2,Rsh_ohm_cm2,Device,Scan,File
0.9879723524297775,18.92565315326238,0.4846394207370153,9.061798583526631,10.471414171203627,280.5589422677611,device042,Forward,device042_LIV2.csv
