Voc_V,Jsc_mAcm2,FF,PCE_percent,Rs_ohm_cm2,Rsh_ohm_cm2,Device,Scan,File
0.7532151104421217,6.076771816636639e-06,0.7396604594204906,3.3855119859600002e-06,138278717.49869096,22457835.543602005,device091,Reverse,device091_LIV1.csv
