Voc_V,Jsc_mAcm2,FF,PCE_percent,Rs_ohm_cm2,Rsh_ohm_cm2,Device,Scan,File
-0.170200005,-3.861607376127764e-06,0.8395467700941993,5.5178841621e-07,1226462877.7309425,8199247.982573508,device093,Forward,device093_LIV2.csv
