Voc_V,Jsc_mAcm2,FF,PCE_percent,Rs_ohm_cm2,Rsh_ohm_cm2,Device,Scan,File
0.025239384086742762,12.675115131049157,0.2481628200776228,0.0793902886986,1.9917417518853622,1.9908003993054455,device041,Reverse,device041_LIV1.csv
