Voc_V,Jsc_mAcm2,FF,PCE_percent,Rs_ohm_cm2,Rsh_ohm_cm2,Device,Scan,File
0.4024820050344812,12.656961255758189,0.2545518561522812,1.296737847679256,37.22917084877411,47.63836190758679,device068,Forward,device068_LIV2.csv
