Voc_V,Jsc_mAcm2,FF,PCE_percent,Rs_ohm_cm2,Rsh_ohm_cm2,Device,Scan,File
1.1485758799103356,20.122873378097744,0.7455282025471321,17.231130171461356,6.446412204222778,3236.815374806377,device013,Forward,device013_LIV2.csv
