Voc_V,Jsc_mAcm2,FF,PCE_percent,Rs_ohm_cm2,Rsh_ohm_cm2,Device,Scan,File
1.1382023527272263,20.748908399,0.767664843544929,18.12952327381667,4.365039803298275,5271.860766515422,device033,Forward,device033_LIV2.csv
