Voc_V,Jsc_mAcm2,FF,PCE_percent,Rs_ohm_cm2,Rsh_ohm_cm2,Device,Scan,File
0.798585151212195,17.89539818749865,0.43100146273578394,6.159441588276984,15.80236977730164,110.52344684486299,device024,Reverse,device024_LIV1.csv
