Voc_V,Jsc_mAcm2,FF,PCE_percent,Rs_ohm_cm2,Rsh_ohm_cm2,Device,Scan,File
0.8031452021975197,13.251316577746694,0.41121433474872654,4.376443684687335,24.735165531530516,898.4373410283351,device078,Reverse,device078_LIV1.csv
