Voc_V,Jsc_mAcm2,FF,PCE_percent,Rs_ohm_cm2,Rsh_ohm_cm2,Device,Scan,File
1.17019999,3.2009127676816366e-06,0.6457776192965149,2.4188944521210004e-06,804140650.1792504,38131670.01495893,device082,Reverse,device082_LIV1.csv
