Voc_V,Jsc_mAcm2,FF,PCE_percent,Rs_ohm_cm2,Rsh_ohm_cm2,Device,Scan,File
1.0885985471876531,18.613131086271878,0.6752312418101358,13.681689009067046,8.618246109041253,2424.5658707527227,device057,Forward,device057_LIV2.csv
