Voc_V,Jsc_mAcm2,FF,PCE_percent,Rs_ohm_cm2,Rsh_ohm_cm2,Device,Scan,File
1.0272678412573666,24.144791518073056,0.7485203175140187,18.565675082205203,5.437445536635858,4897.1679212463805,device065,Reverse,device065_LIV1.csv
