Voc_V,Jsc_mAcm2,FF,PCE_percent,Rs_ohm_cm2,Rsh_ohm_cm2,Device,Scan,File
0.6809672463840309,0.00811213799282851,0.5079565451532027,0.002806002888870984,26103.74953696352,309545.5642276894,device010,Forward,device010_LIV2.csv
