Voc_V,Jsc_mAcm2,FF,PCE_percent,Rs_ohm_cm2,Rsh_ohm_cm2,Device,Scan,File
1.0852132482281325,18.86131190140936,0.6649000781201155,13.609537538107341,8.611493608620796,2355.7358721848605,device058,Forward,device058_LIV2.csv
