Voc_V,Jsc_mAcm2,FF,PCE_percent,Rs_ohm_cm2,Rsh_ohm_cm2,Device,Scan,File
0.012414788744061052,0.00999922710756546,0.0689651086068381,8.5612108e-06,61059143.450605206,1181.617167381921,device047,Forward,device047_LIV2.csv
