Voc_V,Jsc_mAcm2,FF,PCE_percent,Rs_ohm_cm2,Rsh_ohm_cm2,Device,Scan,File
0.006857045541517534,4.199118924813147,-0.29700952911677614,-0.0085519586385,1.6318623267402144,1.6318623267402144,device087,Forward,device087_LIV2.csv
