Voc_V,Jsc_mAcm2,FF,PCE_percent,Rs_ohm_cm2,Rsh_ohm_cm2,Device,Scan,File
1.1707774697267277,20.227763617938997,0.7548546294683625,17.87662578422043,8.303981877390381,7433.079282841333,device013,Reverse,device013_LIV1.csv
