Voc_V,Jsc_mAcm2,FF,PCE_percent,Rs_ohm_cm2,Rsh_ohm_cm2,Device,Scan,File
0.5080006169766531,13.421433877791294,0.28140765902434567,1.9186646287116385,35.595215328250305,70.1086151976087,device076,Reverse,device076_LIV1.csv
