Voc_V,Jsc_mAcm2,FF,PCE_percent,Rs_ohm_cm2,Rsh_ohm_cm2,Device,Scan,File
0.7068800791622672,13.288295199689289,0.3719348672579819,3.4936701856178782,23.367182739870525,600.3493532068431,device070,Forward,device070_LIV2.csv
