Voc_V,Jsc_mAcm2,FF,PCE_percent,Rs_ohm_cm2,Rsh_ohm_cm2,Device,Scan,File
-0.170200005,-4.18540280487929e-07,3.211781567983115,2.2879305162899997e-07,99259190.81700854,11364729.285554258,device079,Forward,device079_LIV2.csv
