Voc_V,Jsc_mAcm2,FF,PCE_percent,Rs_ohm_cm2,Rsh_ohm_cm2,Device,Scan,File
1.171567978764251,20.26329902812613,0.7529248289996232,17.874309164022762,8.432752817978942,6642.389455027491,device015,Reverse,device015_LIV1.csv
