Voc_V,Jsc_mAcm2,FF,PCE_percent,Rs_ohm_cm2,Rsh_ohm_cm2,Device,Scan,File
-0.170200005,-2.2590704683916267e-06,1.172163523471349,4.5068961324e-07,227281666.12726718,3802662.1235152357,device099,Forward,device099_LIV2.csv
