Voc_V,Jsc_mAcm2,FF,PCE_percent,Rs_ohm_cm2,Rsh_ohm_cm2,Device,Scan,File
0.05605664732817988,2.2014844920554575,0.2150831746650214,0.026542949956200004,25.440461768654377,24.61678249850725,device059,Forward,device059_LIV2.csv
