Voc_V,Jsc_mAcm2,FF,PCE_percent,Rs_ohm_cm2,Rsh_ohm_cm2,Device,Scan,File
0.7319905820376332,14.335682626726657,0.29352079981645474,3.0800853652344258,48.775566516056145,318.31283955979285,device084,Forward,device084_LIV2.csv
