Voc_V,Jsc_mAcm2,FF,PCE_percent,Rs_ohm_cm2,Rsh_ohm_cm2,Device,Scan,File
-0.170200005,-3.9251644233947795e-06,0.8099023778602783,5.41065815895e-07,619772148.5498623,104229020.31465806,device080,Forward,device080_LIV2.csv
