Voc_V,Jsc_mAcm2,FF,PCE_percent,Rs_ohm_cm2,Rsh_ohm_cm2,Device,Scan,File
1.219799995,4.252850982455266e-06,1.131770044755947,5.871201529104e-06,1458818630.6078396,73000513.80284885,device048,Reverse,device048_LIV1.csv
