Voc_V,Jsc_mAcm2,FF,PCE_percent,Rs_ohm_cm2,Rsh_ohm_cm2,Device,Scan,File
0.5232445408612304,19.54984882508061,0.5531924735092881,5.658800354043456,7.915736167703269,195.6523240497781,device056,Forward,device056_LIV2.csv
