Voc_V,Jsc_mAcm2,FF,PCE_percent,Rs_ohm_cm2,Rsh_ohm_cm2,Device,Scan,File
1.160892349063052,20.14370030982596,0.7594149820787973,17.758666904726258,7.21532608298211,5911.703672569327,device014,Reverse,device014_LIV1.csv
