Voc_V,Jsc_mAcm2,FF,PCE_percent,Rs_ohm_cm2,Rsh_ohm_cm2,Device_ID,Scan
1.1326336524037308,20.64609588954949,0.5757160704966847,13.462811146305121,10.501844974820678,3633.6862841912016,deviceG_LIV1,Reverse
