Voc_V,Jsc_mAcm2,FF,PCE_percent,Rs_ohm_cm2,Rsh_ohm_cm2,Device,Scan,File
-0.170200005,-3.4144966372314306e-06,0.8265332404327945,4.80337598008e-07,37258922.20919764,50287623.963222995,device100,Forward,device100_LIV2.csv
