Voc_V,Jsc_mAcm2,FF,PCE_percent,Rs_ohm_cm2,Rsh_ohm_cm2,Device,Scan,File
1.0853705707631853,19.433875632232358,0.6226567182402849,13.133671188772162,8.767238552619201,2861.628197437099,device020,Forward,device020_LIV2.csv
