Voc_V,Jsc_mAcm2,FF,PCE_percent,Rs_ohm_cm2,Rsh_ohm_cm2,Device,Scan,File
1.1003623615889493,21.106099102277934,0.7637949935573997,17.73864764499336,6.5795984114894575,8792.64396139072,device011,Forward,device011_LIV2.csv
