Voc_V,Jsc_mAcm2,FF,PCE_percent,Rs_ohm_cm2,Rsh_ohm_cm2,Device,Scan,File
0.6808531995584767,14.053954029805041,0.25294658026794703,2.4203647743144447,44095421.35653647,147.75876379513238,device092,Forward,device092_LIV2.csv
