Voc_V,Jsc_mAcm2,FF,PCE_percent,Rs_ohm_cm2,Rsh_ohm_cm2,Device,Scan,File
0.05628493861255,2.280004860332524,0.215841694139017,0.027698950277,24.62194666294125,24.128726232635533,device059,Reverse,device059_LIV1.csv
