Voc_V,Jsc_mAcm2,FF,PCE_percent,Rs_ohm_cm2,Rsh_ohm_cm2,Device,Scan,File
1.054314991973296,18.192962233746425,0.5673398467921762,10.882209615094226,12.152187242909262,316.6436276340859,device106,Forward,device106_LIV2.csv
