Voc_V,Jsc_mAcm2,FF,PCE_percent,Rs_ohm_cm2,Rsh_ohm_cm2,Device,Scan,File
0.014596606589486097,9.733353966347384,0.2434881202169559,0.034593316252,1.4997234060675946,1.4990612218163921,device105,Forward,device105_LIV2.csv
