Voc_V,Jsc_mAcm2,FF,PCE_percent,Rs_ohm_cm2,Rsh_ohm_cm2,Device,Scan,File
0.5671063658506555,13.484146713714061,0.34420326130065865,2.632103559233616,26.86297304867528,86.199420735168,device069,Reverse,device069_LIV1.csv
