Voc_V,Jsc_mAcm2,FF,PCE_percent,Rs_ohm_cm2,Rsh_ohm_cm2,Device,Scan,File
0.3847547593490612,13.049226537166854,0.282661579529329,1.4191736952673448,27.93216379454937,47.98004470349323,device071,Forward,device071_LIV2.csv
