Voc_V,Jsc_mAcm2,FF,PCE_percent,Rs_ohm_cm2,Rsh_ohm_cm2,Device,Scan,File
1.067072425896194,18.254312355546226,0.5560370298970779,10.83086368604461,12.000838625882016,365.37545071040864,device106,Reverse,device106_LIV1.csv
