Voc_V,Jsc_mAcm2,FF,PCE_percent,Rs_ohm_cm2,Rsh_ohm_cm2,Device,Scan,File
1.0929681618480114,19.028548396087082,0.6602450229004689,13.731510279328466,8.98341513961287,3501.360870587782,device054,Forward,device054_LIV2.csv
