Voc_V,Jsc_mAcm2,FF,PCE_percent,Rs_ohm_cm2,Rsh_ohm_cm2,Device,Scan,File
1.17019999,5.2253791984691005e-06,0.9840182082112888,6.0170142052760005e-06,319635955.95008993,56022071.27686934,device099,Reverse,device099_LIV1.csv
