Voc_V,Jsc_mAcm2,FF,PCE_percent,Rs_ohm_cm2,Rsh_ohm_cm2,Device,Scan,File
1.1364046668284584,20.771272733,0.7610298450445457,17.963783215759186,4.584057654169086,7500.121806885841,device031,Reverse,device031_LIV1.csv
