Voc_V,Jsc_mAcm2,FF,PCE_percent,Rs_ohm_cm2,Rsh_ohm_cm2,Device,Scan,File
1.065874219412568,18.730026646770042,0.6654614168178818,13.285173590890084,8.960036530924368,1105.0801232568988,device058,Reverse,device058_LIV1.csv
