Voc_V,Jsc_mAcm2,FF,PCE_percent,Rs_ohm_cm2,Rsh_ohm_cm2,Device,Scan,File
1.027076317281371,24.129425125196033,0.7491242620419902,18.5653676171814,5.390228954389241,4474.982883082137,device066,Reverse,device066_LIV1.csv
