Voc_V,Jsc_mAcm2,FF,PCE_percent,Rs_ohm_cm2,Rsh_ohm_cm2,Device,Scan,File
1.0233623869282296,24.138007505945954,0.7281449728975742,17.986585405458264,6.550130826931463,2526.847267865772,device060,Forward,device060_LIV2.csv
