Voc_V,Jsc_mAcm2,FF,PCE_percent,Rs_ohm_cm2,Rsh_ohm_cm2,Device,Scan,File
1.1697014180218905,20.2076585207307,0.7553598908299961,17.854386467297815,8.16860598091648,7030.632538457586,device017,Reverse,device017_LIV1.csv
