Voc_V,Jsc_mAcm2,FF,PCE_percent,Rs_ohm_cm2,Rsh_ohm_cm2,Device,Scan,File
0.9479585638751477,14.493581238339887,0.3691051315088652,5.071251469162091,58.79502627640774,1826.4503410420941,device088,Reverse,device088_LIV1.csv
