Voc_V,Jsc_mAcm2,FF,PCE_percent,Rs_ohm_cm2,Rsh_ohm_cm2,Device,Scan,File
0.4212720600690099,12.982627228746221,0.3167398751044157,1.732319463538725,24.75314736036048,74.27517319649847,device094,Forward,device094_LIV2.csv
