Voc_V,Jsc_mAcm2,FF,PCE_percent,Rs_ohm_cm2,Rsh_ohm_cm2,Device,Scan,File
1.1425293988960958,20.758952754,0.7672701858993356,18.197894685441046,4.546549774768704,5069.051409682436,device034,Forward,device034_LIV2.csv
