Voc_V,Jsc_mAcm2,FF,PCE_percent,Rs_ohm_cm2,Rsh_ohm_cm2,Device,Scan,File
0.35671487624266685,18.478478003274592,0.264963480729333,1.7465194999087879,17.02346516807802,14.027065904995315,device043,Reverse,device043_LIV1.csv
