Voc_V,Jsc_mAcm2,FF,PCE_percent,Rs_ohm_cm2,Rsh_ohm_cm2,Device,Scan,File
1.15005456094055,20.800772325,0.7645076017248918,18.288568495937557,5.409734792379674,8176.098965472571,device036,Reverse,device036_LIV1.csv
