Voc_V,Jsc_mAcm2,FF,PCE_percent,Rs_ohm_cm2,Rsh_ohm_cm2,Device,Scan,File
1.1476443593779504,20.09723301689631,0.7458832428366079,17.2034062359594,6.372909694930451,3101.2420438266017,device017,Forward,device017_LIV2.csv
