Voc_V,Jsc_mAcm2,FF,PCE_percent,Rs_ohm_cm2,Rsh_ohm_cm2,Device,Scan,File
1.17019999,5.910053707317239e-06,0.6905484211436269,4.775794754900001e-06,94724077.32710804,20489961.99583039,device093,Reverse,device093_LIV1.csv
