Voc_V,Jsc_mAcm2,FF,PCE_percent,Rs_ohm_cm2,Rsh_ohm_cm2,Device,Scan,File
1.0277251889009689,24.181135098911664,0.7463169919352578,18.547142726094762,5.560778529707505,4538.857018978555,device062,Reverse,device062_LIV1.csv
