Voc_V,Jsc_mAcm2,FF,PCE_percent,Rs_ohm_cm2,Rsh_ohm_cm2,Device,Scan,File
1.0279711428154839,24.208929319360095,0.7450147644591555,18.5404975799002,5.571393295716843,4896.929292442807,device061,Reverse,device061_LIV1.csv
