Voc_V,Jsc_mAcm2,FF,PCE_percent,Rs_ohm_cm2,Rsh_ohm_cm2,Device,Scan,File
1.1302537001539736,20.74418497,0.766588354222075,17.973577599318347,5.191925520741302,5447.47858269759,device031,Forward,device031_LIV2.csv
