Voc_V,Jsc_mAcm2,FF,PCE_percent,Rs_ohm_cm2,Rsh_ohm_cm2,Device,Scan,File
1.140124480341323,20.748977786,0.7640316265729453,18.074251153544147,4.718392394606056,5739.362895432471,device032,Reverse,device032_LIV1.csv
