Voc_V,Jsc_mAcm2,FF,PCE_percent,Rs_ohm_cm2,Rsh_ohm_cm2,Device,Scan,File
0.4947447113995736,13.10077918139269,0.33971957379465634,2.201906419162848,25.855401870992793,98.51809367914512,device094,Reverse,device094_LIV1.csv
