Voc_V,Jsc_mAcm2,FF,PCE_percent,Rs_ohm_cm2,Rsh_ohm_cm2,Device,Scan,File
1.219799995,7.491678802096729e-06,0.8850785895969462,8.08815772155e-06,540345431.2095546,25227113.65394985,device050,Reverse,device050_LIV1.csv
