Voc_V,Jsc_mAcm2,FF,PCE_percent,Rs_ohm_cm2,Rsh_ohm_cm2,Device,Scan,File
0.4697273998535653,13.413738462776625,0.32381701528601975,2.040306408725618,24.710795868146267,69.19063447887508,device069,Forward,device069_LIV2.csv
