Voc_V,Jsc_mAcm2,FF,PCE_percent,Rs_ohm_cm2,Rsh_ohm_cm2,Device,Scan,File
1.0233606236227963,24.060729227240152,0.7303410227274084,17.983043028159717,6.397916507304445,2160.9897097796543,device064,Forward,device064_LIV2.csv
