Voc_V,Jsc_mAcm2,FF,PCE_percent,Rs_ohm_cm2,Rsh_ohm_cm2,Device,Scan,File
0.7813254667591119,17.895527840612196,0.4248881068019853,5.940883931647063,15.118220437964114,109.18385552409399,device022,Reverse,device022_LIV1.csv
