Voc_V,Jsc_mAcm2,FF,PCE_percent,Rs_ohm_cm2,Rsh_ohm_cm2,Device,Scan,File
0.1980957392492684,12.974083305961482,0.2623802579793377,0.6743462884493158,13.346914495567772,16.60327126696957,device090,Forward,device090_LIV2.csv
