Voc_V,Jsc_mAcm2,FF,PCE_percent,Rs_ohm_cm2,Rsh_ohm_cm2,Device,Scan,File
1.0268887718401138,24.120155578269316,0.7499228265697,18.574626216920823,5.3387462113023725,4393.1081745199235,device067,Reverse,device067_LIV1.csv
