Voc_V,Jsc_mAcm2,FF,PCE_percent,Rs_ohm_cm2,Rsh_ohm_cm2,Device,Scan,File
1.1742874050680283,20.28441683443012,0.7560054535735394,18.007849719790457,5.45952073019795,5343.602269890333,device006,Reverse,device006_LIV1.csv
