Voc_V,Jsc_mAcm2,FF,PCE_percent,Rs_ohm_cm2,Rsh_ohm_cm2,Device,Scan,File
0.4131775543953494,12.97922390899468,0.26223589936476616,1.4062987492623207,34.27700506116633,49.72099329028578,device076,Forward,device076_LIV2.csv
