Voc_V,Jsc_mAcm2,FF,PCE_percent,Rs_ohm_cm2,Rsh_ohm_cm2,Device,Scan,File
0.53331017493668,12.990650720019627,0.26559219423251373,1.8400349941362553,44.63158890349221,68.29952725008131,device068,Reverse,device068_LIV1.csv
