Voc_V,Jsc_mAcm2,FF,PCE_percent,Rs_ohm_cm2,Rsh_ohm_cm2,Device,Scan,File
0.5541679575627528,16.024748547674985,0.36580574825486495,3.248502161742925,16.327123981107402,67.80000549624206,device023,Forward,device023_LIV2.csv
