Voc_V,Jsc_mAcm2,FF,PCE_percent,Rs_ohm_cm2,Rsh_ohm_cm2,Device,Scan,File
1.023407051982422,24.077619409516526,0.7301653236164047,17.99215378721869,6.457297026472716,2010.3684808323617,device063,Forward,device063_LIV2.csv
