Voc_V,Jsc_mAcm2,FF,PCE_percent,Rs_ohm_cm2,Rsh_ohm_cm2,Device,Scan,File
0.5012942319171737,12.971019598995575,0.2760465020837173,1.7949364271225894,42.16797146008599,65.63944410233727,device072,Reverse,device072_LIV1.csv
