Voc_V,Jsc_mAcm2,FF,PCE_percent,Rs_ohm_cm2,Rsh_ohm_cm2,Device,Scan,File
1.1043057982119961,21.277436185294846,0.7652447368343421,17.980799586644785,6.548552272323412,8622.254998558978,device051,Forward,device051_LIV2.csv
