Voc_V,Jsc_mAcm2,FF,PCE_percent,Rs_ohm_cm2,Rsh_ohm_cm2,Device,Scan,File
1.0221903297672612,24.02601603398794,0.7323805588325196,17.986652242765786,6.217451240848638,2044.638421880999,device067,Forward,device067_LIV2.csv
