Voc_V,Jsc_mAcm2,FF,PCE_percent,Rs_ohm_cm2,Rsh_ohm_cm2,Device,Scan,File
0.14156052615706163,12.213149546479883,0.2582818420340855,0.4465434446230546,52136265.823802575,12.309892625313186,device083,Forward,device083_LIV2.csv
