Voc_V,Jsc_mAcm2,FF,PCE_percent,Rs_ohm_cm2,Rsh_ohm_cm2,Device,Scan,File
-0.170200005,-2.5990973163455478e-06,0.8095118204186068,3.5810081051999997e-07,900943345.8959898,112200685.69531359,device095,Forward,device095_LIV2.csv
