Voc_V,Jsc_mAcm2,FF,PCE_percent,Rs_ohm_cm2,Rsh_ohm_cm2,Device,Scan,File
1.0288734577710894,24.210273579857027,0.7441876742672596,18.537199907525032,5.548886881550715,3955.8658436074948,device060,Reverse,device060_LIV1.csv
