Voc_V,Jsc_mAcm2,FF,PCE_percent,Rs_ohm_cm2,Rsh_ohm_cm2,Device,Scan,File
1.154034211233133,20.813691084,0.7642855347204123,18.357918103380534,5.730587559216653,8581.61671718497,device037,Reverse,device037_LIV1.csv
