Voc_V,Jsc_mAcm2,FF,PCE_percent,Rs_ohm_cm2,Rsh_ohm_cm2,Device,Scan,File
0.012514091815273302,0.022079294964734403,0.07725572828948382,2.13459373e-05,537.0249061257268,537.0045735452362,device047,Reverse,device047_LIV1.csv
