Voc_V,Jsc_mAcm2,FF,PCE_percent,Rs_ohm_cm2,Rsh_ohm_cm2,Device,Scan,File
1.0762323398957252,19.53879465014191,0.6509301644656779,13.687943506619673,7.730014199514711,1354.1205423812457,device019,Reverse,device019_LIV1.csv
