Voc_V,Jsc_mAcm2,FF,PCE_percent,Rs_ohm_cm2,Rsh_ohm_cm2,Device,Scan,File
0.18413150843138673,12.747543522730858,0.2628717866674086,0.6170190763731291,13.775383320117886,14.822724616371865,device083,Reverse,device083_LIV1.csv
