Voc_V,Jsc_mAcm2,FF,PCE_percent,Rs_ohm_cm2,Rsh_ohm_cm2,Device,Scan,File
0.1649451859628589,12.871243915512974,0.2498276365703392,0.5303964941731114,11.937819627192148,13.664652112617143,device086,Forward,device086_LIV2.csv
