Voc_V,Jsc_mAcm2,FF,PCE_percent,Rs_ohm_cm2,Rsh_ohm_cm2,Device,Scan,File
1.1484609106099486,20.783761039,0.7630519996900292,18.213545427367777,5.257573167830355,8324.405146107865,device035,Reverse,device035_LIV1.csv
