Voc_V,Jsc_mAcm2,FF,PCE_percent,Rs_ohm_cm2,Rsh_ohm_cm2,Device,Scan,File
0.9284571016758489,18.408786271561837,0.46670533240207895,7.97681942775605,14.798977297406674,147.8337811982406,device101,Forward,device101_LIV2.csv
