Voc_V,Jsc_mAcm2,FF,PCE_percent,Rs_ohm_cm2,Rsh_ohm_cm2,Device,Scan,File
0.7712112698598137,14.239530935516012,0.30330372421931334,3.330786484931511,46.177553416239604,298.6718144005032,device092,Reverse,device092_LIV1.csv
