Voc_V,Jsc_mAcm2,FF,PCE_percent,Rs_ohm_cm2,Rsh_ohm_cm2,Device,Scan,File
0.6456446658707236,13.139442663741056,0.38780760902340017,3.2899313627828066,24.103012172495195,481.76972225922714,device077,Forward,device077_LIV2.csv
