Voc_V,Jsc_mAcm2,FF,PCE_percent,Rs_ohm_cm2,Rsh_ohm_cm2,Device,Scan,File
1.17019999,13.167536875489182,0.2650228743097541,4.08364511507361,30.473598762736337,713.0712527657181,device077,Reverse,device077_LIV1.csv
