Voc_V,Jsc_mAcm2,FF,PCE_percent,Rs_ohm_cm2,Rsh_ohm_cm2,Device,Scan,File
1.0840293562174634,18.98159107725043,0.6548825628379419,13.475257823084533,8.532011905434993,2071.0560271658887,device054,Reverse,device054_LIV1.csv
