Voc_V,Jsc_mAcm2,FF,PCE_percent,Rs_ohm_cm2,Rsh_ohm_cm2,Device,Scan,File
1.0797379325539367,19.062988631781582,0.5580695948632068,11.486764292228907,10.454150146461746,338.2840451095454,device042,Reverse,device042_LIV1.csv
