Voc_V,Jsc_mAcm2,FF,PCE_percent,Rs_ohm_cm2,Rsh_ohm_cm2,Device,Scan,File
0.008883599674089193,11.988566311173294,-0.37235048977870283,-0.03965593177475,0.7400833550553552,0.7400833550553552,device044,Forward,device044_LIV2.csv
