Voc_V,Jsc_mAcm2,FF,PCE_percent,Rs_ohm_cm2,Rsh_ohm_cm2,Device,Scan,File
-0.169799998,-2.8470115700327296e-06,1.1288186008333656,5.456963765460001e-07,72791309.43325932,11926534.105886383,device048,Forward,device048_LIV2.csv
