Voc_V,Jsc_mAcm2,FF,PCE_percent,Rs_ohm_cm2,Rsh_ohm_cm2,Device,Scan,File
1.0828946765513612,19.54536352134754,0.6325283012269776,13.387822105247976,8.350878271105222,1663.7374681421622,device019,Forward,device019_LIV2.csv
