Voc_V,Jsc_mAcm2,FF,PCE_percent,Rs_ohm_cm2,Rsh_ohm_cm2,Device,Scan,File
1.1004919590365465,18.175985072468055,0.5036271513479226,10.073814896948052,16.48180753937759,517.3983724077513,device029,Forward,device029_LIV2.csv
