Voc_V,Jsc_mAcm2,FF,PCE_percent,Rs_ohm_cm2,Rsh_ohm_cm2,Device,Scan,File
0.8326503206554826,14.474141549159748,0.32988420682855885,3.975731011138808,57.375404385702346,1025.9271648124914,device088,Forward,device088_LIV2.csv
