Voc_V,Jsc_mAcm2,FF,PCE_percent,Rs_ohm_cm2,Rsh_ohm_cm2,Device,Scan,File
1.0882850290361665,19.440362448528376,0.6725204345424404,14.22828309098844,8.075593419944372,4217.9221980945695,device021,Forward,device021_LIV2.csv
