Voc_V,Jsc_mAcm2,FF,PCE_percent,Rs_ohm_cm2,Rsh_ohm_cm2,Device,Scan,File
-0.169799998,-5.066524233426351e-06,11.08417822864987,9.535672028684999e-06,275020293.0827634,900039.6888778186,device008,Forward,device008_LIV2.csv
