Voc_V,Jsc_mAcm2,FF,PCE_percent,Rs_ohm_cm2,Rsh_ohm_cm2,Device,Scan,File
0.23975343078054862,13.107388856686756,0.26579740325426865,0.8352793562223108,16.871553772454266,19.26419629568835,device090,Reverse,device090_LIV1.csv
