Voc_V,Jsc_mAcm2,FF,PCE_percent,Rs_ohm_cm2,Rsh_ohm_cm2,Device,Scan,File
-0.170200005,-2.877432877262848e-06,0.992551389319206,4.8609121428e-07,501063852.5687011,28303390.28258607,device097,Forward,device097_LIV2.csv
