Voc_V,Jsc_mAcm2,FF,PCE_percent,Rs_ohm_cm2,Rsh_ohm_cm2,Device,Scan,File
0.1538697915441696,2.379649710052732,7.812611954581584e-07,2.8606363431299996e-07,84725419.65583825,0.9875728222797574,device075,Forward,device075_LIV2.csv
