Voc_V,Jsc_mAcm2,FF,PCE_percent,Rs_ohm_cm2,Rsh_ohm_cm2,Device,Scan,File
1.1453445113952863,20.72971272,0.7724283201585844,18.339505055143317,6.123041196019646,4813.985251010493,device039,Forward,device039_LIV2.csv
