Voc_V,Jsc_mAcm2,FF,PCE_percent,Rs_ohm_cm2,Rsh_ohm_cm2,Device,Scan,File
1.0234099308890148,24.100993170103454,0.7292200650088078,17.986355651604104,6.511652665474039,2307.7168410705995,device062,Forward,device062_LIV2.csv
