Voc_V,Jsc_mAcm2,FF,PCE_percent,Rs_ohm_cm2,Rsh_ohm_cm2,Device,Scan,File
1.1447156564277092,20.757457087,0.7694687555796502,18.283644204845277,4.658746072091755,5426.203446987001,device036,Forward,device036_LIV2.csv
