Voc_V,Jsc_mAcm2,FF,PCE_percent,Rs_ohm_cm2,Rsh_ohm_cm2,Device,Scan,File
0.8220417408704352,14.406844493818845,0.34698568353596276,4.109361001989827,35.452538277257695,619.2320505542172,device084,Reverse,device084_LIV1.csv
