Voc_V,Jsc_mAcm2,FF,PCE_percent,Rs_ohm_cm2,Rsh_ohm_cm2,Device,Scan,File
0.8102583584362004,17.882366542060762,0.43621902085019676,6.3205243811651375,14.618281848760425,120.2946637379934,device026,Reverse,device026_LIV1.csv
