Voc_V,Jsc_mAcm2,FF,PCE_percent,Rs_ohm_cm2,Rsh_ohm_cm2,Device,Scan,File
-0.169799998,-5.847758285703368e-06,8.310915849560518,8.252318450974e-06,90899672.86680953,13845450.23205932,device050,Forward,device050_LIV2.csv
