Voc_V,Jsc_mAcm2,FF,PCE_percent,Rs_ohm_cm2,Rsh_ohm_cm2,Device,Scan,File
0.356543946161512,0.009913173073812218,0.2739317202532332,0.000968206692475575,30311.13700526791,36017.45075847351,device049,Reverse,device049_LIV1.csv
