Voc_V,Jsc_mAcm2,FF,PCE_percent,Rs_ohm_cm2,Rsh_ohm_cm2,Device,Scan,File
1.1101761793390692,18.30542539386907,0.4745468669578538,9.643858750139136,16.67960605786957,649.7452211722789,device029,Reverse,device029_LIV1.csv
