Voc_V,Jsc_mAcm2,FF,PCE_percent,Rs_ohm_cm2,Rsh_ohm_cm2,Device,Scan,File
1.1502109790072141,20.774708656,0.7703200773775819,18.40702779030626,5.3687359657016245,7596.261697924588,device039,Reverse,device039_LIV1.csv
