Voc_V,Jsc_mAcm2,FF,PCE_percent,Rs_ohm_cm2,Rsh_ohm_cm2,Device,Scan,File
0.7351887485561747,13.212340175486409,0.3540817513589058,3.4393956960901355,32.1011540887958,536.5660595435938,device078,Forward,device078_LIV2.csv
