Voc_V,Jsc_mAcm2,FF,PCE_percent,Rs_ohm_cm2,Rsh_ohm_cm2,Device,Scan,File
-0.170200005,-4.70996308228064e-06,0.8029786930237878,6.436964189099999e-07,361615138.4174158,42844307.788505964,device082,Forward,device082_LIV2.csv
