Voc_V,Jsc_mAcm2,FF,PCE_percent,Rs_ohm_cm2,Rsh_ohm_cm2,Device,Scan,File
1.17019999,6.426511779151481,0.001661499393677686,0.012494980569,6.725252670075576,1.7150836450006133,device089,Reverse,device089_LIV1.csv
