Voc_V,Jsc_mAcm2,FF,PCE_percent,Rs_ohm_cm2,Rsh_ohm_cm2,Device,Scan,File
1.1355214965821547,20.728011463,0.7674174222467551,18.06278260263662,5.488964626369169,5015.301256625297,device032,Forward,device032_LIV2.csv
