Voc_V,Jsc_mAcm2,FF,PCE_percent,Rs_ohm_cm2,Rsh_ohm_cm2,Device,Scan,File
-0.170200005,-3.2470201252691316e-06,0.8821284142548385,4.87501953471e-07,330904353.3401653,57480235.4146589,device085,Forward,device085_LIV2.csv
