Voc_V,Jsc_mAcm2,FF,PCE_percent,Rs_ohm_cm2,Rsh_ohm_cm2,Device,Scan,File
1.17019999,3.658486595989483e-06,1.0711317831821516,4.5856875925e-06,81762190.80069354,27898005.434640605,device097,Reverse,device097_LIV1.csv
