Voc_V,Jsc_mAcm2,FF,PCE_percent,Rs_ohm_cm2,Rsh_ohm_cm2,Device,Scan,File
0.02434234528623952,12.070822753500368,0.24887324729568483,0.07312695768555,2.0183882904059183,2.0103014820640235,device041,Forward,device041_LIV2.csv
