Voc_V,Jsc_mAcm2,FF,PCE_percent,Rs_ohm_cm2,Rsh_ohm_cm2,Device,Scan,File
-0.170200005,-2.4471275113801177e-06,0.894628704525703,3.7261385265299993e-07,359167795.0248471,49748151.95089895,device091,Forward,device091_LIV2.csv
