Voc_V,Jsc_mAcm2,FF,PCE_percent,Rs_ohm_cm2,Rsh_ohm_cm2,Device,Scan,File
1.1513613543608636,20.785832358,0.7690350866266474,18.404550842520443,5.473310251588112,7583.1711765187765,device038,Reverse,device038_LIV1.csv
