Voc_V,Jsc_mAcm2,FF,PCE_percent,Rs_ohm_cm2,Rsh_ohm_cm2,Device,Scan,File
0.0024179729832223993,2.447194894272652,-8.842282431681202,-0.052322005790500004,0.9880060969136741,0.9880060969136741,device075,Reverse,device075_LIV1.csv
