Voc_V,Jsc_mAcm2,FF,PCE_percent,Rs_ohm_cm2,Rsh_ohm_cm2,Device,Scan,File
0.32663043096771566,0.009117743326459591,0.249616735982234,0.000743391697042233,32217.557836921274,31654.239189406642,device049,Forward,device049_LIV2.csv
