Voc_V,Jsc_mAcm2,FF,PCE_percent,Rs_ohm_cm2,Rsh_ohm_cm2,Device,Scan,File
1.149272850675365,20.152430191270657,0.748387886948142,17.333143098993894,6.452673096910172,3485.0208035781993,device005,Forward,device005_LIV2.csv
