Voc_V,Jsc_mAcm2,FF,PCE_percent,Rs_ohm_cm2,Rsh_ohm_cm2,Device,Scan,File
1.17019999,4.454362440247062e-06,0.9113362945328156,4.7503357719750005e-06,6654186.659925156,1044160.5846588836,device100,Reverse,device100_LIV1.csv
