Voc_V,Jsc_mAcm2,FF,PCE_percent,Rs_ohm_cm2,Rsh_ohm_cm2,Device,Scan,File
1.1624804379369054,20.1542077592868,0.7587659522128775,17.77703057136814,7.594257753111045,7605.3966530848975,device018,Reverse,device018_LIV1.csv
