Voc_V,Jsc_mAcm2,FF,PCE_percent,Rs_ohm_cm2,Rsh_ohm_cm2,Device,Scan,File
1.1048827032373818,20.177046982342677,0.6500509725364254,14.491761983106965,8.245943870854289,5106.92862023312,device001,Forward,device001_LIV2.csv
