Voc_V,Jsc_mAcm2,FF,PCE_percent,Rs_ohm_cm2,Rsh_ohm_cm2,Device,Scan,File
0.5854038467116336,0.008179095088553672,0.3768492490073778,0.0018043819883850872,20439786.29618627,319832.4642146441,device052,Reverse,device052_LIV1.csv
