Voc_V,Jsc_mAcm2,FF,PCE_percent,Rs_ohm_cm2,Rsh_ohm_cm2,Device,Scan,File
1.17019999,4.729429533034548e-06,0.8429038079690705,4.66494862158e-06,589263020.3622711,23062971.718591925,device081,Reverse,device081_LIV1.csv
