Voc_V,Jsc_mAcm2,FF,PCE_percent,Rs_ohm_cm2,Rsh_ohm_cm2,Device,Scan,File
1.0940322162531502,20.745337558,0.8028140222349001,18.22072133934171,3.3677117921572814,4650.993995229461,device035,Forward,device035_LIV2.csv
