Voc_V,Jsc_mAcm2,FF,PCE_percent,Rs_ohm_cm2,Rsh_ohm_cm2,Device,Scan,File
1.0918108005403604,18.788799477380355,0.6490125831838701,13.313723543981466,9.438705408019706,2987.5701678430187,device055,Forward,device055_LIV2.csv
