Voc_V,Jsc_mAcm2,FF,PCE_percent,Rs_ohm_cm2,Rsh_ohm_cm2,Device,Scan,File
1.0671895295691702,19.02803543431157,0.5521770464302033,11.21279433834858,9.313728150010274,314.72115536988883,device046,Reverse,device046_LIV1.csv
