Voc_V,Jsc_mAcm2,FF,PCE_percent,Rs_ohm_cm2,Rsh_ohm_cm2,Device,Scan,File
1.1486641685744656,20.761769337,0.7693545345993666,18.347798142641906,4.87866647473123,4001.474485335275,device037,Forward,device037_LIV2.csv
