Voc_V,Jsc_mAcm2,FF,PCE_percent,Rs_ohm_cm2,Rsh_ohm_cm2,Device,Scan,File
1.17019999,3.850459745183213e-06,0.7518035299659914,3.3874823261500004e-06,199216972.0268399,18886937.571993724,device080,Reverse,device080_LIV1.csv
