Voc_V,Jsc_mAcm2,FF,PCE_percent,Rs_ohm_cm2,Rsh_ohm_cm2,Device,Scan,File
0.8203057456775683,18.178478093756727,0.4554514935528867,6.791651693970876,13.594968606868125,135.76877273109898,device102,Forward,device102_LIV2.csv
