Voc_V,Jsc_mAcm2,FF,PCE_percent,Rs_ohm_cm2,Rsh_ohm_cm2,Device,Scan,File
1.1164820763656915,19.13014835159183,0.6887164674579335,14.709928461001223,7.59349277439294,2992.938351255514,device103,Forward,device103_LIV2.csv
