Voc_V,Jsc_mAcm2,FF,PCE_percent,Rs_ohm_cm2,Rsh_ohm_cm2,Device,Scan,File
1.027525696517149,24.169588859330972,0.7466956413682544,18.54409189137448,5.5324204549040354,4934.078453883522,device063,Reverse,device063_LIV1.csv
