Voc_V,Jsc_mAcm2,FF,PCE_percent,Rs_ohm_cm2,Rsh_ohm_cm2,Device,Scan,File
0.9319000241995553,4.260528166116579,1.19063087741489e-06,4.727264525363001e-06,89141037.38148409,2.071750047585667,device087,Reverse,device087_LIV1.csv
