Voc_V,Jsc_mAcm2,FF,PCE_percent,Rs_ohm_cm2,Rsh_ohm_cm2,Device,Scan,File
0.7671931919011521,13.176664944138135,0.4029702192134548,4.073645142363601,22.85599017637943,639.6389500584513,device098,Reverse,device098_LIV1.csv
