voltage,current,HTL,Electrode,SourceFile
2.000499964,-881.8853246,MeO2PACz,Au,..\raw_csv\type3_breakdown_Au\MeO2PACz_Au_scan_20V.csv
1.980499983,-858.4866223,MeO2PACz,Au,..\raw_csv\type3_breakdown_Au\MeO2PACz_Au_scan_20V.csv
1.960500002,-835.1497414,MeO2PACz,Au,..\raw_csv\type3_breakdown_Au\MeO2PACz_Au_scan_20V.csv
1.940500021,-811.7999297,MeO2PACz,Au,..\raw_csv\type3_breakdown_Au\MeO2PACz_Au_scan_20V.csv
1.92050004,-788.4895875,MeO2PACz,Au,..\raw_csv\type3_breakdown_Au\MeO2PACz_Au_scan_20V.csv
1.900500059,-765.291743,MeO2PACz,Au,..\raw_csv\type3_breakdown_Au\MeO2PACz_Au_scan_20V.csv
1.880499959,-742.1123095,MeO2PACz,Au,..\raw_csv\type3_breakdown_Au\MeO2PACz_Au_scan_20V.csv
1.860499978,-718.9477155,MeO2PACz,Au,..\raw_csv\type3_breakdown_Au\MeO2PACz_Au_scan_20V.csv
1.840499997,-695.8657552,MeO2PACz,Au,..\raw_csv\type3_breakdown_Au\MeO2PACz_Au_scan_20V.csv
1.820500016,-673.304412,MeO2PACz,Au,..\raw_csv\type3_breakdown_Au\MeO2PACz_Au_scan_20V.csv
1.800500035,-650.4444913,MeO2PACz,Au,..\raw_csv\type3_breakdown_Au\MeO2PACz_Au_scan_20V.csv
1.780500054,-627.5929449,MeO2PACz,Au,..\raw_csv\type3_breakdown_Au\MeO2PACz_Au_scan_20V.csv
1.760499954,-604.874339,MeO2PACz,Au,..\raw_csv\type3_breakdown_Au\MeO2PACz_Au_scan_20V.csv
1.740499973,-582.1838729,MeO2PACz,Au,..\raw_csv\type3_breakdown_Au\MeO2PACz_Au_scan_20V.csv
1.720499992,-559.5366324,MeO2PACz,Au,..\raw_csv\type3_breakdown_Au\MeO2PACz_Au_scan_20V.csv
1.700500011,-537.042837,MeO2PACz,Au,..\raw_csv\type3_breakdown_Au\MeO2PACz_Au_scan_20V.csv
1.680500031,-514.6769637,MeO2PACz,Au,..\raw_csv\type3_breakdown_Au\MeO2PACz_Au_scan_20V.csv
1.66050005,-492.3700178,MeO2PACz,Au,..\raw_csv\type3_breakdown_Au\MeO2PACz_Au_scan_20V.csv
1.640499949,-470.1741532,MeO2PACz,Au,..\raw_csv\type3_breakdown_Au\MeO2PACz_Au_scan_20V.csv
1.620499969,-448.0994684,MeO2PACz,Au,..\raw_csv\type3_breakdown_Au\MeO2PACz_Au_scan_20V.csv
1.600499988,-426.5626415,MeO2PACz,Au,..\raw_csv\type3_breakdown_Au\MeO2PACz_Au_scan_20V.csv
1.580500007,-404.7752966,MeO2PACz,Au,..\raw_csv\type3_breakdown_Au\MeO2PACz_Au_scan_20V.csv
1.560500026,-383.1341309,MeO2PACz,Au,..\raw_csv\type3_breakdown_Au\MeO2PACz_Au_scan_20V.csv
1.540500045,-361.6408068,MeO2PACz,Au,..\raw_csv\type3_breakdown_Au\MeO2PACz_Au_scan_20V.csv
1.520499945,-340.3826686,MeO2PACz,Au,..\raw_csv\type3_breakdown_Au\MeO2PACz_Au_scan_20V.csv
1.500499964,-319.3366565,MeO2PACz,Au,..\raw_csv\type3_breakdown_Au\MeO2PACz_Au_scan_20V.csv
1.480499983,-298.5267846,MeO2PACz,Au,..\raw_csv\type3_breakdown_Au\MeO2PACz_Au_scan_20V.csv
1.460500002,-277.9694936,MeO2PACz,Au,..\raw_csv\type3_breakdown_Au\MeO2PACz_Au_scan_20V.csv
1.440500021,-257.7210784,MeO2PACz,Au,..\raw_csv\type3_breakdown_Au\MeO2PACz_Au_scan_20V.csv
1.42050004,-237.7826166,MeO2PACz,Au,..\raw_csv\type3_breakdown_Au\MeO2PACz_Au_scan_20V.csv
1.400500059,-218.2284755,MeO2PACz,Au,..\raw_csv\type3_breakdown_Au\MeO2PACz_Au_scan_20V.csv
1.380499959,-199.392361,MeO2PACz,Au,..\raw_csv\type3_breakdown_Au\MeO2PACz_Au_scan_20V.csv
1.360499978,-180.6752094,MeO2PACz,Au,..\raw_csv\type3_breakdown_Au\MeO2PACz_Au_scan_20V.csv
1.340499997,-162.506984,MeO2PACz,Au,..\raw_csv\type3_breakdown_Au\MeO2PACz_Au_scan_20V.csv
1.320500016,-144.5241765,MeO2PACz,Au,..\raw_csv\type3_breakdown_Au\MeO2PACz_Au_scan_20V.csv
1.300500035,-127.5661625,MeO2PACz,Au,..\raw_csv\type3_breakdown_Au\MeO2PACz_Au_scan_20V.csv
1.280500054,-111.3815849,MeO2PACz,Au,..\raw_csv\type3_breakdown_Au\MeO2PACz_Au_scan_20V.csv
1.260499954,-96.04474176,MeO2PACz,Au,..\raw_csv\type3_breakdown_Au\MeO2PACz_Au_scan_20V.csv
1.240499973,-81.64197668,MeO2PACz,Au,..\raw_csv\type3_breakdown_Au\MeO2PACz_Au_scan_20V.csv
1.220499992,-68.29246047,MeO2PACz,Au,..\raw_csv\type3_breakdown_Au\MeO2PACz_Au_scan_20V.csv
1.200500011,-56.08540382,MeO2PACz,Au,..\raw_csv\type3_breakdown_Au\MeO2PACz_Au_scan_20V.csv
1.180500031,-45.1309414,MeO2PACz,Au,..\raw_csv\type3_breakdown_Au\MeO2PACz_Au_scan_20V.csv
1.16050005,-35.6468372,MeO2PACz,Au,..\raw_csv\type3_breakdown_Au\MeO2PACz_Au_scan_20V.csv
1.140499949,-27.35373102,MeO2PACz,Au,..\raw_csv\type3_breakdown_Au\MeO2PACz_Au_scan_20V.csv
1.120499969,-20.42865881,MeO2PACz,Au,..\raw_csv\type3_breakdown_Au\MeO2PACz_Au_scan_20V.csv
1.100499988,-14.41312507,MeO2PACz,Au,..\raw_csv\type3_breakdown_Au\MeO2PACz_Au_scan_20V.csv
1.080500007,-10.13809276,MeO2PACz,Au,..\raw_csv\type3_breakdown_Au\MeO2PACz_Au_scan_20V.csv
1.060500026,-7.102417005,MeO2PACz,Au,..\raw_csv\type3_breakdown_Au\MeO2PACz_Au_scan_20V.csv
1.040500045,-4.928100139,MeO2PACz,Au,..\raw_csv\type3_breakdown_Au\MeO2PACz_Au_scan_20V.csv
1.020499945,-3.422962594,MeO2PACz,Au,..\raw_csv\type3_breakdown_Au\MeO2PACz_Au_scan_20V.csv
1.000499964,-2.398167896,MeO2PACz,Au,..\raw_csv\type3_breakdown_Au\MeO2PACz_Au_scan_20V.csv
0.980499983,-1.702471858,MeO2PACz,Au,..\raw_csv\type3_breakdown_Au\MeO2PACz_Au_scan_20V.csv
0.960500002,-1.197381735,MeO2PACz,Au,..\raw_csv\type3_breakdown_Au\MeO2PACz_Au_scan_20V.csv
0.940500021,-0.875331495,MeO2PACz,Au,..\raw_csv\type3_breakdown_Au\MeO2PACz_Au_scan_20V.csv
0.92049998,-0.648139539,MeO2PACz,Au,..\raw_csv\type3_breakdown_Au\MeO2PACz_Au_scan_20V.csv
0.9005,-0.482739343,MeO2PACz,Au,..\raw_csv\type3_breakdown_Au\MeO2PACz_Au_scan_20V.csv
0.880500019,-0.363556602,MeO2PACz,Au,..\raw_csv\type3_breakdown_Au\MeO2PACz_Au_scan_20V.csv
0.860499978,-0.275934199,MeO2PACz,Au,..\raw_csv\type3_breakdown_Au\MeO2PACz_Au_scan_20V.csv
0.840499997,-0.212132213,MeO2PACz,Au,..\raw_csv\type3_breakdown_Au\MeO2PACz_Au_scan_20V.csv
0.820500016,-0.165732244,MeO2PACz,Au,..\raw_csv\type3_breakdown_Au\MeO2PACz_Au_scan_20V.csv
0.800499976,-0.129163281,MeO2PACz,Au,..\raw_csv\type3_breakdown_Au\MeO2PACz_Au_scan_20V.csv
0.780499995,-0.106234942,MeO2PACz,Au,..\raw_csv\type3_breakdown_Au\MeO2PACz_Au_scan_20V.csv
0.760500014,-0.087190709,MeO2PACz,Au,..\raw_csv\type3_breakdown_Au\MeO2PACz_Au_scan_20V.csv
0.740499973,-0.073125358,MeO2PACz,Au,..\raw_csv\type3_breakdown_Au\MeO2PACz_Au_scan_20V.csv
0.720499992,-0.061963806,MeO2PACz,Au,..\raw_csv\type3_breakdown_Au\MeO2PACz_Au_scan_20V.csv
0.700500011,-0.053645027,MeO2PACz,Au,..\raw_csv\type3_breakdown_Au\MeO2PACz_Au_scan_20V.csv
0.680499971,-0.046421948,MeO2PACz,Au,..\raw_csv\type3_breakdown_Au\MeO2PACz_Au_scan_20V.csv
0.66049999,-0.040808561,MeO2PACz,Au,..\raw_csv\type3_breakdown_Au\MeO2PACz_Au_scan_20V.csv
0.640500009,-0.036395644,MeO2PACz,Au,..\raw_csv\type3_breakdown_Au\MeO2PACz_Au_scan_20V.csv
0.620500028,-0.03242414,MeO2PACz,Au,..\raw_csv\type3_breakdown_Au\MeO2PACz_Au_scan_20V.csv
0.600499988,-0.028929935,MeO2PACz,Au,..\raw_csv\type3_breakdown_Au\MeO2PACz_Au_scan_20V.csv
0.580500007,-0.026398916,MeO2PACz,Au,..\raw_csv\type3_breakdown_Au\MeO2PACz_Au_scan_20V.csv
0.560500026,-0.023788605,MeO2PACz,Au,..\raw_csv\type3_breakdown_Au\MeO2PACz_Au_scan_20V.csv
0.540499985,-0.021526794,MeO2PACz,Au,..\raw_csv\type3_breakdown_Au\MeO2PACz_Au_scan_20V.csv
0.520500004,-0.019386235,MeO2PACz,Au,..\raw_csv\type3_breakdown_Au\MeO2PACz_Au_scan_20V.csv
0.500500023,-0.017494554,MeO2PACz,Au,..\raw_csv\type3_breakdown_Au\MeO2PACz_Au_scan_20V.csv
0.480500013,-0.015936179,MeO2PACz,Au,..\raw_csv\type3_breakdown_Au\MeO2PACz_Au_scan_20V.csv
0.460500002,-0.014075719,MeO2PACz,Au,..\raw_csv\type3_breakdown_Au\MeO2PACz_Au_scan_20V.csv
0.440499991,-0.012644281,MeO2PACz,Au,..\raw_csv\type3_breakdown_Au\MeO2PACz_Au_scan_20V.csv
0.42050001,-0.011295813,MeO2PACz,Au,..\raw_csv\type3_breakdown_Au\MeO2PACz_Au_scan_20V.csv
0.4005,-0.009946253,MeO2PACz,Au,..\raw_csv\type3_breakdown_Au\MeO2PACz_Au_scan_20V.csv
0.380499989,-0.008802232,MeO2PACz,Au,..\raw_csv\type3_breakdown_Au\MeO2PACz_Au_scan_20V.csv
0.360500008,-0.007606404,MeO2PACz,Au,..\raw_csv\type3_breakdown_Au\MeO2PACz_Au_scan_20V.csv
0.340499997,-0.006356494,MeO2PACz,Au,..\raw_csv\type3_breakdown_Au\MeO2PACz_Au_scan_20V.csv
0.320499986,-0.005366585,MeO2PACz,Au,..\raw_csv\type3_breakdown_Au\MeO2PACz_Au_scan_20V.csv
0.300500005,-0.004303511,MeO2PACz,Au,..\raw_csv\type3_breakdown_Au\MeO2PACz_Au_scan_20V.csv
0.280499995,-0.003335231,MeO2PACz,Au,..\raw_csv\type3_breakdown_Au\MeO2PACz_Au_scan_20V.csv
0.260500014,-0.002349789,MeO2PACz,Au,..\raw_csv\type3_breakdown_Au\MeO2PACz_Au_scan_20V.csv
0.240500003,-0.001571039,MeO2PACz,Au,..\raw_csv\type3_breakdown_Au\MeO2PACz_Au_scan_20V.csv
0.220500007,-0.000696,MeO2PACz,Au,..\raw_csv\type3_breakdown_Au\MeO2PACz_Au_scan_20V.csv
0.200499997,0.00011365,MeO2PACz,Au,..\raw_csv\type3_breakdown_Au\MeO2PACz_Au_scan_20V.csv
0.180500001,0.000816867,MeO2PACz,Au,..\raw_csv\type3_breakdown_Au\MeO2PACz_Au_scan_20V.csv
0.160500005,0.001471,MeO2PACz,Au,..\raw_csv\type3_breakdown_Au\MeO2PACz_Au_scan_20V.csv
0.140499994,0.002055737,MeO2PACz,Au,..\raw_csv\type3_breakdown_Au\MeO2PACz_Au_scan_20V.csv
0.120499998,0.002635348,MeO2PACz,Au,..\raw_csv\type3_breakdown_Au\MeO2PACz_Au_scan_20V.csv
0.100500003,0.003180087,MeO2PACz,Au,..\raw_csv\type3_breakdown_Au\MeO2PACz_Au_scan_20V.csv
0.080499999,0.003689139,MeO2PACz,Au,..\raw_csv\type3_breakdown_Au\MeO2PACz_Au_scan_20V.csv
0.0605,0.004198735,MeO2PACz,Au,..\raw_csv\type3_breakdown_Au\MeO2PACz_Au_scan_20V.csv
0.0405,0.004650586,MeO2PACz,Au,..\raw_csv\type3_breakdown_Au\MeO2PACz_Au_scan_20V.csv
0.020500001,0.005106748,MeO2PACz,Au,..\raw_csv\type3_breakdown_Au\MeO2PACz_Au_scan_20V.csv
0.0005,0.005550646,MeO2PACz,Au,..\raw_csv\type3_breakdown_Au\MeO2PACz_Au_scan_20V.csv
-0.0195,0.005958267,MeO2PACz,Au,..\raw_csv\type3_breakdown_Au\MeO2PACz_Au_scan_20V.csv
-0.039500002,0.006441814,MeO2PACz,Au,..\raw_csv\type3_breakdown_Au\MeO2PACz_Au_scan_20V.csv
-0.059500001,0.006917776,MeO2PACz,Au,..\raw_csv\type3_breakdown_Au\MeO2PACz_Au_scan_20V.csv
-0.079499997,0.007457838,MeO2PACz,Au,..\raw_csv\type3_breakdown_Au\MeO2PACz_Au_scan_20V.csv
-0.0995,0.00796635,MeO2PACz,Au,..\raw_csv\type3_breakdown_Au\MeO2PACz_Au_scan_20V.csv
-0.119499996,0.008568222,MeO2PACz,Au,..\raw_csv\type3_breakdown_Au\MeO2PACz_Au_scan_20V.csv
-0.139500007,0.009205989,MeO2PACz,Au,..\raw_csv\type3_breakdown_Au\MeO2PACz_Au_scan_20V.csv
-0.159500003,0.009819454,MeO2PACz,Au,..\raw_csv\type3_breakdown_Au\MeO2PACz_Au_scan_20V.csv
-0.179499999,0.010500247,MeO2PACz,Au,..\raw_csv\type3_breakdown_Au\MeO2PACz_Au_scan_20V.csv
-0.199499995,0.011348882,MeO2PACz,Au,..\raw_csv\type3_breakdown_Au\MeO2PACz_Au_scan_20V.csv
-0.219500005,0.012291424,MeO2PACz,Au,..\raw_csv\type3_breakdown_Au\MeO2PACz_Au_scan_20V.csv
-0.239500001,0.01337567,MeO2PACz,Au,..\raw_csv\type3_breakdown_Au\MeO2PACz_Au_scan_20V.csv
-0.259499997,0.014567663,MeO2PACz,Au,..\raw_csv\type3_breakdown_Au\MeO2PACz_Au_scan_20V.csv
-0.279500008,0.015526594,MeO2PACz,Au,..\raw_csv\type3_breakdown_Au\MeO2PACz_Au_scan_20V.csv
-0.299499989,0.016971757,MeO2PACz,Au,..\raw_csv\type3_breakdown_Au\MeO2PACz_Au_scan_20V.csv
-0.319499999,0.018667268,MeO2PACz,Au,..\raw_csv\type3_breakdown_Au\MeO2PACz_Au_scan_20V.csv
-0.33950001,0.020241395,MeO2PACz,Au,..\raw_csv\type3_breakdown_Au\MeO2PACz_Au_scan_20V.csv
-0.359499991,0.021731782,MeO2PACz,Au,..\raw_csv\type3_breakdown_Au\MeO2PACz_Au_scan_20V.csv
-0.379500002,0.023196564,MeO2PACz,Au,..\raw_csv\type3_breakdown_Au\MeO2PACz_Au_scan_20V.csv
-0.399500012,0.02484903,MeO2PACz,Au,..\raw_csv\type3_breakdown_Au\MeO2PACz_Au_scan_20V.csv
-0.419499993,0.026272273,MeO2PACz,Au,..\raw_csv\type3_breakdown_Au\MeO2PACz_Au_scan_20V.csv
-0.439500004,0.027996699,MeO2PACz,Au,..\raw_csv\type3_breakdown_Au\MeO2PACz_Au_scan_20V.csv
-0.459500015,0.029740035,MeO2PACz,Au,..\raw_csv\type3_breakdown_Au\MeO2PACz_Au_scan_20V.csv
-0.479499996,0.031107216,MeO2PACz,Au,..\raw_csv\type3_breakdown_Au\MeO2PACz_Au_scan_20V.csv
-0.499500006,0.032520716,MeO2PACz,Au,..\raw_csv\type3_breakdown_Au\MeO2PACz_Au_scan_20V.csv
-0.519500017,0.033968612,MeO2PACz,Au,..\raw_csv\type3_breakdown_Au\MeO2PACz_Au_scan_20V.csv
-0.539499998,0.03591501,MeO2PACz,Au,..\raw_csv\type3_breakdown_Au\MeO2PACz_Au_scan_20V.csv
-0.559499979,0.037266256,MeO2PACz,Au,..\raw_csv\type3_breakdown_Au\MeO2PACz_Au_scan_20V.csv
-0.57950002,0.038632002,MeO2PACz,Au,..\raw_csv\type3_breakdown_Au\MeO2PACz_Au_scan_20V.csv
-0.5995,0.039908214,MeO2PACz,Au,..\raw_csv\type3_breakdown_Au\MeO2PACz_Au_scan_20V.csv
-0.619499981,0.042045486,MeO2PACz,Au,..\raw_csv\type3_breakdown_Au\MeO2PACz_Au_scan_20V.csv
-0.639500022,0.043647463,MeO2PACz,Au,..\raw_csv\type3_breakdown_Au\MeO2PACz_Au_scan_20V.csv
-0.659500003,0.045342968,MeO2PACz,Au,..\raw_csv\type3_breakdown_Au\MeO2PACz_Au_scan_20V.csv
-0.679499984,0.04710847,MeO2PACz,Au,..\raw_csv\type3_breakdown_Au\MeO2PACz_Au_scan_20V.csv
-0.699500024,0.049270815,MeO2PACz,Au,..\raw_csv\type3_breakdown_Au\MeO2PACz_Au_scan_20V.csv
-0.719500005,0.051767477,MeO2PACz,Au,..\raw_csv\type3_breakdown_Au\MeO2PACz_Au_scan_20V.csv
-0.739499986,0.053719797,MeO2PACz,Au,..\raw_csv\type3_breakdown_Au\MeO2PACz_Au_scan_20V.csv
-0.759500027,0.056024708,MeO2PACz,Au,..\raw_csv\type3_breakdown_Au\MeO2PACz_Au_scan_20V.csv
-0.779500008,0.057879713,MeO2PACz,Au,..\raw_csv\type3_breakdown_Au\MeO2PACz_Au_scan_20V.csv
-0.799499989,0.059767474,MeO2PACz,Au,..\raw_csv\type3_breakdown_Au\MeO2PACz_Au_scan_20V.csv
-0.819500029,0.062139696,MeO2PACz,Au,..\raw_csv\type3_breakdown_Au\MeO2PACz_Au_scan_20V.csv
-0.83950001,0.064231996,MeO2PACz,Au,..\raw_csv\type3_breakdown_Au\MeO2PACz_Au_scan_20V.csv
-0.859499991,0.066931534,MeO2PACz,Au,..\raw_csv\type3_breakdown_Au\MeO2PACz_Au_scan_20V.csv
-0.879499972,0.070126041,MeO2PACz,Au,..\raw_csv\type3_breakdown_Au\MeO2PACz_Au_scan_20V.csv
-0.899500012,0.072685419,MeO2PACz,Au,..\raw_csv\type3_breakdown_Au\MeO2PACz_Au_scan_20V.csv
-0.919499993,0.074741035,MeO2PACz,Au,..\raw_csv\type3_breakdown_Au\MeO2PACz_Au_scan_20V.csv
-0.939499974,0.078089861,MeO2PACz,Au,..\raw_csv\type3_breakdown_Au\MeO2PACz_Au_scan_20V.csv
-0.959500015,0.08106524,MeO2PACz,Au,..\raw_csv\type3_breakdown_Au\MeO2PACz_Au_scan_20V.csv
-0.979499996,0.084314488,MeO2PACz,Au,..\raw_csv\type3_breakdown_Au\MeO2PACz_Au_scan_20V.csv
-0.999499977,0.086842027,MeO2PACz,Au,..\raw_csv\type3_breakdown_Au\MeO2PACz_Au_scan_20V.csv
-1.019500017,0.090491626,MeO2PACz,Au,..\raw_csv\type3_breakdown_Au\MeO2PACz_Au_scan_20V.csv
-1.039499998,0.094176681,MeO2PACz,Au,..\raw_csv\type3_breakdown_Au\MeO2PACz_Au_scan_20V.csv
-1.059499979,0.097765818,MeO2PACz,Au,..\raw_csv\type3_breakdown_Au\MeO2PACz_Au_scan_20V.csv
-1.07949996,0.10177629,MeO2PACz,Au,..\raw_csv\type3_breakdown_Au\MeO2PACz_Au_scan_20V.csv
-1.099499941,0.105042068,MeO2PACz,Au,..\raw_csv\type3_breakdown_Au\MeO2PACz_Au_scan_20V.csv
-1.119500041,0.10833038,MeO2PACz,Au,..\raw_csv\type3_breakdown_Au\MeO2PACz_Au_scan_20V.csv
-1.139500022,0.111527103,MeO2PACz,Au,..\raw_csv\type3_breakdown_Au\MeO2PACz_Au_scan_20V.csv
-1.159500003,0.11569513,MeO2PACz,Au,..\raw_csv\type3_breakdown_Au\MeO2PACz_Au_scan_20V.csv
-1.179499984,0.118724694,MeO2PACz,Au,..\raw_csv\type3_breakdown_Au\MeO2PACz_Au_scan_20V.csv
-1.199499965,0.123545482,MeO2PACz,Au,..\raw_csv\type3_breakdown_Au\MeO2PACz_Au_scan_20V.csv
-1.219499946,0.126396402,MeO2PACz,Au,..\raw_csv\type3_breakdown_Au\MeO2PACz_Au_scan_20V.csv
-1.239500046,0.131167311,MeO2PACz,Au,..\raw_csv\type3_breakdown_Au\MeO2PACz_Au_scan_20V.csv
-1.259500027,0.135189848,MeO2PACz,Au,..\raw_csv\type3_breakdown_Au\MeO2PACz_Au_scan_20V.csv
-1.279500008,0.139650912,MeO2PACz,Au,..\raw_csv\type3_breakdown_Au\MeO2PACz_Au_scan_20V.csv
-1.299499989,0.143143311,MeO2PACz,Au,..\raw_csv\type3_breakdown_Au\MeO2PACz_Au_scan_20V.csv
-1.319499969,0.147109641,MeO2PACz,Au,..\raw_csv\type3_breakdown_Au\MeO2PACz_Au_scan_20V.csv
-1.33949995,0.150739186,MeO2PACz,Au,..\raw_csv\type3_breakdown_Au\MeO2PACz_Au_scan_20V.csv
-1.359500051,0.157955583,MeO2PACz,Au,..\raw_csv\type3_breakdown_Au\MeO2PACz_Au_scan_20V.csv
-1.379500031,0.163206554,MeO2PACz,Au,..\raw_csv\type3_breakdown_Au\MeO2PACz_Au_scan_20V.csv
-1.399500012,0.169340622,MeO2PACz,Au,..\raw_csv\type3_breakdown_Au\MeO2PACz_Au_scan_20V.csv
-1.419499993,0.173776356,MeO2PACz,Au,..\raw_csv\type3_breakdown_Au\MeO2PACz_Au_scan_20V.csv
-1.439499974,0.178631705,MeO2PACz,Au,..\raw_csv\type3_breakdown_Au\MeO2PACz_Au_scan_20V.csv
-1.459499955,0.183812382,MeO2PACz,Au,..\raw_csv\type3_breakdown_Au\MeO2PACz_Au_scan_20V.csv
-1.479500055,0.189293463,MeO2PACz,Au,..\raw_csv\type3_breakdown_Au\MeO2PACz_Au_scan_20V.csv
-1.499500036,0.193988576,MeO2PACz,Au,..\raw_csv\type3_breakdown_Au\MeO2PACz_Au_scan_20V.csv
-1.519500017,0.201457782,MeO2PACz,Au,..\raw_csv\type3_breakdown_Au\MeO2PACz_Au_scan_20V.csv
-1.539499998,0.209710672,MeO2PACz,Au,..\raw_csv\type3_breakdown_Au\MeO2PACz_Au_scan_20V.csv
-1.559499979,0.21413032,MeO2PACz,Au,..\raw_csv\type3_breakdown_Au\MeO2PACz_Au_scan_20V.csv
-1.57949996,0.219352293,MeO2PACz,Au,..\raw_csv\type3_breakdown_Au\MeO2PACz_Au_scan_20V.csv
-1.599499941,0.227561527,MeO2PACz,Au,..\raw_csv\type3_breakdown_Au\MeO2PACz_Au_scan_20V.csv
-1.619500041,0.2346754,MeO2PACz,Au,..\raw_csv\type3_breakdown_Au\MeO2PACz_Au_scan_20V.csv
-1.639500022,0.242750014,MeO2PACz,Au,..\raw_csv\type3_breakdown_Au\MeO2PACz_Au_scan_20V.csv
-1.659500003,0.24733074,MeO2PACz,Au,..\raw_csv\type3_breakdown_Au\MeO2PACz_Au_scan_20V.csv
-1.679499984,0.257752662,MeO2PACz,Au,..\raw_csv\type3_breakdown_Au\MeO2PACz_Au_scan_20V.csv
-1.699499965,0.268218226,MeO2PACz,Au,..\raw_csv\type3_breakdown_Au\MeO2PACz_Au_scan_20V.csv
-1.719499946,0.275638019,MeO2PACz,Au,..\raw_csv\type3_breakdown_Au\MeO2PACz_Au_scan_20V.csv
-1.739500046,0.286286653,MeO2PACz,Au,..\raw_csv\type3_breakdown_Au\MeO2PACz_Au_scan_20V.csv
-1.759500027,0.294674449,MeO2PACz,Au,..\raw_csv\type3_breakdown_Au\MeO2PACz_Au_scan_20V.csv
-1.779500008,0.306486545,MeO2PACz,Au,..\raw_csv\type3_breakdown_Au\MeO2PACz_Au_scan_20V.csv
-1.799499989,0.318002342,MeO2PACz,Au,..\raw_csv\type3_breakdown_Au\MeO2PACz_Au_scan_20V.csv
-1.819499969,0.331469989,MeO2PACz,Au,..\raw_csv\type3_breakdown_Au\MeO2PACz_Au_scan_20V.csv
-1.83949995,0.345706723,MeO2PACz,Au,..\raw_csv\type3_breakdown_Au\MeO2PACz_Au_scan_20V.csv
-1.859500051,0.36101603,MeO2PACz,Au,..\raw_csv\type3_breakdown_Au\MeO2PACz_Au_scan_20V.csv
-1.879500031,0.384139775,MeO2PACz,Au,..\raw_csv\type3_breakdown_Au\MeO2PACz_Au_scan_20V.csv
-1.899500012,0.411368843,MeO2PACz,Au,..\raw_csv\type3_breakdown_Au\MeO2PACz_Au_scan_20V.csv
-1.919499993,0.435770301,MeO2PACz,Au,..\raw_csv\type3_breakdown_Au\MeO2PACz_Au_scan_20V.csv
-1.939499974,0.460400138,MeO2PACz,Au,..\raw_csv\type3_breakdown_Au\MeO2PACz_Au_scan_20V.csv
-1.959499955,0.496853498,MeO2PACz,Au,..\raw_csv\type3_breakdown_Au\MeO2PACz_Au_scan_20V.csv
-1.979500055,0.542689566,MeO2PACz,Au,..\raw_csv\type3_breakdown_Au\MeO2PACz_Au_scan_20V.csv
-1.999500036,0.585656741,MeO2PACz,Au,..\raw_csv\type3_breakdown_Au\MeO2PACz_Au_scan_20V.csv
-2.019500017,0.623908976,MeO2PACz,Au,..\raw_csv\type3_breakdown_Au\MeO2PACz_Au_scan_20V.csv
-2.039499998,0.682457284,MeO2PACz,Au,..\raw_csv\type3_breakdown_Au\MeO2PACz_Au_scan_20V.csv
-2.059499979,0.734545504,MeO2PACz,Au,..\raw_csv\type3_breakdown_Au\MeO2PACz_Au_scan_20V.csv
-2.07949996,0.805496553,MeO2PACz,Au,..\raw_csv\type3_breakdown_Au\MeO2PACz_Au_scan_20V.csv
-2.099499941,0.8716314,MeO2PACz,Au,..\raw_csv\type3_breakdown_Au\MeO2PACz_Au_scan_20V.csv
-2.119499922,1.201944061,MeO2PACz,Au,..\raw_csv\type3_breakdown_Au\MeO2PACz_Au_scan_20V.csv
-2.139499903,1.51124526,MeO2PACz,Au,..\raw_csv\type3_breakdown_Au\MeO2PACz_Au_scan_20V.csv
-2.159499884,1.509831078,MeO2PACz,Au,..\raw_csv\type3_breakdown_Au\MeO2PACz_Au_scan_20V.csv
-2.179500103,1.43857516,MeO2PACz,Au,..\raw_csv\type3_breakdown_Au\MeO2PACz_Au_scan_20V.csv
-2.199500084,1.305857604,MeO2PACz,Au,..\raw_csv\type3_breakdown_Au\MeO2PACz_Au_scan_20V.csv
-2.219500065,1.489288705,MeO2PACz,Au,..\raw_csv\type3_breakdown_Au\MeO2PACz_Au_scan_20V.csv
-2.239500046,1.607379782,MeO2PACz,Au,..\raw_csv\type3_breakdown_Au\MeO2PACz_Au_scan_20V.csv
-2.259500027,1.780885273,MeO2PACz,Au,..\raw_csv\type3_breakdown_Au\MeO2PACz_Au_scan_20V.csv
-2.279500008,2.388209335,MeO2PACz,Au,..\raw_csv\type3_breakdown_Au\MeO2PACz_Au_scan_20V.csv
-2.299499989,2.251249595,MeO2PACz,Au,..\raw_csv\type3_breakdown_Au\MeO2PACz_Au_scan_20V.csv
-2.319499969,2.830195018,MeO2PACz,Au,..\raw_csv\type3_breakdown_Au\MeO2PACz_Au_scan_20V.csv
-2.33949995,3.09948338,MeO2PACz,Au,..\raw_csv\type3_breakdown_Au\MeO2PACz_Au_scan_20V.csv
-2.359499931,3.389374609,MeO2PACz,Au,..\raw_csv\type3_breakdown_Au\MeO2PACz_Au_scan_20V.csv
-2.379499912,3.685520996,MeO2PACz,Au,..\raw_csv\type3_breakdown_Au\MeO2PACz_Au_scan_20V.csv
-2.399499893,4.061465036,MeO2PACz,Au,..\raw_csv\type3_breakdown_Au\MeO2PACz_Au_scan_20V.csv
-2.419500113,5.1481174,MeO2PACz,Au,..\raw_csv\type3_breakdown_Au\MeO2PACz_Au_scan_20V.csv
-2.439500093,5.638920548,MeO2PACz,Au,..\raw_csv\type3_breakdown_Au\MeO2PACz_Au_scan_20V.csv
-2.459500074,6.260478307,MeO2PACz,Au,..\raw_csv\type3_breakdown_Au\MeO2PACz_Au_scan_20V.csv
-2.479500055,6.600103653,MeO2PACz,Au,..\raw_csv\type3_breakdown_Au\MeO2PACz_Au_scan_20V.csv
-2.499500036,7.09293974,MeO2PACz,Au,..\raw_csv\type3_breakdown_Au\MeO2PACz_Au_scan_20V.csv
-2.519500017,7.903113411,MeO2PACz,Au,..\raw_csv\type3_breakdown_Au\MeO2PACz_Au_scan_20V.csv
-2.539499998,8.256072641,MeO2PACz,Au,..\raw_csv\type3_breakdown_Au\MeO2PACz_Au_scan_20V.csv
-2.559499979,8.998460845,MeO2PACz,Au,..\raw_csv\type3_breakdown_Au\MeO2PACz_Au_scan_20V.csv
-2.57949996,10.02500153,MeO2PACz,Au,..\raw_csv\type3_breakdown_Au\MeO2PACz_Au_scan_20V.csv
-2.599499941,10.55015201,MeO2PACz,Au,..\raw_csv\type3_breakdown_Au\MeO2PACz_Au_scan_20V.csv
-2.619499922,11.62997243,MeO2PACz,Au,..\raw_csv\type3_breakdown_Au\MeO2PACz_Au_scan_20V.csv
-2.639499903,13.05501142,MeO2PACz,Au,..\raw_csv\type3_breakdown_Au\MeO2PACz_Au_scan_20V.csv
-2.659499884,14.2936512,MeO2PACz,Au,..\raw_csv\type3_breakdown_Au\MeO2PACz_Au_scan_20V.csv
-2.679500103,16.08607963,MeO2PACz,Au,..\raw_csv\type3_breakdown_Au\MeO2PACz_Au_scan_20V.csv
-2.699500084,18.13942944,MeO2PACz,Au,..\raw_csv\type3_breakdown_Au\MeO2PACz_Au_scan_20V.csv
-2.719500065,19.90143402,MeO2PACz,Au,..\raw_csv\type3_breakdown_Au\MeO2PACz_Au_scan_20V.csv
-2.739500046,22.13747987,MeO2PACz,Au,..\raw_csv\type3_breakdown_Au\MeO2PACz_Au_scan_20V.csv
-2.759500027,24.36893069,MeO2PACz,Au,..\raw_csv\type3_breakdown_Au\MeO2PACz_Au_scan_20V.csv
-2.779500008,26.81038127,MeO2PACz,Au,..\raw_csv\type3_breakdown_Au\MeO2PACz_Au_scan_20V.csv
-2.799499989,29.48208789,MeO2PACz,Au,..\raw_csv\type3_breakdown_Au\MeO2PACz_Au_scan_20V.csv
-2.819499969,32.32177316,MeO2PACz,Au,..\raw_csv\type3_breakdown_Au\MeO2PACz_Au_scan_20V.csv
-2.83949995,35.40769897,MeO2PACz,Au,..\raw_csv\type3_breakdown_Au\MeO2PACz_Au_scan_20V.csv
-2.859499931,38.63682524,MeO2PACz,Au,..\raw_csv\type3_breakdown_Au\MeO2PACz_Au_scan_20V.csv
-2.879499912,42.10623659,MeO2PACz,Au,..\raw_csv\type3_breakdown_Au\MeO2PACz_Au_scan_20V.csv
-2.899499893,46.02919818,MeO2PACz,Au,..\raw_csv\type3_breakdown_Au\MeO2PACz_Au_scan_20V.csv
-2.919500113,50.06646229,MeO2PACz,Au,..\raw_csv\type3_breakdown_Au\MeO2PACz_Au_scan_20V.csv
-2.939500093,54.36741385,MeO2PACz,Au,..\raw_csv\type3_breakdown_Au\MeO2PACz_Au_scan_20V.csv
-2.959500074,58.91338791,MeO2PACz,Au,..\raw_csv\type3_breakdown_Au\MeO2PACz_Au_scan_20V.csv
-2.979500055,63.13674721,MeO2PACz,Au,..\raw_csv\type3_breakdown_Au\MeO2PACz_Au_scan_20V.csv
-2.999500036,68.21776225,MeO2PACz,Au,..\raw_csv\type3_breakdown_Au\MeO2PACz_Au_scan_20V.csv
-3.019500017,73.86360133,MeO2PACz,Au,..\raw_csv\type3_breakdown_Au\MeO2PACz_Au_scan_20V.csv
-3.039499998,79.13055376,MeO2PACz,Au,..\raw_csv\type3_breakdown_Au\MeO2PACz_Au_scan_20V.csv
-3.059499979,85.04681505,MeO2PACz,Au,..\raw_csv\type3_breakdown_Au\MeO2PACz_Au_scan_20V.csv
-3.07949996,90.93185779,MeO2PACz,Au,..\raw_csv\type3_breakdown_Au\MeO2PACz_Au_scan_20V.csv
-3.099499941,97.21667652,MeO2PACz,Au,..\raw_csv\type3_breakdown_Au\MeO2PACz_Au_scan_20V.csv
-3.119499922,103.5155498,MeO2PACz,Au,..\raw_csv\type3_breakdown_Au\MeO2PACz_Au_scan_20V.csv
-3.139499903,110.0263335,MeO2PACz,Au,..\raw_csv\type3_breakdown_Au\MeO2PACz_Au_scan_20V.csv
-3.159499884,116.9075374,MeO2PACz,Au,..\raw_csv\type3_breakdown_Au\MeO2PACz_Au_scan_20V.csv
-3.179500103,123.8760315,MeO2PACz,Au,..\raw_csv\type3_breakdown_Au\MeO2PACz_Au_scan_20V.csv
-3.199500084,130.7685267,MeO2PACz,Au,..\raw_csv\type3_breakdown_Au\MeO2PACz_Au_scan_20V.csv
-3.219500065,138.1552694,MeO2PACz,Au,..\raw_csv\type3_breakdown_Au\MeO2PACz_Au_scan_20V.csv
-3.239500046,145.7492274,MeO2PACz,Au,..\raw_csv\type3_breakdown_Au\MeO2PACz_Au_scan_20V.csv
-3.259500027,153.030723,MeO2PACz,Au,..\raw_csv\type3_breakdown_Au\MeO2PACz_Au_scan_20V.csv
-3.279500008,160.9022614,MeO2PACz,Au,..\raw_csv\type3_breakdown_Au\MeO2PACz_Au_scan_20V.csv
-3.299499989,169.0700681,MeO2PACz,Au,..\raw_csv\type3_breakdown_Au\MeO2PACz_Au_scan_20V.csv
-3.319499969,177.4277261,MeO2PACz,Au,..\raw_csv\type3_breakdown_Au\MeO2PACz_Au_scan_20V.csv
-3.33949995,185.2197557,MeO2PACz,Au,..\raw_csv\type3_breakdown_Au\MeO2PACz_Au_scan_20V.csv
-3.359499931,193.3286197,MeO2PACz,Au,..\raw_csv\type3_breakdown_Au\MeO2PACz_Au_scan_20V.csv
-3.379499912,201.7589363,MeO2PACz,Au,..\raw_csv\type3_breakdown_Au\MeO2PACz_Au_scan_20V.csv
-3.399499893,210.1775844,MeO2PACz,Au,..\raw_csv\type3_breakdown_Au\MeO2PACz_Au_scan_20V.csv
-3.419500113,218.561304,MeO2PACz,Au,..\raw_csv\type3_breakdown_Au\MeO2PACz_Au_scan_20V.csv
-3.439500093,227.0087538,MeO2PACz,Au,..\raw_csv\type3_breakdown_Au\MeO2PACz_Au_scan_20V.csv
-3.459500074,235.6439459,MeO2PACz,Au,..\raw_csv\type3_breakdown_Au\MeO2PACz_Au_scan_20V.csv
-3.479500055,244.3452543,MeO2PACz,Au,..\raw_csv\type3_breakdown_Au\MeO2PACz_Au_scan_20V.csv
-3.499500036,252.9325872,MeO2PACz,Au,..\raw_csv\type3_breakdown_Au\MeO2PACz_Au_scan_20V.csv
-3.519500017,261.5419486,MeO2PACz,Au,..\raw_csv\type3_breakdown_Au\MeO2PACz_Au_scan_20V.csv
-3.539499998,270.3306165,MeO2PACz,Au,..\raw_csv\type3_breakdown_Au\MeO2PACz_Au_scan_20V.csv
-3.559499979,279.0323097,MeO2PACz,Au,..\raw_csv\type3_breakdown_Au\MeO2PACz_Au_scan_20V.csv
-3.57949996,287.8605396,MeO2PACz,Au,..\raw_csv\type3_breakdown_Au\MeO2PACz_Au_scan_20V.csv
-3.599499941,296.4800609,MeO2PACz,Au,..\raw_csv\type3_breakdown_Au\MeO2PACz_Au_scan_20V.csv
-3.619499922,304.9018647,MeO2PACz,Au,..\raw_csv\type3_breakdown_Au\MeO2PACz_Au_scan_20V.csv
-3.639499903,313.7723042,MeO2PACz,Au,..\raw_csv\type3_breakdown_Au\MeO2PACz_Au_scan_20V.csv
-3.659499884,322.2778193,MeO2PACz,Au,..\raw_csv\type3_breakdown_Au\MeO2PACz_Au_scan_20V.csv
-3.679500103,330.9744941,MeO2PACz,Au,..\raw_csv\type3_breakdown_Au\MeO2PACz_Au_scan_20V.csv
-3.699500084,339.539152,MeO2PACz,Au,..\raw_csv\type3_breakdown_Au\MeO2PACz_Au_scan_20V.csv
-3.719500065,347.976288,MeO2PACz,Au,..\raw_csv\type3_breakdown_Au\MeO2PACz_Au_scan_20V.csv
-3.739500046,356.389379,MeO2PACz,Au,..\raw_csv\type3_breakdown_Au\MeO2PACz_Au_scan_20V.csv
-3.759500027,364.6543203,MeO2PACz,Au,..\raw_csv\type3_breakdown_Au\MeO2PACz_Au_scan_20V.csv
-3.779500008,372.8826553,MeO2PACz,Au,..\raw_csv\type3_breakdown_Au\MeO2PACz_Au_scan_20V.csv
-3.799499989,381.0796179,MeO2PACz,Au,..\raw_csv\type3_breakdown_Au\MeO2PACz_Au_scan_20V.csv
-3.819499969,389.2758415,MeO2PACz,Au,..\raw_csv\type3_breakdown_Au\MeO2PACz_Au_scan_20V.csv
-3.83949995,397.3582128,MeO2PACz,Au,..\raw_csv\type3_breakdown_Au\MeO2PACz_Au_scan_20V.csv
-3.859499931,405.4867039,MeO2PACz,Au,..\raw_csv\type3_breakdown_Au\MeO2PACz_Au_scan_20V.csv
-3.879499912,413.4385362,MeO2PACz,Au,..\raw_csv\type3_breakdown_Au\MeO2PACz_Au_scan_20V.csv
-3.899499893,421.3384299,MeO2PACz,Au,..\raw_csv\type3_breakdown_Au\MeO2PACz_Au_scan_20V.csv
-3.919500113,429.2755149,MeO2PACz,Au,..\raw_csv\type3_breakdown_Au\MeO2PACz_Au_scan_20V.csv
-3.939500093,436.7942283,MeO2PACz,Au,..\raw_csv\type3_breakdown_Au\MeO2PACz_Au_scan_20V.csv
-3.959500074,444.659055,MeO2PACz,Au,..\raw_csv\type3_breakdown_Au\MeO2PACz_Au_scan_20V.csv
-3.979500055,452.2261048,MeO2PACz,Au,..\raw_csv\type3_breakdown_Au\MeO2PACz_Au_scan_20V.csv
-3.999500036,459.7184641,MeO2PACz,Au,..\raw_csv\type3_breakdown_Au\MeO2PACz_Au_scan_20V.csv
-4.019499779,467.0747425,MeO2PACz,Au,..\raw_csv\type3_breakdown_Au\MeO2PACz_Au_scan_20V.csv
-4.039500237,474.5303722,MeO2PACz,Au,..\raw_csv\type3_breakdown_Au\MeO2PACz_Au_scan_20V.csv
-4.059500217,481.698816,MeO2PACz,Au,..\raw_csv\type3_breakdown_Au\MeO2PACz_Au_scan_20V.csv
-4.079500198,488.6924174,MeO2PACz,Au,..\raw_csv\type3_breakdown_Au\MeO2PACz_Au_scan_20V.csv
-4.099500179,495.9875518,MeO2PACz,Au,..\raw_csv\type3_breakdown_Au\MeO2PACz_Au_scan_20V.csv
-4.11950016,502.899166,MeO2PACz,Au,..\raw_csv\type3_breakdown_Au\MeO2PACz_Au_scan_20V.csv
-4.139500141,509.9069296,MeO2PACz,Au,..\raw_csv\type3_breakdown_Au\MeO2PACz_Au_scan_20V.csv
-4.159500122,516.5900696,MeO2PACz,Au,..\raw_csv\type3_breakdown_Au\MeO2PACz_Au_scan_20V.csv
-4.179500103,523.381982,MeO2PACz,Au,..\raw_csv\type3_breakdown_Au\MeO2PACz_Au_scan_20V.csv
-4.199500084,530.0097352,MeO2PACz,Au,..\raw_csv\type3_breakdown_Au\MeO2PACz_Au_scan_20V.csv
-4.219500065,536.6763423,MeO2PACz,Au,..\raw_csv\type3_breakdown_Au\MeO2PACz_Au_scan_20V.csv
-4.239500046,543.1468329,MeO2PACz,Au,..\raw_csv\type3_breakdown_Au\MeO2PACz_Au_scan_20V.csv
-4.259500027,549.6061784,MeO2PACz,Au,..\raw_csv\type3_breakdown_Au\MeO2PACz_Au_scan_20V.csv
-4.279500008,555.7849264,MeO2PACz,Au,..\raw_csv\type3_breakdown_Au\MeO2PACz_Au_scan_20V.csv
-4.299499989,562.1174273,MeO2PACz,Au,..\raw_csv\type3_breakdown_Au\MeO2PACz_Au_scan_20V.csv
-4.319499969,567.9392864,MeO2PACz,Au,..\raw_csv\type3_breakdown_Au\MeO2PACz_Au_scan_20V.csv
-4.33949995,574.0164356,MeO2PACz,Au,..\raw_csv\type3_breakdown_Au\MeO2PACz_Au_scan_20V.csv
-4.359499931,580.1049762,MeO2PACz,Au,..\raw_csv\type3_breakdown_Au\MeO2PACz_Au_scan_20V.csv
-4.379499912,585.6503017,MeO2PACz,Au,..\raw_csv\type3_breakdown_Au\MeO2PACz_Au_scan_20V.csv
-4.399499893,591.4705598,MeO2PACz,Au,..\raw_csv\type3_breakdown_Au\MeO2PACz_Au_scan_20V.csv
-4.419499874,597.1668057,MeO2PACz,Au,..\raw_csv\type3_breakdown_Au\MeO2PACz_Au_scan_20V.csv
-4.439499855,602.8717338,MeO2PACz,Au,..\raw_csv\type3_breakdown_Au\MeO2PACz_Au_scan_20V.csv
-4.459499836,608.3226647,MeO2PACz,Au,..\raw_csv\type3_breakdown_Au\MeO2PACz_Au_scan_20V.csv
-4.479499817,613.8333235,MeO2PACz,Au,..\raw_csv\type3_breakdown_Au\MeO2PACz_Au_scan_20V.csv
-4.499499798,619.2348713,MeO2PACz,Au,..\raw_csv\type3_breakdown_Au\MeO2PACz_Au_scan_20V.csv
-4.519499779,624.2026844,MeO2PACz,Au,..\raw_csv\type3_breakdown_Au\MeO2PACz_Au_scan_20V.csv
-4.539500237,629.7810142,MeO2PACz,Au,..\raw_csv\type3_breakdown_Au\MeO2PACz_Au_scan_20V.csv
-4.559500217,634.7603419,MeO2PACz,Au,..\raw_csv\type3_breakdown_Au\MeO2PACz_Au_scan_20V.csv
-4.579500198,639.8328326,MeO2PACz,Au,..\raw_csv\type3_breakdown_Au\MeO2PACz_Au_scan_20V.csv
-4.599500179,644.7983059,MeO2PACz,Au,..\raw_csv\type3_breakdown_Au\MeO2PACz_Au_scan_20V.csv
-4.61950016,649.7663038,MeO2PACz,Au,..\raw_csv\type3_breakdown_Au\MeO2PACz_Au_scan_20V.csv
-4.639500141,654.5899082,MeO2PACz,Au,..\raw_csv\type3_breakdown_Au\MeO2PACz_Au_scan_20V.csv
-4.659500122,659.5535958,MeO2PACz,Au,..\raw_csv\type3_breakdown_Au\MeO2PACz_Au_scan_20V.csv
-4.679500103,664.043094,MeO2PACz,Au,..\raw_csv\type3_breakdown_Au\MeO2PACz_Au_scan_20V.csv
-4.699500084,668.8224875,MeO2PACz,Au,..\raw_csv\type3_breakdown_Au\MeO2PACz_Au_scan_20V.csv
-4.719500065,673.3686348,MeO2PACz,Au,..\raw_csv\type3_breakdown_Au\MeO2PACz_Au_scan_20V.csv
-4.739500046,677.7631227,MeO2PACz,Au,..\raw_csv\type3_breakdown_Au\MeO2PACz_Au_scan_20V.csv
-4.759500027,682.3112403,MeO2PACz,Au,..\raw_csv\type3_breakdown_Au\MeO2PACz_Au_scan_20V.csv
-4.779500008,686.7658255,MeO2PACz,Au,..\raw_csv\type3_breakdown_Au\MeO2PACz_Au_scan_20V.csv
-4.799499989,691.3244109,MeO2PACz,Au,..\raw_csv\type3_breakdown_Au\MeO2PACz_Au_scan_20V.csv
-4.819499969,695.6807838,MeO2PACz,Au,..\raw_csv\type3_breakdown_Au\MeO2PACz_Au_scan_20V.csv
-4.83949995,700.0793972,MeO2PACz,Au,..\raw_csv\type3_breakdown_Au\MeO2PACz_Au_scan_20V.csv
-4.859499931,704.4994388,MeO2PACz,Au,..\raw_csv\type3_breakdown_Au\MeO2PACz_Au_scan_20V.csv
-4.879499912,708.8087684,MeO2PACz,Au,..\raw_csv\type3_breakdown_Au\MeO2PACz_Au_scan_20V.csv
-4.899499893,713.0634194,MeO2PACz,Au,..\raw_csv\type3_breakdown_Au\MeO2PACz_Au_scan_20V.csv
-4.919499874,717.3551385,MeO2PACz,Au,..\raw_csv\type3_breakdown_Au\MeO2PACz_Au_scan_20V.csv
-4.939499855,721.6895907,MeO2PACz,Au,..\raw_csv\type3_breakdown_Au\MeO2PACz_Au_scan_20V.csv
-4.959499836,726.1901109,MeO2PACz,Au,..\raw_csv\type3_breakdown_Au\MeO2PACz_Au_scan_20V.csv
-4.979499817,730.6080589,MeO2PACz,Au,..\raw_csv\type3_breakdown_Au\MeO2PACz_Au_scan_20V.csv
-4.999499798,735.0745896,MeO2PACz,Au,..\raw_csv\type3_breakdown_Au\MeO2PACz_Au_scan_20V.csv
-5.019499779,739.4036848,MeO2PACz,Au,..\raw_csv\type3_breakdown_Au\MeO2PACz_Au_scan_20V.csv
-5.039500237,743.99041,MeO2PACz,Au,..\raw_csv\type3_breakdown_Au\MeO2PACz_Au_scan_20V.csv
-5.059500217,748.4619282,MeO2PACz,Au,..\raw_csv\type3_breakdown_Au\MeO2PACz_Au_scan_20V.csv
-5.079500198,752.9207005,MeO2PACz,Au,..\raw_csv\type3_breakdown_Au\MeO2PACz_Au_scan_20V.csv
-5.099500179,757.6588387,MeO2PACz,Au,..\raw_csv\type3_breakdown_Au\MeO2PACz_Au_scan_20V.csv
-5.11950016,762.2862035,MeO2PACz,Au,..\raw_csv\type3_breakdown_Au\MeO2PACz_Au_scan_20V.csv
-5.139500141,766.9256985,MeO2PACz,Au,..\raw_csv\type3_breakdown_Au\MeO2PACz_Au_scan_20V.csv
-5.159500122,771.66162,MeO2PACz,Au,..\raw_csv\type3_breakdown_Au\MeO2PACz_Au_scan_20V.csv
-5.179500103,776.7538148,MeO2PACz,Au,..\raw_csv\type3_breakdown_Au\MeO2PACz_Au_scan_20V.csv
-5.199500084,781.49731,MeO2PACz,Au,..\raw_csv\type3_breakdown_Au\MeO2PACz_Au_scan_20V.csv
-5.219500065,786.7979363,MeO2PACz,Au,..\raw_csv\type3_breakdown_Au\MeO2PACz_Au_scan_20V.csv
-5.239500046,791.872028,MeO2PACz,Au,..\raw_csv\type3_breakdown_Au\MeO2PACz_Au_scan_20V.csv
-5.259500027,797.0474722,MeO2PACz,Au,..\raw_csv\type3_breakdown_Au\MeO2PACz_Au_scan_20V.csv
-5.279500008,802.3575195,MeO2PACz,Au,..\raw_csv\type3_breakdown_Au\MeO2PACz_Au_scan_20V.csv
-5.299499989,807.6045755,MeO2PACz,Au,..\raw_csv\type3_breakdown_Au\MeO2PACz_Au_scan_20V.csv
-5.319499969,812.902123,MeO2PACz,Au,..\raw_csv\type3_breakdown_Au\MeO2PACz_Au_scan_20V.csv
-5.33949995,818.2130939,MeO2PACz,Au,..\raw_csv\type3_breakdown_Au\MeO2PACz_Au_scan_20V.csv
-5.359499931,823.8204255,MeO2PACz,Au,..\raw_csv\type3_breakdown_Au\MeO2PACz_Au_scan_20V.csv
-5.379499912,829.4020803,MeO2PACz,Au,..\raw_csv\type3_breakdown_Au\MeO2PACz_Au_scan_20V.csv
-5.399499893,835.3150088,MeO2PACz,Au,..\raw_csv\type3_breakdown_Au\MeO2PACz_Au_scan_20V.csv
-5.419499874,841.0527563,MeO2PACz,Au,..\raw_csv\type3_breakdown_Au\MeO2PACz_Au_scan_20V.csv
-5.439499855,847.2836584,MeO2PACz,Au,..\raw_csv\type3_breakdown_Au\MeO2PACz_Au_scan_20V.csv
-5.459499836,853.7441738,MeO2PACz,Au,..\raw_csv\type3_breakdown_Au\MeO2PACz_Au_scan_20V.csv
-5.479499817,859.8264953,MeO2PACz,Au,..\raw_csv\type3_breakdown_Au\MeO2PACz_Au_scan_20V.csv
-5.499499798,866.363487,MeO2PACz,Au,..\raw_csv\type3_breakdown_Au\MeO2PACz_Au_scan_20V.csv
-5.519499779,872.6030096,MeO2PACz,Au,..\raw_csv\type3_breakdown_Au\MeO2PACz_Au_scan_20V.csv
-5.539500237,879.3483096,MeO2PACz,Au,..\raw_csv\type3_breakdown_Au\MeO2PACz_Au_scan_20V.csv
-5.559500217,886.2508107,MeO2PACz,Au,..\raw_csv\type3_breakdown_Au\MeO2PACz_Au_scan_20V.csv
-5.579500198,893.2944418,MeO2PACz,Au,..\raw_csv\type3_breakdown_Au\MeO2PACz_Au_scan_20V.csv
-5.599500179,900.5382534,MeO2PACz,Au,..\raw_csv\type3_breakdown_Au\MeO2PACz_Au_scan_20V.csv
-5.61950016,907.5481414,MeO2PACz,Au,..\raw_csv\type3_breakdown_Au\MeO2PACz_Au_scan_20V.csv
-5.639500141,914.9772939,MeO2PACz,Au,..\raw_csv\type3_breakdown_Au\MeO2PACz_Au_scan_20V.csv
-5.659500122,922.4378496,MeO2PACz,Au,..\raw_csv\type3_breakdown_Au\MeO2PACz_Au_scan_20V.csv
-5.679500103,930.0937214,MeO2PACz,Au,..\raw_csv\type3_breakdown_Au\MeO2PACz_Au_scan_20V.csv
-5.699500084,937.8559333,MeO2PACz,Au,..\raw_csv\type3_breakdown_Au\MeO2PACz_Au_scan_20V.csv
-5.719500065,945.7105078,MeO2PACz,Au,..\raw_csv\type3_breakdown_Au\MeO2PACz_Au_scan_20V.csv
-5.739500046,953.9837926,MeO2PACz,Au,..\raw_csv\type3_breakdown_Au\MeO2PACz_Au_scan_20V.csv
-5.759500027,962.3850919,MeO2PACz,Au,..\raw_csv\type3_breakdown_Au\MeO2PACz_Au_scan_20V.csv
-5.779500008,970.9471637,MeO2PACz,Au,..\raw_csv\type3_breakdown_Au\MeO2PACz_Au_scan_20V.csv
-5.799499989,979.7636019,MeO2PACz,Au,..\raw_csv\type3_breakdown_Au\MeO2PACz_Au_scan_20V.csv
-5.819499969,988.7776345,MeO2PACz,Au,..\raw_csv\type3_breakdown_Au\MeO2PACz_Au_scan_20V.csv
-5.83949995,997.8468384,MeO2PACz,Au,..\raw_csv\type3_breakdown_Au\MeO2PACz_Au_scan_20V.csv
-5.859499931,1007.14818,MeO2PACz,Au,..\raw_csv\type3_breakdown_Au\MeO2PACz_Au_scan_20V.csv
-5.879499912,1016.926728,MeO2PACz,Au,..\raw_csv\type3_breakdown_Au\MeO2PACz_Au_scan_20V.csv
-5.899499893,1026.757123,MeO2PACz,Au,..\raw_csv\type3_breakdown_Au\MeO2PACz_Au_scan_20V.csv
-5.919499874,1036.572185,MeO2PACz,Au,..\raw_csv\type3_breakdown_Au\MeO2PACz_Au_scan_20V.csv
-5.939499855,1046.547343,MeO2PACz,Au,..\raw_csv\type3_breakdown_Au\MeO2PACz_Au_scan_20V.csv
-5.959499836,1056.801805,MeO2PACz,Au,..\raw_csv\type3_breakdown_Au\MeO2PACz_Au_scan_20V.csv
-5.979499817,1066.985702,MeO2PACz,Au,..\raw_csv\type3_breakdown_Au\MeO2PACz_Au_scan_20V.csv
-5.999499798,1077.432524,MeO2PACz,Au,..\raw_csv\type3_breakdown_Au\MeO2PACz_Au_scan_20V.csv
-6.019499779,1088.71923,MeO2PACz,Au,..\raw_csv\type3_breakdown_Au\MeO2PACz_Au_scan_20V.csv
-6.039500237,1100.079826,MeO2PACz,Au,..\raw_csv\type3_breakdown_Au\MeO2PACz_Au_scan_20V.csv
-6.059500217,1111.311484,MeO2PACz,Au,..\raw_csv\type3_breakdown_Au\MeO2PACz_Au_scan_20V.csv
-6.079500198,1122.820476,MeO2PACz,Au,..\raw_csv\type3_breakdown_Au\MeO2PACz_Au_scan_20V.csv
-6.099500179,1135.366515,MeO2PACz,Au,..\raw_csv\type3_breakdown_Au\MeO2PACz_Au_scan_20V.csv
-6.11950016,1147.090896,MeO2PACz,Au,..\raw_csv\type3_breakdown_Au\MeO2PACz_Au_scan_20V.csv
-6.139500141,1159.710086,MeO2PACz,Au,..\raw_csv\type3_breakdown_Au\MeO2PACz_Au_scan_20V.csv
-6.159500122,1173.340708,MeO2PACz,Au,..\raw_csv\type3_breakdown_Au\MeO2PACz_Au_scan_20V.csv
-6.179500103,1186.831185,MeO2PACz,Au,..\raw_csv\type3_breakdown_Au\MeO2PACz_Au_scan_20V.csv
-6.199500084,1201.189377,MeO2PACz,Au,..\raw_csv\type3_breakdown_Au\MeO2PACz_Au_scan_20V.csv
-6.219500065,1217.470312,MeO2PACz,Au,..\raw_csv\type3_breakdown_Au\MeO2PACz_Au_scan_20V.csv
-6.239500046,1232.581321,MeO2PACz,Au,..\raw_csv\type3_breakdown_Au\MeO2PACz_Au_scan_20V.csv
-6.259500027,1249.37222,MeO2PACz,Au,..\raw_csv\type3_breakdown_Au\MeO2PACz_Au_scan_20V.csv
-6.279500008,1267.383291,MeO2PACz,Au,..\raw_csv\type3_breakdown_Au\MeO2PACz_Au_scan_20V.csv
-6.299499989,1287.130531,MeO2PACz,Au,..\raw_csv\type3_breakdown_Au\MeO2PACz_Au_scan_20V.csv
-6.319499969,1307.642534,MeO2PACz,Au,..\raw_csv\type3_breakdown_Au\MeO2PACz_Au_scan_20V.csv
-6.33949995,1330.002527,MeO2PACz,Au,..\raw_csv\type3_breakdown_Au\MeO2PACz_Au_scan_20V.csv
-6.359499931,1352.655494,MeO2PACz,Au,..\raw_csv\type3_breakdown_Au\MeO2PACz_Au_scan_20V.csv
-6.379499912,1380.27338,MeO2PACz,Au,..\raw_csv\type3_breakdown_Au\MeO2PACz_Au_scan_20V.csv
-6.399499893,1408.898141,MeO2PACz,Au,..\raw_csv\type3_breakdown_Au\MeO2PACz_Au_scan_20V.csv
-6.419499874,1439.977037,MeO2PACz,Au,..\raw_csv\type3_breakdown_Au\MeO2PACz_Au_scan_20V.csv
-6.439499855,1475.351408,MeO2PACz,Au,..\raw_csv\type3_breakdown_Au\MeO2PACz_Au_scan_20V.csv
-6.459499836,1513.681136,MeO2PACz,Au,..\raw_csv\type3_breakdown_Au\MeO2PACz_Au_scan_20V.csv
-6.479499817,1553.849371,MeO2PACz,Au,..\raw_csv\type3_breakdown_Au\MeO2PACz_Au_scan_20V.csv
-6.499499798,1652.95761,MeO2PACz,Au,..\raw_csv\type3_breakdown_Au\MeO2PACz_Au_scan_20V.csv
-6.519499779,1652.958102,MeO2PACz,Au,..\raw_csv\type3_breakdown_Au\MeO2PACz_Au_scan_20V.csv
-6.539500237,1652.958102,MeO2PACz,Au,..\raw_csv\type3_breakdown_Au\MeO2PACz_Au_scan_20V.csv
-6.559500217,1652.958102,MeO2PACz,Au,..\raw_csv\type3_breakdown_Au\MeO2PACz_Au_scan_20V.csv
-6.579500198,1652.958718,MeO2PACz,Au,..\raw_csv\type3_breakdown_Au\MeO2PACz_Au_scan_20V.csv
-6.599500179,1652.958472,MeO2PACz,Au,..\raw_csv\type3_breakdown_Au\MeO2PACz_Au_scan_20V.csv
-6.61950016,1652.957117,MeO2PACz,Au,..\raw_csv\type3_breakdown_Au\MeO2PACz_Au_scan_20V.csv
-6.639500141,1652.961304,MeO2PACz,Au,..\raw_csv\type3_breakdown_Au\MeO2PACz_Au_scan_20V.csv
-6.659500122,1652.957979,MeO2PACz,Au,..\raw_csv\type3_breakdown_Au\MeO2PACz_Au_scan_20V.csv
-6.679500103,1652.957364,MeO2PACz,Au,..\raw_csv\type3_breakdown_Au\MeO2PACz_Au_scan_20V.csv
-6.699500084,1652.958965,MeO2PACz,Au,..\raw_csv\type3_breakdown_Au\MeO2PACz_Au_scan_20V.csv
-6.719500065,1652.959457,MeO2PACz,Au,..\raw_csv\type3_breakdown_Au\MeO2PACz_Au_scan_20V.csv
-6.739500046,1652.958965,MeO2PACz,Au,..\raw_csv\type3_breakdown_Au\MeO2PACz_Au_scan_20V.csv
-6.759500027,1652.957856,MeO2PACz,Au,..\raw_csv\type3_breakdown_Au\MeO2PACz_Au_scan_20V.csv
-6.779500008,1652.957487,MeO2PACz,Au,..\raw_csv\type3_breakdown_Au\MeO2PACz_Au_scan_20V.csv
-6.799499989,1652.958472,MeO2PACz,Au,..\raw_csv\type3_breakdown_Au\MeO2PACz_Au_scan_20V.csv
-6.819499969,1652.956871,MeO2PACz,Au,..\raw_csv\type3_breakdown_Au\MeO2PACz_Au_scan_20V.csv
-6.83949995,1652.957117,MeO2PACz,Au,..\raw_csv\type3_breakdown_Au\MeO2PACz_Au_scan_20V.csv
-6.859499931,1652.956625,MeO2PACz,Au,..\raw_csv\type3_breakdown_Au\MeO2PACz_Au_scan_20V.csv
-6.879499912,1652.95958,MeO2PACz,Au,..\raw_csv\type3_breakdown_Au\MeO2PACz_Au_scan_20V.csv
-6.899499893,1652.957856,MeO2PACz,Au,..\raw_csv\type3_breakdown_Au\MeO2PACz_Au_scan_20V.csv
-6.919499874,1652.958102,MeO2PACz,Au,..\raw_csv\type3_breakdown_Au\MeO2PACz_Au_scan_20V.csv
-6.939499855,1652.958965,MeO2PACz,Au,..\raw_csv\type3_breakdown_Au\MeO2PACz_Au_scan_20V.csv
-6.959499836,1652.957733,MeO2PACz,Au,..\raw_csv\type3_breakdown_Au\MeO2PACz_Au_scan_20V.csv
-6.979499817,1652.955516,MeO2PACz,Au,..\raw_csv\type3_breakdown_Au\MeO2PACz_Au_scan_20V.csv
-6.999499798,1652.958965,MeO2PACz,Au,..\raw_csv\type3_breakdown_Au\MeO2PACz_Au_scan_20V.csv
-7.019499779,1652.957733,MeO2PACz,Au,..\raw_csv\type3_breakdown_Au\MeO2PACz_Au_scan_20V.csv
-7.039500237,1652.957487,MeO2PACz,Au,..\raw_csv\type3_breakdown_Au\MeO2PACz_Au_scan_20V.csv
-7.059500217,1652.956748,MeO2PACz,Au,..\raw_csv\type3_breakdown_Au\MeO2PACz_Au_scan_20V.csv
-7.079500198,1652.957856,MeO2PACz,Au,..\raw_csv\type3_breakdown_Au\MeO2PACz_Au_scan_20V.csv
-7.099500179,1652.954777,MeO2PACz,Au,..\raw_csv\type3_breakdown_Au\MeO2PACz_Au_scan_20V.csv
-7.11950016,1652.956255,MeO2PACz,Au,..\raw_csv\type3_breakdown_Au\MeO2PACz_Au_scan_20V.csv
-7.139500141,1652.953546,MeO2PACz,Au,..\raw_csv\type3_breakdown_Au\MeO2PACz_Au_scan_20V.csv
-7.159500122,1652.956502,MeO2PACz,Au,..\raw_csv\type3_breakdown_Au\MeO2PACz_Au_scan_20V.csv
-7.179500103,1652.956625,MeO2PACz,Au,..\raw_csv\type3_breakdown_Au\MeO2PACz_Au_scan_20V.csv
-7.199500084,1652.955639,MeO2PACz,Au,..\raw_csv\type3_breakdown_Au\MeO2PACz_Au_scan_20V.csv
-7.219500065,1652.957364,MeO2PACz,Au,..\raw_csv\type3_breakdown_Au\MeO2PACz_Au_scan_20V.csv
-7.239500046,1652.942339,MeO2PACz,Au,..\raw_csv\type3_breakdown_Au\MeO2PACz_Au_scan_20V.csv
-7.259500027,1652.957733,MeO2PACz,Au,..\raw_csv\type3_breakdown_Au\MeO2PACz_Au_scan_20V.csv
-7.279500008,1652.95761,MeO2PACz,Au,..\raw_csv\type3_breakdown_Au\MeO2PACz_Au_scan_20V.csv
-7.299499989,1652.95761,MeO2PACz,Au,..\raw_csv\type3_breakdown_Au\MeO2PACz_Au_scan_20V.csv
-7.319499969,1652.957733,MeO2PACz,Au,..\raw_csv\type3_breakdown_Au\MeO2PACz_Au_scan_20V.csv
-7.33949995,1652.955886,MeO2PACz,Au,..\raw_csv\type3_breakdown_Au\MeO2PACz_Au_scan_20V.csv
-7.359499931,1652.95761,MeO2PACz,Au,..\raw_csv\type3_breakdown_Au\MeO2PACz_Au_scan_20V.csv
-7.379499912,1652.956009,MeO2PACz,Au,..\raw_csv\type3_breakdown_Au\MeO2PACz_Au_scan_20V.csv
-7.399499893,1652.97522,MeO2PACz,Au,..\raw_csv\type3_breakdown_Au\MeO2PACz_Au_scan_20V.csv
-7.419499874,1652.957364,MeO2PACz,Au,..\raw_csv\type3_breakdown_Au\MeO2PACz_Au_scan_20V.csv
-7.439499855,1652.957487,MeO2PACz,Au,..\raw_csv\type3_breakdown_Au\MeO2PACz_Au_scan_20V.csv
-7.459499836,1652.956994,MeO2PACz,Au,..\raw_csv\type3_breakdown_Au\MeO2PACz_Au_scan_20V.csv
-7.479499817,1652.956871,MeO2PACz,Au,..\raw_csv\type3_breakdown_Au\MeO2PACz_Au_scan_20V.csv
-7.499499798,1652.95761,MeO2PACz,Au,..\raw_csv\type3_breakdown_Au\MeO2PACz_Au_scan_20V.csv
-7.519499779,1652.95761,MeO2PACz,Au,..\raw_csv\type3_breakdown_Au\MeO2PACz_Au_scan_20V.csv
-7.539500237,1652.960812,MeO2PACz,Au,..\raw_csv\type3_breakdown_Au\MeO2PACz_Au_scan_20V.csv
-7.559500217,1652.955886,MeO2PACz,Au,..\raw_csv\type3_breakdown_Au\MeO2PACz_Au_scan_20V.csv
-7.579500198,1652.956748,MeO2PACz,Au,..\raw_csv\type3_breakdown_Au\MeO2PACz_Au_scan_20V.csv
-7.599500179,1652.956994,MeO2PACz,Au,..\raw_csv\type3_breakdown_Au\MeO2PACz_Au_scan_20V.csv
-7.61950016,1652.957979,MeO2PACz,Au,..\raw_csv\type3_breakdown_Au\MeO2PACz_Au_scan_20V.csv
-7.639500141,1652.956994,MeO2PACz,Au,..\raw_csv\type3_breakdown_Au\MeO2PACz_Au_scan_20V.csv
-7.659500122,1652.956625,MeO2PACz,Au,..\raw_csv\type3_breakdown_Au\MeO2PACz_Au_scan_20V.csv
-7.679500103,1652.954039,MeO2PACz,Au,..\raw_csv\type3_breakdown_Au\MeO2PACz_Au_scan_20V.csv
-7.699500084,1652.954285,MeO2PACz,Au,..\raw_csv\type3_breakdown_Au\MeO2PACz_Au_scan_20V.csv
-7.719500065,1652.958718,MeO2PACz,Au,..\raw_csv\type3_breakdown_Au\MeO2PACz_Au_scan_20V.csv
-7.739500046,1652.958841,MeO2PACz,Au,..\raw_csv\type3_breakdown_Au\MeO2PACz_Au_scan_20V.csv
-7.759500027,1652.956994,MeO2PACz,Au,..\raw_csv\type3_breakdown_Au\MeO2PACz_Au_scan_20V.csv
-7.779500008,1652.957856,MeO2PACz,Au,..\raw_csv\type3_breakdown_Au\MeO2PACz_Au_scan_20V.csv
-7.799499989,1652.955639,MeO2PACz,Au,..\raw_csv\type3_breakdown_Au\MeO2PACz_Au_scan_20V.csv
-7.819499969,1652.958102,MeO2PACz,Au,..\raw_csv\type3_breakdown_Au\MeO2PACz_Au_scan_20V.csv
-7.83949995,1652.956502,MeO2PACz,Au,..\raw_csv\type3_breakdown_Au\MeO2PACz_Au_scan_20V.csv
-7.859499931,1652.958349,MeO2PACz,Au,..\raw_csv\type3_breakdown_Au\MeO2PACz_Au_scan_20V.csv
-7.879499912,1652.957487,MeO2PACz,Au,..\raw_csv\type3_breakdown_Au\MeO2PACz_Au_scan_20V.csv
-7.899499893,1652.958472,MeO2PACz,Au,..\raw_csv\type3_breakdown_Au\MeO2PACz_Au_scan_20V.csv
-7.919499874,1652.957364,MeO2PACz,Au,..\raw_csv\type3_breakdown_Au\MeO2PACz_Au_scan_20V.csv
-7.939499855,1652.956255,MeO2PACz,Au,..\raw_csv\type3_breakdown_Au\MeO2PACz_Au_scan_20V.csv
-7.959499836,1652.955763,MeO2PACz,Au,..\raw_csv\type3_breakdown_Au\MeO2PACz_Au_scan_20V.csv
-7.979499817,1652.957733,MeO2PACz,Au,..\raw_csv\type3_breakdown_Au\MeO2PACz_Au_scan_20V.csv
-7.999499798,1652.956378,MeO2PACz,Au,..\raw_csv\type3_breakdown_Au\MeO2PACz_Au_scan_20V.csv
-8.019499779,1652.956502,MeO2PACz,Au,..\raw_csv\type3_breakdown_Au\MeO2PACz_Au_scan_20V.csv
-8.039500237,1652.957117,MeO2PACz,Au,..\raw_csv\type3_breakdown_Au\MeO2PACz_Au_scan_20V.csv
-8.059499741,1652.955639,MeO2PACz,Au,..\raw_csv\type3_breakdown_Au\MeO2PACz_Au_scan_20V.csv
-8.079500198,1652.957487,MeO2PACz,Au,..\raw_csv\type3_breakdown_Au\MeO2PACz_Au_scan_20V.csv
-8.099499702,1652.956871,MeO2PACz,Au,..\raw_csv\type3_breakdown_Au\MeO2PACz_Au_scan_20V.csv
-8.11950016,1652.956502,MeO2PACz,Au,..\raw_csv\type3_breakdown_Au\MeO2PACz_Au_scan_20V.csv
-8.139499664,1652.957364,MeO2PACz,Au,..\raw_csv\type3_breakdown_Au\MeO2PACz_Au_scan_20V.csv
-8.159500122,1652.956378,MeO2PACz,Au,..\raw_csv\type3_breakdown_Au\MeO2PACz_Au_scan_20V.csv
-8.179499626,1652.955763,MeO2PACz,Au,..\raw_csv\type3_breakdown_Au\MeO2PACz_Au_scan_20V.csv
-8.199500084,1652.95761,MeO2PACz,Au,..\raw_csv\type3_breakdown_Au\MeO2PACz_Au_scan_20V.csv
-8.219499588,1652.956748,MeO2PACz,Au,..\raw_csv\type3_breakdown_Au\MeO2PACz_Au_scan_20V.csv
-8.239500046,1652.956994,MeO2PACz,Au,..\raw_csv\type3_breakdown_Au\MeO2PACz_Au_scan_20V.csv
-8.25949955,1652.957364,MeO2PACz,Au,..\raw_csv\type3_breakdown_Au\MeO2PACz_Au_scan_20V.csv
-8.279500008,1652.956502,MeO2PACz,Au,..\raw_csv\type3_breakdown_Au\MeO2PACz_Au_scan_20V.csv
-8.299500465,1652.956502,MeO2PACz,Au,..\raw_csv\type3_breakdown_Au\MeO2PACz_Au_scan_20V.csv
-8.319499969,1652.956994,MeO2PACz,Au,..\raw_csv\type3_breakdown_Au\MeO2PACz_Au_scan_20V.csv
-8.339500427,1652.958102,MeO2PACz,Au,..\raw_csv\type3_breakdown_Au\MeO2PACz_Au_scan_20V.csv
-8.359499931,1652.955516,MeO2PACz,Au,..\raw_csv\type3_breakdown_Au\MeO2PACz_Au_scan_20V.csv
-8.379500389,1652.95527,MeO2PACz,Au,..\raw_csv\type3_breakdown_Au\MeO2PACz_Au_scan_20V.csv
-8.399499893,1652.957364,MeO2PACz,Au,..\raw_csv\type3_breakdown_Au\MeO2PACz_Au_scan_20V.csv
-8.419500351,1652.956625,MeO2PACz,Au,..\raw_csv\type3_breakdown_Au\MeO2PACz_Au_scan_20V.csv
-8.439499855,1652.955639,MeO2PACz,Au,..\raw_csv\type3_breakdown_Au\MeO2PACz_Au_scan_20V.csv
-8.459500313,1652.956378,MeO2PACz,Au,..\raw_csv\type3_breakdown_Au\MeO2PACz_Au_scan_20V.csv
-8.479499817,1652.956502,MeO2PACz,Au,..\raw_csv\type3_breakdown_Au\MeO2PACz_Au_scan_20V.csv
-8.499500275,1652.956994,MeO2PACz,Au,..\raw_csv\type3_breakdown_Au\MeO2PACz_Au_scan_20V.csv
-8.519499779,1652.955886,MeO2PACz,Au,..\raw_csv\type3_breakdown_Au\MeO2PACz_Au_scan_20V.csv
-8.539500237,1652.956748,MeO2PACz,Au,..\raw_csv\type3_breakdown_Au\MeO2PACz_Au_scan_20V.csv
-8.559499741,1652.954901,MeO2PACz,Au,..\raw_csv\type3_breakdown_Au\MeO2PACz_Au_scan_20V.csv
-8.579500198,1652.955886,MeO2PACz,Au,..\raw_csv\type3_breakdown_Au\MeO2PACz_Au_scan_20V.csv
-8.599499702,1652.955886,MeO2PACz,Au,..\raw_csv\type3_breakdown_Au\MeO2PACz_Au_scan_20V.csv
-8.61950016,1652.956994,MeO2PACz,Au,..\raw_csv\type3_breakdown_Au\MeO2PACz_Au_scan_20V.csv
-8.639499664,1652.956625,MeO2PACz,Au,..\raw_csv\type3_breakdown_Au\MeO2PACz_Au_scan_20V.csv
-8.659500122,1652.955763,MeO2PACz,Au,..\raw_csv\type3_breakdown_Au\MeO2PACz_Au_scan_20V.csv
-8.679499626,1652.955639,MeO2PACz,Au,..\raw_csv\type3_breakdown_Au\MeO2PACz_Au_scan_20V.csv
-8.699500084,1652.955516,MeO2PACz,Au,..\raw_csv\type3_breakdown_Au\MeO2PACz_Au_scan_20V.csv
-8.719499588,1652.955639,MeO2PACz,Au,..\raw_csv\type3_breakdown_Au\MeO2PACz_Au_scan_20V.csv
-8.739500046,1652.955763,MeO2PACz,Au,..\raw_csv\type3_breakdown_Au\MeO2PACz_Au_scan_20V.csv
-8.75949955,1652.954408,MeO2PACz,Au,..\raw_csv\type3_breakdown_Au\MeO2PACz_Au_scan_20V.csv
-8.779500008,1652.95761,MeO2PACz,Au,..\raw_csv\type3_breakdown_Au\MeO2PACz_Au_scan_20V.csv
-8.799500465,1652.955393,MeO2PACz,Au,..\raw_csv\type3_breakdown_Au\MeO2PACz_Au_scan_20V.csv
-8.819499969,1652.955639,MeO2PACz,Au,..\raw_csv\type3_breakdown_Au\MeO2PACz_Au_scan_20V.csv
-8.839500427,1652.954901,MeO2PACz,Au,..\raw_csv\type3_breakdown_Au\MeO2PACz_Au_scan_20V.csv
-8.859499931,1652.955516,MeO2PACz,Au,..\raw_csv\type3_breakdown_Au\MeO2PACz_Au_scan_20V.csv
-8.879500389,1652.955393,MeO2PACz,Au,..\raw_csv\type3_breakdown_Au\MeO2PACz_Au_scan_20V.csv
-8.899499893,1652.955639,MeO2PACz,Au,..\raw_csv\type3_breakdown_Au\MeO2PACz_Au_scan_20V.csv
-8.919500351,1652.956255,MeO2PACz,Au,..\raw_csv\type3_breakdown_Au\MeO2PACz_Au_scan_20V.csv
-8.939499855,1652.956378,MeO2PACz,Au,..\raw_csv\type3_breakdown_Au\MeO2PACz_Au_scan_20V.csv
-8.959500313,1652.956378,MeO2PACz,Au,..\raw_csv\type3_breakdown_Au\MeO2PACz_Au_scan_20V.csv
-8.979499817,1652.954901,MeO2PACz,Au,..\raw_csv\type3_breakdown_Au\MeO2PACz_Au_scan_20V.csv
-8.999500275,1652.956009,MeO2PACz,Au,..\raw_csv\type3_breakdown_Au\MeO2PACz_Au_scan_20V.csv
-9.019499779,1652.956378,MeO2PACz,Au,..\raw_csv\type3_breakdown_Au\MeO2PACz_Au_scan_20V.csv
-9.039500237,1652.955639,MeO2PACz,Au,..\raw_csv\type3_breakdown_Au\MeO2PACz_Au_scan_20V.csv
-9.059499741,1652.954531,MeO2PACz,Au,..\raw_csv\type3_breakdown_Au\MeO2PACz_Au_scan_20V.csv
-9.079999924,1652.955516,MeO2PACz,Au,..\raw_csv\type3_breakdown_Au\MeO2PACz_Au_scan_20V.csv
-9.100000381,1652.955763,MeO2PACz,Au,..\raw_csv\type3_breakdown_Au\MeO2PACz_Au_scan_20V.csv
-9.119999886,1652.957364,MeO2PACz,Au,..\raw_csv\type3_breakdown_Au\MeO2PACz_Au_scan_20V.csv
-9.140000343,1652.95761,MeO2PACz,Au,..\raw_csv\type3_breakdown_Au\MeO2PACz_Au_scan_20V.csv
-9.159999847,1652.956009,MeO2PACz,Au,..\raw_csv\type3_breakdown_Au\MeO2PACz_Au_scan_20V.csv
-9.180000305,1652.956255,MeO2PACz,Au,..\raw_csv\type3_breakdown_Au\MeO2PACz_Au_scan_20V.csv
-9.199999809,1652.954408,MeO2PACz,Au,..\raw_csv\type3_breakdown_Au\MeO2PACz_Au_scan_20V.csv
-9.220000267,1652.956994,MeO2PACz,Au,..\raw_csv\type3_breakdown_Au\MeO2PACz_Au_scan_20V.csv
-9.239999771,1652.957856,MeO2PACz,Au,..\raw_csv\type3_breakdown_Au\MeO2PACz_Au_scan_20V.csv
-9.260000229,1652.955639,MeO2PACz,Au,..\raw_csv\type3_breakdown_Au\MeO2PACz_Au_scan_20V.csv
-9.279999733,1652.955639,MeO2PACz,Au,..\raw_csv\type3_breakdown_Au\MeO2PACz_Au_scan_20V.csv
-9.300000191,1652.954654,MeO2PACz,Au,..\raw_csv\type3_breakdown_Au\MeO2PACz_Au_scan_20V.csv
-9.319999695,1652.955024,MeO2PACz,Au,..\raw_csv\type3_breakdown_Au\MeO2PACz_Au_scan_20V.csv
-9.340000153,1652.955024,MeO2PACz,Au,..\raw_csv\type3_breakdown_Au\MeO2PACz_Au_scan_20V.csv
-9.359999657,1652.955024,MeO2PACz,Au,..\raw_csv\type3_breakdown_Au\MeO2PACz_Au_scan_20V.csv
-9.380000114,1652.954408,MeO2PACz,Au,..\raw_csv\type3_breakdown_Au\MeO2PACz_Au_scan_20V.csv
-9.399999619,1652.955516,MeO2PACz,Au,..\raw_csv\type3_breakdown_Au\MeO2PACz_Au_scan_20V.csv
-9.420000076,1652.958472,MeO2PACz,Au,..\raw_csv\type3_breakdown_Au\MeO2PACz_Au_scan_20V.csv
-9.43999958,1652.956502,MeO2PACz,Au,..\raw_csv\type3_breakdown_Au\MeO2PACz_Au_scan_20V.csv
-9.460000038,1652.955639,MeO2PACz,Au,..\raw_csv\type3_breakdown_Au\MeO2PACz_Au_scan_20V.csv
-9.479999542,1652.955516,MeO2PACz,Au,..\raw_csv\type3_breakdown_Au\MeO2PACz_Au_scan_20V.csv
-9.5,1652.956009,MeO2PACz,Au,..\raw_csv\type3_breakdown_Au\MeO2PACz_Au_scan_20V.csv
-9.520000458,1652.956009,MeO2PACz,Au,..\raw_csv\type3_breakdown_Au\MeO2PACz_Au_scan_20V.csv
-9.539999962,1652.954531,MeO2PACz,Au,..\raw_csv\type3_breakdown_Au\MeO2PACz_Au_scan_20V.csv
-9.56000042,1652.955639,MeO2PACz,Au,..\raw_csv\type3_breakdown_Au\MeO2PACz_Au_scan_20V.csv
-9.579999924,1652.955393,MeO2PACz,Au,..\raw_csv\type3_breakdown_Au\MeO2PACz_Au_scan_20V.csv
-9.600000381,1652.953792,MeO2PACz,Au,..\raw_csv\type3_breakdown_Au\MeO2PACz_Au_scan_20V.csv
-9.619999886,1652.954777,MeO2PACz,Au,..\raw_csv\type3_breakdown_Au\MeO2PACz_Au_scan_20V.csv
-9.640000343,1652.955886,MeO2PACz,Au,..\raw_csv\type3_breakdown_Au\MeO2PACz_Au_scan_20V.csv
-9.659999847,1652.954285,MeO2PACz,Au,..\raw_csv\type3_breakdown_Au\MeO2PACz_Au_scan_20V.csv
-9.680000305,1652.955639,MeO2PACz,Au,..\raw_csv\type3_breakdown_Au\MeO2PACz_Au_scan_20V.csv
-9.699999809,1652.953792,MeO2PACz,Au,..\raw_csv\type3_breakdown_Au\MeO2PACz_Au_scan_20V.csv
-9.720000267,1652.954777,MeO2PACz,Au,..\raw_csv\type3_breakdown_Au\MeO2PACz_Au_scan_20V.csv
-9.739999771,1652.956625,MeO2PACz,Au,..\raw_csv\type3_breakdown_Au\MeO2PACz_Au_scan_20V.csv
-9.760000229,1652.954285,MeO2PACz,Au,..\raw_csv\type3_breakdown_Au\MeO2PACz_Au_scan_20V.csv
-9.779999733,1652.954901,MeO2PACz,Au,..\raw_csv\type3_breakdown_Au\MeO2PACz_Au_scan_20V.csv
-9.800000191,1652.955886,MeO2PACz,Au,..\raw_csv\type3_breakdown_Au\MeO2PACz_Au_scan_20V.csv
-9.819999695,1652.955763,MeO2PACz,Au,..\raw_csv\type3_breakdown_Au\MeO2PACz_Au_scan_20V.csv
-9.840000153,1652.954901,MeO2PACz,Au,..\raw_csv\type3_breakdown_Au\MeO2PACz_Au_scan_20V.csv
-9.859999657,1652.954408,MeO2PACz,Au,..\raw_csv\type3_breakdown_Au\MeO2PACz_Au_scan_20V.csv
-9.880000114,1652.957364,MeO2PACz,Au,..\raw_csv\type3_breakdown_Au\MeO2PACz_Au_scan_20V.csv
-9.899999619,1652.954777,MeO2PACz,Au,..\raw_csv\type3_breakdown_Au\MeO2PACz_Au_scan_20V.csv
-9.920000076,1652.956255,MeO2PACz,Au,..\raw_csv\type3_breakdown_Au\MeO2PACz_Au_scan_20V.csv
-9.93999958,1652.956871,MeO2PACz,Au,..\raw_csv\type3_breakdown_Au\MeO2PACz_Au_scan_20V.csv
-9.960000038,1652.955639,MeO2PACz,Au,..\raw_csv\type3_breakdown_Au\MeO2PACz_Au_scan_20V.csv
-9.979999542,1652.957733,MeO2PACz,Au,..\raw_csv\type3_breakdown_Au\MeO2PACz_Au_scan_20V.csv
-10.0,1652.955393,MeO2PACz,Au,..\raw_csv\type3_breakdown_Au\MeO2PACz_Au_scan_20V.csv
-10.02000046,1652.955763,MeO2PACz,Au,..\raw_csv\type3_breakdown_Au\MeO2PACz_Au_scan_20V.csv
-10.03999996,1652.956502,MeO2PACz,Au,..\raw_csv\type3_breakdown_Au\MeO2PACz_Au_scan_20V.csv
-10.06000042,1652.955393,MeO2PACz,Au,..\raw_csv\type3_breakdown_Au\MeO2PACz_Au_scan_20V.csv
-10.07999992,1652.955516,MeO2PACz,Au,..\raw_csv\type3_breakdown_Au\MeO2PACz_Au_scan_20V.csv
-10.10000038,1652.954901,MeO2PACz,Au,..\raw_csv\type3_breakdown_Au\MeO2PACz_Au_scan_20V.csv
-10.11999989,1652.955393,MeO2PACz,Au,..\raw_csv\type3_breakdown_Au\MeO2PACz_Au_scan_20V.csv
-10.14000034,1652.955639,MeO2PACz,Au,..\raw_csv\type3_breakdown_Au\MeO2PACz_Au_scan_20V.csv
-10.15999985,1652.955763,MeO2PACz,Au,..\raw_csv\type3_breakdown_Au\MeO2PACz_Au_scan_20V.csv
-10.18000031,1652.953669,MeO2PACz,Au,..\raw_csv\type3_breakdown_Au\MeO2PACz_Au_scan_20V.csv
-10.19999981,1652.955886,MeO2PACz,Au,..\raw_csv\type3_breakdown_Au\MeO2PACz_Au_scan_20V.csv
-10.22000027,1652.954777,MeO2PACz,Au,..\raw_csv\type3_breakdown_Au\MeO2PACz_Au_scan_20V.csv
-10.23999977,1652.965368,MeO2PACz,Au,..\raw_csv\type3_breakdown_Au\MeO2PACz_Au_scan_20V.csv
-10.26000023,1652.954654,MeO2PACz,Au,..\raw_csv\type3_breakdown_Au\MeO2PACz_Au_scan_20V.csv
-10.27999973,1652.956378,MeO2PACz,Au,..\raw_csv\type3_breakdown_Au\MeO2PACz_Au_scan_20V.csv
-10.30000019,1652.955516,MeO2PACz,Au,..\raw_csv\type3_breakdown_Au\MeO2PACz_Au_scan_20V.csv
-10.3199997,1652.955024,MeO2PACz,Au,..\raw_csv\type3_breakdown_Au\MeO2PACz_Au_scan_20V.csv
-10.34000015,1652.954901,MeO2PACz,Au,..\raw_csv\type3_breakdown_Au\MeO2PACz_Au_scan_20V.csv
-10.35999966,1652.952438,MeO2PACz,Au,..\raw_csv\type3_breakdown_Au\MeO2PACz_Au_scan_20V.csv
-10.38000011,1652.954777,MeO2PACz,Au,..\raw_csv\type3_breakdown_Au\MeO2PACz_Au_scan_20V.csv
-10.39999962,1652.9533,MeO2PACz,Au,..\raw_csv\type3_breakdown_Au\MeO2PACz_Au_scan_20V.csv
-10.42000008,1652.95527,MeO2PACz,Au,..\raw_csv\type3_breakdown_Au\MeO2PACz_Au_scan_20V.csv
-10.43999958,1652.955516,MeO2PACz,Au,..\raw_csv\type3_breakdown_Au\MeO2PACz_Au_scan_20V.csv
-10.46000004,1652.954901,MeO2PACz,Au,..\raw_csv\type3_breakdown_Au\MeO2PACz_Au_scan_20V.csv
-10.47999954,1652.954901,MeO2PACz,Au,..\raw_csv\type3_breakdown_Au\MeO2PACz_Au_scan_20V.csv
-10.5,1652.955763,MeO2PACz,Au,..\raw_csv\type3_breakdown_Au\MeO2PACz_Au_scan_20V.csv
-10.52000046,1652.954408,MeO2PACz,Au,..\raw_csv\type3_breakdown_Au\MeO2PACz_Au_scan_20V.csv
-10.53999996,1652.953546,MeO2PACz,Au,..\raw_csv\type3_breakdown_Au\MeO2PACz_Au_scan_20V.csv
-10.56000042,1652.955024,MeO2PACz,Au,..\raw_csv\type3_breakdown_Au\MeO2PACz_Au_scan_20V.csv
-10.57999992,1652.960565,MeO2PACz,Au,..\raw_csv\type3_breakdown_Au\MeO2PACz_Au_scan_20V.csv
-10.60000038,1652.954285,MeO2PACz,Au,..\raw_csv\type3_breakdown_Au\MeO2PACz_Au_scan_20V.csv
-10.61999989,1652.954408,MeO2PACz,Au,..\raw_csv\type3_breakdown_Au\MeO2PACz_Au_scan_20V.csv
-10.64000034,1652.955024,MeO2PACz,Au,..\raw_csv\type3_breakdown_Au\MeO2PACz_Au_scan_20V.csv
-10.65999985,1652.954777,MeO2PACz,Au,..\raw_csv\type3_breakdown_Au\MeO2PACz_Au_scan_20V.csv
-10.68000031,1652.954654,MeO2PACz,Au,..\raw_csv\type3_breakdown_Au\MeO2PACz_Au_scan_20V.csv
-10.69999981,1652.956255,MeO2PACz,Au,..\raw_csv\type3_breakdown_Au\MeO2PACz_Au_scan_20V.csv
-10.72000027,1652.956009,MeO2PACz,Au,..\raw_csv\type3_breakdown_Au\MeO2PACz_Au_scan_20V.csv
-10.73999977,1652.956255,MeO2PACz,Au,..\raw_csv\type3_breakdown_Au\MeO2PACz_Au_scan_20V.csv
-10.76000023,1652.955763,MeO2PACz,Au,..\raw_csv\type3_breakdown_Au\MeO2PACz_Au_scan_20V.csv
-10.77999973,1652.956994,MeO2PACz,Au,..\raw_csv\type3_breakdown_Au\MeO2PACz_Au_scan_20V.csv
-10.80000019,1652.954654,MeO2PACz,Au,..\raw_csv\type3_breakdown_Au\MeO2PACz_Au_scan_20V.csv
-10.8199997,1652.953792,MeO2PACz,Au,..\raw_csv\type3_breakdown_Au\MeO2PACz_Au_scan_20V.csv
-10.84000015,1652.955886,MeO2PACz,Au,..\raw_csv\type3_breakdown_Au\MeO2PACz_Au_scan_20V.csv
-10.85999966,1652.954654,MeO2PACz,Au,..\raw_csv\type3_breakdown_Au\MeO2PACz_Au_scan_20V.csv
-10.88000011,1652.954777,MeO2PACz,Au,..\raw_csv\type3_breakdown_Au\MeO2PACz_Au_scan_20V.csv
-10.89999962,1652.95527,MeO2PACz,Au,..\raw_csv\type3_breakdown_Au\MeO2PACz_Au_scan_20V.csv
-10.92000008,1652.955024,MeO2PACz,Au,..\raw_csv\type3_breakdown_Au\MeO2PACz_Au_scan_20V.csv
-10.93999958,1652.955024,MeO2PACz,Au,..\raw_csv\type3_breakdown_Au\MeO2PACz_Au_scan_20V.csv
-10.96000004,1652.954901,MeO2PACz,Au,..\raw_csv\type3_breakdown_Au\MeO2PACz_Au_scan_20V.csv
-10.97999954,1652.955639,MeO2PACz,Au,..\raw_csv\type3_breakdown_Au\MeO2PACz_Au_scan_20V.csv
-11.0,1652.954777,MeO2PACz,Au,..\raw_csv\type3_breakdown_Au\MeO2PACz_Au_scan_20V.csv
-11.02000046,1652.955024,MeO2PACz,Au,..\raw_csv\type3_breakdown_Au\MeO2PACz_Au_scan_20V.csv
-11.03999996,1652.95527,MeO2PACz,Au,..\raw_csv\type3_breakdown_Au\MeO2PACz_Au_scan_20V.csv
-11.06000042,1652.955886,MeO2PACz,Au,..\raw_csv\type3_breakdown_Au\MeO2PACz_Au_scan_20V.csv
-11.07999992,1652.955763,MeO2PACz,Au,..\raw_csv\type3_breakdown_Au\MeO2PACz_Au_scan_20V.csv
-11.10000038,1652.953792,MeO2PACz,Au,..\raw_csv\type3_breakdown_Au\MeO2PACz_Au_scan_20V.csv
-11.11999989,1652.954531,MeO2PACz,Au,..\raw_csv\type3_breakdown_Au\MeO2PACz_Au_scan_20V.csv
-11.14000034,1652.955393,MeO2PACz,Au,..\raw_csv\type3_breakdown_Au\MeO2PACz_Au_scan_20V.csv
-11.15999985,1652.956255,MeO2PACz,Au,..\raw_csv\type3_breakdown_Au\MeO2PACz_Au_scan_20V.csv
-11.18000031,1652.953669,MeO2PACz,Au,..\raw_csv\type3_breakdown_Au\MeO2PACz_Au_scan_20V.csv
-11.19999981,1652.953915,MeO2PACz,Au,..\raw_csv\type3_breakdown_Au\MeO2PACz_Au_scan_20V.csv
-11.22000027,1652.954777,MeO2PACz,Au,..\raw_csv\type3_breakdown_Au\MeO2PACz_Au_scan_20V.csv
-11.23999977,1652.954285,MeO2PACz,Au,..\raw_csv\type3_breakdown_Au\MeO2PACz_Au_scan_20V.csv
-11.26000023,1652.954654,MeO2PACz,Au,..\raw_csv\type3_breakdown_Au\MeO2PACz_Au_scan_20V.csv
-11.27999973,1652.954777,MeO2PACz,Au,..\raw_csv\type3_breakdown_Au\MeO2PACz_Au_scan_20V.csv
-11.30000019,1652.956625,MeO2PACz,Au,..\raw_csv\type3_breakdown_Au\MeO2PACz_Au_scan_20V.csv
-11.3199997,1652.956009,MeO2PACz,Au,..\raw_csv\type3_breakdown_Au\MeO2PACz_Au_scan_20V.csv
-11.34000015,1652.955393,MeO2PACz,Au,..\raw_csv\type3_breakdown_Au\MeO2PACz_Au_scan_20V.csv
-11.35999966,1652.956255,MeO2PACz,Au,..\raw_csv\type3_breakdown_Au\MeO2PACz_Au_scan_20V.csv
-11.38000011,1652.955639,MeO2PACz,Au,..\raw_csv\type3_breakdown_Au\MeO2PACz_Au_scan_20V.csv
-11.39999962,1652.955024,MeO2PACz,Au,..\raw_csv\type3_breakdown_Au\MeO2PACz_Au_scan_20V.csv
-11.42000008,1652.955886,MeO2PACz,Au,..\raw_csv\type3_breakdown_Au\MeO2PACz_Au_scan_20V.csv
-11.43999958,1652.955516,MeO2PACz,Au,..\raw_csv\type3_breakdown_Au\MeO2PACz_Au_scan_20V.csv
-11.46000004,1652.955763,MeO2PACz,Au,..\raw_csv\type3_breakdown_Au\MeO2PACz_Au_scan_20V.csv
-11.47999954,1652.955024,MeO2PACz,Au,..\raw_csv\type3_breakdown_Au\MeO2PACz_Au_scan_20V.csv
-11.5,1652.955516,MeO2PACz,Au,..\raw_csv\type3_breakdown_Au\MeO2PACz_Au_scan_20V.csv
-11.52000046,1652.95527,MeO2PACz,Au,..\raw_csv\type3_breakdown_Au\MeO2PACz_Au_scan_20V.csv
-11.53999996,1652.954777,MeO2PACz,Au,..\raw_csv\type3_breakdown_Au\MeO2PACz_Au_scan_20V.csv
-11.56000042,1652.954039,MeO2PACz,Au,..\raw_csv\type3_breakdown_Au\MeO2PACz_Au_scan_20V.csv
-11.57999992,1652.954531,MeO2PACz,Au,..\raw_csv\type3_breakdown_Au\MeO2PACz_Au_scan_20V.csv
-11.60000038,1652.955516,MeO2PACz,Au,..\raw_csv\type3_breakdown_Au\MeO2PACz_Au_scan_20V.csv
-11.61999989,1652.954285,MeO2PACz,Au,..\raw_csv\type3_breakdown_Au\MeO2PACz_Au_scan_20V.csv
-11.64000034,1652.95527,MeO2PACz,Au,..\raw_csv\type3_breakdown_Au\MeO2PACz_Au_scan_20V.csv
-11.65999985,1652.954654,MeO2PACz,Au,..\raw_csv\type3_breakdown_Au\MeO2PACz_Au_scan_20V.csv
-11.68000031,1652.954777,MeO2PACz,Au,..\raw_csv\type3_breakdown_Au\MeO2PACz_Au_scan_20V.csv
-11.69999981,1652.954777,MeO2PACz,Au,..\raw_csv\type3_breakdown_Au\MeO2PACz_Au_scan_20V.csv
-11.72000027,1652.95527,MeO2PACz,Au,..\raw_csv\type3_breakdown_Au\MeO2PACz_Au_scan_20V.csv
-11.73999977,1652.956009,MeO2PACz,Au,..\raw_csv\type3_breakdown_Au\MeO2PACz_Au_scan_20V.csv
-11.76000023,1652.954531,MeO2PACz,Au,..\raw_csv\type3_breakdown_Au\MeO2PACz_Au_scan_20V.csv
-11.77999973,1652.954408,MeO2PACz,Au,..\raw_csv\type3_breakdown_Au\MeO2PACz_Au_scan_20V.csv
-11.80000019,1652.95527,MeO2PACz,Au,..\raw_csv\type3_breakdown_Au\MeO2PACz_Au_scan_20V.csv
-11.8199997,1652.954654,MeO2PACz,Au,..\raw_csv\type3_breakdown_Au\MeO2PACz_Au_scan_20V.csv
-11.84000015,1652.954654,MeO2PACz,Au,..\raw_csv\type3_breakdown_Au\MeO2PACz_Au_scan_20V.csv
-11.85999966,1652.954777,MeO2PACz,Au,..\raw_csv\type3_breakdown_Au\MeO2PACz_Au_scan_20V.csv
-11.88000011,1652.953176,MeO2PACz,Au,..\raw_csv\type3_breakdown_Au\MeO2PACz_Au_scan_20V.csv
-11.89999962,1652.953669,MeO2PACz,Au,..\raw_csv\type3_breakdown_Au\MeO2PACz_Au_scan_20V.csv
-11.92000008,1652.95527,MeO2PACz,Au,..\raw_csv\type3_breakdown_Au\MeO2PACz_Au_scan_20V.csv
-11.93999958,1652.954654,MeO2PACz,Au,..\raw_csv\type3_breakdown_Au\MeO2PACz_Au_scan_20V.csv
-11.96000004,1652.953669,MeO2PACz,Au,..\raw_csv\type3_breakdown_Au\MeO2PACz_Au_scan_20V.csv
-11.97999954,1652.955393,MeO2PACz,Au,..\raw_csv\type3_breakdown_Au\MeO2PACz_Au_scan_20V.csv
-12.0,1652.953546,MeO2PACz,Au,..\raw_csv\type3_breakdown_Au\MeO2PACz_Au_scan_20V.csv
-12.02000046,1652.955393,MeO2PACz,Au,..\raw_csv\type3_breakdown_Au\MeO2PACz_Au_scan_20V.csv
-12.03999996,1652.955393,MeO2PACz,Au,..\raw_csv\type3_breakdown_Au\MeO2PACz_Au_scan_20V.csv
-12.06000042,1652.955393,MeO2PACz,Au,..\raw_csv\type3_breakdown_Au\MeO2PACz_Au_scan_20V.csv
-12.07999992,1652.954531,MeO2PACz,Au,..\raw_csv\type3_breakdown_Au\MeO2PACz_Au_scan_20V.csv
-12.10000038,1652.953915,MeO2PACz,Au,..\raw_csv\type3_breakdown_Au\MeO2PACz_Au_scan_20V.csv
-12.11999989,1652.955393,MeO2PACz,Au,..\raw_csv\type3_breakdown_Au\MeO2PACz_Au_scan_20V.csv
-12.14000034,1652.954901,MeO2PACz,Au,..\raw_csv\type3_breakdown_Au\MeO2PACz_Au_scan_20V.csv
-12.15999985,1652.954654,MeO2PACz,Au,..\raw_csv\type3_breakdown_Au\MeO2PACz_Au_scan_20V.csv
-12.18000031,1652.954039,MeO2PACz,Au,..\raw_csv\type3_breakdown_Au\MeO2PACz_Au_scan_20V.csv
-12.19999981,1652.954901,MeO2PACz,Au,..\raw_csv\type3_breakdown_Au\MeO2PACz_Au_scan_20V.csv
-12.22000027,1652.956255,MeO2PACz,Au,..\raw_csv\type3_breakdown_Au\MeO2PACz_Au_scan_20V.csv
-12.23999977,1652.953915,MeO2PACz,Au,..\raw_csv\type3_breakdown_Au\MeO2PACz_Au_scan_20V.csv
-12.26000023,1652.955516,MeO2PACz,Au,..\raw_csv\type3_breakdown_Au\MeO2PACz_Au_scan_20V.csv
-12.27999973,1652.955516,MeO2PACz,Au,..\raw_csv\type3_breakdown_Au\MeO2PACz_Au_scan_20V.csv
-12.30000019,1652.954654,MeO2PACz,Au,..\raw_csv\type3_breakdown_Au\MeO2PACz_Au_scan_20V.csv
-12.3199997,1652.954777,MeO2PACz,Au,..\raw_csv\type3_breakdown_Au\MeO2PACz_Au_scan_20V.csv
-12.34000015,1652.954777,MeO2PACz,Au,..\raw_csv\type3_breakdown_Au\MeO2PACz_Au_scan_20V.csv
-12.35999966,1652.954408,MeO2PACz,Au,..\raw_csv\type3_breakdown_Au\MeO2PACz_Au_scan_20V.csv
-12.38000011,1652.955024,MeO2PACz,Au,..\raw_csv\type3_breakdown_Au\MeO2PACz_Au_scan_20V.csv
-12.39999962,1652.954901,MeO2PACz,Au,..\raw_csv\type3_breakdown_Au\MeO2PACz_Au_scan_20V.csv
-12.42000008,1652.953915,MeO2PACz,Au,..\raw_csv\type3_breakdown_Au\MeO2PACz_Au_scan_20V.csv
-12.43999958,1652.956009,MeO2PACz,Au,..\raw_csv\type3_breakdown_Au\MeO2PACz_Au_scan_20V.csv
-12.46000004,1652.954777,MeO2PACz,Au,..\raw_csv\type3_breakdown_Au\MeO2PACz_Au_scan_20V.csv
-12.47999954,1652.953669,MeO2PACz,Au,..\raw_csv\type3_breakdown_Au\MeO2PACz_Au_scan_20V.csv
-12.5,1652.953546,MeO2PACz,Au,..\raw_csv\type3_breakdown_Au\MeO2PACz_Au_scan_20V.csv
-12.52000046,1652.954039,MeO2PACz,Au,..\raw_csv\type3_breakdown_Au\MeO2PACz_Au_scan_20V.csv
-12.53999996,1652.953176,MeO2PACz,Au,..\raw_csv\type3_breakdown_Au\MeO2PACz_Au_scan_20V.csv
-12.56000042,1652.954039,MeO2PACz,Au,..\raw_csv\type3_breakdown_Au\MeO2PACz_Au_scan_20V.csv
-12.57999992,1652.953546,MeO2PACz,Au,..\raw_csv\type3_breakdown_Au\MeO2PACz_Au_scan_20V.csv
-12.60000038,1652.953546,MeO2PACz,Au,..\raw_csv\type3_breakdown_Au\MeO2PACz_Au_scan_20V.csv
-12.61999989,1652.954039,MeO2PACz,Au,..\raw_csv\type3_breakdown_Au\MeO2PACz_Au_scan_20V.csv
-12.64000034,1652.954285,MeO2PACz,Au,..\raw_csv\type3_breakdown_Au\MeO2PACz_Au_scan_20V.csv
-12.65999985,1652.954285,MeO2PACz,Au,..\raw_csv\type3_breakdown_Au\MeO2PACz_Au_scan_20V.csv
-12.68000031,1652.952561,MeO2PACz,Au,..\raw_csv\type3_breakdown_Au\MeO2PACz_Au_scan_20V.csv
-12.69999981,1652.954039,MeO2PACz,Au,..\raw_csv\type3_breakdown_Au\MeO2PACz_Au_scan_20V.csv
-12.72000027,1652.954901,MeO2PACz,Au,..\raw_csv\type3_breakdown_Au\MeO2PACz_Au_scan_20V.csv
-12.73999977,1652.954531,MeO2PACz,Au,..\raw_csv\type3_breakdown_Au\MeO2PACz_Au_scan_20V.csv
-12.76000023,1652.953546,MeO2PACz,Au,..\raw_csv\type3_breakdown_Au\MeO2PACz_Au_scan_20V.csv
-12.77999973,1652.954408,MeO2PACz,Au,..\raw_csv\type3_breakdown_Au\MeO2PACz_Au_scan_20V.csv
-12.80000019,1652.954777,MeO2PACz,Au,..\raw_csv\type3_breakdown_Au\MeO2PACz_Au_scan_20V.csv
-12.8199997,1652.953669,MeO2PACz,Au,..\raw_csv\type3_breakdown_Au\MeO2PACz_Au_scan_20V.csv
-12.84000015,1652.953915,MeO2PACz,Au,..\raw_csv\type3_breakdown_Au\MeO2PACz_Au_scan_20V.csv
-12.85999966,1652.954901,MeO2PACz,Au,..\raw_csv\type3_breakdown_Au\MeO2PACz_Au_scan_20V.csv
-12.88000011,1652.954777,MeO2PACz,Au,..\raw_csv\type3_breakdown_Au\MeO2PACz_Au_scan_20V.csv
-12.89999962,1652.95293,MeO2PACz,Au,..\raw_csv\type3_breakdown_Au\MeO2PACz_Au_scan_20V.csv
-12.92000008,1652.95293,MeO2PACz,Au,..\raw_csv\type3_breakdown_Au\MeO2PACz_Au_scan_20V.csv
-12.93999958,1652.954777,MeO2PACz,Au,..\raw_csv\type3_breakdown_Au\MeO2PACz_Au_scan_20V.csv
-12.96000004,1652.955639,MeO2PACz,Au,..\raw_csv\type3_breakdown_Au\MeO2PACz_Au_scan_20V.csv
-12.97999954,1652.954039,MeO2PACz,Au,..\raw_csv\type3_breakdown_Au\MeO2PACz_Au_scan_20V.csv
-13.0,1652.954285,MeO2PACz,Au,..\raw_csv\type3_breakdown_Au\MeO2PACz_Au_scan_20V.csv
-13.02000046,1652.954408,MeO2PACz,Au,..\raw_csv\type3_breakdown_Au\MeO2PACz_Au_scan_20V.csv
-13.03999996,1652.953669,MeO2PACz,Au,..\raw_csv\type3_breakdown_Au\MeO2PACz_Au_scan_20V.csv
-13.06000042,1652.954531,MeO2PACz,Au,..\raw_csv\type3_breakdown_Au\MeO2PACz_Au_scan_20V.csv
-13.07999992,1652.954901,MeO2PACz,Au,..\raw_csv\type3_breakdown_Au\MeO2PACz_Au_scan_20V.csv
-13.10000038,1652.953915,MeO2PACz,Au,..\raw_csv\type3_breakdown_Au\MeO2PACz_Au_scan_20V.csv
-13.11999989,1652.955763,MeO2PACz,Au,..\raw_csv\type3_breakdown_Au\MeO2PACz_Au_scan_20V.csv
-13.14000034,1652.955886,MeO2PACz,Au,..\raw_csv\type3_breakdown_Au\MeO2PACz_Au_scan_20V.csv
-13.15999985,1652.954654,MeO2PACz,Au,..\raw_csv\type3_breakdown_Au\MeO2PACz_Au_scan_20V.csv
-13.18000031,1652.9533,MeO2PACz,Au,..\raw_csv\type3_breakdown_Au\MeO2PACz_Au_scan_20V.csv
-13.19999981,1652.954408,MeO2PACz,Au,..\raw_csv\type3_breakdown_Au\MeO2PACz_Au_scan_20V.csv
-13.22000027,1652.9533,MeO2PACz,Au,..\raw_csv\type3_breakdown_Au\MeO2PACz_Au_scan_20V.csv
-13.23999977,1652.954408,MeO2PACz,Au,..\raw_csv\type3_breakdown_Au\MeO2PACz_Au_scan_20V.csv
-13.26000023,1652.954777,MeO2PACz,Au,..\raw_csv\type3_breakdown_Au\MeO2PACz_Au_scan_20V.csv
-13.27999973,1652.954408,MeO2PACz,Au,..\raw_csv\type3_breakdown_Au\MeO2PACz_Au_scan_20V.csv
-13.30000019,1652.953423,MeO2PACz,Au,..\raw_csv\type3_breakdown_Au\MeO2PACz_Au_scan_20V.csv
-13.3199997,1652.95293,MeO2PACz,Au,..\raw_csv\type3_breakdown_Au\MeO2PACz_Au_scan_20V.csv
-13.34000015,1652.954408,MeO2PACz,Au,..\raw_csv\type3_breakdown_Au\MeO2PACz_Au_scan_20V.csv
-13.35999966,1652.954285,MeO2PACz,Au,..\raw_csv\type3_breakdown_Au\MeO2PACz_Au_scan_20V.csv
-13.38000011,1652.953546,MeO2PACz,Au,..\raw_csv\type3_breakdown_Au\MeO2PACz_Au_scan_20V.csv
-13.39999962,1652.951822,MeO2PACz,Au,..\raw_csv\type3_breakdown_Au\MeO2PACz_Au_scan_20V.csv
-13.42000008,1652.950098,MeO2PACz,Au,..\raw_csv\type3_breakdown_Au\MeO2PACz_Au_scan_20V.csv
-13.43999958,1652.95293,MeO2PACz,Au,..\raw_csv\type3_breakdown_Au\MeO2PACz_Au_scan_20V.csv
-13.46000004,1652.953669,MeO2PACz,Au,..\raw_csv\type3_breakdown_Au\MeO2PACz_Au_scan_20V.csv
-13.47999954,1652.953176,MeO2PACz,Au,..\raw_csv\type3_breakdown_Au\MeO2PACz_Au_scan_20V.csv
-13.5,1652.952807,MeO2PACz,Au,..\raw_csv\type3_breakdown_Au\MeO2PACz_Au_scan_20V.csv
-13.52000046,1652.9533,MeO2PACz,Au,..\raw_csv\type3_breakdown_Au\MeO2PACz_Au_scan_20V.csv
-13.53999996,1652.952684,MeO2PACz,Au,..\raw_csv\type3_breakdown_Au\MeO2PACz_Au_scan_20V.csv
-13.56000042,1652.955763,MeO2PACz,Au,..\raw_csv\type3_breakdown_Au\MeO2PACz_Au_scan_20V.csv
-13.57999992,1652.953915,MeO2PACz,Au,..\raw_csv\type3_breakdown_Au\MeO2PACz_Au_scan_20V.csv
-13.60000038,1652.954531,MeO2PACz,Au,..\raw_csv\type3_breakdown_Au\MeO2PACz_Au_scan_20V.csv
-13.61999989,1652.953915,MeO2PACz,Au,..\raw_csv\type3_breakdown_Au\MeO2PACz_Au_scan_20V.csv
-13.64000034,1652.954777,MeO2PACz,Au,..\raw_csv\type3_breakdown_Au\MeO2PACz_Au_scan_20V.csv
-13.65999985,1652.95527,MeO2PACz,Au,..\raw_csv\type3_breakdown_Au\MeO2PACz_Au_scan_20V.csv
-13.68000031,1652.953423,MeO2PACz,Au,..\raw_csv\type3_breakdown_Au\MeO2PACz_Au_scan_20V.csv
-13.69999981,1652.954285,MeO2PACz,Au,..\raw_csv\type3_breakdown_Au\MeO2PACz_Au_scan_20V.csv
-13.72000027,1652.954285,MeO2PACz,Au,..\raw_csv\type3_breakdown_Au\MeO2PACz_Au_scan_20V.csv
-13.73999977,1652.952684,MeO2PACz,Au,..\raw_csv\type3_breakdown_Au\MeO2PACz_Au_scan_20V.csv
-13.76000023,1652.952807,MeO2PACz,Au,..\raw_csv\type3_breakdown_Au\MeO2PACz_Au_scan_20V.csv
-13.77999973,1652.953792,MeO2PACz,Au,..\raw_csv\type3_breakdown_Au\MeO2PACz_Au_scan_20V.csv
-13.80000019,1652.955516,MeO2PACz,Au,..\raw_csv\type3_breakdown_Au\MeO2PACz_Au_scan_20V.csv
-13.8199997,1652.954654,MeO2PACz,Au,..\raw_csv\type3_breakdown_Au\MeO2PACz_Au_scan_20V.csv
-13.84000015,1652.954408,MeO2PACz,Au,..\raw_csv\type3_breakdown_Au\MeO2PACz_Au_scan_20V.csv
-13.85999966,1652.954285,MeO2PACz,Au,..\raw_csv\type3_breakdown_Au\MeO2PACz_Au_scan_20V.csv
-13.88000011,1652.953176,MeO2PACz,Au,..\raw_csv\type3_breakdown_Au\MeO2PACz_Au_scan_20V.csv
-13.89999962,1652.953546,MeO2PACz,Au,..\raw_csv\type3_breakdown_Au\MeO2PACz_Au_scan_20V.csv
-13.92000008,1652.953915,MeO2PACz,Au,..\raw_csv\type3_breakdown_Au\MeO2PACz_Au_scan_20V.csv
-13.93999958,1652.954531,MeO2PACz,Au,..\raw_csv\type3_breakdown_Au\MeO2PACz_Au_scan_20V.csv
-13.96000004,1652.952684,MeO2PACz,Au,..\raw_csv\type3_breakdown_Au\MeO2PACz_Au_scan_20V.csv
-13.97999954,1652.953669,MeO2PACz,Au,..\raw_csv\type3_breakdown_Au\MeO2PACz_Au_scan_20V.csv
-14.0,1652.952561,MeO2PACz,Au,..\raw_csv\type3_breakdown_Au\MeO2PACz_Au_scan_20V.csv
-14.02000046,1652.952684,MeO2PACz,Au,..\raw_csv\type3_breakdown_Au\MeO2PACz_Au_scan_20V.csv
-14.03999996,1652.954531,MeO2PACz,Au,..\raw_csv\type3_breakdown_Au\MeO2PACz_Au_scan_20V.csv
-14.06000042,1652.953669,MeO2PACz,Au,..\raw_csv\type3_breakdown_Au\MeO2PACz_Au_scan_20V.csv
-14.07999992,1652.952438,MeO2PACz,Au,..\raw_csv\type3_breakdown_Au\MeO2PACz_Au_scan_20V.csv
-14.10000038,1652.951576,MeO2PACz,Au,..\raw_csv\type3_breakdown_Au\MeO2PACz_Au_scan_20V.csv
-14.11999989,1652.95293,MeO2PACz,Au,..\raw_csv\type3_breakdown_Au\MeO2PACz_Au_scan_20V.csv
-14.14000034,1652.953792,MeO2PACz,Au,..\raw_csv\type3_breakdown_Au\MeO2PACz_Au_scan_20V.csv
-14.15999985,1652.952561,MeO2PACz,Au,..\raw_csv\type3_breakdown_Au\MeO2PACz_Au_scan_20V.csv
-14.18000031,1652.952684,MeO2PACz,Au,..\raw_csv\type3_breakdown_Au\MeO2PACz_Au_scan_20V.csv
-14.19999981,1652.952191,MeO2PACz,Au,..\raw_csv\type3_breakdown_Au\MeO2PACz_Au_scan_20V.csv
-14.22000027,1652.951329,MeO2PACz,Au,..\raw_csv\type3_breakdown_Au\MeO2PACz_Au_scan_20V.csv
-14.23999977,1652.952191,MeO2PACz,Au,..\raw_csv\type3_breakdown_Au\MeO2PACz_Au_scan_20V.csv
-14.26000023,1652.952191,MeO2PACz,Au,..\raw_csv\type3_breakdown_Au\MeO2PACz_Au_scan_20V.csv
-14.27999973,1652.951945,MeO2PACz,Au,..\raw_csv\type3_breakdown_Au\MeO2PACz_Au_scan_20V.csv
-14.30000019,1652.951945,MeO2PACz,Au,..\raw_csv\type3_breakdown_Au\MeO2PACz_Au_scan_20V.csv
-14.3199997,1652.953792,MeO2PACz,Au,..\raw_csv\type3_breakdown_Au\MeO2PACz_Au_scan_20V.csv
-14.34000015,1652.952438,MeO2PACz,Au,..\raw_csv\type3_breakdown_Au\MeO2PACz_Au_scan_20V.csv
-14.35999966,1652.952807,MeO2PACz,Au,..\raw_csv\type3_breakdown_Au\MeO2PACz_Au_scan_20V.csv
-14.38000011,1652.953915,MeO2PACz,Au,..\raw_csv\type3_breakdown_Au\MeO2PACz_Au_scan_20V.csv
-14.39999962,1652.952561,MeO2PACz,Au,..\raw_csv\type3_breakdown_Au\MeO2PACz_Au_scan_20V.csv
-14.42000008,1652.954285,MeO2PACz,Au,..\raw_csv\type3_breakdown_Au\MeO2PACz_Au_scan_20V.csv
-14.43999958,1652.952684,MeO2PACz,Au,..\raw_csv\type3_breakdown_Au\MeO2PACz_Au_scan_20V.csv
-14.46000004,1652.951576,MeO2PACz,Au,..\raw_csv\type3_breakdown_Au\MeO2PACz_Au_scan_20V.csv
-14.47999954,1652.952191,MeO2PACz,Au,..\raw_csv\type3_breakdown_Au\MeO2PACz_Au_scan_20V.csv
-14.5,1652.952807,MeO2PACz,Au,..\raw_csv\type3_breakdown_Au\MeO2PACz_Au_scan_20V.csv
-14.52000046,1652.952807,MeO2PACz,Au,..\raw_csv\type3_breakdown_Au\MeO2PACz_Au_scan_20V.csv
-14.53999996,1652.952561,MeO2PACz,Au,..\raw_csv\type3_breakdown_Au\MeO2PACz_Au_scan_20V.csv
-14.56000042,1652.953915,MeO2PACz,Au,..\raw_csv\type3_breakdown_Au\MeO2PACz_Au_scan_20V.csv
-14.57999992,1652.952438,MeO2PACz,Au,..\raw_csv\type3_breakdown_Au\MeO2PACz_Au_scan_20V.csv
-14.60000038,1652.952684,MeO2PACz,Au,..\raw_csv\type3_breakdown_Au\MeO2PACz_Au_scan_20V.csv
-14.61999989,1652.952191,MeO2PACz,Au,..\raw_csv\type3_breakdown_Au\MeO2PACz_Au_scan_20V.csv
-14.64000034,1652.952438,MeO2PACz,Au,..\raw_csv\type3_breakdown_Au\MeO2PACz_Au_scan_20V.csv
-14.65999985,1652.951945,MeO2PACz,Au,..\raw_csv\type3_breakdown_Au\MeO2PACz_Au_scan_20V.csv
-14.68000031,1652.951206,MeO2PACz,Au,..\raw_csv\type3_breakdown_Au\MeO2PACz_Au_scan_20V.csv
-14.69999981,1652.951452,MeO2PACz,Au,..\raw_csv\type3_breakdown_Au\MeO2PACz_Au_scan_20V.csv
-14.72000027,1652.951452,MeO2PACz,Au,..\raw_csv\type3_breakdown_Au\MeO2PACz_Au_scan_20V.csv
-14.73999977,1652.9533,MeO2PACz,Au,..\raw_csv\type3_breakdown_Au\MeO2PACz_Au_scan_20V.csv
-14.76000023,1652.951822,MeO2PACz,Au,..\raw_csv\type3_breakdown_Au\MeO2PACz_Au_scan_20V.csv
-14.77999973,1652.952807,MeO2PACz,Au,..\raw_csv\type3_breakdown_Au\MeO2PACz_Au_scan_20V.csv
-14.80000019,1652.950713,MeO2PACz,Au,..\raw_csv\type3_breakdown_Au\MeO2PACz_Au_scan_20V.csv
-14.8199997,1652.951822,MeO2PACz,Au,..\raw_csv\type3_breakdown_Au\MeO2PACz_Au_scan_20V.csv
-14.84000015,1652.950467,MeO2PACz,Au,..\raw_csv\type3_breakdown_Au\MeO2PACz_Au_scan_20V.csv
-14.85999966,1652.950221,MeO2PACz,Au,..\raw_csv\type3_breakdown_Au\MeO2PACz_Au_scan_20V.csv
-14.88000011,1652.951576,MeO2PACz,Au,..\raw_csv\type3_breakdown_Au\MeO2PACz_Au_scan_20V.csv
-14.89999962,1652.951699,MeO2PACz,Au,..\raw_csv\type3_breakdown_Au\MeO2PACz_Au_scan_20V.csv
-14.92000008,1652.952807,MeO2PACz,Au,..\raw_csv\type3_breakdown_Au\MeO2PACz_Au_scan_20V.csv
-14.93999958,1652.954039,MeO2PACz,Au,..\raw_csv\type3_breakdown_Au\MeO2PACz_Au_scan_20V.csv
-14.96000004,1652.951576,MeO2PACz,Au,..\raw_csv\type3_breakdown_Au\MeO2PACz_Au_scan_20V.csv
-14.97999954,1652.951945,MeO2PACz,Au,..\raw_csv\type3_breakdown_Au\MeO2PACz_Au_scan_20V.csv
-15.0,1652.951945,MeO2PACz,Au,..\raw_csv\type3_breakdown_Au\MeO2PACz_Au_scan_20V.csv
-15.02000046,1652.951206,MeO2PACz,Au,..\raw_csv\type3_breakdown_Au\MeO2PACz_Au_scan_20V.csv
-15.03999996,1652.950837,MeO2PACz,Au,..\raw_csv\type3_breakdown_Au\MeO2PACz_Au_scan_20V.csv
-15.06000042,1652.951945,MeO2PACz,Au,..\raw_csv\type3_breakdown_Au\MeO2PACz_Au_scan_20V.csv
-15.07999992,1652.951576,MeO2PACz,Au,..\raw_csv\type3_breakdown_Au\MeO2PACz_Au_scan_20V.csv
-15.10000038,1652.952807,MeO2PACz,Au,..\raw_csv\type3_breakdown_Au\MeO2PACz_Au_scan_20V.csv
-15.11999989,1652.951945,MeO2PACz,Au,..\raw_csv\type3_breakdown_Au\MeO2PACz_Au_scan_20V.csv
-15.14000034,1652.952314,MeO2PACz,Au,..\raw_csv\type3_breakdown_Au\MeO2PACz_Au_scan_20V.csv
-15.15999985,1652.951699,MeO2PACz,Au,..\raw_csv\type3_breakdown_Au\MeO2PACz_Au_scan_20V.csv
-15.18000031,1652.952561,MeO2PACz,Au,..\raw_csv\type3_breakdown_Au\MeO2PACz_Au_scan_20V.csv
-15.19999981,1652.951452,MeO2PACz,Au,..\raw_csv\type3_breakdown_Au\MeO2PACz_Au_scan_20V.csv
-15.22000027,1652.95293,MeO2PACz,Au,..\raw_csv\type3_breakdown_Au\MeO2PACz_Au_scan_20V.csv
-15.23999977,1652.951452,MeO2PACz,Au,..\raw_csv\type3_breakdown_Au\MeO2PACz_Au_scan_20V.csv
-15.26000023,1652.95059,MeO2PACz,Au,..\raw_csv\type3_breakdown_Au\MeO2PACz_Au_scan_20V.csv
-15.27999973,1652.952191,MeO2PACz,Au,..\raw_csv\type3_breakdown_Au\MeO2PACz_Au_scan_20V.csv
-15.30000019,1652.951945,MeO2PACz,Au,..\raw_csv\type3_breakdown_Au\MeO2PACz_Au_scan_20V.csv
-15.3199997,1652.952191,MeO2PACz,Au,..\raw_csv\type3_breakdown_Au\MeO2PACz_Au_scan_20V.csv
-15.34000015,1652.950713,MeO2PACz,Au,..\raw_csv\type3_breakdown_Au\MeO2PACz_Au_scan_20V.csv
-15.35999966,1652.951576,MeO2PACz,Au,..\raw_csv\type3_breakdown_Au\MeO2PACz_Au_scan_20V.csv
-15.38000011,1652.951699,MeO2PACz,Au,..\raw_csv\type3_breakdown_Au\MeO2PACz_Au_scan_20V.csv
-15.39999962,1652.952191,MeO2PACz,Au,..\raw_csv\type3_breakdown_Au\MeO2PACz_Au_scan_20V.csv
-15.42000008,1652.952314,MeO2PACz,Au,..\raw_csv\type3_breakdown_Au\MeO2PACz_Au_scan_20V.csv
-15.43999958,1652.951452,MeO2PACz,Au,..\raw_csv\type3_breakdown_Au\MeO2PACz_Au_scan_20V.csv
-15.46000004,1652.951945,MeO2PACz,Au,..\raw_csv\type3_breakdown_Au\MeO2PACz_Au_scan_20V.csv
-15.47999954,1652.950467,MeO2PACz,Au,..\raw_csv\type3_breakdown_Au\MeO2PACz_Au_scan_20V.csv
-15.5,1652.951945,MeO2PACz,Au,..\raw_csv\type3_breakdown_Au\MeO2PACz_Au_scan_20V.csv
-15.52000046,1652.950837,MeO2PACz,Au,..\raw_csv\type3_breakdown_Au\MeO2PACz_Au_scan_20V.csv
-15.53999996,1652.950344,MeO2PACz,Au,..\raw_csv\type3_breakdown_Au\MeO2PACz_Au_scan_20V.csv
-15.56000042,1652.952807,MeO2PACz,Au,..\raw_csv\type3_breakdown_Au\MeO2PACz_Au_scan_20V.csv
-15.57999992,1652.950837,MeO2PACz,Au,..\raw_csv\type3_breakdown_Au\MeO2PACz_Au_scan_20V.csv
-15.60000038,1652.952314,MeO2PACz,Au,..\raw_csv\type3_breakdown_Au\MeO2PACz_Au_scan_20V.csv
-15.61999989,1652.952314,MeO2PACz,Au,..\raw_csv\type3_breakdown_Au\MeO2PACz_Au_scan_20V.csv
-15.64000034,1652.950837,MeO2PACz,Au,..\raw_csv\type3_breakdown_Au\MeO2PACz_Au_scan_20V.csv
-15.65999985,1652.950344,MeO2PACz,Au,..\raw_csv\type3_breakdown_Au\MeO2PACz_Au_scan_20V.csv
-15.68000031,1652.951945,MeO2PACz,Au,..\raw_csv\type3_breakdown_Au\MeO2PACz_Au_scan_20V.csv
-15.69999981,1652.949851,MeO2PACz,Au,..\raw_csv\type3_breakdown_Au\MeO2PACz_Au_scan_20V.csv
-15.72000027,1652.953669,MeO2PACz,Au,..\raw_csv\type3_breakdown_Au\MeO2PACz_Au_scan_20V.csv
-15.73999977,1652.951576,MeO2PACz,Au,..\raw_csv\type3_breakdown_Au\MeO2PACz_Au_scan_20V.csv
-15.76000023,1652.950713,MeO2PACz,Au,..\raw_csv\type3_breakdown_Au\MeO2PACz_Au_scan_20V.csv
-15.77999973,1652.951452,MeO2PACz,Au,..\raw_csv\type3_breakdown_Au\MeO2PACz_Au_scan_20V.csv
-15.80000019,1652.950344,MeO2PACz,Au,..\raw_csv\type3_breakdown_Au\MeO2PACz_Au_scan_20V.csv
-15.8199997,1652.951822,MeO2PACz,Au,..\raw_csv\type3_breakdown_Au\MeO2PACz_Au_scan_20V.csv
-15.84000015,1652.951083,MeO2PACz,Au,..\raw_csv\type3_breakdown_Au\MeO2PACz_Au_scan_20V.csv
-15.85999966,1652.95293,MeO2PACz,Au,..\raw_csv\type3_breakdown_Au\MeO2PACz_Au_scan_20V.csv
-15.88000011,1652.950467,MeO2PACz,Au,..\raw_csv\type3_breakdown_Au\MeO2PACz_Au_scan_20V.csv
-15.89999962,1652.951699,MeO2PACz,Au,..\raw_csv\type3_breakdown_Au\MeO2PACz_Au_scan_20V.csv
-15.92000008,1652.951206,MeO2PACz,Au,..\raw_csv\type3_breakdown_Au\MeO2PACz_Au_scan_20V.csv
-15.93999958,1652.951083,MeO2PACz,Au,..\raw_csv\type3_breakdown_Au\MeO2PACz_Au_scan_20V.csv
-15.96000004,1652.950098,MeO2PACz,Au,..\raw_csv\type3_breakdown_Au\MeO2PACz_Au_scan_20V.csv
-15.97999954,1652.950467,MeO2PACz,Au,..\raw_csv\type3_breakdown_Au\MeO2PACz_Au_scan_20V.csv
-16.0,1652.950837,MeO2PACz,Au,..\raw_csv\type3_breakdown_Au\MeO2PACz_Au_scan_20V.csv
-16.02000046,1652.949728,MeO2PACz,Au,..\raw_csv\type3_breakdown_Au\MeO2PACz_Au_scan_20V.csv
-16.04000092,1652.951329,MeO2PACz,Au,..\raw_csv\type3_breakdown_Au\MeO2PACz_Au_scan_20V.csv
-16.05999947,1652.951699,MeO2PACz,Au,..\raw_csv\type3_breakdown_Au\MeO2PACz_Au_scan_20V.csv
-16.07999992,1652.951206,MeO2PACz,Au,..\raw_csv\type3_breakdown_Au\MeO2PACz_Au_scan_20V.csv
-16.10000038,1652.952561,MeO2PACz,Au,..\raw_csv\type3_breakdown_Au\MeO2PACz_Au_scan_20V.csv
-16.12000084,1652.950344,MeO2PACz,Au,..\raw_csv\type3_breakdown_Au\MeO2PACz_Au_scan_20V.csv
-16.13999939,1652.950713,MeO2PACz,Au,..\raw_csv\type3_breakdown_Au\MeO2PACz_Au_scan_20V.csv
-16.15999985,1652.950098,MeO2PACz,Au,..\raw_csv\type3_breakdown_Au\MeO2PACz_Au_scan_20V.csv
-16.18000031,1652.950713,MeO2PACz,Au,..\raw_csv\type3_breakdown_Au\MeO2PACz_Au_scan_20V.csv
-16.20000076,1652.95059,MeO2PACz,Au,..\raw_csv\type3_breakdown_Au\MeO2PACz_Au_scan_20V.csv
-16.21999931,1652.949728,MeO2PACz,Au,..\raw_csv\type3_breakdown_Au\MeO2PACz_Au_scan_20V.csv
-16.23999977,1652.950837,MeO2PACz,Au,..\raw_csv\type3_breakdown_Au\MeO2PACz_Au_scan_20V.csv
-16.26000023,1652.950467,MeO2PACz,Au,..\raw_csv\type3_breakdown_Au\MeO2PACz_Au_scan_20V.csv
-16.28000069,1652.951452,MeO2PACz,Au,..\raw_csv\type3_breakdown_Au\MeO2PACz_Au_scan_20V.csv
-16.29999924,1652.950837,MeO2PACz,Au,..\raw_csv\type3_breakdown_Au\MeO2PACz_Au_scan_20V.csv
-16.3199997,1652.952191,MeO2PACz,Au,..\raw_csv\type3_breakdown_Au\MeO2PACz_Au_scan_20V.csv
-16.34000015,1652.951822,MeO2PACz,Au,..\raw_csv\type3_breakdown_Au\MeO2PACz_Au_scan_20V.csv
-16.36000061,1652.951083,MeO2PACz,Au,..\raw_csv\type3_breakdown_Au\MeO2PACz_Au_scan_20V.csv
-16.37999916,1652.949605,MeO2PACz,Au,..\raw_csv\type3_breakdown_Au\MeO2PACz_Au_scan_20V.csv
-16.39999962,1652.951206,MeO2PACz,Au,..\raw_csv\type3_breakdown_Au\MeO2PACz_Au_scan_20V.csv
-16.42000008,1652.949359,MeO2PACz,Au,..\raw_csv\type3_breakdown_Au\MeO2PACz_Au_scan_20V.csv
-16.44000053,1652.951083,MeO2PACz,Au,..\raw_csv\type3_breakdown_Au\MeO2PACz_Au_scan_20V.csv
-16.45999908,1652.952438,MeO2PACz,Au,..\raw_csv\type3_breakdown_Au\MeO2PACz_Au_scan_20V.csv
-16.47999954,1652.951206,MeO2PACz,Au,..\raw_csv\type3_breakdown_Au\MeO2PACz_Au_scan_20V.csv
-16.5,1652.950098,MeO2PACz,Au,..\raw_csv\type3_breakdown_Au\MeO2PACz_Au_scan_20V.csv
-16.52000046,1652.949482,MeO2PACz,Au,..\raw_csv\type3_breakdown_Au\MeO2PACz_Au_scan_20V.csv
-16.54000092,1652.949482,MeO2PACz,Au,..\raw_csv\type3_breakdown_Au\MeO2PACz_Au_scan_20V.csv
-16.55999947,1652.951699,MeO2PACz,Au,..\raw_csv\type3_breakdown_Au\MeO2PACz_Au_scan_20V.csv
-16.57999992,1652.952684,MeO2PACz,Au,..\raw_csv\type3_breakdown_Au\MeO2PACz_Au_scan_20V.csv
-16.60000038,1652.950098,MeO2PACz,Au,..\raw_csv\type3_breakdown_Au\MeO2PACz_Au_scan_20V.csv
-16.62000084,1652.951206,MeO2PACz,Au,..\raw_csv\type3_breakdown_Au\MeO2PACz_Au_scan_20V.csv
-16.63999939,1652.950837,MeO2PACz,Au,..\raw_csv\type3_breakdown_Au\MeO2PACz_Au_scan_20V.csv
-16.65999985,1652.951699,MeO2PACz,Au,..\raw_csv\type3_breakdown_Au\MeO2PACz_Au_scan_20V.csv
-16.68000031,1652.95059,MeO2PACz,Au,..\raw_csv\type3_breakdown_Au\MeO2PACz_Au_scan_20V.csv
-16.70000076,1652.950837,MeO2PACz,Au,..\raw_csv\type3_breakdown_Au\MeO2PACz_Au_scan_20V.csv
-16.71999931,1652.95059,MeO2PACz,Au,..\raw_csv\type3_breakdown_Au\MeO2PACz_Au_scan_20V.csv
-16.73999977,1652.95059,MeO2PACz,Au,..\raw_csv\type3_breakdown_Au\MeO2PACz_Au_scan_20V.csv
-16.76000023,1652.950467,MeO2PACz,Au,..\raw_csv\type3_breakdown_Au\MeO2PACz_Au_scan_20V.csv
-16.78000069,1652.950837,MeO2PACz,Au,..\raw_csv\type3_breakdown_Au\MeO2PACz_Au_scan_20V.csv
-16.79999924,1652.952191,MeO2PACz,Au,..\raw_csv\type3_breakdown_Au\MeO2PACz_Au_scan_20V.csv
-16.8199997,1652.95059,MeO2PACz,Au,..\raw_csv\type3_breakdown_Au\MeO2PACz_Au_scan_20V.csv
-16.84000015,1652.950713,MeO2PACz,Au,..\raw_csv\type3_breakdown_Au\MeO2PACz_Au_scan_20V.csv
-16.86000061,1652.949359,MeO2PACz,Au,..\raw_csv\type3_breakdown_Au\MeO2PACz_Au_scan_20V.csv
-16.87999916,1652.951206,MeO2PACz,Au,..\raw_csv\type3_breakdown_Au\MeO2PACz_Au_scan_20V.csv
-16.89999962,1652.951083,MeO2PACz,Au,..\raw_csv\type3_breakdown_Au\MeO2PACz_Au_scan_20V.csv
-16.92000008,1652.949359,MeO2PACz,Au,..\raw_csv\type3_breakdown_Au\MeO2PACz_Au_scan_20V.csv
-16.94000053,1652.951699,MeO2PACz,Au,..\raw_csv\type3_breakdown_Au\MeO2PACz_Au_scan_20V.csv
-16.95999908,1652.951822,MeO2PACz,Au,..\raw_csv\type3_breakdown_Au\MeO2PACz_Au_scan_20V.csv
-16.97999954,1652.950837,MeO2PACz,Au,..\raw_csv\type3_breakdown_Au\MeO2PACz_Au_scan_20V.csv
-17.0,1652.951083,MeO2PACz,Au,..\raw_csv\type3_breakdown_Au\MeO2PACz_Au_scan_20V.csv
-17.02000046,1652.950344,MeO2PACz,Au,..\raw_csv\type3_breakdown_Au\MeO2PACz_Au_scan_20V.csv
-17.04000092,1652.95059,MeO2PACz,Au,..\raw_csv\type3_breakdown_Au\MeO2PACz_Au_scan_20V.csv
-17.05999947,1652.951083,MeO2PACz,Au,..\raw_csv\type3_breakdown_Au\MeO2PACz_Au_scan_20V.csv
-17.07999992,1652.95059,MeO2PACz,Au,..\raw_csv\type3_breakdown_Au\MeO2PACz_Au_scan_20V.csv
-17.10000038,1652.951452,MeO2PACz,Au,..\raw_csv\type3_breakdown_Au\MeO2PACz_Au_scan_20V.csv
-17.12000084,1652.950713,MeO2PACz,Au,..\raw_csv\type3_breakdown_Au\MeO2PACz_Au_scan_20V.csv
-17.13999939,1652.951452,MeO2PACz,Au,..\raw_csv\type3_breakdown_Au\MeO2PACz_Au_scan_20V.csv
-17.15999985,1652.950098,MeO2PACz,Au,..\raw_csv\type3_breakdown_Au\MeO2PACz_Au_scan_20V.csv
-17.18000031,1652.951206,MeO2PACz,Au,..\raw_csv\type3_breakdown_Au\MeO2PACz_Au_scan_20V.csv
-17.20000076,1652.951329,MeO2PACz,Au,..\raw_csv\type3_breakdown_Au\MeO2PACz_Au_scan_20V.csv
-17.21999931,1652.951329,MeO2PACz,Au,..\raw_csv\type3_breakdown_Au\MeO2PACz_Au_scan_20V.csv
-17.23999977,1652.95059,MeO2PACz,Au,..\raw_csv\type3_breakdown_Au\MeO2PACz_Au_scan_20V.csv
-17.26000023,1652.950467,MeO2PACz,Au,..\raw_csv\type3_breakdown_Au\MeO2PACz_Au_scan_20V.csv
-17.28000069,1652.950221,MeO2PACz,Au,..\raw_csv\type3_breakdown_Au\MeO2PACz_Au_scan_20V.csv
-17.29999924,1652.950713,MeO2PACz,Au,..\raw_csv\type3_breakdown_Au\MeO2PACz_Au_scan_20V.csv
-17.3199997,1652.949359,MeO2PACz,Au,..\raw_csv\type3_breakdown_Au\MeO2PACz_Au_scan_20V.csv
-17.34000015,1652.950713,MeO2PACz,Au,..\raw_csv\type3_breakdown_Au\MeO2PACz_Au_scan_20V.csv
-17.36000061,1652.951699,MeO2PACz,Au,..\raw_csv\type3_breakdown_Au\MeO2PACz_Au_scan_20V.csv
-17.37999916,1652.949728,MeO2PACz,Au,..\raw_csv\type3_breakdown_Au\MeO2PACz_Au_scan_20V.csv
-17.39999962,1652.951452,MeO2PACz,Au,..\raw_csv\type3_breakdown_Au\MeO2PACz_Au_scan_20V.csv
-17.42000008,1652.951206,MeO2PACz,Au,..\raw_csv\type3_breakdown_Au\MeO2PACz_Au_scan_20V.csv
-17.44000053,1652.948743,MeO2PACz,Au,..\raw_csv\type3_breakdown_Au\MeO2PACz_Au_scan_20V.csv
-17.45999908,1652.949236,MeO2PACz,Au,..\raw_csv\type3_breakdown_Au\MeO2PACz_Au_scan_20V.csv
-17.47999954,1652.950713,MeO2PACz,Au,..\raw_csv\type3_breakdown_Au\MeO2PACz_Au_scan_20V.csv
-17.5,1652.95059,MeO2PACz,Au,..\raw_csv\type3_breakdown_Au\MeO2PACz_Au_scan_20V.csv
-17.52000046,1652.951452,MeO2PACz,Au,..\raw_csv\type3_breakdown_Au\MeO2PACz_Au_scan_20V.csv
-17.54000092,1652.948497,MeO2PACz,Au,..\raw_csv\type3_breakdown_Au\MeO2PACz_Au_scan_20V.csv
-17.55999947,1652.949482,MeO2PACz,Au,..\raw_csv\type3_breakdown_Au\MeO2PACz_Au_scan_20V.csv
-17.57999992,1652.951699,MeO2PACz,Au,..\raw_csv\type3_breakdown_Au\MeO2PACz_Au_scan_20V.csv
-17.60000038,1652.949851,MeO2PACz,Au,..\raw_csv\type3_breakdown_Au\MeO2PACz_Au_scan_20V.csv
-17.62000084,1652.949605,MeO2PACz,Au,..\raw_csv\type3_breakdown_Au\MeO2PACz_Au_scan_20V.csv
-17.63999939,1652.948743,MeO2PACz,Au,..\raw_csv\type3_breakdown_Au\MeO2PACz_Au_scan_20V.csv
-17.65999985,1652.949728,MeO2PACz,Au,..\raw_csv\type3_breakdown_Au\MeO2PACz_Au_scan_20V.csv
-17.68000031,1652.949728,MeO2PACz,Au,..\raw_csv\type3_breakdown_Au\MeO2PACz_Au_scan_20V.csv
-17.70000076,1652.94862,MeO2PACz,Au,..\raw_csv\type3_breakdown_Au\MeO2PACz_Au_scan_20V.csv
-17.71999931,1652.950221,MeO2PACz,Au,..\raw_csv\type3_breakdown_Au\MeO2PACz_Au_scan_20V.csv
-17.73999977,1652.949605,MeO2PACz,Au,..\raw_csv\type3_breakdown_Au\MeO2PACz_Au_scan_20V.csv
-17.76000023,1652.949851,MeO2PACz,Au,..\raw_csv\type3_breakdown_Au\MeO2PACz_Au_scan_20V.csv
-17.78000069,1652.949113,MeO2PACz,Au,..\raw_csv\type3_breakdown_Au\MeO2PACz_Au_scan_20V.csv
-17.79999924,1652.949359,MeO2PACz,Au,..\raw_csv\type3_breakdown_Au\MeO2PACz_Au_scan_20V.csv
-17.8199997,1652.951083,MeO2PACz,Au,..\raw_csv\type3_breakdown_Au\MeO2PACz_Au_scan_20V.csv
-17.84000015,1652.948497,MeO2PACz,Au,..\raw_csv\type3_breakdown_Au\MeO2PACz_Au_scan_20V.csv
-17.86000061,1652.950713,MeO2PACz,Au,..\raw_csv\type3_breakdown_Au\MeO2PACz_Au_scan_20V.csv
-17.87999916,1652.949236,MeO2PACz,Au,..\raw_csv\type3_breakdown_Au\MeO2PACz_Au_scan_20V.csv
-17.89999962,1652.949482,MeO2PACz,Au,..\raw_csv\type3_breakdown_Au\MeO2PACz_Au_scan_20V.csv
-17.92000008,1652.949359,MeO2PACz,Au,..\raw_csv\type3_breakdown_Au\MeO2PACz_Au_scan_20V.csv
-17.94000053,1652.949236,MeO2PACz,Au,..\raw_csv\type3_breakdown_Au\MeO2PACz_Au_scan_20V.csv
-17.95999908,1652.950344,MeO2PACz,Au,..\raw_csv\type3_breakdown_Au\MeO2PACz_Au_scan_20V.csv
-17.97999954,1652.948743,MeO2PACz,Au,..\raw_csv\type3_breakdown_Au\MeO2PACz_Au_scan_20V.csv
-18.0,1652.948374,MeO2PACz,Au,..\raw_csv\type3_breakdown_Au\MeO2PACz_Au_scan_20V.csv
-18.02000046,1652.949605,MeO2PACz,Au,..\raw_csv\type3_breakdown_Au\MeO2PACz_Au_scan_20V.csv
-18.04000092,1652.949113,MeO2PACz,Au,..\raw_csv\type3_breakdown_Au\MeO2PACz_Au_scan_20V.csv
-18.05999947,1652.951452,MeO2PACz,Au,..\raw_csv\type3_breakdown_Au\MeO2PACz_Au_scan_20V.csv
-18.07999992,1652.948374,MeO2PACz,Au,..\raw_csv\type3_breakdown_Au\MeO2PACz_Au_scan_20V.csv
-18.10000038,1652.95059,MeO2PACz,Au,..\raw_csv\type3_breakdown_Au\MeO2PACz_Au_scan_20V.csv
-18.12000084,1652.95059,MeO2PACz,Au,..\raw_csv\type3_breakdown_Au\MeO2PACz_Au_scan_20V.csv
-18.13999939,1652.951206,MeO2PACz,Au,..\raw_csv\type3_breakdown_Au\MeO2PACz_Au_scan_20V.csv
-18.15999985,1652.950221,MeO2PACz,Au,..\raw_csv\type3_breakdown_Au\MeO2PACz_Au_scan_20V.csv
-18.18000031,1652.949728,MeO2PACz,Au,..\raw_csv\type3_breakdown_Au\MeO2PACz_Au_scan_20V.csv
-18.20000076,1652.951329,MeO2PACz,Au,..\raw_csv\type3_breakdown_Au\MeO2PACz_Au_scan_20V.csv
-18.21999931,1652.949851,MeO2PACz,Au,..\raw_csv\type3_breakdown_Au\MeO2PACz_Au_scan_20V.csv
-18.23999977,1652.949113,MeO2PACz,Au,..\raw_csv\type3_breakdown_Au\MeO2PACz_Au_scan_20V.csv
-18.26000023,1652.949728,MeO2PACz,Au,..\raw_csv\type3_breakdown_Au\MeO2PACz_Au_scan_20V.csv
-18.28000069,1652.950837,MeO2PACz,Au,..\raw_csv\type3_breakdown_Au\MeO2PACz_Au_scan_20V.csv
-18.29999924,1652.949728,MeO2PACz,Au,..\raw_csv\type3_breakdown_Au\MeO2PACz_Au_scan_20V.csv
-18.3199997,1652.949851,MeO2PACz,Au,..\raw_csv\type3_breakdown_Au\MeO2PACz_Au_scan_20V.csv
-18.34000015,1652.949113,MeO2PACz,Au,..\raw_csv\type3_breakdown_Au\MeO2PACz_Au_scan_20V.csv
-18.36000061,1652.950467,MeO2PACz,Au,..\raw_csv\type3_breakdown_Au\MeO2PACz_Au_scan_20V.csv
-18.37999916,1652.949113,MeO2PACz,Au,..\raw_csv\type3_breakdown_Au\MeO2PACz_Au_scan_20V.csv
-18.39999962,1652.948374,MeO2PACz,Au,..\raw_csv\type3_breakdown_Au\MeO2PACz_Au_scan_20V.csv
-18.42000008,1652.950221,MeO2PACz,Au,..\raw_csv\type3_breakdown_Au\MeO2PACz_Au_scan_20V.csv
-18.44000053,1652.948374,MeO2PACz,Au,..\raw_csv\type3_breakdown_Au\MeO2PACz_Au_scan_20V.csv
-18.45999908,1652.948497,MeO2PACz,Au,..\raw_csv\type3_breakdown_Au\MeO2PACz_Au_scan_20V.csv
-18.47999954,1652.949605,MeO2PACz,Au,..\raw_csv\type3_breakdown_Au\MeO2PACz_Au_scan_20V.csv
-18.5,1652.950467,MeO2PACz,Au,..\raw_csv\type3_breakdown_Au\MeO2PACz_Au_scan_20V.csv
-18.52000046,1652.950344,MeO2PACz,Au,..\raw_csv\type3_breakdown_Au\MeO2PACz_Au_scan_20V.csv
-18.54000092,1652.950221,MeO2PACz,Au,..\raw_csv\type3_breakdown_Au\MeO2PACz_Au_scan_20V.csv
-18.55999947,1652.950467,MeO2PACz,Au,..\raw_csv\type3_breakdown_Au\MeO2PACz_Au_scan_20V.csv
-18.57999992,1652.949605,MeO2PACz,Au,..\raw_csv\type3_breakdown_Au\MeO2PACz_Au_scan_20V.csv
-18.60000038,1652.949113,MeO2PACz,Au,..\raw_csv\type3_breakdown_Au\MeO2PACz_Au_scan_20V.csv
-18.62000084,1652.949359,MeO2PACz,Au,..\raw_csv\type3_breakdown_Au\MeO2PACz_Au_scan_20V.csv
-18.63999939,1652.950221,MeO2PACz,Au,..\raw_csv\type3_breakdown_Au\MeO2PACz_Au_scan_20V.csv
-18.65999985,1652.949359,MeO2PACz,Au,..\raw_csv\type3_breakdown_Au\MeO2PACz_Au_scan_20V.csv
-18.68000031,1652.949113,MeO2PACz,Au,..\raw_csv\type3_breakdown_Au\MeO2PACz_Au_scan_20V.csv
-18.70000076,1652.949359,MeO2PACz,Au,..\raw_csv\type3_breakdown_Au\MeO2PACz_Au_scan_20V.csv
-18.71999931,1652.949482,MeO2PACz,Au,..\raw_csv\type3_breakdown_Au\MeO2PACz_Au_scan_20V.csv
-18.73999977,1652.948866,MeO2PACz,Au,..\raw_csv\type3_breakdown_Au\MeO2PACz_Au_scan_20V.csv
-18.76000023,1652.950221,MeO2PACz,Au,..\raw_csv\type3_breakdown_Au\MeO2PACz_Au_scan_20V.csv
-18.78000069,1652.949482,MeO2PACz,Au,..\raw_csv\type3_breakdown_Au\MeO2PACz_Au_scan_20V.csv
-18.79999924,1652.948497,MeO2PACz,Au,..\raw_csv\type3_breakdown_Au\MeO2PACz_Au_scan_20V.csv
-18.8199997,1652.949359,MeO2PACz,Au,..\raw_csv\type3_breakdown_Au\MeO2PACz_Au_scan_20V.csv
-18.84000015,1652.95059,MeO2PACz,Au,..\raw_csv\type3_breakdown_Au\MeO2PACz_Au_scan_20V.csv
-18.86000061,1652.949236,MeO2PACz,Au,..\raw_csv\type3_breakdown_Au\MeO2PACz_Au_scan_20V.csv
-18.87999916,1652.950467,MeO2PACz,Au,..\raw_csv\type3_breakdown_Au\MeO2PACz_Au_scan_20V.csv
-18.89999962,1652.95059,MeO2PACz,Au,..\raw_csv\type3_breakdown_Au\MeO2PACz_Au_scan_20V.csv
-18.92000008,1652.948497,MeO2PACz,Au,..\raw_csv\type3_breakdown_Au\MeO2PACz_Au_scan_20V.csv
-18.94000053,1652.949359,MeO2PACz,Au,..\raw_csv\type3_breakdown_Au\MeO2PACz_Au_scan_20V.csv
-18.95999908,1652.949851,MeO2PACz,Au,..\raw_csv\type3_breakdown_Au\MeO2PACz_Au_scan_20V.csv
-18.97999954,1652.950098,MeO2PACz,Au,..\raw_csv\type3_breakdown_Au\MeO2PACz_Au_scan_20V.csv
-19.0,1652.949605,MeO2PACz,Au,..\raw_csv\type3_breakdown_Au\MeO2PACz_Au_scan_20V.csv
-19.02000046,1652.949851,MeO2PACz,Au,..\raw_csv\type3_breakdown_Au\MeO2PACz_Au_scan_20V.csv
-19.04000092,1652.948866,MeO2PACz,Au,..\raw_csv\type3_breakdown_Au\MeO2PACz_Au_scan_20V.csv
-19.05999947,1652.949482,MeO2PACz,Au,..\raw_csv\type3_breakdown_Au\MeO2PACz_Au_scan_20V.csv
-19.07999992,1652.949113,MeO2PACz,Au,..\raw_csv\type3_breakdown_Au\MeO2PACz_Au_scan_20V.csv
-19.10000038,1652.950221,MeO2PACz,Au,..\raw_csv\type3_breakdown_Au\MeO2PACz_Au_scan_20V.csv
-19.12000084,1652.948374,MeO2PACz,Au,..\raw_csv\type3_breakdown_Au\MeO2PACz_Au_scan_20V.csv
-19.13999939,1652.949482,MeO2PACz,Au,..\raw_csv\type3_breakdown_Au\MeO2PACz_Au_scan_20V.csv
-19.15999985,1652.949236,MeO2PACz,Au,..\raw_csv\type3_breakdown_Au\MeO2PACz_Au_scan_20V.csv
-19.18000031,1652.949113,MeO2PACz,Au,..\raw_csv\type3_breakdown_Au\MeO2PACz_Au_scan_20V.csv
-19.20000076,1652.949113,MeO2PACz,Au,..\raw_csv\type3_breakdown_Au\MeO2PACz_Au_scan_20V.csv
-19.21999931,1652.950344,MeO2PACz,Au,..\raw_csv\type3_breakdown_Au\MeO2PACz_Au_scan_20V.csv
-19.23999977,1652.949113,MeO2PACz,Au,..\raw_csv\type3_breakdown_Au\MeO2PACz_Au_scan_20V.csv
-19.26000023,1652.94862,MeO2PACz,Au,..\raw_csv\type3_breakdown_Au\MeO2PACz_Au_scan_20V.csv
-19.28000069,1652.948374,MeO2PACz,Au,..\raw_csv\type3_breakdown_Au\MeO2PACz_Au_scan_20V.csv
-19.29999924,1652.949113,MeO2PACz,Au,..\raw_csv\type3_breakdown_Au\MeO2PACz_Au_scan_20V.csv
-19.3199997,1652.95059,MeO2PACz,Au,..\raw_csv\type3_breakdown_Au\MeO2PACz_Au_scan_20V.csv
-19.34000015,1652.949113,MeO2PACz,Au,..\raw_csv\type3_breakdown_Au\MeO2PACz_Au_scan_20V.csv
-19.36000061,1652.948497,MeO2PACz,Au,..\raw_csv\type3_breakdown_Au\MeO2PACz_Au_scan_20V.csv
-19.37999916,1652.94862,MeO2PACz,Au,..\raw_csv\type3_breakdown_Au\MeO2PACz_Au_scan_20V.csv
-19.39999962,1652.951576,MeO2PACz,Au,..\raw_csv\type3_breakdown_Au\MeO2PACz_Au_scan_20V.csv
-19.42000008,1652.949113,MeO2PACz,Au,..\raw_csv\type3_breakdown_Au\MeO2PACz_Au_scan_20V.csv
-19.44000053,1652.949728,MeO2PACz,Au,..\raw_csv\type3_breakdown_Au\MeO2PACz_Au_scan_20V.csv
-19.45999908,1652.949359,MeO2PACz,Au,..\raw_csv\type3_breakdown_Au\MeO2PACz_Au_scan_20V.csv
-19.47999954,1652.949359,MeO2PACz,Au,..\raw_csv\type3_breakdown_Au\MeO2PACz_Au_scan_20V.csv
-19.5,1652.948127,MeO2PACz,Au,..\raw_csv\type3_breakdown_Au\MeO2PACz_Au_scan_20V.csv
-19.52000046,1652.949482,MeO2PACz,Au,..\raw_csv\type3_breakdown_Au\MeO2PACz_Au_scan_20V.csv
-19.54000092,1652.948743,MeO2PACz,Au,..\raw_csv\type3_breakdown_Au\MeO2PACz_Au_scan_20V.csv
-19.55999947,1652.948743,MeO2PACz,Au,..\raw_csv\type3_breakdown_Au\MeO2PACz_Au_scan_20V.csv
-19.57999992,1652.949359,MeO2PACz,Au,..\raw_csv\type3_breakdown_Au\MeO2PACz_Au_scan_20V.csv
-19.60000038,1652.950467,MeO2PACz,Au,..\raw_csv\type3_breakdown_Au\MeO2PACz_Au_scan_20V.csv
-19.62000084,1652.949851,MeO2PACz,Au,..\raw_csv\type3_breakdown_Au\MeO2PACz_Au_scan_20V.csv
-19.63999939,1652.94825,MeO2PACz,Au,..\raw_csv\type3_breakdown_Au\MeO2PACz_Au_scan_20V.csv
-19.65999985,1652.950098,MeO2PACz,Au,..\raw_csv\type3_breakdown_Au\MeO2PACz_Au_scan_20V.csv
-19.68000031,1652.949605,MeO2PACz,Au,..\raw_csv\type3_breakdown_Au\MeO2PACz_Au_scan_20V.csv
-19.70000076,1652.950098,MeO2PACz,Au,..\raw_csv\type3_breakdown_Au\MeO2PACz_Au_scan_20V.csv
-19.71999931,1652.94862,MeO2PACz,Au,..\raw_csv\type3_breakdown_Au\MeO2PACz_Au_scan_20V.csv
-19.73999977,1652.949728,MeO2PACz,Au,..\raw_csv\type3_breakdown_Au\MeO2PACz_Au_scan_20V.csv
-19.76000023,1652.948004,MeO2PACz,Au,..\raw_csv\type3_breakdown_Au\MeO2PACz_Au_scan_20V.csv
-19.78000069,1652.948866,MeO2PACz,Au,..\raw_csv\type3_breakdown_Au\MeO2PACz_Au_scan_20V.csv
-19.79999924,1652.947388,MeO2PACz,Au,..\raw_csv\type3_breakdown_Au\MeO2PACz_Au_scan_20V.csv
-19.8199997,1652.948127,MeO2PACz,Au,..\raw_csv\type3_breakdown_Au\MeO2PACz_Au_scan_20V.csv
-19.84000015,1652.949482,MeO2PACz,Au,..\raw_csv\type3_breakdown_Au\MeO2PACz_Au_scan_20V.csv
-19.86000061,1652.949236,MeO2PACz,Au,..\raw_csv\type3_breakdown_Au\MeO2PACz_Au_scan_20V.csv
-19.87999916,1652.949113,MeO2PACz,Au,..\raw_csv\type3_breakdown_Au\MeO2PACz_Au_scan_20V.csv
-19.89999962,1652.949113,MeO2PACz,Au,..\raw_csv\type3_breakdown_Au\MeO2PACz_Au_scan_20V.csv
-19.92000008,1652.94862,MeO2PACz,Au,..\raw_csv\type3_breakdown_Au\MeO2PACz_Au_scan_20V.csv
-19.94000053,1652.947019,MeO2PACz,Au,..\raw_csv\type3_breakdown_Au\MeO2PACz_Au_scan_20V.csv
-19.95999908,1652.949359,MeO2PACz,Au,..\raw_csv\type3_breakdown_Au\MeO2PACz_Au_scan_20V.csv
-19.97999954,1652.948127,MeO2PACz,Au,..\raw_csv\type3_breakdown_Au\MeO2PACz_Au_scan_20V.csv
-20.0,1652.948497,MeO2PACz,Au,..\raw_csv\type3_breakdown_Au\MeO2PACz_Au_scan_20V.csv
2.000499964,-804.9809461,NiOx,Au,..\raw_csv\type3_breakdown_Au\NiOx_Au_scan_20V.csv
1.980499983,-784.6603294,NiOx,Au,..\raw_csv\type3_breakdown_Au\NiOx_Au_scan_20V.csv
1.960500002,-764.3722856,NiOx,Au,..\raw_csv\type3_breakdown_Au\NiOx_Au_scan_20V.csv
1.940500021,-744.0899065,NiOx,Au,..\raw_csv\type3_breakdown_Au\NiOx_Au_scan_20V.csv
1.92050004,-723.8065424,NiOx,Au,..\raw_csv\type3_breakdown_Au\NiOx_Au_scan_20V.csv
1.900500059,-703.5621548,NiOx,Au,..\raw_csv\type3_breakdown_Au\NiOx_Au_scan_20V.csv
1.880499959,-683.3548966,NiOx,Au,..\raw_csv\type3_breakdown_Au\NiOx_Au_scan_20V.csv
1.860499978,-663.2143236,NiOx,Au,..\raw_csv\type3_breakdown_Au\NiOx_Au_scan_20V.csv
1.840499997,-643.1390195,NiOx,Au,..\raw_csv\type3_breakdown_Au\NiOx_Au_scan_20V.csv
1.820500016,-623.458346,NiOx,Au,..\raw_csv\type3_breakdown_Au\NiOx_Au_scan_20V.csv
1.800500035,-603.5558198,NiOx,Au,..\raw_csv\type3_breakdown_Au\NiOx_Au_scan_20V.csv
1.780500054,-583.7458401,NiOx,Au,..\raw_csv\type3_breakdown_Au\NiOx_Au_scan_20V.csv
1.760499954,-564.0648587,NiOx,Au,..\raw_csv\type3_breakdown_Au\NiOx_Au_scan_20V.csv
1.740499973,-544.4694659,NiOx,Au,..\raw_csv\type3_breakdown_Au\NiOx_Au_scan_20V.csv
1.720499992,-525.0007933,NiOx,Au,..\raw_csv\type3_breakdown_Au\NiOx_Au_scan_20V.csv
1.700500011,-505.6624739,NiOx,Au,..\raw_csv\type3_breakdown_Au\NiOx_Au_scan_20V.csv
1.680500031,-486.486126,NiOx,Au,..\raw_csv\type3_breakdown_Au\NiOx_Au_scan_20V.csv
1.66050005,-467.4203659,NiOx,Au,..\raw_csv\type3_breakdown_Au\NiOx_Au_scan_20V.csv
1.640499949,-448.494626,NiOx,Au,..\raw_csv\type3_breakdown_Au\NiOx_Au_scan_20V.csv
1.620499969,-429.7252853,NiOx,Au,..\raw_csv\type3_breakdown_Au\NiOx_Au_scan_20V.csv
1.600499988,-411.4093789,NiOx,Au,..\raw_csv\type3_breakdown_Au\NiOx_Au_scan_20V.csv
1.580500007,-392.9548991,NiOx,Au,..\raw_csv\type3_breakdown_Au\NiOx_Au_scan_20V.csv
1.560500026,-374.6610979,NiOx,Au,..\raw_csv\type3_breakdown_Au\NiOx_Au_scan_20V.csv
1.540500045,-356.5459242,NiOx,Au,..\raw_csv\type3_breakdown_Au\NiOx_Au_scan_20V.csv
1.520499945,-338.6125798,NiOx,Au,..\raw_csv\type3_breakdown_Au\NiOx_Au_scan_20V.csv
1.500499964,-320.8799066,NiOx,Au,..\raw_csv\type3_breakdown_Au\NiOx_Au_scan_20V.csv
1.480499983,-303.3572023,NiOx,Au,..\raw_csv\type3_breakdown_Au\NiOx_Au_scan_20V.csv
1.460500002,-286.0419116,NiOx,Au,..\raw_csv\type3_breakdown_Au\NiOx_Au_scan_20V.csv
1.440500021,-268.9574942,NiOx,Au,..\raw_csv\type3_breakdown_Au\NiOx_Au_scan_20V.csv
1.42050004,-252.1095535,NiOx,Au,..\raw_csv\type3_breakdown_Au\NiOx_Au_scan_20V.csv
1.400500059,-235.5203641,NiOx,Au,..\raw_csv\type3_breakdown_Au\NiOx_Au_scan_20V.csv
1.380499959,-219.4647328,NiOx,Au,..\raw_csv\type3_breakdown_Au\NiOx_Au_scan_20V.csv
1.360499978,-203.4256034,NiOx,Au,..\raw_csv\type3_breakdown_Au\NiOx_Au_scan_20V.csv
1.340499997,-187.6687466,NiOx,Au,..\raw_csv\type3_breakdown_Au\NiOx_Au_scan_20V.csv
1.320500016,-172.2535974,NiOx,Au,..\raw_csv\type3_breakdown_Au\NiOx_Au_scan_20V.csv
1.300500035,-156.8566895,NiOx,Au,..\raw_csv\type3_breakdown_Au\NiOx_Au_scan_20V.csv
1.280500054,-141.6050666,NiOx,Au,..\raw_csv\type3_breakdown_Au\NiOx_Au_scan_20V.csv
1.260499954,-127.4099843,NiOx,Au,..\raw_csv\type3_breakdown_Au\NiOx_Au_scan_20V.csv
1.240499973,-113.7333975,NiOx,Au,..\raw_csv\type3_breakdown_Au\NiOx_Au_scan_20V.csv
1.220499992,-100.572843,NiOx,Au,..\raw_csv\type3_breakdown_Au\NiOx_Au_scan_20V.csv
1.200500011,-87.95546762,NiOx,Au,..\raw_csv\type3_breakdown_Au\NiOx_Au_scan_20V.csv
1.180500031,-75.96189532,NiOx,Au,..\raw_csv\type3_breakdown_Au\NiOx_Au_scan_20V.csv
1.16050005,-64.84484307,NiOx,Au,..\raw_csv\type3_breakdown_Au\NiOx_Au_scan_20V.csv
1.140499949,-54.26952673,NiOx,Au,..\raw_csv\type3_breakdown_Au\NiOx_Au_scan_20V.csv
1.120499969,-44.5457697,NiOx,Au,..\raw_csv\type3_breakdown_Au\NiOx_Au_scan_20V.csv
1.100499988,-35.73673197,NiOx,Au,..\raw_csv\type3_breakdown_Au\NiOx_Au_scan_20V.csv
1.080500007,-27.91615281,NiOx,Au,..\raw_csv\type3_breakdown_Au\NiOx_Au_scan_20V.csv
1.060500026,-21.16163335,NiOx,Au,..\raw_csv\type3_breakdown_Au\NiOx_Au_scan_20V.csv
1.040500045,-15.5013083,NiOx,Au,..\raw_csv\type3_breakdown_Au\NiOx_Au_scan_20V.csv
1.020499945,-10.57381739,NiOx,Au,..\raw_csv\type3_breakdown_Au\NiOx_Au_scan_20V.csv
1.000499964,-7.148674863,NiOx,Au,..\raw_csv\type3_breakdown_Au\NiOx_Au_scan_20V.csv
0.980499983,-4.658928634,NiOx,Au,..\raw_csv\type3_breakdown_Au\NiOx_Au_scan_20V.csv
0.960500002,-2.962985118,NiOx,Au,..\raw_csv\type3_breakdown_Au\NiOx_Au_scan_20V.csv
0.940500021,-1.834705397,NiOx,Au,..\raw_csv\type3_breakdown_Au\NiOx_Au_scan_20V.csv
0.92049998,-1.173426062,NiOx,Au,..\raw_csv\type3_breakdown_Au\NiOx_Au_scan_20V.csv
0.9005,-0.709781544,NiOx,Au,..\raw_csv\type3_breakdown_Au\NiOx_Au_scan_20V.csv
0.880500019,-0.451978624,NiOx,Au,..\raw_csv\type3_breakdown_Au\NiOx_Au_scan_20V.csv
0.860499978,-0.29633524,NiOx,Au,..\raw_csv\type3_breakdown_Au\NiOx_Au_scan_20V.csv
0.840499997,-0.198215625,NiOx,Au,..\raw_csv\type3_breakdown_Au\NiOx_Au_scan_20V.csv
0.820500016,-0.153350713,NiOx,Au,..\raw_csv\type3_breakdown_Au\NiOx_Au_scan_20V.csv
0.800499976,-0.094520719,NiOx,Au,..\raw_csv\type3_breakdown_Au\NiOx_Au_scan_20V.csv
0.780499995,-0.062527532,NiOx,Au,..\raw_csv\type3_breakdown_Au\NiOx_Au_scan_20V.csv
0.760500014,-0.042106475,NiOx,Au,..\raw_csv\type3_breakdown_Au\NiOx_Au_scan_20V.csv
0.740499973,-0.028587472,NiOx,Au,..\raw_csv\type3_breakdown_Au\NiOx_Au_scan_20V.csv
0.720499992,-0.018804558,NiOx,Au,..\raw_csv\type3_breakdown_Au\NiOx_Au_scan_20V.csv
0.700500011,-0.018967593,NiOx,Au,..\raw_csv\type3_breakdown_Au\NiOx_Au_scan_20V.csv
0.680499971,-0.012337286,NiOx,Au,..\raw_csv\type3_breakdown_Au\NiOx_Au_scan_20V.csv
0.66049999,-0.005069493,NiOx,Au,..\raw_csv\type3_breakdown_Au\NiOx_Au_scan_20V.csv
0.640500009,-0.001589269,NiOx,Au,..\raw_csv\type3_breakdown_Au\NiOx_Au_scan_20V.csv
0.620500028,0.000465195,NiOx,Au,..\raw_csv\type3_breakdown_Au\NiOx_Au_scan_20V.csv
0.600499988,0.001805848,NiOx,Au,..\raw_csv\type3_breakdown_Au\NiOx_Au_scan_20V.csv
0.580500007,0.002660244,NiOx,Au,..\raw_csv\type3_breakdown_Au\NiOx_Au_scan_20V.csv
0.560500026,0.003165397,NiOx,Au,..\raw_csv\type3_breakdown_Au\NiOx_Au_scan_20V.csv
0.540499985,0.003417884,NiOx,Au,..\raw_csv\type3_breakdown_Au\NiOx_Au_scan_20V.csv
0.520500004,0.003460146,NiOx,Au,..\raw_csv\type3_breakdown_Au\NiOx_Au_scan_20V.csv
0.500500023,0.003407912,NiOx,Au,..\raw_csv\type3_breakdown_Au\NiOx_Au_scan_20V.csv
0.480500013,0.003254159,NiOx,Au,..\raw_csv\type3_breakdown_Au\NiOx_Au_scan_20V.csv
0.460500002,0.003035395,NiOx,Au,..\raw_csv\type3_breakdown_Au\NiOx_Au_scan_20V.csv
0.440499991,0.002783623,NiOx,Au,..\raw_csv\type3_breakdown_Au\NiOx_Au_scan_20V.csv
0.42050001,0.002521302,NiOx,Au,..\raw_csv\type3_breakdown_Au\NiOx_Au_scan_20V.csv
0.4005,0.002257643,NiOx,Au,..\raw_csv\type3_breakdown_Au\NiOx_Au_scan_20V.csv
0.380499989,0.002010621,NiOx,Au,..\raw_csv\type3_breakdown_Au\NiOx_Au_scan_20V.csv
0.360500008,0.001780843,NiOx,Au,..\raw_csv\type3_breakdown_Au\NiOx_Au_scan_20V.csv
0.340499997,0.001573844,NiOx,Au,..\raw_csv\type3_breakdown_Au\NiOx_Au_scan_20V.csv
0.320499986,0.00138561,NiOx,Au,..\raw_csv\type3_breakdown_Au\NiOx_Au_scan_20V.csv
0.300500005,0.001224601,NiOx,Au,..\raw_csv\type3_breakdown_Au\NiOx_Au_scan_20V.csv
0.280499995,0.001079611,NiOx,Au,..\raw_csv\type3_breakdown_Au\NiOx_Au_scan_20V.csv
0.260500014,0.000951128,NiOx,Au,..\raw_csv\type3_breakdown_Au\NiOx_Au_scan_20V.csv
0.240500003,0.000846538,NiOx,Au,..\raw_csv\type3_breakdown_Au\NiOx_Au_scan_20V.csv
0.220500007,0.000757276,NiOx,Au,..\raw_csv\type3_breakdown_Au\NiOx_Au_scan_20V.csv
0.200499997,0.000697751,NiOx,Au,..\raw_csv\type3_breakdown_Au\NiOx_Au_scan_20V.csv
0.180500001,0.000645671,NiOx,Au,..\raw_csv\type3_breakdown_Au\NiOx_Au_scan_20V.csv
0.160500005,0.000611301,NiOx,Au,..\raw_csv\type3_breakdown_Au\NiOx_Au_scan_20V.csv
0.140499994,0.000576294,NiOx,Au,..\raw_csv\type3_breakdown_Au\NiOx_Au_scan_20V.csv
0.120499998,0.000550623,NiOx,Au,..\raw_csv\type3_breakdown_Au\NiOx_Au_scan_20V.csv
0.100500003,0.000528772,NiOx,Au,..\raw_csv\type3_breakdown_Au\NiOx_Au_scan_20V.csv
0.080499999,0.000508682,NiOx,Au,..\raw_csv\type3_breakdown_Au\NiOx_Au_scan_20V.csv
0.0605,0.000489439,NiOx,Au,..\raw_csv\type3_breakdown_Au\NiOx_Au_scan_20V.csv
0.0405,0.000474365,NiOx,Au,..\raw_csv\type3_breakdown_Au\NiOx_Au_scan_20V.csv
0.020500001,0.000458733,NiOx,Au,..\raw_csv\type3_breakdown_Au\NiOx_Au_scan_20V.csv
0.0005,0.00044624,NiOx,Au,..\raw_csv\type3_breakdown_Au\NiOx_Au_scan_20V.csv
-0.0195,0.000401578,NiOx,Au,..\raw_csv\type3_breakdown_Au\NiOx_Au_scan_20V.csv
-0.039500002,0.000425406,NiOx,Au,..\raw_csv\type3_breakdown_Au\NiOx_Au_scan_20V.csv
-0.059500001,0.000412386,NiOx,Au,..\raw_csv\type3_breakdown_Au\NiOx_Au_scan_20V.csv
-0.079499997,0.000400971,NiOx,Au,..\raw_csv\type3_breakdown_Au\NiOx_Au_scan_20V.csv
-0.0995,0.000391755,NiOx,Au,..\raw_csv\type3_breakdown_Au\NiOx_Au_scan_20V.csv
-0.119499996,0.000382237,NiOx,Au,..\raw_csv\type3_breakdown_Au\NiOx_Au_scan_20V.csv
-0.139500007,0.000373994,NiOx,Au,..\raw_csv\type3_breakdown_Au\NiOx_Au_scan_20V.csv
-0.159500003,0.00036537,NiOx,Au,..\raw_csv\type3_breakdown_Au\NiOx_Au_scan_20V.csv
-0.179499999,0.00035817,NiOx,Au,..\raw_csv\type3_breakdown_Au\NiOx_Au_scan_20V.csv
-0.199499995,0.000350602,NiOx,Au,..\raw_csv\type3_breakdown_Au\NiOx_Au_scan_20V.csv
-0.219500005,0.000343819,NiOx,Au,..\raw_csv\type3_breakdown_Au\NiOx_Au_scan_20V.csv
-0.239500001,0.000337942,NiOx,Au,..\raw_csv\type3_breakdown_Au\NiOx_Au_scan_20V.csv
-0.259499997,0.000334628,NiOx,Au,..\raw_csv\type3_breakdown_Au\NiOx_Au_scan_20V.csv
-0.279500008,0.000325805,NiOx,Au,..\raw_csv\type3_breakdown_Au\NiOx_Au_scan_20V.csv
-0.299499989,0.000330441,NiOx,Au,..\raw_csv\type3_breakdown_Au\NiOx_Au_scan_20V.csv
-0.319499999,0.000333729,NiOx,Au,..\raw_csv\type3_breakdown_Au\NiOx_Au_scan_20V.csv
-0.33950001,0.000337343,NiOx,Au,..\raw_csv\type3_breakdown_Au\NiOx_Au_scan_20V.csv
-0.359499991,0.000343385,NiOx,Au,..\raw_csv\type3_breakdown_Au\NiOx_Au_scan_20V.csv
-0.379500002,0.000356741,NiOx,Au,..\raw_csv\type3_breakdown_Au\NiOx_Au_scan_20V.csv
-0.399500012,0.000376716,NiOx,Au,..\raw_csv\type3_breakdown_Au\NiOx_Au_scan_20V.csv
-0.419499993,0.000396581,NiOx,Au,..\raw_csv\type3_breakdown_Au\NiOx_Au_scan_20V.csv
-0.439500004,0.000420649,NiOx,Au,..\raw_csv\type3_breakdown_Au\NiOx_Au_scan_20V.csv
-0.459500015,0.000451525,NiOx,Au,..\raw_csv\type3_breakdown_Au\NiOx_Au_scan_20V.csv
-0.479499996,0.000481973,NiOx,Au,..\raw_csv\type3_breakdown_Au\NiOx_Au_scan_20V.csv
-0.499500006,0.000515713,NiOx,Au,..\raw_csv\type3_breakdown_Au\NiOx_Au_scan_20V.csv
-0.519500017,0.000552549,NiOx,Au,..\raw_csv\type3_breakdown_Au\NiOx_Au_scan_20V.csv
-0.539499998,0.000586069,NiOx,Au,..\raw_csv\type3_breakdown_Au\NiOx_Au_scan_20V.csv
-0.559499979,0.00062635,NiOx,Au,..\raw_csv\type3_breakdown_Au\NiOx_Au_scan_20V.csv
-0.57950002,0.000658691,NiOx,Au,..\raw_csv\type3_breakdown_Au\NiOx_Au_scan_20V.csv
-0.5995,0.000706998,NiOx,Au,..\raw_csv\type3_breakdown_Au\NiOx_Au_scan_20V.csv
-0.619499981,0.00075067,NiOx,Au,..\raw_csv\type3_breakdown_Au\NiOx_Au_scan_20V.csv
-0.639500022,0.000798958,NiOx,Au,..\raw_csv\type3_breakdown_Au\NiOx_Au_scan_20V.csv
-0.659500003,0.000851653,NiOx,Au,..\raw_csv\type3_breakdown_Au\NiOx_Au_scan_20V.csv
-0.679499984,0.00090209,NiOx,Au,..\raw_csv\type3_breakdown_Au\NiOx_Au_scan_20V.csv
-0.699500024,0.000953979,NiOx,Au,..\raw_csv\type3_breakdown_Au\NiOx_Au_scan_20V.csv
-0.719500005,0.001015503,NiOx,Au,..\raw_csv\type3_breakdown_Au\NiOx_Au_scan_20V.csv
-0.739499986,0.001079698,NiOx,Au,..\raw_csv\type3_breakdown_Au\NiOx_Au_scan_20V.csv
-0.759500027,0.00114205,NiOx,Au,..\raw_csv\type3_breakdown_Au\NiOx_Au_scan_20V.csv
-0.779500008,0.001207644,NiOx,Au,..\raw_csv\type3_breakdown_Au\NiOx_Au_scan_20V.csv
-0.799499989,0.001274086,NiOx,Au,..\raw_csv\type3_breakdown_Au\NiOx_Au_scan_20V.csv
-0.819500029,0.001345501,NiOx,Au,..\raw_csv\type3_breakdown_Au\NiOx_Au_scan_20V.csv
-0.83950001,0.00141032,NiOx,Au,..\raw_csv\type3_breakdown_Au\NiOx_Au_scan_20V.csv
-0.859499991,0.001478916,NiOx,Au,..\raw_csv\type3_breakdown_Au\NiOx_Au_scan_20V.csv
-0.879499972,0.00154861,NiOx,Au,..\raw_csv\type3_breakdown_Au\NiOx_Au_scan_20V.csv
-0.899500012,0.001615395,NiOx,Au,..\raw_csv\type3_breakdown_Au\NiOx_Au_scan_20V.csv
-0.919499993,0.001686392,NiOx,Au,..\raw_csv\type3_breakdown_Au\NiOx_Au_scan_20V.csv
-0.939499974,0.001763244,NiOx,Au,..\raw_csv\type3_breakdown_Au\NiOx_Au_scan_20V.csv
-0.959500015,0.001833514,NiOx,Au,..\raw_csv\type3_breakdown_Au\NiOx_Au_scan_20V.csv
-0.979499996,0.001910794,NiOx,Au,..\raw_csv\type3_breakdown_Au\NiOx_Au_scan_20V.csv
-0.999499977,0.001996698,NiOx,Au,..\raw_csv\type3_breakdown_Au\NiOx_Au_scan_20V.csv
-1.019500017,0.00207927,NiOx,Au,..\raw_csv\type3_breakdown_Au\NiOx_Au_scan_20V.csv
-1.039499998,0.002171401,NiOx,Au,..\raw_csv\type3_breakdown_Au\NiOx_Au_scan_20V.csv
-1.059499979,0.002272807,NiOx,Au,..\raw_csv\type3_breakdown_Au\NiOx_Au_scan_20V.csv
-1.07949996,0.002375092,NiOx,Au,..\raw_csv\type3_breakdown_Au\NiOx_Au_scan_20V.csv
-1.099499941,0.002493932,NiOx,Au,..\raw_csv\type3_breakdown_Au\NiOx_Au_scan_20V.csv
-1.119500041,0.002621719,NiOx,Au,..\raw_csv\type3_breakdown_Au\NiOx_Au_scan_20V.csv
-1.139500022,0.002763072,NiOx,Au,..\raw_csv\type3_breakdown_Au\NiOx_Au_scan_20V.csv
-1.159500003,0.002909143,NiOx,Au,..\raw_csv\type3_breakdown_Au\NiOx_Au_scan_20V.csv
-1.179499984,0.003070006,NiOx,Au,..\raw_csv\type3_breakdown_Au\NiOx_Au_scan_20V.csv
-1.199499965,0.003252029,NiOx,Au,..\raw_csv\type3_breakdown_Au\NiOx_Au_scan_20V.csv
-1.219499946,0.00346119,NiOx,Au,..\raw_csv\type3_breakdown_Au\NiOx_Au_scan_20V.csv
-1.239500046,0.003676967,NiOx,Au,..\raw_csv\type3_breakdown_Au\NiOx_Au_scan_20V.csv
-1.259500027,0.003906968,NiOx,Au,..\raw_csv\type3_breakdown_Au\NiOx_Au_scan_20V.csv
-1.279500008,0.004151785,NiOx,Au,..\raw_csv\type3_breakdown_Au\NiOx_Au_scan_20V.csv
-1.299499989,0.00439595,NiOx,Au,..\raw_csv\type3_breakdown_Au\NiOx_Au_scan_20V.csv
-1.319499969,0.004670678,NiOx,Au,..\raw_csv\type3_breakdown_Au\NiOx_Au_scan_20V.csv
-1.33949995,0.004964661,NiOx,Au,..\raw_csv\type3_breakdown_Au\NiOx_Au_scan_20V.csv
-1.359500051,0.005289243,NiOx,Au,..\raw_csv\type3_breakdown_Au\NiOx_Au_scan_20V.csv
-1.379500031,0.005627672,NiOx,Au,..\raw_csv\type3_breakdown_Au\NiOx_Au_scan_20V.csv
-1.399500012,0.005983118,NiOx,Au,..\raw_csv\type3_breakdown_Au\NiOx_Au_scan_20V.csv
-1.419499993,0.006358532,NiOx,Au,..\raw_csv\type3_breakdown_Au\NiOx_Au_scan_20V.csv
-1.439499974,0.006751359,NiOx,Au,..\raw_csv\type3_breakdown_Au\NiOx_Au_scan_20V.csv
-1.459499955,0.007171279,NiOx,Au,..\raw_csv\type3_breakdown_Au\NiOx_Au_scan_20V.csv
-1.479500055,0.007618103,NiOx,Au,..\raw_csv\type3_breakdown_Au\NiOx_Au_scan_20V.csv
-1.499500036,0.008058179,NiOx,Au,..\raw_csv\type3_breakdown_Au\NiOx_Au_scan_20V.csv
-1.519500017,0.008541927,NiOx,Au,..\raw_csv\type3_breakdown_Au\NiOx_Au_scan_20V.csv
-1.539499998,0.00904858,NiOx,Au,..\raw_csv\type3_breakdown_Au\NiOx_Au_scan_20V.csv
-1.559499979,0.009586545,NiOx,Au,..\raw_csv\type3_breakdown_Au\NiOx_Au_scan_20V.csv
-1.57949996,0.010139943,NiOx,Au,..\raw_csv\type3_breakdown_Au\NiOx_Au_scan_20V.csv
-1.599499941,0.010719364,NiOx,Au,..\raw_csv\type3_breakdown_Au\NiOx_Au_scan_20V.csv
-1.619500041,0.011326156,NiOx,Au,..\raw_csv\type3_breakdown_Au\NiOx_Au_scan_20V.csv
-1.639500022,0.01195154,NiOx,Au,..\raw_csv\type3_breakdown_Au\NiOx_Au_scan_20V.csv
-1.659500003,0.012589529,NiOx,Au,..\raw_csv\type3_breakdown_Au\NiOx_Au_scan_20V.csv
-1.679499984,0.013246741,NiOx,Au,..\raw_csv\type3_breakdown_Au\NiOx_Au_scan_20V.csv
-1.699499965,0.013900334,NiOx,Au,..\raw_csv\type3_breakdown_Au\NiOx_Au_scan_20V.csv
-1.719499946,0.014613058,NiOx,Au,..\raw_csv\type3_breakdown_Au\NiOx_Au_scan_20V.csv
-1.739500046,0.015353865,NiOx,Au,..\raw_csv\type3_breakdown_Au\NiOx_Au_scan_20V.csv
-1.759500027,0.016093502,NiOx,Au,..\raw_csv\type3_breakdown_Au\NiOx_Au_scan_20V.csv
-1.779500008,0.01674432,NiOx,Au,..\raw_csv\type3_breakdown_Au\NiOx_Au_scan_20V.csv
-1.799499989,0.017493496,NiOx,Au,..\raw_csv\type3_breakdown_Au\NiOx_Au_scan_20V.csv
-1.819499969,0.018290935,NiOx,Au,..\raw_csv\type3_breakdown_Au\NiOx_Au_scan_20V.csv
-1.83949995,0.019109693,NiOx,Au,..\raw_csv\type3_breakdown_Au\NiOx_Au_scan_20V.csv
-1.859500051,0.019924511,NiOx,Au,..\raw_csv\type3_breakdown_Au\NiOx_Au_scan_20V.csv
-1.879500031,0.020769312,NiOx,Au,..\raw_csv\type3_breakdown_Au\NiOx_Au_scan_20V.csv
-1.899500012,0.021586091,NiOx,Au,..\raw_csv\type3_breakdown_Au\NiOx_Au_scan_20V.csv
-1.919499993,0.022459628,NiOx,Au,..\raw_csv\type3_breakdown_Au\NiOx_Au_scan_20V.csv
-1.939499974,0.023296401,NiOx,Au,..\raw_csv\type3_breakdown_Au\NiOx_Au_scan_20V.csv
-1.959499955,0.024188793,NiOx,Au,..\raw_csv\type3_breakdown_Au\NiOx_Au_scan_20V.csv
-1.979500055,0.025039244,NiOx,Au,..\raw_csv\type3_breakdown_Au\NiOx_Au_scan_20V.csv
-1.999500036,0.02593396,NiOx,Au,..\raw_csv\type3_breakdown_Au\NiOx_Au_scan_20V.csv
-2.019500017,0.026788394,NiOx,Au,..\raw_csv\type3_breakdown_Au\NiOx_Au_scan_20V.csv
-2.039499998,0.02767559,NiOx,Au,..\raw_csv\type3_breakdown_Au\NiOx_Au_scan_20V.csv
-2.059499979,0.028576438,NiOx,Au,..\raw_csv\type3_breakdown_Au\NiOx_Au_scan_20V.csv
-2.07949996,0.029475119,NiOx,Au,..\raw_csv\type3_breakdown_Au\NiOx_Au_scan_20V.csv
-2.099499941,0.030397785,NiOx,Au,..\raw_csv\type3_breakdown_Au\NiOx_Au_scan_20V.csv
-2.119499922,0.031266115,NiOx,Au,..\raw_csv\type3_breakdown_Au\NiOx_Au_scan_20V.csv
-2.139499903,0.032166305,NiOx,Au,..\raw_csv\type3_breakdown_Au\NiOx_Au_scan_20V.csv
-2.159499884,0.033137339,NiOx,Au,..\raw_csv\type3_breakdown_Au\NiOx_Au_scan_20V.csv
-2.179500103,0.034085182,NiOx,Au,..\raw_csv\type3_breakdown_Au\NiOx_Au_scan_20V.csv
-2.199500084,0.035020881,NiOx,Au,..\raw_csv\type3_breakdown_Au\NiOx_Au_scan_20V.csv
-2.219500065,0.036010762,NiOx,Au,..\raw_csv\type3_breakdown_Au\NiOx_Au_scan_20V.csv
-2.239500046,0.036952716,NiOx,Au,..\raw_csv\type3_breakdown_Au\NiOx_Au_scan_20V.csv
-2.259500027,0.037925147,NiOx,Au,..\raw_csv\type3_breakdown_Au\NiOx_Au_scan_20V.csv
-2.279500008,0.038925604,NiOx,Au,..\raw_csv\type3_breakdown_Au\NiOx_Au_scan_20V.csv
-2.299499989,0.039954364,NiOx,Au,..\raw_csv\type3_breakdown_Au\NiOx_Au_scan_20V.csv
-2.319499969,0.040964352,NiOx,Au,..\raw_csv\type3_breakdown_Au\NiOx_Au_scan_20V.csv
-2.33949995,0.042025396,NiOx,Au,..\raw_csv\type3_breakdown_Au\NiOx_Au_scan_20V.csv
-2.359499931,0.043207351,NiOx,Au,..\raw_csv\type3_breakdown_Au\NiOx_Au_scan_20V.csv
-2.379499912,0.044347896,NiOx,Au,..\raw_csv\type3_breakdown_Au\NiOx_Au_scan_20V.csv
-2.399499893,0.045479123,NiOx,Au,..\raw_csv\type3_breakdown_Au\NiOx_Au_scan_20V.csv
-2.419500113,0.046638992,NiOx,Au,..\raw_csv\type3_breakdown_Au\NiOx_Au_scan_20V.csv
-2.439500093,0.047876724,NiOx,Au,..\raw_csv\type3_breakdown_Au\NiOx_Au_scan_20V.csv
-2.459500074,0.049068478,NiOx,Au,..\raw_csv\type3_breakdown_Au\NiOx_Au_scan_20V.csv
-2.479500055,0.050366111,NiOx,Au,..\raw_csv\type3_breakdown_Au\NiOx_Au_scan_20V.csv
-2.499500036,0.05174709,NiOx,Au,..\raw_csv\type3_breakdown_Au\NiOx_Au_scan_20V.csv
-2.519500017,0.053164175,NiOx,Au,..\raw_csv\type3_breakdown_Au\NiOx_Au_scan_20V.csv
-2.539499998,0.054842259,NiOx,Au,..\raw_csv\type3_breakdown_Au\NiOx_Au_scan_20V.csv
-2.559499979,0.056281197,NiOx,Au,..\raw_csv\type3_breakdown_Au\NiOx_Au_scan_20V.csv
-2.57949996,0.057955816,NiOx,Au,..\raw_csv\type3_breakdown_Au\NiOx_Au_scan_20V.csv
-2.599499941,0.059511515,NiOx,Au,..\raw_csv\type3_breakdown_Au\NiOx_Au_scan_20V.csv
-2.619499922,0.061254563,NiOx,Au,..\raw_csv\type3_breakdown_Au\NiOx_Au_scan_20V.csv
-2.639499903,0.062957918,NiOx,Au,..\raw_csv\type3_breakdown_Au\NiOx_Au_scan_20V.csv
-2.659499884,0.065136806,NiOx,Au,..\raw_csv\type3_breakdown_Au\NiOx_Au_scan_20V.csv
-2.679500103,0.067521853,NiOx,Au,..\raw_csv\type3_breakdown_Au\NiOx_Au_scan_20V.csv
-2.699500084,0.069783662,NiOx,Au,..\raw_csv\type3_breakdown_Au\NiOx_Au_scan_20V.csv
-2.719500065,0.072994261,NiOx,Au,..\raw_csv\type3_breakdown_Au\NiOx_Au_scan_20V.csv
-2.739500046,0.075434163,NiOx,Au,..\raw_csv\type3_breakdown_Au\NiOx_Au_scan_20V.csv
-2.759500027,0.078387219,NiOx,Au,..\raw_csv\type3_breakdown_Au\NiOx_Au_scan_20V.csv
-2.779500008,0.08087873,NiOx,Au,..\raw_csv\type3_breakdown_Au\NiOx_Au_scan_20V.csv
-2.799499989,0.084317909,NiOx,Au,..\raw_csv\type3_breakdown_Au\NiOx_Au_scan_20V.csv
-2.819499969,0.087715629,NiOx,Au,..\raw_csv\type3_breakdown_Au\NiOx_Au_scan_20V.csv
-2.83949995,0.090403686,NiOx,Au,..\raw_csv\type3_breakdown_Au\NiOx_Au_scan_20V.csv
-2.859499931,0.09372573,NiOx,Au,..\raw_csv\type3_breakdown_Au\NiOx_Au_scan_20V.csv
-2.879499912,0.098050329,NiOx,Au,..\raw_csv\type3_breakdown_Au\NiOx_Au_scan_20V.csv
-2.899499893,0.101819636,NiOx,Au,..\raw_csv\type3_breakdown_Au\NiOx_Au_scan_20V.csv
-2.919500113,0.106458473,NiOx,Au,..\raw_csv\type3_breakdown_Au\NiOx_Au_scan_20V.csv
-2.939500093,0.111540959,NiOx,Au,..\raw_csv\type3_breakdown_Au\NiOx_Au_scan_20V.csv
-2.959500074,0.119769139,NiOx,Au,..\raw_csv\type3_breakdown_Au\NiOx_Au_scan_20V.csv
-2.979500055,0.120393512,NiOx,Au,..\raw_csv\type3_breakdown_Au\NiOx_Au_scan_20V.csv
-2.999500036,0.125897609,NiOx,Au,..\raw_csv\type3_breakdown_Au\NiOx_Au_scan_20V.csv
-3.019500017,0.129169149,NiOx,Au,..\raw_csv\type3_breakdown_Au\NiOx_Au_scan_20V.csv
-3.039499998,0.135974871,NiOx,Au,..\raw_csv\type3_breakdown_Au\NiOx_Au_scan_20V.csv
-3.059499979,0.141320033,NiOx,Au,..\raw_csv\type3_breakdown_Au\NiOx_Au_scan_20V.csv
-3.07949996,0.147355757,NiOx,Au,..\raw_csv\type3_breakdown_Au\NiOx_Au_scan_20V.csv
-3.099499941,0.152609835,NiOx,Au,..\raw_csv\type3_breakdown_Au\NiOx_Au_scan_20V.csv
-3.119499922,0.157828345,NiOx,Au,..\raw_csv\type3_breakdown_Au\NiOx_Au_scan_20V.csv
-3.139499903,0.166279996,NiOx,Au,..\raw_csv\type3_breakdown_Au\NiOx_Au_scan_20V.csv
-3.159499884,0.175025838,NiOx,Au,..\raw_csv\type3_breakdown_Au\NiOx_Au_scan_20V.csv
-3.179500103,0.182391397,NiOx,Au,..\raw_csv\type3_breakdown_Au\NiOx_Au_scan_20V.csv
-3.199500084,0.186775374,NiOx,Au,..\raw_csv\type3_breakdown_Au\NiOx_Au_scan_20V.csv
-3.219500065,0.201860094,NiOx,Au,..\raw_csv\type3_breakdown_Au\NiOx_Au_scan_20V.csv
-3.239500046,0.203098422,NiOx,Au,..\raw_csv\type3_breakdown_Au\NiOx_Au_scan_20V.csv
-3.259500027,0.210916258,NiOx,Au,..\raw_csv\type3_breakdown_Au\NiOx_Au_scan_20V.csv
-3.279500008,0.227537753,NiOx,Au,..\raw_csv\type3_breakdown_Au\NiOx_Au_scan_20V.csv
-3.299499989,0.234072448,NiOx,Au,..\raw_csv\type3_breakdown_Au\NiOx_Au_scan_20V.csv
-3.319499969,0.239766265,NiOx,Au,..\raw_csv\type3_breakdown_Au\NiOx_Au_scan_20V.csv
-3.33949995,0.251984345,NiOx,Au,..\raw_csv\type3_breakdown_Au\NiOx_Au_scan_20V.csv
-3.359499931,0.268398417,NiOx,Au,..\raw_csv\type3_breakdown_Au\NiOx_Au_scan_20V.csv
-3.379499912,0.276284457,NiOx,Au,..\raw_csv\type3_breakdown_Au\NiOx_Au_scan_20V.csv
-3.399499893,0.286013913,NiOx,Au,..\raw_csv\type3_breakdown_Au\NiOx_Au_scan_20V.csv
-3.419500113,0.293504017,NiOx,Au,..\raw_csv\type3_breakdown_Au\NiOx_Au_scan_20V.csv
-3.439500093,0.30990925,NiOx,Au,..\raw_csv\type3_breakdown_Au\NiOx_Au_scan_20V.csv
-3.459500074,0.330133272,NiOx,Au,..\raw_csv\type3_breakdown_Au\NiOx_Au_scan_20V.csv
-3.479500055,0.346774128,NiOx,Au,..\raw_csv\type3_breakdown_Au\NiOx_Au_scan_20V.csv
-3.499500036,0.370218332,NiOx,Au,..\raw_csv\type3_breakdown_Au\NiOx_Au_scan_20V.csv
-3.519500017,0.38723558,NiOx,Au,..\raw_csv\type3_breakdown_Au\NiOx_Au_scan_20V.csv
-3.539499998,0.408793314,NiOx,Au,..\raw_csv\type3_breakdown_Au\NiOx_Au_scan_20V.csv
-3.559499979,0.435158726,NiOx,Au,..\raw_csv\type3_breakdown_Au\NiOx_Au_scan_20V.csv
-3.57949996,0.470351924,NiOx,Au,..\raw_csv\type3_breakdown_Au\NiOx_Au_scan_20V.csv
-3.599499941,0.506642008,NiOx,Au,..\raw_csv\type3_breakdown_Au\NiOx_Au_scan_20V.csv
-3.619499922,0.537701389,NiOx,Au,..\raw_csv\type3_breakdown_Au\NiOx_Au_scan_20V.csv
-3.639499903,0.540488234,NiOx,Au,..\raw_csv\type3_breakdown_Au\NiOx_Au_scan_20V.csv
-3.659499884,0.575922469,NiOx,Au,..\raw_csv\type3_breakdown_Au\NiOx_Au_scan_20V.csv
-3.679500103,0.615922473,NiOx,Au,..\raw_csv\type3_breakdown_Au\NiOx_Au_scan_20V.csv
-3.699500084,0.65196235,NiOx,Au,..\raw_csv\type3_breakdown_Au\NiOx_Au_scan_20V.csv
-3.719500065,0.700962748,NiOx,Au,..\raw_csv\type3_breakdown_Au\NiOx_Au_scan_20V.csv
-3.739500046,0.745697912,NiOx,Au,..\raw_csv\type3_breakdown_Au\NiOx_Au_scan_20V.csv
-3.759500027,0.800179038,NiOx,Au,..\raw_csv\type3_breakdown_Au\NiOx_Au_scan_20V.csv
-3.779500008,0.854801231,NiOx,Au,..\raw_csv\type3_breakdown_Au\NiOx_Au_scan_20V.csv
-3.799499989,0.926211844,NiOx,Au,..\raw_csv\type3_breakdown_Au\NiOx_Au_scan_20V.csv
-3.819499969,0.976221786,NiOx,Au,..\raw_csv\type3_breakdown_Au\NiOx_Au_scan_20V.csv
-3.83949995,1.047355734,NiOx,Au,..\raw_csv\type3_breakdown_Au\NiOx_Au_scan_20V.csv
-3.859499931,1.117973576,NiOx,Au,..\raw_csv\type3_breakdown_Au\NiOx_Au_scan_20V.csv
-3.879499912,1.197250686,NiOx,Au,..\raw_csv\type3_breakdown_Au\NiOx_Au_scan_20V.csv
-3.899499893,1.289301008,NiOx,Au,..\raw_csv\type3_breakdown_Au\NiOx_Au_scan_20V.csv
-3.919500113,1.372913465,NiOx,Au,..\raw_csv\type3_breakdown_Au\NiOx_Au_scan_20V.csv
-3.939500093,1.484044651,NiOx,Au,..\raw_csv\type3_breakdown_Au\NiOx_Au_scan_20V.csv
-3.959500074,1.586362153,NiOx,Au,..\raw_csv\type3_breakdown_Au\NiOx_Au_scan_20V.csv
-3.979500055,1.78338345,NiOx,Au,..\raw_csv\type3_breakdown_Au\NiOx_Au_scan_20V.csv
-3.999500036,1.921862233,NiOx,Au,..\raw_csv\type3_breakdown_Au\NiOx_Au_scan_20V.csv
-4.019499779,2.0794944,NiOx,Au,..\raw_csv\type3_breakdown_Au\NiOx_Au_scan_20V.csv
-4.039500237,2.248952831,NiOx,Au,..\raw_csv\type3_breakdown_Au\NiOx_Au_scan_20V.csv
-4.059500217,2.424234618,NiOx,Au,..\raw_csv\type3_breakdown_Au\NiOx_Au_scan_20V.csv
-4.079500198,2.612799169,NiOx,Au,..\raw_csv\type3_breakdown_Au\NiOx_Au_scan_20V.csv
-4.099500179,2.819114721,NiOx,Au,..\raw_csv\type3_breakdown_Au\NiOx_Au_scan_20V.csv
-4.11950016,3.050702498,NiOx,Au,..\raw_csv\type3_breakdown_Au\NiOx_Au_scan_20V.csv
-4.139500141,3.315853644,NiOx,Au,..\raw_csv\type3_breakdown_Au\NiOx_Au_scan_20V.csv
-4.159500122,3.580231983,NiOx,Au,..\raw_csv\type3_breakdown_Au\NiOx_Au_scan_20V.csv
-4.179500103,3.884018454,NiOx,Au,..\raw_csv\type3_breakdown_Au\NiOx_Au_scan_20V.csv
-4.199500084,4.221647543,NiOx,Au,..\raw_csv\type3_breakdown_Au\NiOx_Au_scan_20V.csv
-4.219500065,4.592469112,NiOx,Au,..\raw_csv\type3_breakdown_Au\NiOx_Au_scan_20V.csv
-4.239500046,4.98054596,NiOx,Au,..\raw_csv\type3_breakdown_Au\NiOx_Au_scan_20V.csv
-4.259500027,5.413934871,NiOx,Au,..\raw_csv\type3_breakdown_Au\NiOx_Au_scan_20V.csv
-4.279500008,5.905490475,NiOx,Au,..\raw_csv\type3_breakdown_Au\NiOx_Au_scan_20V.csv
-4.299499989,6.440349759,NiOx,Au,..\raw_csv\type3_breakdown_Au\NiOx_Au_scan_20V.csv
-4.319499969,7.015326242,NiOx,Au,..\raw_csv\type3_breakdown_Au\NiOx_Au_scan_20V.csv
-4.33949995,7.678059311,NiOx,Au,..\raw_csv\type3_breakdown_Au\NiOx_Au_scan_20V.csv
-4.359499931,8.385417985,NiOx,Au,..\raw_csv\type3_breakdown_Au\NiOx_Au_scan_20V.csv
-4.379499912,9.16644857,NiOx,Au,..\raw_csv\type3_breakdown_Au\NiOx_Au_scan_20V.csv
-4.399499893,10.02396136,NiOx,Au,..\raw_csv\type3_breakdown_Au\NiOx_Au_scan_20V.csv
-4.419499874,10.94986605,NiOx,Au,..\raw_csv\type3_breakdown_Au\NiOx_Au_scan_20V.csv
-4.439499855,11.95448407,NiOx,Au,..\raw_csv\type3_breakdown_Au\NiOx_Au_scan_20V.csv
-4.459499836,13.07726442,NiOx,Au,..\raw_csv\type3_breakdown_Au\NiOx_Au_scan_20V.csv
-4.479499817,14.31955405,NiOx,Au,..\raw_csv\type3_breakdown_Au\NiOx_Au_scan_20V.csv
-4.499499798,15.68099891,NiOx,Au,..\raw_csv\type3_breakdown_Au\NiOx_Au_scan_20V.csv
-4.519499779,18.31373017,NiOx,Au,..\raw_csv\type3_breakdown_Au\NiOx_Au_scan_20V.csv
-4.539500237,20.058527,NiOx,Au,..\raw_csv\type3_breakdown_Au\NiOx_Au_scan_20V.csv
-4.559500217,21.93667293,NiOx,Au,..\raw_csv\type3_breakdown_Au\NiOx_Au_scan_20V.csv
-4.579500198,23.92885091,NiOx,Au,..\raw_csv\type3_breakdown_Au\NiOx_Au_scan_20V.csv
-4.599500179,26.14340118,NiOx,Au,..\raw_csv\type3_breakdown_Au\NiOx_Au_scan_20V.csv
-4.61950016,28.5202771,NiOx,Au,..\raw_csv\type3_breakdown_Au\NiOx_Au_scan_20V.csv
-4.639500141,31.10110302,NiOx,Au,..\raw_csv\type3_breakdown_Au\NiOx_Au_scan_20V.csv
-4.659500122,33.92389922,NiOx,Au,..\raw_csv\type3_breakdown_Au\NiOx_Au_scan_20V.csv
-4.679500103,36.91956955,NiOx,Au,..\raw_csv\type3_breakdown_Au\NiOx_Au_scan_20V.csv
-4.699500084,40.15628847,NiOx,Au,..\raw_csv\type3_breakdown_Au\NiOx_Au_scan_20V.csv
-4.719500065,43.6407907,NiOx,Au,..\raw_csv\type3_breakdown_Au\NiOx_Au_scan_20V.csv
-4.739500046,47.41354988,NiOx,Au,..\raw_csv\type3_breakdown_Au\NiOx_Au_scan_20V.csv
-4.759500027,51.44756563,NiOx,Au,..\raw_csv\type3_breakdown_Au\NiOx_Au_scan_20V.csv
-4.779500008,55.76922645,NiOx,Au,..\raw_csv\type3_breakdown_Au\NiOx_Au_scan_20V.csv
-4.799499989,60.32944209,NiOx,Au,..\raw_csv\type3_breakdown_Au\NiOx_Au_scan_20V.csv
-4.819499969,65.24300659,NiOx,Au,..\raw_csv\type3_breakdown_Au\NiOx_Au_scan_20V.csv
-4.83949995,70.51694328,NiOx,Au,..\raw_csv\type3_breakdown_Au\NiOx_Au_scan_20V.csv
-4.859499931,76.09682804,NiOx,Au,..\raw_csv\type3_breakdown_Au\NiOx_Au_scan_20V.csv
-4.879499912,82.02197616,NiOx,Au,..\raw_csv\type3_breakdown_Au\NiOx_Au_scan_20V.csv
-4.899499893,88.28205083,NiOx,Au,..\raw_csv\type3_breakdown_Au\NiOx_Au_scan_20V.csv
-4.919499874,94.91661363,NiOx,Au,..\raw_csv\type3_breakdown_Au\NiOx_Au_scan_20V.csv
-4.939499855,101.9215699,NiOx,Au,..\raw_csv\type3_breakdown_Au\NiOx_Au_scan_20V.csv
-4.959499836,109.3208643,NiOx,Au,..\raw_csv\type3_breakdown_Au\NiOx_Au_scan_20V.csv
-4.979499817,117.0662534,NiOx,Au,..\raw_csv\type3_breakdown_Au\NiOx_Au_scan_20V.csv
-4.999499798,125.3257198,NiOx,Au,..\raw_csv\type3_breakdown_Au\NiOx_Au_scan_20V.csv
-5.019499779,133.897592,NiOx,Au,..\raw_csv\type3_breakdown_Au\NiOx_Au_scan_20V.csv
-5.039500237,142.8838141,NiOx,Au,..\raw_csv\type3_breakdown_Au\NiOx_Au_scan_20V.csv
-5.059500217,152.3075996,NiOx,Au,..\raw_csv\type3_breakdown_Au\NiOx_Au_scan_20V.csv
-5.079500198,162.0892405,NiOx,Au,..\raw_csv\type3_breakdown_Au\NiOx_Au_scan_20V.csv
-5.099500179,178.6380524,NiOx,Au,..\raw_csv\type3_breakdown_Au\NiOx_Au_scan_20V.csv
-5.11950016,190.4052386,NiOx,Au,..\raw_csv\type3_breakdown_Au\NiOx_Au_scan_20V.csv
-5.139500141,201.6581086,NiOx,Au,..\raw_csv\type3_breakdown_Au\NiOx_Au_scan_20V.csv
-5.159500122,213.2735907,NiOx,Au,..\raw_csv\type3_breakdown_Au\NiOx_Au_scan_20V.csv
-5.179500103,225.286228,NiOx,Au,..\raw_csv\type3_breakdown_Au\NiOx_Au_scan_20V.csv
-5.199500084,237.5755193,NiOx,Au,..\raw_csv\type3_breakdown_Au\NiOx_Au_scan_20V.csv
-5.219500065,250.2820699,NiOx,Au,..\raw_csv\type3_breakdown_Au\NiOx_Au_scan_20V.csv
-5.239500046,263.430448,NiOx,Au,..\raw_csv\type3_breakdown_Au\NiOx_Au_scan_20V.csv
-5.259500027,276.8864675,NiOx,Au,..\raw_csv\type3_breakdown_Au\NiOx_Au_scan_20V.csv
-5.279500008,290.7515876,NiOx,Au,..\raw_csv\type3_breakdown_Au\NiOx_Au_scan_20V.csv
-5.299499989,304.9791658,NiOx,Au,..\raw_csv\type3_breakdown_Au\NiOx_Au_scan_20V.csv
-5.319499969,319.4959284,NiOx,Au,..\raw_csv\type3_breakdown_Au\NiOx_Au_scan_20V.csv
-5.33949995,334.5710482,NiOx,Au,..\raw_csv\type3_breakdown_Au\NiOx_Au_scan_20V.csv
-5.359499931,350.1552039,NiOx,Au,..\raw_csv\type3_breakdown_Au\NiOx_Au_scan_20V.csv
-5.379499912,366.1553875,NiOx,Au,..\raw_csv\type3_breakdown_Au\NiOx_Au_scan_20V.csv
-5.399499893,382.6249223,NiOx,Au,..\raw_csv\type3_breakdown_Au\NiOx_Au_scan_20V.csv
-5.419499874,399.7536733,NiOx,Au,..\raw_csv\type3_breakdown_Au\NiOx_Au_scan_20V.csv
-5.439499855,417.411318,NiOx,Au,..\raw_csv\type3_breakdown_Au\NiOx_Au_scan_20V.csv
-5.459499836,435.7190659,NiOx,Au,..\raw_csv\type3_breakdown_Au\NiOx_Au_scan_20V.csv
-5.479499817,454.6945886,NiOx,Au,..\raw_csv\type3_breakdown_Au\NiOx_Au_scan_20V.csv
-5.499499798,474.4715337,NiOx,Au,..\raw_csv\type3_breakdown_Au\NiOx_Au_scan_20V.csv
-5.519499779,494.7362717,NiOx,Au,..\raw_csv\type3_breakdown_Au\NiOx_Au_scan_20V.csv
-5.539500237,516.1240968,NiOx,Au,..\raw_csv\type3_breakdown_Au\NiOx_Au_scan_20V.csv
-5.559500217,538.371132,NiOx,Au,..\raw_csv\type3_breakdown_Au\NiOx_Au_scan_20V.csv
-5.579500198,561.5071791,NiOx,Au,..\raw_csv\type3_breakdown_Au\NiOx_Au_scan_20V.csv
-5.599500179,585.6445499,NiOx,Au,..\raw_csv\type3_breakdown_Au\NiOx_Au_scan_20V.csv
-5.61950016,610.7796117,NiOx,Au,..\raw_csv\type3_breakdown_Au\NiOx_Au_scan_20V.csv
-5.639500141,636.858302,NiOx,Au,..\raw_csv\type3_breakdown_Au\NiOx_Au_scan_20V.csv
-5.659500122,664.1084462,NiOx,Au,..\raw_csv\type3_breakdown_Au\NiOx_Au_scan_20V.csv
-5.679500103,692.3270951,NiOx,Au,..\raw_csv\type3_breakdown_Au\NiOx_Au_scan_20V.csv
-5.699500084,721.5463904,NiOx,Au,..\raw_csv\type3_breakdown_Au\NiOx_Au_scan_20V.csv
-5.719500065,751.8105427,NiOx,Au,..\raw_csv\type3_breakdown_Au\NiOx_Au_scan_20V.csv
-5.739500046,782.9994816,NiOx,Au,..\raw_csv\type3_breakdown_Au\NiOx_Au_scan_20V.csv
-5.759500027,815.4383205,NiOx,Au,..\raw_csv\type3_breakdown_Au\NiOx_Au_scan_20V.csv
-5.779500008,848.7771315,NiOx,Au,..\raw_csv\type3_breakdown_Au\NiOx_Au_scan_20V.csv
-5.799499989,883.0848166,NiOx,Au,..\raw_csv\type3_breakdown_Au\NiOx_Au_scan_20V.csv
-5.819499969,918.3272019,NiOx,Au,..\raw_csv\type3_breakdown_Au\NiOx_Au_scan_20V.csv
-5.83949995,954.4420973,NiOx,Au,..\raw_csv\type3_breakdown_Au\NiOx_Au_scan_20V.csv
-5.859499931,991.4570264,NiOx,Au,..\raw_csv\type3_breakdown_Au\NiOx_Au_scan_20V.csv
-5.879499912,1029.528512,NiOx,Au,..\raw_csv\type3_breakdown_Au\NiOx_Au_scan_20V.csv
-5.899499893,1068.549413,NiOx,Au,..\raw_csv\type3_breakdown_Au\NiOx_Au_scan_20V.csv
-5.919499874,1108.349293,NiOx,Au,..\raw_csv\type3_breakdown_Au\NiOx_Au_scan_20V.csv
-5.939499855,1149.318226,NiOx,Au,..\raw_csv\type3_breakdown_Au\NiOx_Au_scan_20V.csv
-5.959499836,1191.399932,NiOx,Au,..\raw_csv\type3_breakdown_Au\NiOx_Au_scan_20V.csv
-5.979499817,1234.632465,NiOx,Au,..\raw_csv\type3_breakdown_Au\NiOx_Au_scan_20V.csv
-5.999499798,1278.889228,NiOx,Au,..\raw_csv\type3_breakdown_Au\NiOx_Au_scan_20V.csv
-6.019499779,1324.531292,NiOx,Au,..\raw_csv\type3_breakdown_Au\NiOx_Au_scan_20V.csv
-6.039500237,1371.450903,NiOx,Au,..\raw_csv\type3_breakdown_Au\NiOx_Au_scan_20V.csv
-6.059500217,1419.724044,NiOx,Au,..\raw_csv\type3_breakdown_Au\NiOx_Au_scan_20V.csv
-6.079500198,1469.340493,NiOx,Au,..\raw_csv\type3_breakdown_Au\NiOx_Au_scan_20V.csv
-6.099500179,1520.16922,NiOx,Au,..\raw_csv\type3_breakdown_Au\NiOx_Au_scan_20V.csv
-6.11950016,1572.101854,NiOx,Au,..\raw_csv\type3_breakdown_Au\NiOx_Au_scan_20V.csv
-6.139500141,1625.293808,NiOx,Au,..\raw_csv\type3_breakdown_Au\NiOx_Au_scan_20V.csv
-6.159500122,1652.960688,NiOx,Au,..\raw_csv\type3_breakdown_Au\NiOx_Au_scan_20V.csv
-6.179500103,1652.959826,NiOx,Au,..\raw_csv\type3_breakdown_Au\NiOx_Au_scan_20V.csv
-6.199500084,1652.960196,NiOx,Au,..\raw_csv\type3_breakdown_Au\NiOx_Au_scan_20V.csv
-6.219500065,1652.958472,NiOx,Au,..\raw_csv\type3_breakdown_Au\NiOx_Au_scan_20V.csv
-6.239500046,1652.959826,NiOx,Au,..\raw_csv\type3_breakdown_Au\NiOx_Au_scan_20V.csv
-6.259500027,1652.958102,NiOx,Au,..\raw_csv\type3_breakdown_Au\NiOx_Au_scan_20V.csv
-6.279500008,1652.958718,NiOx,Au,..\raw_csv\type3_breakdown_Au\NiOx_Au_scan_20V.csv
-6.299499989,1652.95995,NiOx,Au,..\raw_csv\type3_breakdown_Au\NiOx_Au_scan_20V.csv
-6.319499969,1652.959088,NiOx,Au,..\raw_csv\type3_breakdown_Au\NiOx_Au_scan_20V.csv
-6.33949995,1652.959088,NiOx,Au,..\raw_csv\type3_breakdown_Au\NiOx_Au_scan_20V.csv
-6.359499931,1652.957363,NiOx,Au,..\raw_csv\type3_breakdown_Au\NiOx_Au_scan_20V.csv
-6.379499912,1652.95724,NiOx,Au,..\raw_csv\type3_breakdown_Au\NiOx_Au_scan_20V.csv
-6.399499893,1652.957487,NiOx,Au,..\raw_csv\type3_breakdown_Au\NiOx_Au_scan_20V.csv
-6.419499874,1652.957856,NiOx,Au,..\raw_csv\type3_breakdown_Au\NiOx_Au_scan_20V.csv
-6.439499855,1652.957117,NiOx,Au,..\raw_csv\type3_breakdown_Au\NiOx_Au_scan_20V.csv
-6.459499836,1652.957487,NiOx,Au,..\raw_csv\type3_breakdown_Au\NiOx_Au_scan_20V.csv
-6.479499817,1652.958349,NiOx,Au,..\raw_csv\type3_breakdown_Au\NiOx_Au_scan_20V.csv
-6.499499798,1652.95724,NiOx,Au,..\raw_csv\type3_breakdown_Au\NiOx_Au_scan_20V.csv
-6.519499779,1652.958226,NiOx,Au,..\raw_csv\type3_breakdown_Au\NiOx_Au_scan_20V.csv
-6.539500237,1652.958349,NiOx,Au,..\raw_csv\type3_breakdown_Au\NiOx_Au_scan_20V.csv
-6.559500217,1652.956625,NiOx,Au,..\raw_csv\type3_breakdown_Au\NiOx_Au_scan_20V.csv
-6.579500198,1652.958595,NiOx,Au,..\raw_csv\type3_breakdown_Au\NiOx_Au_scan_20V.csv
-6.599500179,1652.957733,NiOx,Au,..\raw_csv\type3_breakdown_Au\NiOx_Au_scan_20V.csv
-6.61950016,1652.956501,NiOx,Au,..\raw_csv\type3_breakdown_Au\NiOx_Au_scan_20V.csv
-6.639500141,1652.956994,NiOx,Au,..\raw_csv\type3_breakdown_Au\NiOx_Au_scan_20V.csv
-6.659500122,1652.957117,NiOx,Au,..\raw_csv\type3_breakdown_Au\NiOx_Au_scan_20V.csv
-6.679500103,1652.95761,NiOx,Au,..\raw_csv\type3_breakdown_Au\NiOx_Au_scan_20V.csv
-6.699500084,1652.956132,NiOx,Au,..\raw_csv\type3_breakdown_Au\NiOx_Au_scan_20V.csv
-6.719500065,1652.957487,NiOx,Au,..\raw_csv\type3_breakdown_Au\NiOx_Au_scan_20V.csv
-6.739500046,1652.95761,NiOx,Au,..\raw_csv\type3_breakdown_Au\NiOx_Au_scan_20V.csv
-6.759500027,1652.956994,NiOx,Au,..\raw_csv\type3_breakdown_Au\NiOx_Au_scan_20V.csv
-6.779500008,1652.956994,NiOx,Au,..\raw_csv\type3_breakdown_Au\NiOx_Au_scan_20V.csv
-6.799499989,1652.956009,NiOx,Au,..\raw_csv\type3_breakdown_Au\NiOx_Au_scan_20V.csv
-6.819499969,1652.956255,NiOx,Au,..\raw_csv\type3_breakdown_Au\NiOx_Au_scan_20V.csv
-6.83949995,1652.956255,NiOx,Au,..\raw_csv\type3_breakdown_Au\NiOx_Au_scan_20V.csv
-6.859499931,1652.956132,NiOx,Au,..\raw_csv\type3_breakdown_Au\NiOx_Au_scan_20V.csv
-6.879499912,1652.955516,NiOx,Au,..\raw_csv\type3_breakdown_Au\NiOx_Au_scan_20V.csv
-6.899499893,1652.95724,NiOx,Au,..\raw_csv\type3_breakdown_Au\NiOx_Au_scan_20V.csv
-6.919499874,1652.956255,NiOx,Au,..\raw_csv\type3_breakdown_Au\NiOx_Au_scan_20V.csv
-6.939499855,1652.956378,NiOx,Au,..\raw_csv\type3_breakdown_Au\NiOx_Au_scan_20V.csv
-6.959499836,1652.955393,NiOx,Au,..\raw_csv\type3_breakdown_Au\NiOx_Au_scan_20V.csv
-6.979499817,1652.955639,NiOx,Au,..\raw_csv\type3_breakdown_Au\NiOx_Au_scan_20V.csv
-6.999499798,1652.95527,NiOx,Au,..\raw_csv\type3_breakdown_Au\NiOx_Au_scan_20V.csv
-7.019499779,1652.956255,NiOx,Au,..\raw_csv\type3_breakdown_Au\NiOx_Au_scan_20V.csv
-7.039500237,1652.955763,NiOx,Au,..\raw_csv\type3_breakdown_Au\NiOx_Au_scan_20V.csv
-7.059500217,1652.956748,NiOx,Au,..\raw_csv\type3_breakdown_Au\NiOx_Au_scan_20V.csv
-7.079500198,1652.955147,NiOx,Au,..\raw_csv\type3_breakdown_Au\NiOx_Au_scan_20V.csv
-7.099500179,1652.956501,NiOx,Au,..\raw_csv\type3_breakdown_Au\NiOx_Au_scan_20V.csv
-7.11950016,1652.955639,NiOx,Au,..\raw_csv\type3_breakdown_Au\NiOx_Au_scan_20V.csv
-7.139500141,1652.955639,NiOx,Au,..\raw_csv\type3_breakdown_Au\NiOx_Au_scan_20V.csv
-7.159500122,1652.955639,NiOx,Au,..\raw_csv\type3_breakdown_Au\NiOx_Au_scan_20V.csv
-7.179500103,1652.956009,NiOx,Au,..\raw_csv\type3_breakdown_Au\NiOx_Au_scan_20V.csv
-7.199500084,1652.956501,NiOx,Au,..\raw_csv\type3_breakdown_Au\NiOx_Au_scan_20V.csv
-7.219500065,1652.955393,NiOx,Au,..\raw_csv\type3_breakdown_Au\NiOx_Au_scan_20V.csv
-7.239500046,1652.956994,NiOx,Au,..\raw_csv\type3_breakdown_Au\NiOx_Au_scan_20V.csv
-7.259500027,1652.956132,NiOx,Au,..\raw_csv\type3_breakdown_Au\NiOx_Au_scan_20V.csv
-7.279500008,1652.956625,NiOx,Au,..\raw_csv\type3_breakdown_Au\NiOx_Au_scan_20V.csv
-7.299499989,1652.954408,NiOx,Au,..\raw_csv\type3_breakdown_Au\NiOx_Au_scan_20V.csv
-7.319499969,1652.95527,NiOx,Au,..\raw_csv\type3_breakdown_Au\NiOx_Au_scan_20V.csv
-7.33949995,1652.956748,NiOx,Au,..\raw_csv\type3_breakdown_Au\NiOx_Au_scan_20V.csv
-7.359499931,1652.956009,NiOx,Au,..\raw_csv\type3_breakdown_Au\NiOx_Au_scan_20V.csv
-7.379499912,1652.956994,NiOx,Au,..\raw_csv\type3_breakdown_Au\NiOx_Au_scan_20V.csv
-7.399499893,1652.954038,NiOx,Au,..\raw_csv\type3_breakdown_Au\NiOx_Au_scan_20V.csv
-7.419499874,1652.955024,NiOx,Au,..\raw_csv\type3_breakdown_Au\NiOx_Au_scan_20V.csv
-7.439499855,1652.95527,NiOx,Au,..\raw_csv\type3_breakdown_Au\NiOx_Au_scan_20V.csv
-7.459499836,1652.955763,NiOx,Au,..\raw_csv\type3_breakdown_Au\NiOx_Au_scan_20V.csv
-7.479499817,1652.954408,NiOx,Au,..\raw_csv\type3_breakdown_Au\NiOx_Au_scan_20V.csv
-7.499499798,1652.957487,NiOx,Au,..\raw_csv\type3_breakdown_Au\NiOx_Au_scan_20V.csv
-7.519499779,1652.955024,NiOx,Au,..\raw_csv\type3_breakdown_Au\NiOx_Au_scan_20V.csv
-7.539500237,1652.954285,NiOx,Au,..\raw_csv\type3_breakdown_Au\NiOx_Au_scan_20V.csv
-7.559500217,1652.955639,NiOx,Au,..\raw_csv\type3_breakdown_Au\NiOx_Au_scan_20V.csv
-7.579500198,1652.955763,NiOx,Au,..\raw_csv\type3_breakdown_Au\NiOx_Au_scan_20V.csv
-7.599500179,1652.95527,NiOx,Au,..\raw_csv\type3_breakdown_Au\NiOx_Au_scan_20V.csv
-7.61950016,1652.955147,NiOx,Au,..\raw_csv\type3_breakdown_Au\NiOx_Au_scan_20V.csv
-7.639500141,1652.956255,NiOx,Au,..\raw_csv\type3_breakdown_Au\NiOx_Au_scan_20V.csv
-7.659500122,1652.956009,NiOx,Au,..\raw_csv\type3_breakdown_Au\NiOx_Au_scan_20V.csv
-7.679500103,1652.956132,NiOx,Au,..\raw_csv\type3_breakdown_Au\NiOx_Au_scan_20V.csv
-7.699500084,1652.955393,NiOx,Au,..\raw_csv\type3_breakdown_Au\NiOx_Au_scan_20V.csv
-7.719500065,1652.955393,NiOx,Au,..\raw_csv\type3_breakdown_Au\NiOx_Au_scan_20V.csv
-7.739500046,1652.955024,NiOx,Au,..\raw_csv\type3_breakdown_Au\NiOx_Au_scan_20V.csv
-7.759500027,1652.954408,NiOx,Au,..\raw_csv\type3_breakdown_Au\NiOx_Au_scan_20V.csv
-7.779500008,1652.9549,NiOx,Au,..\raw_csv\type3_breakdown_Au\NiOx_Au_scan_20V.csv
-7.799499989,1652.955763,NiOx,Au,..\raw_csv\type3_breakdown_Au\NiOx_Au_scan_20V.csv
-7.819499969,1652.954531,NiOx,Au,..\raw_csv\type3_breakdown_Au\NiOx_Au_scan_20V.csv
-7.83949995,1652.954654,NiOx,Au,..\raw_csv\type3_breakdown_Au\NiOx_Au_scan_20V.csv
-7.859499931,1652.955516,NiOx,Au,..\raw_csv\type3_breakdown_Au\NiOx_Au_scan_20V.csv
-7.879499912,1652.955024,NiOx,Au,..\raw_csv\type3_breakdown_Au\NiOx_Au_scan_20V.csv
-7.899499893,1652.9549,NiOx,Au,..\raw_csv\type3_breakdown_Au\NiOx_Au_scan_20V.csv
-7.919499874,1652.956132,NiOx,Au,..\raw_csv\type3_breakdown_Au\NiOx_Au_scan_20V.csv
-7.939499855,1652.955639,NiOx,Au,..\raw_csv\type3_breakdown_Au\NiOx_Au_scan_20V.csv
-7.959499836,1652.956748,NiOx,Au,..\raw_csv\type3_breakdown_Au\NiOx_Au_scan_20V.csv
-7.979499817,1652.956625,NiOx,Au,..\raw_csv\type3_breakdown_Au\NiOx_Au_scan_20V.csv
-7.999499798,1652.955147,NiOx,Au,..\raw_csv\type3_breakdown_Au\NiOx_Au_scan_20V.csv
-8.019499779,1652.956748,NiOx,Au,..\raw_csv\type3_breakdown_Au\NiOx_Au_scan_20V.csv
-8.039500237,1652.955516,NiOx,Au,..\raw_csv\type3_breakdown_Au\NiOx_Au_scan_20V.csv
-8.059499741,1652.955147,NiOx,Au,..\raw_csv\type3_breakdown_Au\NiOx_Au_scan_20V.csv
-8.079500198,1652.955147,NiOx,Au,..\raw_csv\type3_breakdown_Au\NiOx_Au_scan_20V.csv
-8.099499702,1652.955639,NiOx,Au,..\raw_csv\type3_breakdown_Au\NiOx_Au_scan_20V.csv
-8.11950016,1652.956501,NiOx,Au,..\raw_csv\type3_breakdown_Au\NiOx_Au_scan_20V.csv
-8.139499664,1652.955024,NiOx,Au,..\raw_csv\type3_breakdown_Au\NiOx_Au_scan_20V.csv
-8.159500122,1652.957363,NiOx,Au,..\raw_csv\type3_breakdown_Au\NiOx_Au_scan_20V.csv
-8.179499626,1652.955147,NiOx,Au,..\raw_csv\type3_breakdown_Au\NiOx_Au_scan_20V.csv
-8.199500084,1652.956132,NiOx,Au,..\raw_csv\type3_breakdown_Au\NiOx_Au_scan_20V.csv
-8.219499588,1652.955147,NiOx,Au,..\raw_csv\type3_breakdown_Au\NiOx_Au_scan_20V.csv
-8.239500046,1652.955147,NiOx,Au,..\raw_csv\type3_breakdown_Au\NiOx_Au_scan_20V.csv
-8.25949955,1652.954654,NiOx,Au,..\raw_csv\type3_breakdown_Au\NiOx_Au_scan_20V.csv
-8.279500008,1652.954531,NiOx,Au,..\raw_csv\type3_breakdown_Au\NiOx_Au_scan_20V.csv
-8.299500465,1652.9549,NiOx,Au,..\raw_csv\type3_breakdown_Au\NiOx_Au_scan_20V.csv
-8.319499969,1652.954285,NiOx,Au,..\raw_csv\type3_breakdown_Au\NiOx_Au_scan_20V.csv
-8.339500427,1652.955393,NiOx,Au,..\raw_csv\type3_breakdown_Au\NiOx_Au_scan_20V.csv
-8.359499931,1652.955639,NiOx,Au,..\raw_csv\type3_breakdown_Au\NiOx_Au_scan_20V.csv
-8.379500389,1652.95527,NiOx,Au,..\raw_csv\type3_breakdown_Au\NiOx_Au_scan_20V.csv
-8.399499893,1652.9549,NiOx,Au,..\raw_csv\type3_breakdown_Au\NiOx_Au_scan_20V.csv
-8.419500351,1652.955393,NiOx,Au,..\raw_csv\type3_breakdown_Au\NiOx_Au_scan_20V.csv
-8.439499855,1652.953915,NiOx,Au,..\raw_csv\type3_breakdown_Au\NiOx_Au_scan_20V.csv
-8.459500313,1652.956625,NiOx,Au,..\raw_csv\type3_breakdown_Au\NiOx_Au_scan_20V.csv
-8.479499817,1652.956501,NiOx,Au,..\raw_csv\type3_breakdown_Au\NiOx_Au_scan_20V.csv
-8.499500275,1652.95527,NiOx,Au,..\raw_csv\type3_breakdown_Au\NiOx_Au_scan_20V.csv
-8.519499779,1652.955024,NiOx,Au,..\raw_csv\type3_breakdown_Au\NiOx_Au_scan_20V.csv
-8.539500237,1652.953915,NiOx,Au,..\raw_csv\type3_breakdown_Au\NiOx_Au_scan_20V.csv
-8.559499741,1652.954408,NiOx,Au,..\raw_csv\type3_breakdown_Au\NiOx_Au_scan_20V.csv
-8.579500198,1652.955393,NiOx,Au,..\raw_csv\type3_breakdown_Au\NiOx_Au_scan_20V.csv
-8.599499702,1652.956625,NiOx,Au,..\raw_csv\type3_breakdown_Au\NiOx_Au_scan_20V.csv
-8.61950016,1652.955147,NiOx,Au,..\raw_csv\type3_breakdown_Au\NiOx_Au_scan_20V.csv
-8.639499664,1652.955639,NiOx,Au,..\raw_csv\type3_breakdown_Au\NiOx_Au_scan_20V.csv
-8.659500122,1652.954162,NiOx,Au,..\raw_csv\type3_breakdown_Au\NiOx_Au_scan_20V.csv
-8.679499626,1652.956132,NiOx,Au,..\raw_csv\type3_breakdown_Au\NiOx_Au_scan_20V.csv
-8.699500084,1652.9549,NiOx,Au,..\raw_csv\type3_breakdown_Au\NiOx_Au_scan_20V.csv
-8.719499588,1652.955639,NiOx,Au,..\raw_csv\type3_breakdown_Au\NiOx_Au_scan_20V.csv
-8.739500046,1652.954285,NiOx,Au,..\raw_csv\type3_breakdown_Au\NiOx_Au_scan_20V.csv
-8.75949955,1652.954162,NiOx,Au,..\raw_csv\type3_breakdown_Au\NiOx_Au_scan_20V.csv
-8.779500008,1652.955516,NiOx,Au,..\raw_csv\type3_breakdown_Au\NiOx_Au_scan_20V.csv
-8.799500465,1652.956132,NiOx,Au,..\raw_csv\type3_breakdown_Au\NiOx_Au_scan_20V.csv
-8.819499969,1652.95527,NiOx,Au,..\raw_csv\type3_breakdown_Au\NiOx_Au_scan_20V.csv
-8.839500427,1652.9549,NiOx,Au,..\raw_csv\type3_breakdown_Au\NiOx_Au_scan_20V.csv
-8.859499931,1652.95527,NiOx,Au,..\raw_csv\type3_breakdown_Au\NiOx_Au_scan_20V.csv
-8.879500389,1652.954531,NiOx,Au,..\raw_csv\type3_breakdown_Au\NiOx_Au_scan_20V.csv
-8.899499893,1652.954408,NiOx,Au,..\raw_csv\type3_breakdown_Au\NiOx_Au_scan_20V.csv
-8.919500351,1652.952684,NiOx,Au,..\raw_csv\type3_breakdown_Au\NiOx_Au_scan_20V.csv
-8.939499855,1652.954285,NiOx,Au,..\raw_csv\type3_breakdown_Au\NiOx_Au_scan_20V.csv
-8.959500313,1652.954408,NiOx,Au,..\raw_csv\type3_breakdown_Au\NiOx_Au_scan_20V.csv
-8.979499817,1652.954285,NiOx,Au,..\raw_csv\type3_breakdown_Au\NiOx_Au_scan_20V.csv
-8.999500275,1652.955147,NiOx,Au,..\raw_csv\type3_breakdown_Au\NiOx_Au_scan_20V.csv
-9.019499779,1652.954408,NiOx,Au,..\raw_csv\type3_breakdown_Au\NiOx_Au_scan_20V.csv
-9.039500237,1652.954162,NiOx,Au,..\raw_csv\type3_breakdown_Au\NiOx_Au_scan_20V.csv
-9.059499741,1652.9549,NiOx,Au,..\raw_csv\type3_breakdown_Au\NiOx_Au_scan_20V.csv
-9.079999924,1652.954531,NiOx,Au,..\raw_csv\type3_breakdown_Au\NiOx_Au_scan_20V.csv
-9.100000381,1652.953669,NiOx,Au,..\raw_csv\type3_breakdown_Au\NiOx_Au_scan_20V.csv
-9.119999886,1652.955147,NiOx,Au,..\raw_csv\type3_breakdown_Au\NiOx_Au_scan_20V.csv
-9.140000343,1652.9549,NiOx,Au,..\raw_csv\type3_breakdown_Au\NiOx_Au_scan_20V.csv
-9.159999847,1652.954531,NiOx,Au,..\raw_csv\type3_breakdown_Au\NiOx_Au_scan_20V.csv
-9.180000305,1652.9533,NiOx,Au,..\raw_csv\type3_breakdown_Au\NiOx_Au_scan_20V.csv
-9.199999809,1652.954408,NiOx,Au,..\raw_csv\type3_breakdown_Au\NiOx_Au_scan_20V.csv
-9.220000267,1652.9549,NiOx,Au,..\raw_csv\type3_breakdown_Au\NiOx_Au_scan_20V.csv
-9.239999771,1652.954162,NiOx,Au,..\raw_csv\type3_breakdown_Au\NiOx_Au_scan_20V.csv
-9.260000229,1652.956378,NiOx,Au,..\raw_csv\type3_breakdown_Au\NiOx_Au_scan_20V.csv
-9.279999733,1652.954285,NiOx,Au,..\raw_csv\type3_breakdown_Au\NiOx_Au_scan_20V.csv
-9.300000191,1652.954654,NiOx,Au,..\raw_csv\type3_breakdown_Au\NiOx_Au_scan_20V.csv
-9.319999695,1652.953423,NiOx,Au,..\raw_csv\type3_breakdown_Au\NiOx_Au_scan_20V.csv
-9.340000153,1652.954038,NiOx,Au,..\raw_csv\type3_breakdown_Au\NiOx_Au_scan_20V.csv
-9.359999657,1652.954038,NiOx,Au,..\raw_csv\type3_breakdown_Au\NiOx_Au_scan_20V.csv
-9.380000114,1652.954531,NiOx,Au,..\raw_csv\type3_breakdown_Au\NiOx_Au_scan_20V.csv
-9.399999619,1652.953546,NiOx,Au,..\raw_csv\type3_breakdown_Au\NiOx_Au_scan_20V.csv
-9.420000076,1652.9549,NiOx,Au,..\raw_csv\type3_breakdown_Au\NiOx_Au_scan_20V.csv
-9.43999958,1652.9549,NiOx,Au,..\raw_csv\type3_breakdown_Au\NiOx_Au_scan_20V.csv
-9.460000038,1652.954285,NiOx,Au,..\raw_csv\type3_breakdown_Au\NiOx_Au_scan_20V.csv
-9.479999542,1652.954531,NiOx,Au,..\raw_csv\type3_breakdown_Au\NiOx_Au_scan_20V.csv
-9.5,1652.954038,NiOx,Au,..\raw_csv\type3_breakdown_Au\NiOx_Au_scan_20V.csv
-9.520000458,1652.9533,NiOx,Au,..\raw_csv\type3_breakdown_Au\NiOx_Au_scan_20V.csv
-9.539999962,1652.954654,NiOx,Au,..\raw_csv\type3_breakdown_Au\NiOx_Au_scan_20V.csv
-9.56000042,1652.953915,NiOx,Au,..\raw_csv\type3_breakdown_Au\NiOx_Au_scan_20V.csv
-9.579999924,1652.954408,NiOx,Au,..\raw_csv\type3_breakdown_Au\NiOx_Au_scan_20V.csv
-9.600000381,1652.954531,NiOx,Au,..\raw_csv\type3_breakdown_Au\NiOx_Au_scan_20V.csv
-9.619999886,1652.953176,NiOx,Au,..\raw_csv\type3_breakdown_Au\NiOx_Au_scan_20V.csv
-9.640000343,1652.953546,NiOx,Au,..\raw_csv\type3_breakdown_Au\NiOx_Au_scan_20V.csv
-9.659999847,1652.953915,NiOx,Au,..\raw_csv\type3_breakdown_Au\NiOx_Au_scan_20V.csv
-9.680000305,1652.9533,NiOx,Au,..\raw_csv\type3_breakdown_Au\NiOx_Au_scan_20V.csv
-9.699999809,1652.953176,NiOx,Au,..\raw_csv\type3_breakdown_Au\NiOx_Au_scan_20V.csv
-9.720000267,1652.954162,NiOx,Au,..\raw_csv\type3_breakdown_Au\NiOx_Au_scan_20V.csv
-9.739999771,1652.955024,NiOx,Au,..\raw_csv\type3_breakdown_Au\NiOx_Au_scan_20V.csv
-9.760000229,1652.953176,NiOx,Au,..\raw_csv\type3_breakdown_Au\NiOx_Au_scan_20V.csv
-9.779999733,1652.955147,NiOx,Au,..\raw_csv\type3_breakdown_Au\NiOx_Au_scan_20V.csv
-9.800000191,1652.953423,NiOx,Au,..\raw_csv\type3_breakdown_Au\NiOx_Au_scan_20V.csv
-9.819999695,1652.953669,NiOx,Au,..\raw_csv\type3_breakdown_Au\NiOx_Au_scan_20V.csv
-9.840000153,1652.954162,NiOx,Au,..\raw_csv\type3_breakdown_Au\NiOx_Au_scan_20V.csv
-9.859999657,1652.953915,NiOx,Au,..\raw_csv\type3_breakdown_Au\NiOx_Au_scan_20V.csv
-9.880000114,1652.954038,NiOx,Au,..\raw_csv\type3_breakdown_Au\NiOx_Au_scan_20V.csv
-9.899999619,1652.954038,NiOx,Au,..\raw_csv\type3_breakdown_Au\NiOx_Au_scan_20V.csv
-9.920000076,1652.953546,NiOx,Au,..\raw_csv\type3_breakdown_Au\NiOx_Au_scan_20V.csv
-9.93999958,1652.953669,NiOx,Au,..\raw_csv\type3_breakdown_Au\NiOx_Au_scan_20V.csv
-9.960000038,1652.954038,NiOx,Au,..\raw_csv\type3_breakdown_Au\NiOx_Au_scan_20V.csv
-9.979999542,1652.954408,NiOx,Au,..\raw_csv\type3_breakdown_Au\NiOx_Au_scan_20V.csv
-10.0,1652.952314,NiOx,Au,..\raw_csv\type3_breakdown_Au\NiOx_Au_scan_20V.csv
-10.02000046,1652.953176,NiOx,Au,..\raw_csv\type3_breakdown_Au\NiOx_Au_scan_20V.csv
-10.03999996,1652.953053,NiOx,Au,..\raw_csv\type3_breakdown_Au\NiOx_Au_scan_20V.csv
-10.06000042,1652.953669,NiOx,Au,..\raw_csv\type3_breakdown_Au\NiOx_Au_scan_20V.csv
-10.07999992,1652.952438,NiOx,Au,..\raw_csv\type3_breakdown_Au\NiOx_Au_scan_20V.csv
-10.10000038,1652.951945,NiOx,Au,..\raw_csv\type3_breakdown_Au\NiOx_Au_scan_20V.csv
-10.11999989,1652.9533,NiOx,Au,..\raw_csv\type3_breakdown_Au\NiOx_Au_scan_20V.csv
-10.14000034,1652.953053,NiOx,Au,..\raw_csv\type3_breakdown_Au\NiOx_Au_scan_20V.csv
-10.15999985,1652.952438,NiOx,Au,..\raw_csv\type3_breakdown_Au\NiOx_Au_scan_20V.csv
-10.18000031,1652.952561,NiOx,Au,..\raw_csv\type3_breakdown_Au\NiOx_Au_scan_20V.csv
-10.19999981,1652.953053,NiOx,Au,..\raw_csv\type3_breakdown_Au\NiOx_Au_scan_20V.csv
-10.22000027,1652.952438,NiOx,Au,..\raw_csv\type3_breakdown_Au\NiOx_Au_scan_20V.csv
-10.23999977,1652.952438,NiOx,Au,..\raw_csv\type3_breakdown_Au\NiOx_Au_scan_20V.csv
-10.26000023,1652.952438,NiOx,Au,..\raw_csv\type3_breakdown_Au\NiOx_Au_scan_20V.csv
-10.27999973,1652.953053,NiOx,Au,..\raw_csv\type3_breakdown_Au\NiOx_Au_scan_20V.csv
-10.30000019,1652.951822,NiOx,Au,..\raw_csv\type3_breakdown_Au\NiOx_Au_scan_20V.csv
-10.3199997,1652.952068,NiOx,Au,..\raw_csv\type3_breakdown_Au\NiOx_Au_scan_20V.csv
-10.34000015,1652.951945,NiOx,Au,..\raw_csv\type3_breakdown_Au\NiOx_Au_scan_20V.csv
-10.35999966,1652.952684,NiOx,Au,..\raw_csv\type3_breakdown_Au\NiOx_Au_scan_20V.csv
-10.38000011,1652.951452,NiOx,Au,..\raw_csv\type3_breakdown_Au\NiOx_Au_scan_20V.csv
-10.39999962,1652.944802,NiOx,Au,..\raw_csv\type3_breakdown_Au\NiOx_Au_scan_20V.csv
-10.42000008,1652.957117,NiOx,Au,..\raw_csv\type3_breakdown_Au\NiOx_Au_scan_20V.csv
-10.43999958,1652.963644,NiOx,Au,..\raw_csv\type3_breakdown_Au\NiOx_Au_scan_20V.csv
-10.46000004,1652.95293,NiOx,Au,..\raw_csv\type3_breakdown_Au\NiOx_Au_scan_20V.csv
-10.47999954,1652.956132,NiOx,Au,..\raw_csv\type3_breakdown_Au\NiOx_Au_scan_20V.csv
-10.5,1652.952191,NiOx,Au,..\raw_csv\type3_breakdown_Au\NiOx_Au_scan_20V.csv
-10.52000046,1652.951945,NiOx,Au,..\raw_csv\type3_breakdown_Au\NiOx_Au_scan_20V.csv
-10.53999996,1652.95293,NiOx,Au,..\raw_csv\type3_breakdown_Au\NiOx_Au_scan_20V.csv
-10.56000042,1652.952068,NiOx,Au,..\raw_csv\type3_breakdown_Au\NiOx_Au_scan_20V.csv
-10.57999992,1652.952684,NiOx,Au,..\raw_csv\type3_breakdown_Au\NiOx_Au_scan_20V.csv
-10.60000038,1652.952561,NiOx,Au,..\raw_csv\type3_breakdown_Au\NiOx_Au_scan_20V.csv
-10.61999989,1652.9533,NiOx,Au,..\raw_csv\type3_breakdown_Au\NiOx_Au_scan_20V.csv
-10.64000034,1652.953546,NiOx,Au,..\raw_csv\type3_breakdown_Au\NiOx_Au_scan_20V.csv
-10.65999985,1652.952561,NiOx,Au,..\raw_csv\type3_breakdown_Au\NiOx_Au_scan_20V.csv
-10.68000031,1652.95293,NiOx,Au,..\raw_csv\type3_breakdown_Au\NiOx_Au_scan_20V.csv
-10.69999981,1652.952068,NiOx,Au,..\raw_csv\type3_breakdown_Au\NiOx_Au_scan_20V.csv
-10.72000027,1652.951822,NiOx,Au,..\raw_csv\type3_breakdown_Au\NiOx_Au_scan_20V.csv
-10.73999977,1652.954285,NiOx,Au,..\raw_csv\type3_breakdown_Au\NiOx_Au_scan_20V.csv
-10.76000023,1652.952684,NiOx,Au,..\raw_csv\type3_breakdown_Au\NiOx_Au_scan_20V.csv
-10.77999973,1652.953176,NiOx,Au,..\raw_csv\type3_breakdown_Au\NiOx_Au_scan_20V.csv
-10.80000019,1652.952314,NiOx,Au,..\raw_csv\type3_breakdown_Au\NiOx_Au_scan_20V.csv
-10.8199997,1652.953176,NiOx,Au,..\raw_csv\type3_breakdown_Au\NiOx_Au_scan_20V.csv
-10.84000015,1652.95293,NiOx,Au,..\raw_csv\type3_breakdown_Au\NiOx_Au_scan_20V.csv
-10.85999966,1652.953546,NiOx,Au,..\raw_csv\type3_breakdown_Au\NiOx_Au_scan_20V.csv
-10.88000011,1652.952314,NiOx,Au,..\raw_csv\type3_breakdown_Au\NiOx_Au_scan_20V.csv
-10.89999962,1652.953176,NiOx,Au,..\raw_csv\type3_breakdown_Au\NiOx_Au_scan_20V.csv
-10.92000008,1652.95293,NiOx,Au,..\raw_csv\type3_breakdown_Au\NiOx_Au_scan_20V.csv
-10.93999958,1652.953176,NiOx,Au,..\raw_csv\type3_breakdown_Au\NiOx_Au_scan_20V.csv
-10.96000004,1652.952561,NiOx,Au,..\raw_csv\type3_breakdown_Au\NiOx_Au_scan_20V.csv
-10.97999954,1652.953423,NiOx,Au,..\raw_csv\type3_breakdown_Au\NiOx_Au_scan_20V.csv
-11.0,1652.952068,NiOx,Au,..\raw_csv\type3_breakdown_Au\NiOx_Au_scan_20V.csv
-11.02000046,1652.953669,NiOx,Au,..\raw_csv\type3_breakdown_Au\NiOx_Au_scan_20V.csv
-11.03999996,1652.952314,NiOx,Au,..\raw_csv\type3_breakdown_Au\NiOx_Au_scan_20V.csv
-11.06000042,1652.953053,NiOx,Au,..\raw_csv\type3_breakdown_Au\NiOx_Au_scan_20V.csv
-11.07999992,1652.952314,NiOx,Au,..\raw_csv\type3_breakdown_Au\NiOx_Au_scan_20V.csv
-11.10000038,1652.954654,NiOx,Au,..\raw_csv\type3_breakdown_Au\NiOx_Au_scan_20V.csv
-11.11999989,1652.953546,NiOx,Au,..\raw_csv\type3_breakdown_Au\NiOx_Au_scan_20V.csv
-11.14000034,1652.953546,NiOx,Au,..\raw_csv\type3_breakdown_Au\NiOx_Au_scan_20V.csv
-11.15999985,1652.952068,NiOx,Au,..\raw_csv\type3_breakdown_Au\NiOx_Au_scan_20V.csv
-11.18000031,1652.952191,NiOx,Au,..\raw_csv\type3_breakdown_Au\NiOx_Au_scan_20V.csv
-11.19999981,1652.952561,NiOx,Au,..\raw_csv\type3_breakdown_Au\NiOx_Au_scan_20V.csv
-11.22000027,1652.952684,NiOx,Au,..\raw_csv\type3_breakdown_Au\NiOx_Au_scan_20V.csv
-11.23999977,1652.9533,NiOx,Au,..\raw_csv\type3_breakdown_Au\NiOx_Au_scan_20V.csv
-11.26000023,1652.9533,NiOx,Au,..\raw_csv\type3_breakdown_Au\NiOx_Au_scan_20V.csv
-11.27999973,1652.953423,NiOx,Au,..\raw_csv\type3_breakdown_Au\NiOx_Au_scan_20V.csv
-11.30000019,1652.953915,NiOx,Au,..\raw_csv\type3_breakdown_Au\NiOx_Au_scan_20V.csv
-11.3199997,1652.9533,NiOx,Au,..\raw_csv\type3_breakdown_Au\NiOx_Au_scan_20V.csv
-11.34000015,1652.952561,NiOx,Au,..\raw_csv\type3_breakdown_Au\NiOx_Au_scan_20V.csv
-11.35999966,1652.953053,NiOx,Au,..\raw_csv\type3_breakdown_Au\NiOx_Au_scan_20V.csv
-11.38000011,1652.953423,NiOx,Au,..\raw_csv\type3_breakdown_Au\NiOx_Au_scan_20V.csv
-11.39999962,1652.95096,NiOx,Au,..\raw_csv\type3_breakdown_Au\NiOx_Au_scan_20V.csv
-11.42000008,1652.9533,NiOx,Au,..\raw_csv\type3_breakdown_Au\NiOx_Au_scan_20V.csv
-11.43999958,1652.952438,NiOx,Au,..\raw_csv\type3_breakdown_Au\NiOx_Au_scan_20V.csv
-11.46000004,1652.953669,NiOx,Au,..\raw_csv\type3_breakdown_Au\NiOx_Au_scan_20V.csv
-11.47999954,1652.9533,NiOx,Au,..\raw_csv\type3_breakdown_Au\NiOx_Au_scan_20V.csv
-11.5,1652.954654,NiOx,Au,..\raw_csv\type3_breakdown_Au\NiOx_Au_scan_20V.csv
-11.52000046,1652.953915,NiOx,Au,..\raw_csv\type3_breakdown_Au\NiOx_Au_scan_20V.csv
-11.53999996,1652.953546,NiOx,Au,..\raw_csv\type3_breakdown_Au\NiOx_Au_scan_20V.csv
-11.56000042,1652.954654,NiOx,Au,..\raw_csv\type3_breakdown_Au\NiOx_Au_scan_20V.csv
-11.57999992,1652.953546,NiOx,Au,..\raw_csv\type3_breakdown_Au\NiOx_Au_scan_20V.csv
-11.60000038,1652.952684,NiOx,Au,..\raw_csv\type3_breakdown_Au\NiOx_Au_scan_20V.csv
-11.61999989,1652.9533,NiOx,Au,..\raw_csv\type3_breakdown_Au\NiOx_Au_scan_20V.csv
-11.64000034,1652.95293,NiOx,Au,..\raw_csv\type3_breakdown_Au\NiOx_Au_scan_20V.csv
-11.65999985,1652.953423,NiOx,Au,..\raw_csv\type3_breakdown_Au\NiOx_Au_scan_20V.csv
-11.68000031,1652.9533,NiOx,Au,..\raw_csv\type3_breakdown_Au\NiOx_Au_scan_20V.csv
-11.69999981,1652.954038,NiOx,Au,..\raw_csv\type3_breakdown_Au\NiOx_Au_scan_20V.csv
-11.72000027,1652.953053,NiOx,Au,..\raw_csv\type3_breakdown_Au\NiOx_Au_scan_20V.csv
-11.73999977,1652.95293,NiOx,Au,..\raw_csv\type3_breakdown_Au\NiOx_Au_scan_20V.csv
-11.76000023,1652.952684,NiOx,Au,..\raw_csv\type3_breakdown_Au\NiOx_Au_scan_20V.csv
-11.77999973,1652.953053,NiOx,Au,..\raw_csv\type3_breakdown_Au\NiOx_Au_scan_20V.csv
-11.80000019,1652.952191,NiOx,Au,..\raw_csv\type3_breakdown_Au\NiOx_Au_scan_20V.csv
-11.8199997,1652.95293,NiOx,Au,..\raw_csv\type3_breakdown_Au\NiOx_Au_scan_20V.csv
-11.84000015,1652.95293,NiOx,Au,..\raw_csv\type3_breakdown_Au\NiOx_Au_scan_20V.csv
-11.85999966,1652.953546,NiOx,Au,..\raw_csv\type3_breakdown_Au\NiOx_Au_scan_20V.csv
-11.88000011,1652.953546,NiOx,Au,..\raw_csv\type3_breakdown_Au\NiOx_Au_scan_20V.csv
-11.89999962,1652.9533,NiOx,Au,..\raw_csv\type3_breakdown_Au\NiOx_Au_scan_20V.csv
-11.92000008,1652.953176,NiOx,Au,..\raw_csv\type3_breakdown_Au\NiOx_Au_scan_20V.csv
-11.93999958,1652.952561,NiOx,Au,..\raw_csv\type3_breakdown_Au\NiOx_Au_scan_20V.csv
-11.96000004,1652.95293,NiOx,Au,..\raw_csv\type3_breakdown_Au\NiOx_Au_scan_20V.csv
-11.97999954,1652.953423,NiOx,Au,..\raw_csv\type3_breakdown_Au\NiOx_Au_scan_20V.csv
-12.0,1652.954038,NiOx,Au,..\raw_csv\type3_breakdown_Au\NiOx_Au_scan_20V.csv
-12.02000046,1652.9533,NiOx,Au,..\raw_csv\type3_breakdown_Au\NiOx_Au_scan_20V.csv
-12.03999996,1652.953669,NiOx,Au,..\raw_csv\type3_breakdown_Au\NiOx_Au_scan_20V.csv
-12.06000042,1652.951083,NiOx,Au,..\raw_csv\type3_breakdown_Au\NiOx_Au_scan_20V.csv
-12.07999992,1652.953176,NiOx,Au,..\raw_csv\type3_breakdown_Au\NiOx_Au_scan_20V.csv
-12.10000038,1652.952561,NiOx,Au,..\raw_csv\type3_breakdown_Au\NiOx_Au_scan_20V.csv
-12.11999989,1652.9533,NiOx,Au,..\raw_csv\type3_breakdown_Au\NiOx_Au_scan_20V.csv
-12.14000034,1652.951945,NiOx,Au,..\raw_csv\type3_breakdown_Au\NiOx_Au_scan_20V.csv
-12.15999985,1652.952684,NiOx,Au,..\raw_csv\type3_breakdown_Au\NiOx_Au_scan_20V.csv
-12.18000031,1652.952191,NiOx,Au,..\raw_csv\type3_breakdown_Au\NiOx_Au_scan_20V.csv
-12.19999981,1652.952068,NiOx,Au,..\raw_csv\type3_breakdown_Au\NiOx_Au_scan_20V.csv
-12.22000027,1652.953053,NiOx,Au,..\raw_csv\type3_breakdown_Au\NiOx_Au_scan_20V.csv
-12.23999977,1652.953053,NiOx,Au,..\raw_csv\type3_breakdown_Au\NiOx_Au_scan_20V.csv
-12.26000023,1652.952191,NiOx,Au,..\raw_csv\type3_breakdown_Au\NiOx_Au_scan_20V.csv
-12.27999973,1652.9533,NiOx,Au,..\raw_csv\type3_breakdown_Au\NiOx_Au_scan_20V.csv
-12.30000019,1652.952561,NiOx,Au,..\raw_csv\type3_breakdown_Au\NiOx_Au_scan_20V.csv
-12.3199997,1652.954038,NiOx,Au,..\raw_csv\type3_breakdown_Au\NiOx_Au_scan_20V.csv
-12.34000015,1652.952561,NiOx,Au,..\raw_csv\type3_breakdown_Au\NiOx_Au_scan_20V.csv
-12.35999966,1652.951945,NiOx,Au,..\raw_csv\type3_breakdown_Au\NiOx_Au_scan_20V.csv
-12.38000011,1652.951945,NiOx,Au,..\raw_csv\type3_breakdown_Au\NiOx_Au_scan_20V.csv
-12.39999962,1652.952561,NiOx,Au,..\raw_csv\type3_breakdown_Au\NiOx_Au_scan_20V.csv
-12.42000008,1652.954038,NiOx,Au,..\raw_csv\type3_breakdown_Au\NiOx_Au_scan_20V.csv
-12.43999958,1652.952561,NiOx,Au,..\raw_csv\type3_breakdown_Au\NiOx_Au_scan_20V.csv
-12.46000004,1652.952438,NiOx,Au,..\raw_csv\type3_breakdown_Au\NiOx_Au_scan_20V.csv
-12.47999954,1652.953053,NiOx,Au,..\raw_csv\type3_breakdown_Au\NiOx_Au_scan_20V.csv
-12.5,1652.952438,NiOx,Au,..\raw_csv\type3_breakdown_Au\NiOx_Au_scan_20V.csv
-12.52000046,1652.95293,NiOx,Au,..\raw_csv\type3_breakdown_Au\NiOx_Au_scan_20V.csv
-12.53999996,1652.952684,NiOx,Au,..\raw_csv\type3_breakdown_Au\NiOx_Au_scan_20V.csv
-12.56000042,1652.954531,NiOx,Au,..\raw_csv\type3_breakdown_Au\NiOx_Au_scan_20V.csv
-12.57999992,1652.952561,NiOx,Au,..\raw_csv\type3_breakdown_Au\NiOx_Au_scan_20V.csv
-12.60000038,1652.954038,NiOx,Au,..\raw_csv\type3_breakdown_Au\NiOx_Au_scan_20V.csv
-12.61999989,1652.953176,NiOx,Au,..\raw_csv\type3_breakdown_Au\NiOx_Au_scan_20V.csv
-12.64000034,1652.953176,NiOx,Au,..\raw_csv\type3_breakdown_Au\NiOx_Au_scan_20V.csv
-12.65999985,1652.951945,NiOx,Au,..\raw_csv\type3_breakdown_Au\NiOx_Au_scan_20V.csv
-12.68000031,1652.953546,NiOx,Au,..\raw_csv\type3_breakdown_Au\NiOx_Au_scan_20V.csv
-12.69999981,1652.952684,NiOx,Au,..\raw_csv\type3_breakdown_Au\NiOx_Au_scan_20V.csv
-12.72000027,1652.953423,NiOx,Au,..\raw_csv\type3_breakdown_Au\NiOx_Au_scan_20V.csv
-12.73999977,1652.951822,NiOx,Au,..\raw_csv\type3_breakdown_Au\NiOx_Au_scan_20V.csv
-12.76000023,1652.951822,NiOx,Au,..\raw_csv\type3_breakdown_Au\NiOx_Au_scan_20V.csv
-12.77999973,1652.95293,NiOx,Au,..\raw_csv\type3_breakdown_Au\NiOx_Au_scan_20V.csv
-12.80000019,1652.954285,NiOx,Au,..\raw_csv\type3_breakdown_Au\NiOx_Au_scan_20V.csv
-12.8199997,1652.952314,NiOx,Au,..\raw_csv\type3_breakdown_Au\NiOx_Au_scan_20V.csv
-12.84000015,1652.951945,NiOx,Au,..\raw_csv\type3_breakdown_Au\NiOx_Au_scan_20V.csv
-12.85999966,1652.951945,NiOx,Au,..\raw_csv\type3_breakdown_Au\NiOx_Au_scan_20V.csv
-12.88000011,1652.952561,NiOx,Au,..\raw_csv\type3_breakdown_Au\NiOx_Au_scan_20V.csv
-12.89999962,1652.95293,NiOx,Au,..\raw_csv\type3_breakdown_Au\NiOx_Au_scan_20V.csv
-12.92000008,1652.952068,NiOx,Au,..\raw_csv\type3_breakdown_Au\NiOx_Au_scan_20V.csv
-12.93999958,1652.951822,NiOx,Au,..\raw_csv\type3_breakdown_Au\NiOx_Au_scan_20V.csv
-12.96000004,1652.952191,NiOx,Au,..\raw_csv\type3_breakdown_Au\NiOx_Au_scan_20V.csv
-12.97999954,1652.951206,NiOx,Au,..\raw_csv\type3_breakdown_Au\NiOx_Au_scan_20V.csv
-13.0,1652.952191,NiOx,Au,..\raw_csv\type3_breakdown_Au\NiOx_Au_scan_20V.csv
-13.02000046,1652.952191,NiOx,Au,..\raw_csv\type3_breakdown_Au\NiOx_Au_scan_20V.csv
-13.03999996,1652.952684,NiOx,Au,..\raw_csv\type3_breakdown_Au\NiOx_Au_scan_20V.csv
-13.06000042,1652.951945,NiOx,Au,..\raw_csv\type3_breakdown_Au\NiOx_Au_scan_20V.csv
-13.07999992,1652.953669,NiOx,Au,..\raw_csv\type3_breakdown_Au\NiOx_Au_scan_20V.csv
-13.10000038,1652.953053,NiOx,Au,..\raw_csv\type3_breakdown_Au\NiOx_Au_scan_20V.csv
-13.11999989,1652.952068,NiOx,Au,..\raw_csv\type3_breakdown_Au\NiOx_Au_scan_20V.csv
-13.14000034,1652.951945,NiOx,Au,..\raw_csv\type3_breakdown_Au\NiOx_Au_scan_20V.csv
-13.15999985,1652.951945,NiOx,Au,..\raw_csv\type3_breakdown_Au\NiOx_Au_scan_20V.csv
-13.18000031,1652.952561,NiOx,Au,..\raw_csv\type3_breakdown_Au\NiOx_Au_scan_20V.csv
-13.19999981,1652.9533,NiOx,Au,..\raw_csv\type3_breakdown_Au\NiOx_Au_scan_20V.csv
-13.22000027,1652.952314,NiOx,Au,..\raw_csv\type3_breakdown_Au\NiOx_Au_scan_20V.csv
-13.23999977,1652.951575,NiOx,Au,..\raw_csv\type3_breakdown_Au\NiOx_Au_scan_20V.csv
-13.26000023,1652.952684,NiOx,Au,..\raw_csv\type3_breakdown_Au\NiOx_Au_scan_20V.csv
-13.27999973,1652.951575,NiOx,Au,..\raw_csv\type3_breakdown_Au\NiOx_Au_scan_20V.csv
-13.30000019,1652.951575,NiOx,Au,..\raw_csv\type3_breakdown_Au\NiOx_Au_scan_20V.csv
-13.3199997,1652.953423,NiOx,Au,..\raw_csv\type3_breakdown_Au\NiOx_Au_scan_20V.csv
-13.34000015,1652.952314,NiOx,Au,..\raw_csv\type3_breakdown_Au\NiOx_Au_scan_20V.csv
-13.35999966,1652.95059,NiOx,Au,..\raw_csv\type3_breakdown_Au\NiOx_Au_scan_20V.csv
-13.38000011,1652.950837,NiOx,Au,..\raw_csv\type3_breakdown_Au\NiOx_Au_scan_20V.csv
-13.39999962,1652.951822,NiOx,Au,..\raw_csv\type3_breakdown_Au\NiOx_Au_scan_20V.csv
-13.42000008,1652.952068,NiOx,Au,..\raw_csv\type3_breakdown_Au\NiOx_Au_scan_20V.csv
-13.43999958,1652.950837,NiOx,Au,..\raw_csv\type3_breakdown_Au\NiOx_Au_scan_20V.csv
-13.46000004,1652.951329,NiOx,Au,..\raw_csv\type3_breakdown_Au\NiOx_Au_scan_20V.csv
-13.47999954,1652.952191,NiOx,Au,..\raw_csv\type3_breakdown_Au\NiOx_Au_scan_20V.csv
-13.5,1652.952684,NiOx,Au,..\raw_csv\type3_breakdown_Au\NiOx_Au_scan_20V.csv
-13.52000046,1652.953053,NiOx,Au,..\raw_csv\type3_breakdown_Au\NiOx_Au_scan_20V.csv
-13.53999996,1652.953546,NiOx,Au,..\raw_csv\type3_breakdown_Au\NiOx_Au_scan_20V.csv
-13.56000042,1652.953053,NiOx,Au,..\raw_csv\type3_breakdown_Au\NiOx_Au_scan_20V.csv
-13.57999992,1652.950467,NiOx,Au,..\raw_csv\type3_breakdown_Au\NiOx_Au_scan_20V.csv
-13.60000038,1652.951329,NiOx,Au,..\raw_csv\type3_breakdown_Au\NiOx_Au_scan_20V.csv
-13.61999989,1652.952191,NiOx,Au,..\raw_csv\type3_breakdown_Au\NiOx_Au_scan_20V.csv
-13.64000034,1652.951822,NiOx,Au,..\raw_csv\type3_breakdown_Au\NiOx_Au_scan_20V.csv
-13.65999985,1652.952561,NiOx,Au,..\raw_csv\type3_breakdown_Au\NiOx_Au_scan_20V.csv
-13.68000031,1652.952314,NiOx,Au,..\raw_csv\type3_breakdown_Au\NiOx_Au_scan_20V.csv
-13.69999981,1652.951452,NiOx,Au,..\raw_csv\type3_breakdown_Au\NiOx_Au_scan_20V.csv
-13.72000027,1652.950344,NiOx,Au,..\raw_csv\type3_breakdown_Au\NiOx_Au_scan_20V.csv
-13.73999977,1652.952191,NiOx,Au,..\raw_csv\type3_breakdown_Au\NiOx_Au_scan_20V.csv
-13.76000023,1652.953546,NiOx,Au,..\raw_csv\type3_breakdown_Au\NiOx_Au_scan_20V.csv
-13.77999973,1652.95293,NiOx,Au,..\raw_csv\type3_breakdown_Au\NiOx_Au_scan_20V.csv
-13.80000019,1652.951945,NiOx,Au,..\raw_csv\type3_breakdown_Au\NiOx_Au_scan_20V.csv
-13.8199997,1652.952314,NiOx,Au,..\raw_csv\type3_breakdown_Au\NiOx_Au_scan_20V.csv
-13.84000015,1652.951329,NiOx,Au,..\raw_csv\type3_breakdown_Au\NiOx_Au_scan_20V.csv
-13.85999966,1652.951822,NiOx,Au,..\raw_csv\type3_breakdown_Au\NiOx_Au_scan_20V.csv
-13.88000011,1652.951575,NiOx,Au,..\raw_csv\type3_breakdown_Au\NiOx_Au_scan_20V.csv
-13.89999962,1652.952684,NiOx,Au,..\raw_csv\type3_breakdown_Au\NiOx_Au_scan_20V.csv
-13.92000008,1652.952438,NiOx,Au,..\raw_csv\type3_breakdown_Au\NiOx_Au_scan_20V.csv
-13.93999958,1652.951575,NiOx,Au,..\raw_csv\type3_breakdown_Au\NiOx_Au_scan_20V.csv
-13.96000004,1652.951452,NiOx,Au,..\raw_csv\type3_breakdown_Au\NiOx_Au_scan_20V.csv
-13.97999954,1652.95096,NiOx,Au,..\raw_csv\type3_breakdown_Au\NiOx_Au_scan_20V.csv
-14.0,1652.952191,NiOx,Au,..\raw_csv\type3_breakdown_Au\NiOx_Au_scan_20V.csv
-14.02000046,1652.952314,NiOx,Au,..\raw_csv\type3_breakdown_Au\NiOx_Au_scan_20V.csv
-14.03999996,1652.952314,NiOx,Au,..\raw_csv\type3_breakdown_Au\NiOx_Au_scan_20V.csv
-14.06000042,1652.952191,NiOx,Au,..\raw_csv\type3_breakdown_Au\NiOx_Au_scan_20V.csv
-14.07999992,1652.952068,NiOx,Au,..\raw_csv\type3_breakdown_Au\NiOx_Au_scan_20V.csv
-14.10000038,1652.951822,NiOx,Au,..\raw_csv\type3_breakdown_Au\NiOx_Au_scan_20V.csv
-14.11999989,1652.953423,NiOx,Au,..\raw_csv\type3_breakdown_Au\NiOx_Au_scan_20V.csv
-14.14000034,1652.952438,NiOx,Au,..\raw_csv\type3_breakdown_Au\NiOx_Au_scan_20V.csv
-14.15999985,1652.951452,NiOx,Au,..\raw_csv\type3_breakdown_Au\NiOx_Au_scan_20V.csv
-14.18000031,1652.951822,NiOx,Au,..\raw_csv\type3_breakdown_Au\NiOx_Au_scan_20V.csv
-14.19999981,1652.951329,NiOx,Au,..\raw_csv\type3_breakdown_Au\NiOx_Au_scan_20V.csv
-14.22000027,1652.951575,NiOx,Au,..\raw_csv\type3_breakdown_Au\NiOx_Au_scan_20V.csv
-14.23999977,1652.951822,NiOx,Au,..\raw_csv\type3_breakdown_Au\NiOx_Au_scan_20V.csv
-14.26000023,1652.951452,NiOx,Au,..\raw_csv\type3_breakdown_Au\NiOx_Au_scan_20V.csv
-14.27999973,1652.951329,NiOx,Au,..\raw_csv\type3_breakdown_Au\NiOx_Au_scan_20V.csv
-14.30000019,1652.951822,NiOx,Au,..\raw_csv\type3_breakdown_Au\NiOx_Au_scan_20V.csv
-14.3199997,1652.952314,NiOx,Au,..\raw_csv\type3_breakdown_Au\NiOx_Au_scan_20V.csv
-14.34000015,1652.952191,NiOx,Au,..\raw_csv\type3_breakdown_Au\NiOx_Au_scan_20V.csv
-14.35999966,1652.951822,NiOx,Au,..\raw_csv\type3_breakdown_Au\NiOx_Au_scan_20V.csv
-14.38000011,1652.951083,NiOx,Au,..\raw_csv\type3_breakdown_Au\NiOx_Au_scan_20V.csv
-14.39999962,1652.953053,NiOx,Au,..\raw_csv\type3_breakdown_Au\NiOx_Au_scan_20V.csv
-14.42000008,1652.951822,NiOx,Au,..\raw_csv\type3_breakdown_Au\NiOx_Au_scan_20V.csv
-14.43999958,1652.951329,NiOx,Au,..\raw_csv\type3_breakdown_Au\NiOx_Au_scan_20V.csv
-14.46000004,1652.951575,NiOx,Au,..\raw_csv\type3_breakdown_Au\NiOx_Au_scan_20V.csv
-14.47999954,1652.951329,NiOx,Au,..\raw_csv\type3_breakdown_Au\NiOx_Au_scan_20V.csv
-14.5,1652.951822,NiOx,Au,..\raw_csv\type3_breakdown_Au\NiOx_Au_scan_20V.csv
-14.52000046,1652.952684,NiOx,Au,..\raw_csv\type3_breakdown_Au\NiOx_Au_scan_20V.csv
-14.53999996,1652.951452,NiOx,Au,..\raw_csv\type3_breakdown_Au\NiOx_Au_scan_20V.csv
-14.56000042,1652.95096,NiOx,Au,..\raw_csv\type3_breakdown_Au\NiOx_Au_scan_20V.csv
-14.57999992,1652.951822,NiOx,Au,..\raw_csv\type3_breakdown_Au\NiOx_Au_scan_20V.csv
-14.60000038,1652.952561,NiOx,Au,..\raw_csv\type3_breakdown_Au\NiOx_Au_scan_20V.csv
-14.61999989,1652.952191,NiOx,Au,..\raw_csv\type3_breakdown_Au\NiOx_Au_scan_20V.csv
-14.64000034,1652.952438,NiOx,Au,..\raw_csv\type3_breakdown_Au\NiOx_Au_scan_20V.csv
-14.65999985,1652.952314,NiOx,Au,..\raw_csv\type3_breakdown_Au\NiOx_Au_scan_20V.csv
-14.68000031,1652.952561,NiOx,Au,..\raw_csv\type3_breakdown_Au\NiOx_Au_scan_20V.csv
-14.69999981,1652.951575,NiOx,Au,..\raw_csv\type3_breakdown_Au\NiOx_Au_scan_20V.csv
-14.72000027,1652.95059,NiOx,Au,..\raw_csv\type3_breakdown_Au\NiOx_Au_scan_20V.csv
-14.73999977,1652.951452,NiOx,Au,..\raw_csv\type3_breakdown_Au\NiOx_Au_scan_20V.csv
-14.76000023,1652.951452,NiOx,Au,..\raw_csv\type3_breakdown_Au\NiOx_Au_scan_20V.csv
-14.77999973,1652.951575,NiOx,Au,..\raw_csv\type3_breakdown_Au\NiOx_Au_scan_20V.csv
-14.80000019,1652.951575,NiOx,Au,..\raw_csv\type3_breakdown_Au\NiOx_Au_scan_20V.csv
-14.8199997,1652.950467,NiOx,Au,..\raw_csv\type3_breakdown_Au\NiOx_Au_scan_20V.csv
-14.84000015,1652.952068,NiOx,Au,..\raw_csv\type3_breakdown_Au\NiOx_Au_scan_20V.csv
-14.85999966,1652.952314,NiOx,Au,..\raw_csv\type3_breakdown_Au\NiOx_Au_scan_20V.csv
-14.88000011,1652.950221,NiOx,Au,..\raw_csv\type3_breakdown_Au\NiOx_Au_scan_20V.csv
-14.89999962,1652.951822,NiOx,Au,..\raw_csv\type3_breakdown_Au\NiOx_Au_scan_20V.csv
-14.92000008,1652.951575,NiOx,Au,..\raw_csv\type3_breakdown_Au\NiOx_Au_scan_20V.csv
-14.93999958,1652.95096,NiOx,Au,..\raw_csv\type3_breakdown_Au\NiOx_Au_scan_20V.csv
-14.96000004,1652.951452,NiOx,Au,..\raw_csv\type3_breakdown_Au\NiOx_Au_scan_20V.csv
-14.97999954,1652.95293,NiOx,Au,..\raw_csv\type3_breakdown_Au\NiOx_Au_scan_20V.csv
-15.0,1652.95096,NiOx,Au,..\raw_csv\type3_breakdown_Au\NiOx_Au_scan_20V.csv
-15.02000046,1652.951206,NiOx,Au,..\raw_csv\type3_breakdown_Au\NiOx_Au_scan_20V.csv
-15.03999996,1652.952314,NiOx,Au,..\raw_csv\type3_breakdown_Au\NiOx_Au_scan_20V.csv
-15.06000042,1652.951329,NiOx,Au,..\raw_csv\type3_breakdown_Au\NiOx_Au_scan_20V.csv
-15.07999992,1652.952068,NiOx,Au,..\raw_csv\type3_breakdown_Au\NiOx_Au_scan_20V.csv
-15.10000038,1652.95096,NiOx,Au,..\raw_csv\type3_breakdown_Au\NiOx_Au_scan_20V.csv
-15.11999989,1652.950837,NiOx,Au,..\raw_csv\type3_breakdown_Au\NiOx_Au_scan_20V.csv
-15.14000034,1652.951822,NiOx,Au,..\raw_csv\type3_breakdown_Au\NiOx_Au_scan_20V.csv
-15.15999985,1652.951452,NiOx,Au,..\raw_csv\type3_breakdown_Au\NiOx_Au_scan_20V.csv
-15.18000031,1652.951452,NiOx,Au,..\raw_csv\type3_breakdown_Au\NiOx_Au_scan_20V.csv
-15.19999981,1652.950344,NiOx,Au,..\raw_csv\type3_breakdown_Au\NiOx_Au_scan_20V.csv
-15.22000027,1652.950467,NiOx,Au,..\raw_csv\type3_breakdown_Au\NiOx_Au_scan_20V.csv
-15.23999977,1652.951575,NiOx,Au,..\raw_csv\type3_breakdown_Au\NiOx_Au_scan_20V.csv
-15.26000023,1652.95096,NiOx,Au,..\raw_csv\type3_breakdown_Au\NiOx_Au_scan_20V.csv
-15.27999973,1652.95096,NiOx,Au,..\raw_csv\type3_breakdown_Au\NiOx_Au_scan_20V.csv
-15.30000019,1652.951452,NiOx,Au,..\raw_csv\type3_breakdown_Au\NiOx_Au_scan_20V.csv
-15.3199997,1652.952438,NiOx,Au,..\raw_csv\type3_breakdown_Au\NiOx_Au_scan_20V.csv
-15.34000015,1652.949112,NiOx,Au,..\raw_csv\type3_breakdown_Au\NiOx_Au_scan_20V.csv
-15.35999966,1652.951945,NiOx,Au,..\raw_csv\type3_breakdown_Au\NiOx_Au_scan_20V.csv
-15.38000011,1652.951329,NiOx,Au,..\raw_csv\type3_breakdown_Au\NiOx_Au_scan_20V.csv
-15.39999962,1652.950837,NiOx,Au,..\raw_csv\type3_breakdown_Au\NiOx_Au_scan_20V.csv
-15.42000008,1652.951329,NiOx,Au,..\raw_csv\type3_breakdown_Au\NiOx_Au_scan_20V.csv
-15.43999958,1652.95059,NiOx,Au,..\raw_csv\type3_breakdown_Au\NiOx_Au_scan_20V.csv
-15.46000004,1652.951822,NiOx,Au,..\raw_csv\type3_breakdown_Au\NiOx_Au_scan_20V.csv
-15.47999954,1652.952191,NiOx,Au,..\raw_csv\type3_breakdown_Au\NiOx_Au_scan_20V.csv
-15.5,1652.951206,NiOx,Au,..\raw_csv\type3_breakdown_Au\NiOx_Au_scan_20V.csv
-15.52000046,1652.950344,NiOx,Au,..\raw_csv\type3_breakdown_Au\NiOx_Au_scan_20V.csv
-15.53999996,1652.951329,NiOx,Au,..\raw_csv\type3_breakdown_Au\NiOx_Au_scan_20V.csv
-15.56000042,1652.950837,NiOx,Au,..\raw_csv\type3_breakdown_Au\NiOx_Au_scan_20V.csv
-15.57999992,1652.95096,NiOx,Au,..\raw_csv\type3_breakdown_Au\NiOx_Au_scan_20V.csv
-15.60000038,1652.952191,NiOx,Au,..\raw_csv\type3_breakdown_Au\NiOx_Au_scan_20V.csv
-15.61999989,1652.949975,NiOx,Au,..\raw_csv\type3_breakdown_Au\NiOx_Au_scan_20V.csv
-15.64000034,1652.95059,NiOx,Au,..\raw_csv\type3_breakdown_Au\NiOx_Au_scan_20V.csv
-15.65999985,1652.951822,NiOx,Au,..\raw_csv\type3_breakdown_Au\NiOx_Au_scan_20V.csv
-15.68000031,1652.950221,NiOx,Au,..\raw_csv\type3_breakdown_Au\NiOx_Au_scan_20V.csv
-15.69999981,1652.949851,NiOx,Au,..\raw_csv\type3_breakdown_Au\NiOx_Au_scan_20V.csv
-15.72000027,1652.950467,NiOx,Au,..\raw_csv\type3_breakdown_Au\NiOx_Au_scan_20V.csv
-15.73999977,1652.950344,NiOx,Au,..\raw_csv\type3_breakdown_Au\NiOx_Au_scan_20V.csv
-15.76000023,1652.949975,NiOx,Au,..\raw_csv\type3_breakdown_Au\NiOx_Au_scan_20V.csv
-15.77999973,1652.950221,NiOx,Au,..\raw_csv\type3_breakdown_Au\NiOx_Au_scan_20V.csv
-15.80000019,1652.950467,NiOx,Au,..\raw_csv\type3_breakdown_Au\NiOx_Au_scan_20V.csv
-15.8199997,1652.950344,NiOx,Au,..\raw_csv\type3_breakdown_Au\NiOx_Au_scan_20V.csv
-15.84000015,1652.95096,NiOx,Au,..\raw_csv\type3_breakdown_Au\NiOx_Au_scan_20V.csv
-15.85999966,1652.950344,NiOx,Au,..\raw_csv\type3_breakdown_Au\NiOx_Au_scan_20V.csv
-15.88000011,1652.950221,NiOx,Au,..\raw_csv\type3_breakdown_Au\NiOx_Au_scan_20V.csv
-15.89999962,1652.950098,NiOx,Au,..\raw_csv\type3_breakdown_Au\NiOx_Au_scan_20V.csv
-15.92000008,1652.951083,NiOx,Au,..\raw_csv\type3_breakdown_Au\NiOx_Au_scan_20V.csv
-15.93999958,1652.951206,NiOx,Au,..\raw_csv\type3_breakdown_Au\NiOx_Au_scan_20V.csv
-15.96000004,1652.951822,NiOx,Au,..\raw_csv\type3_breakdown_Au\NiOx_Au_scan_20V.csv
-15.97999954,1652.951575,NiOx,Au,..\raw_csv\type3_breakdown_Au\NiOx_Au_scan_20V.csv
-16.0,1652.951206,NiOx,Au,..\raw_csv\type3_breakdown_Au\NiOx_Au_scan_20V.csv
-16.02000046,1652.950467,NiOx,Au,..\raw_csv\type3_breakdown_Au\NiOx_Au_scan_20V.csv
-16.04000092,1652.950837,NiOx,Au,..\raw_csv\type3_breakdown_Au\NiOx_Au_scan_20V.csv
-16.05999947,1652.949851,NiOx,Au,..\raw_csv\type3_breakdown_Au\NiOx_Au_scan_20V.csv
-16.07999992,1652.950837,NiOx,Au,..\raw_csv\type3_breakdown_Au\NiOx_Au_scan_20V.csv
-16.10000038,1652.950467,NiOx,Au,..\raw_csv\type3_breakdown_Au\NiOx_Au_scan_20V.csv
-16.12000084,1652.949975,NiOx,Au,..\raw_csv\type3_breakdown_Au\NiOx_Au_scan_20V.csv
-16.13999939,1652.950344,NiOx,Au,..\raw_csv\type3_breakdown_Au\NiOx_Au_scan_20V.csv
-16.15999985,1652.951083,NiOx,Au,..\raw_csv\type3_breakdown_Au\NiOx_Au_scan_20V.csv
-16.18000031,1652.950098,NiOx,Au,..\raw_csv\type3_breakdown_Au\NiOx_Au_scan_20V.csv
-16.20000076,1652.951083,NiOx,Au,..\raw_csv\type3_breakdown_Au\NiOx_Au_scan_20V.csv
-16.21999931,1652.951575,NiOx,Au,..\raw_csv\type3_breakdown_Au\NiOx_Au_scan_20V.csv
-16.23999977,1652.950098,NiOx,Au,..\raw_csv\type3_breakdown_Au\NiOx_Au_scan_20V.csv
-16.26000023,1652.951206,NiOx,Au,..\raw_csv\type3_breakdown_Au\NiOx_Au_scan_20V.csv
-16.28000069,1652.951452,NiOx,Au,..\raw_csv\type3_breakdown_Au\NiOx_Au_scan_20V.csv
-16.29999924,1652.951206,NiOx,Au,..\raw_csv\type3_breakdown_Au\NiOx_Au_scan_20V.csv
-16.3199997,1652.950467,NiOx,Au,..\raw_csv\type3_breakdown_Au\NiOx_Au_scan_20V.csv
-16.34000015,1652.950837,NiOx,Au,..\raw_csv\type3_breakdown_Au\NiOx_Au_scan_20V.csv
-16.36000061,1652.951083,NiOx,Au,..\raw_csv\type3_breakdown_Au\NiOx_Au_scan_20V.csv
-16.37999916,1652.95059,NiOx,Au,..\raw_csv\type3_breakdown_Au\NiOx_Au_scan_20V.csv
-16.39999962,1652.95096,NiOx,Au,..\raw_csv\type3_breakdown_Au\NiOx_Au_scan_20V.csv
-16.42000008,1652.95096,NiOx,Au,..\raw_csv\type3_breakdown_Au\NiOx_Au_scan_20V.csv
-16.44000053,1652.952191,NiOx,Au,..\raw_csv\type3_breakdown_Au\NiOx_Au_scan_20V.csv
-16.45999908,1652.950344,NiOx,Au,..\raw_csv\type3_breakdown_Au\NiOx_Au_scan_20V.csv
-16.47999954,1652.950098,NiOx,Au,..\raw_csv\type3_breakdown_Au\NiOx_Au_scan_20V.csv
-16.5,1652.950467,NiOx,Au,..\raw_csv\type3_breakdown_Au\NiOx_Au_scan_20V.csv
-16.52000046,1652.95059,NiOx,Au,..\raw_csv\type3_breakdown_Au\NiOx_Au_scan_20V.csv
-16.54000092,1652.949975,NiOx,Au,..\raw_csv\type3_breakdown_Au\NiOx_Au_scan_20V.csv
-16.55999947,1652.949482,NiOx,Au,..\raw_csv\type3_breakdown_Au\NiOx_Au_scan_20V.csv
-16.57999992,1652.95059,NiOx,Au,..\raw_csv\type3_breakdown_Au\NiOx_Au_scan_20V.csv
-16.60000038,1652.951083,NiOx,Au,..\raw_csv\type3_breakdown_Au\NiOx_Au_scan_20V.csv
-16.62000084,1652.951329,NiOx,Au,..\raw_csv\type3_breakdown_Au\NiOx_Au_scan_20V.csv
-16.63999939,1652.949975,NiOx,Au,..\raw_csv\type3_breakdown_Au\NiOx_Au_scan_20V.csv
-16.65999985,1652.950837,NiOx,Au,..\raw_csv\type3_breakdown_Au\NiOx_Au_scan_20V.csv
-16.68000031,1652.950344,NiOx,Au,..\raw_csv\type3_breakdown_Au\NiOx_Au_scan_20V.csv
-16.70000076,1652.950837,NiOx,Au,..\raw_csv\type3_breakdown_Au\NiOx_Au_scan_20V.csv
-16.71999931,1652.950098,NiOx,Au,..\raw_csv\type3_breakdown_Au\NiOx_Au_scan_20V.csv
-16.73999977,1652.950344,NiOx,Au,..\raw_csv\type3_breakdown_Au\NiOx_Au_scan_20V.csv
-16.76000023,1652.95096,NiOx,Au,..\raw_csv\type3_breakdown_Au\NiOx_Au_scan_20V.csv
-16.78000069,1652.949975,NiOx,Au,..\raw_csv\type3_breakdown_Au\NiOx_Au_scan_20V.csv
-16.79999924,1652.953669,NiOx,Au,..\raw_csv\type3_breakdown_Au\NiOx_Au_scan_20V.csv
-16.8199997,1652.949851,NiOx,Au,..\raw_csv\type3_breakdown_Au\NiOx_Au_scan_20V.csv
-16.84000015,1652.950221,NiOx,Au,..\raw_csv\type3_breakdown_Au\NiOx_Au_scan_20V.csv
-16.86000061,1652.950221,NiOx,Au,..\raw_csv\type3_breakdown_Au\NiOx_Au_scan_20V.csv
-16.87999916,1652.950098,NiOx,Au,..\raw_csv\type3_breakdown_Au\NiOx_Au_scan_20V.csv
-16.89999962,1652.952068,NiOx,Au,..\raw_csv\type3_breakdown_Au\NiOx_Au_scan_20V.csv
-16.92000008,1652.951452,NiOx,Au,..\raw_csv\type3_breakdown_Au\NiOx_Au_scan_20V.csv
-16.94000053,1652.951452,NiOx,Au,..\raw_csv\type3_breakdown_Au\NiOx_Au_scan_20V.csv
-16.95999908,1652.951206,NiOx,Au,..\raw_csv\type3_breakdown_Au\NiOx_Au_scan_20V.csv
-16.97999954,1652.95096,NiOx,Au,..\raw_csv\type3_breakdown_Au\NiOx_Au_scan_20V.csv
-17.0,1652.950344,NiOx,Au,..\raw_csv\type3_breakdown_Au\NiOx_Au_scan_20V.csv
-17.02000046,1652.95059,NiOx,Au,..\raw_csv\type3_breakdown_Au\NiOx_Au_scan_20V.csv
-17.04000092,1652.951083,NiOx,Au,..\raw_csv\type3_breakdown_Au\NiOx_Au_scan_20V.csv
-17.05999947,1652.951083,NiOx,Au,..\raw_csv\type3_breakdown_Au\NiOx_Au_scan_20V.csv
-17.07999992,1652.950467,NiOx,Au,..\raw_csv\type3_breakdown_Au\NiOx_Au_scan_20V.csv
-17.10000038,1652.951329,NiOx,Au,..\raw_csv\type3_breakdown_Au\NiOx_Au_scan_20V.csv
-17.12000084,1652.950837,NiOx,Au,..\raw_csv\type3_breakdown_Au\NiOx_Au_scan_20V.csv
-17.13999939,1652.95096,NiOx,Au,..\raw_csv\type3_breakdown_Au\NiOx_Au_scan_20V.csv
-17.15999985,1652.950837,NiOx,Au,..\raw_csv\type3_breakdown_Au\NiOx_Au_scan_20V.csv
-17.18000031,1652.949975,NiOx,Au,..\raw_csv\type3_breakdown_Au\NiOx_Au_scan_20V.csv
-17.20000076,1652.949728,NiOx,Au,..\raw_csv\type3_breakdown_Au\NiOx_Au_scan_20V.csv
-17.21999931,1652.950098,NiOx,Au,..\raw_csv\type3_breakdown_Au\NiOx_Au_scan_20V.csv
-17.23999977,1652.950221,NiOx,Au,..\raw_csv\type3_breakdown_Au\NiOx_Au_scan_20V.csv
-17.26000023,1652.949728,NiOx,Au,..\raw_csv\type3_breakdown_Au\NiOx_Au_scan_20V.csv
-17.28000069,1652.95059,NiOx,Au,..\raw_csv\type3_breakdown_Au\NiOx_Au_scan_20V.csv
-17.29999924,1652.951329,NiOx,Au,..\raw_csv\type3_breakdown_Au\NiOx_Au_scan_20V.csv
-17.3199997,1652.949975,NiOx,Au,..\raw_csv\type3_breakdown_Au\NiOx_Au_scan_20V.csv
-17.34000015,1652.950344,NiOx,Au,..\raw_csv\type3_breakdown_Au\NiOx_Au_scan_20V.csv
-17.36000061,1652.949851,NiOx,Au,..\raw_csv\type3_breakdown_Au\NiOx_Au_scan_20V.csv
-17.37999916,1652.95059,NiOx,Au,..\raw_csv\type3_breakdown_Au\NiOx_Au_scan_20V.csv
-17.39999962,1652.949236,NiOx,Au,..\raw_csv\type3_breakdown_Au\NiOx_Au_scan_20V.csv
-17.42000008,1652.949975,NiOx,Au,..\raw_csv\type3_breakdown_Au\NiOx_Au_scan_20V.csv
-17.44000053,1652.950837,NiOx,Au,..\raw_csv\type3_breakdown_Au\NiOx_Au_scan_20V.csv
-17.45999908,1652.951083,NiOx,Au,..\raw_csv\type3_breakdown_Au\NiOx_Au_scan_20V.csv
-17.47999954,1652.949851,NiOx,Au,..\raw_csv\type3_breakdown_Au\NiOx_Au_scan_20V.csv
-17.5,1652.951452,NiOx,Au,..\raw_csv\type3_breakdown_Au\NiOx_Au_scan_20V.csv
-17.52000046,1652.949728,NiOx,Au,..\raw_csv\type3_breakdown_Au\NiOx_Au_scan_20V.csv
-17.54000092,1652.95096,NiOx,Au,..\raw_csv\type3_breakdown_Au\NiOx_Au_scan_20V.csv
-17.55999947,1652.948374,NiOx,Au,..\raw_csv\type3_breakdown_Au\NiOx_Au_scan_20V.csv
-17.57999992,1652.950837,NiOx,Au,..\raw_csv\type3_breakdown_Au\NiOx_Au_scan_20V.csv
-17.60000038,1652.948989,NiOx,Au,..\raw_csv\type3_breakdown_Au\NiOx_Au_scan_20V.csv
-17.62000084,1652.948743,NiOx,Au,..\raw_csv\type3_breakdown_Au\NiOx_Au_scan_20V.csv
-17.63999939,1652.950467,NiOx,Au,..\raw_csv\type3_breakdown_Au\NiOx_Au_scan_20V.csv
-17.65999985,1652.950837,NiOx,Au,..\raw_csv\type3_breakdown_Au\NiOx_Au_scan_20V.csv
-17.68000031,1652.950221,NiOx,Au,..\raw_csv\type3_breakdown_Au\NiOx_Au_scan_20V.csv
-17.70000076,1652.949975,NiOx,Au,..\raw_csv\type3_breakdown_Au\NiOx_Au_scan_20V.csv
-17.71999931,1652.95059,NiOx,Au,..\raw_csv\type3_breakdown_Au\NiOx_Au_scan_20V.csv
-17.73999977,1652.949975,NiOx,Au,..\raw_csv\type3_breakdown_Au\NiOx_Au_scan_20V.csv
-17.76000023,1652.949112,NiOx,Au,..\raw_csv\type3_breakdown_Au\NiOx_Au_scan_20V.csv
-17.78000069,1652.950837,NiOx,Au,..\raw_csv\type3_breakdown_Au\NiOx_Au_scan_20V.csv
-17.79999924,1652.950344,NiOx,Au,..\raw_csv\type3_breakdown_Au\NiOx_Au_scan_20V.csv
-17.8199997,1652.949728,NiOx,Au,..\raw_csv\type3_breakdown_Au\NiOx_Au_scan_20V.csv
-17.84000015,1652.950098,NiOx,Au,..\raw_csv\type3_breakdown_Au\NiOx_Au_scan_20V.csv
-17.86000061,1652.948989,NiOx,Au,..\raw_csv\type3_breakdown_Au\NiOx_Au_scan_20V.csv
-17.87999916,1652.949728,NiOx,Au,..\raw_csv\type3_breakdown_Au\NiOx_Au_scan_20V.csv
-17.89999962,1652.951452,NiOx,Au,..\raw_csv\type3_breakdown_Au\NiOx_Au_scan_20V.csv
-17.92000008,1652.949975,NiOx,Au,..\raw_csv\type3_breakdown_Au\NiOx_Au_scan_20V.csv
-17.94000053,1652.949728,NiOx,Au,..\raw_csv\type3_breakdown_Au\NiOx_Au_scan_20V.csv
-17.95999908,1652.949728,NiOx,Au,..\raw_csv\type3_breakdown_Au\NiOx_Au_scan_20V.csv
-17.97999954,1652.949482,NiOx,Au,..\raw_csv\type3_breakdown_Au\NiOx_Au_scan_20V.csv
-18.0,1652.949975,NiOx,Au,..\raw_csv\type3_breakdown_Au\NiOx_Au_scan_20V.csv
-18.02000046,1652.949728,NiOx,Au,..\raw_csv\type3_breakdown_Au\NiOx_Au_scan_20V.csv
-18.04000092,1652.949482,NiOx,Au,..\raw_csv\type3_breakdown_Au\NiOx_Au_scan_20V.csv
-18.05999947,1652.950837,NiOx,Au,..\raw_csv\type3_breakdown_Au\NiOx_Au_scan_20V.csv
-18.07999992,1652.949728,NiOx,Au,..\raw_csv\type3_breakdown_Au\NiOx_Au_scan_20V.csv
-18.10000038,1652.950221,NiOx,Au,..\raw_csv\type3_breakdown_Au\NiOx_Au_scan_20V.csv
-18.12000084,1652.950098,NiOx,Au,..\raw_csv\type3_breakdown_Au\NiOx_Au_scan_20V.csv
-18.13999939,1652.950221,NiOx,Au,..\raw_csv\type3_breakdown_Au\NiOx_Au_scan_20V.csv
-18.15999985,1652.949359,NiOx,Au,..\raw_csv\type3_breakdown_Au\NiOx_Au_scan_20V.csv
-18.18000031,1652.949851,NiOx,Au,..\raw_csv\type3_breakdown_Au\NiOx_Au_scan_20V.csv
-18.20000076,1652.949851,NiOx,Au,..\raw_csv\type3_breakdown_Au\NiOx_Au_scan_20V.csv
-18.21999931,1652.950467,NiOx,Au,..\raw_csv\type3_breakdown_Au\NiOx_Au_scan_20V.csv
-18.23999977,1652.949359,NiOx,Au,..\raw_csv\type3_breakdown_Au\NiOx_Au_scan_20V.csv
-18.26000023,1652.949975,NiOx,Au,..\raw_csv\type3_breakdown_Au\NiOx_Au_scan_20V.csv
-18.28000069,1652.948866,NiOx,Au,..\raw_csv\type3_breakdown_Au\NiOx_Au_scan_20V.csv
-18.29999924,1652.949482,NiOx,Au,..\raw_csv\type3_breakdown_Au\NiOx_Au_scan_20V.csv
-18.3199997,1652.949728,NiOx,Au,..\raw_csv\type3_breakdown_Au\NiOx_Au_scan_20V.csv
-18.34000015,1652.950837,NiOx,Au,..\raw_csv\type3_breakdown_Au\NiOx_Au_scan_20V.csv
-18.36000061,1652.949851,NiOx,Au,..\raw_csv\type3_breakdown_Au\NiOx_Au_scan_20V.csv
-18.37999916,1652.949112,NiOx,Au,..\raw_csv\type3_breakdown_Au\NiOx_Au_scan_20V.csv
-18.39999962,1652.949975,NiOx,Au,..\raw_csv\type3_breakdown_Au\NiOx_Au_scan_20V.csv
-18.42000008,1652.948743,NiOx,Au,..\raw_csv\type3_breakdown_Au\NiOx_Au_scan_20V.csv
-18.44000053,1652.949359,NiOx,Au,..\raw_csv\type3_breakdown_Au\NiOx_Au_scan_20V.csv
-18.45999908,1652.950098,NiOx,Au,..\raw_csv\type3_breakdown_Au\NiOx_Au_scan_20V.csv
-18.47999954,1652.949359,NiOx,Au,..\raw_csv\type3_breakdown_Au\NiOx_Au_scan_20V.csv
-18.5,1652.95059,NiOx,Au,..\raw_csv\type3_breakdown_Au\NiOx_Au_scan_20V.csv
-18.52000046,1652.948497,NiOx,Au,..\raw_csv\type3_breakdown_Au\NiOx_Au_scan_20V.csv
-18.54000092,1652.948866,NiOx,Au,..\raw_csv\type3_breakdown_Au\NiOx_Au_scan_20V.csv
-18.55999947,1652.949728,NiOx,Au,..\raw_csv\type3_breakdown_Au\NiOx_Au_scan_20V.csv
-18.57999992,1652.948374,NiOx,Au,..\raw_csv\type3_breakdown_Au\NiOx_Au_scan_20V.csv
-18.60000038,1652.949728,NiOx,Au,..\raw_csv\type3_breakdown_Au\NiOx_Au_scan_20V.csv
-18.62000084,1652.948374,NiOx,Au,..\raw_csv\type3_breakdown_Au\NiOx_Au_scan_20V.csv
-18.63999939,1652.949975,NiOx,Au,..\raw_csv\type3_breakdown_Au\NiOx_Au_scan_20V.csv
-18.65999985,1652.949112,NiOx,Au,..\raw_csv\type3_breakdown_Au\NiOx_Au_scan_20V.csv
-18.68000031,1652.950098,NiOx,Au,..\raw_csv\type3_breakdown_Au\NiOx_Au_scan_20V.csv
-18.70000076,1652.950098,NiOx,Au,..\raw_csv\type3_breakdown_Au\NiOx_Au_scan_20V.csv
-18.71999931,1652.948866,NiOx,Au,..\raw_csv\type3_breakdown_Au\NiOx_Au_scan_20V.csv
-18.73999977,1652.949851,NiOx,Au,..\raw_csv\type3_breakdown_Au\NiOx_Au_scan_20V.csv
-18.76000023,1652.949359,NiOx,Au,..\raw_csv\type3_breakdown_Au\NiOx_Au_scan_20V.csv
-18.78000069,1652.949112,NiOx,Au,..\raw_csv\type3_breakdown_Au\NiOx_Au_scan_20V.csv
-18.79999924,1652.948989,NiOx,Au,..\raw_csv\type3_breakdown_Au\NiOx_Au_scan_20V.csv
-18.8199997,1652.948497,NiOx,Au,..\raw_csv\type3_breakdown_Au\NiOx_Au_scan_20V.csv
-18.84000015,1652.948497,NiOx,Au,..\raw_csv\type3_breakdown_Au\NiOx_Au_scan_20V.csv
-18.86000061,1652.949482,NiOx,Au,..\raw_csv\type3_breakdown_Au\NiOx_Au_scan_20V.csv
-18.87999916,1652.949728,NiOx,Au,..\raw_csv\type3_breakdown_Au\NiOx_Au_scan_20V.csv
-18.89999962,1652.94825,NiOx,Au,..\raw_csv\type3_breakdown_Au\NiOx_Au_scan_20V.csv
-18.92000008,1652.94825,NiOx,Au,..\raw_csv\type3_breakdown_Au\NiOx_Au_scan_20V.csv
-18.94000053,1652.948743,NiOx,Au,..\raw_csv\type3_breakdown_Au\NiOx_Au_scan_20V.csv
-18.95999908,1652.949482,NiOx,Au,..\raw_csv\type3_breakdown_Au\NiOx_Au_scan_20V.csv
-18.97999954,1652.94825,NiOx,Au,..\raw_csv\type3_breakdown_Au\NiOx_Au_scan_20V.csv
-19.0,1652.949728,NiOx,Au,..\raw_csv\type3_breakdown_Au\NiOx_Au_scan_20V.csv
-19.02000046,1652.948127,NiOx,Au,..\raw_csv\type3_breakdown_Au\NiOx_Au_scan_20V.csv
-19.04000092,1652.948127,NiOx,Au,..\raw_csv\type3_breakdown_Au\NiOx_Au_scan_20V.csv
-19.05999947,1652.948497,NiOx,Au,..\raw_csv\type3_breakdown_Au\NiOx_Au_scan_20V.csv
-19.07999992,1652.949112,NiOx,Au,..\raw_csv\type3_breakdown_Au\NiOx_Au_scan_20V.csv
-19.10000038,1652.949482,NiOx,Au,..\raw_csv\type3_breakdown_Au\NiOx_Au_scan_20V.csv
-19.12000084,1652.948374,NiOx,Au,..\raw_csv\type3_breakdown_Au\NiOx_Au_scan_20V.csv
-19.13999939,1652.948497,NiOx,Au,..\raw_csv\type3_breakdown_Au\NiOx_Au_scan_20V.csv
-19.15999985,1652.950098,NiOx,Au,..\raw_csv\type3_breakdown_Au\NiOx_Au_scan_20V.csv
-19.18000031,1652.948374,NiOx,Au,..\raw_csv\type3_breakdown_Au\NiOx_Au_scan_20V.csv
-19.20000076,1652.948127,NiOx,Au,..\raw_csv\type3_breakdown_Au\NiOx_Au_scan_20V.csv
-19.21999931,1652.948866,NiOx,Au,..\raw_csv\type3_breakdown_Au\NiOx_Au_scan_20V.csv
-19.23999977,1652.947758,NiOx,Au,..\raw_csv\type3_breakdown_Au\NiOx_Au_scan_20V.csv
-19.26000023,1652.949975,NiOx,Au,..\raw_csv\type3_breakdown_Au\NiOx_Au_scan_20V.csv
-19.28000069,1652.948866,NiOx,Au,..\raw_csv\type3_breakdown_Au\NiOx_Au_scan_20V.csv
-19.29999924,1652.947881,NiOx,Au,..\raw_csv\type3_breakdown_Au\NiOx_Au_scan_20V.csv
-19.3199997,1652.947388,NiOx,Au,..\raw_csv\type3_breakdown_Au\NiOx_Au_scan_20V.csv
-19.34000015,1652.949482,NiOx,Au,..\raw_csv\type3_breakdown_Au\NiOx_Au_scan_20V.csv
-19.36000061,1652.949975,NiOx,Au,..\raw_csv\type3_breakdown_Au\NiOx_Au_scan_20V.csv
-19.37999916,1652.94825,NiOx,Au,..\raw_csv\type3_breakdown_Au\NiOx_Au_scan_20V.csv
-19.39999962,1652.948989,NiOx,Au,..\raw_csv\type3_breakdown_Au\NiOx_Au_scan_20V.csv
-19.42000008,1652.950344,NiOx,Au,..\raw_csv\type3_breakdown_Au\NiOx_Au_scan_20V.csv
-19.44000053,1652.948743,NiOx,Au,..\raw_csv\type3_breakdown_Au\NiOx_Au_scan_20V.csv
-19.45999908,1652.949112,NiOx,Au,..\raw_csv\type3_breakdown_Au\NiOx_Au_scan_20V.csv
-19.47999954,1652.94825,NiOx,Au,..\raw_csv\type3_breakdown_Au\NiOx_Au_scan_20V.csv
-19.5,1652.947635,NiOx,Au,..\raw_csv\type3_breakdown_Au\NiOx_Au_scan_20V.csv
-19.52000046,1652.948989,NiOx,Au,..\raw_csv\type3_breakdown_Au\NiOx_Au_scan_20V.csv
-19.54000092,1652.94825,NiOx,Au,..\raw_csv\type3_breakdown_Au\NiOx_Au_scan_20V.csv
-19.55999947,1652.948374,NiOx,Au,..\raw_csv\type3_breakdown_Au\NiOx_Au_scan_20V.csv
-19.57999992,1652.948374,NiOx,Au,..\raw_csv\type3_breakdown_Au\NiOx_Au_scan_20V.csv
-19.60000038,1652.948989,NiOx,Au,..\raw_csv\type3_breakdown_Au\NiOx_Au_scan_20V.csv
-19.62000084,1652.948374,NiOx,Au,..\raw_csv\type3_breakdown_Au\NiOx_Au_scan_20V.csv
-19.63999939,1652.947881,NiOx,Au,..\raw_csv\type3_breakdown_Au\NiOx_Au_scan_20V.csv
-19.65999985,1652.948866,NiOx,Au,..\raw_csv\type3_breakdown_Au\NiOx_Au_scan_20V.csv
-19.68000031,1652.947881,NiOx,Au,..\raw_csv\type3_breakdown_Au\NiOx_Au_scan_20V.csv
-19.70000076,1652.949359,NiOx,Au,..\raw_csv\type3_breakdown_Au\NiOx_Au_scan_20V.csv
-19.71999931,1652.947881,NiOx,Au,..\raw_csv\type3_breakdown_Au\NiOx_Au_scan_20V.csv
-19.73999977,1652.949482,NiOx,Au,..\raw_csv\type3_breakdown_Au\NiOx_Au_scan_20V.csv
-19.76000023,1652.948497,NiOx,Au,..\raw_csv\type3_breakdown_Au\NiOx_Au_scan_20V.csv
-19.78000069,1652.947758,NiOx,Au,..\raw_csv\type3_breakdown_Au\NiOx_Au_scan_20V.csv
-19.79999924,1652.949236,NiOx,Au,..\raw_csv\type3_breakdown_Au\NiOx_Au_scan_20V.csv
-19.8199997,1652.948989,NiOx,Au,..\raw_csv\type3_breakdown_Au\NiOx_Au_scan_20V.csv
-19.84000015,1652.948989,NiOx,Au,..\raw_csv\type3_breakdown_Au\NiOx_Au_scan_20V.csv
-19.86000061,1652.947758,NiOx,Au,..\raw_csv\type3_breakdown_Au\NiOx_Au_scan_20V.csv
-19.87999916,1652.948866,NiOx,Au,..\raw_csv\type3_breakdown_Au\NiOx_Au_scan_20V.csv
-19.89999962,1652.948374,NiOx,Au,..\raw_csv\type3_breakdown_Au\NiOx_Au_scan_20V.csv
-19.92000008,1652.948127,NiOx,Au,..\raw_csv\type3_breakdown_Au\NiOx_Au_scan_20V.csv
-19.94000053,1652.94825,NiOx,Au,..\raw_csv\type3_breakdown_Au\NiOx_Au_scan_20V.csv
-19.95999908,1652.947758,NiOx,Au,..\raw_csv\type3_breakdown_Au\NiOx_Au_scan_20V.csv
-19.97999954,1652.948497,NiOx,Au,..\raw_csv\type3_breakdown_Au\NiOx_Au_scan_20V.csv
-20.0,1652.947388,NiOx,Au,..\raw_csv\type3_breakdown_Au\NiOx_Au_scan_20V.csv
2.000499964,-24.99990187,PEDOT,Au,..\raw_csv\type3_breakdown_Au\PEDOT_Au_scan_20V.csv
1.980499983,-24.99872662,PEDOT,Au,..\raw_csv\type3_breakdown_Au\PEDOT_Au_scan_20V.csv
1.960500002,-24.99793129,PEDOT,Au,..\raw_csv\type3_breakdown_Au\PEDOT_Au_scan_20V.csv
1.940500021,-24.99757416,PEDOT,Au,..\raw_csv\type3_breakdown_Au\PEDOT_Au_scan_20V.csv
1.92050004,-24.99770587,PEDOT,Au,..\raw_csv\type3_breakdown_Au\PEDOT_Au_scan_20V.csv
1.900500059,-24.99859491,PEDOT,Au,..\raw_csv\type3_breakdown_Au\PEDOT_Au_scan_20V.csv
1.880499959,-24.99793889,PEDOT,Au,..\raw_csv\type3_breakdown_Au\PEDOT_Au_scan_20V.csv
1.860499978,-24.99849359,PEDOT,Au,..\raw_csv\type3_breakdown_Au\PEDOT_Au_scan_20V.csv
1.840499997,-24.99871142,PEDOT,Au,..\raw_csv\type3_breakdown_Au\PEDOT_Au_scan_20V.csv
1.820500016,-24.99815165,PEDOT,Au,..\raw_csv\type3_breakdown_Au\PEDOT_Au_scan_20V.csv
1.800500035,-24.99912935,PEDOT,Au,..\raw_csv\type3_breakdown_Au\PEDOT_Au_scan_20V.csv
1.780500054,-24.99794396,PEDOT,Au,..\raw_csv\type3_breakdown_Au\PEDOT_Au_scan_20V.csv
1.760499954,-24.99741965,PEDOT,Au,..\raw_csv\type3_breakdown_Au\PEDOT_Au_scan_20V.csv
1.740499973,-24.99928892,PEDOT,Au,..\raw_csv\type3_breakdown_Au\PEDOT_Au_scan_20V.csv
1.720499992,-24.99859744,PEDOT,Au,..\raw_csv\type3_breakdown_Au\PEDOT_Au_scan_20V.csv
1.700500011,-24.99814912,PEDOT,Au,..\raw_csv\type3_breakdown_Au\PEDOT_Au_scan_20V.csv
1.680500031,-24.99690801,PEDOT,Au,..\raw_csv\type3_breakdown_Au\PEDOT_Au_scan_20V.csv
1.66050005,-24.99851639,PEDOT,Au,..\raw_csv\type3_breakdown_Au\PEDOT_Au_scan_20V.csv
1.640499949,-24.99958273,PEDOT,Au,..\raw_csv\type3_breakdown_Au\PEDOT_Au_scan_20V.csv
1.620499969,-24.99725755,PEDOT,Au,..\raw_csv\type3_breakdown_Au\PEDOT_Au_scan_20V.csv
1.600499988,-24.99859744,PEDOT,Au,..\raw_csv\type3_breakdown_Au\PEDOT_Au_scan_20V.csv
1.580500007,-24.99802501,PEDOT,Au,..\raw_csv\type3_breakdown_Au\PEDOT_Au_scan_20V.csv
1.560500026,-24.99839987,PEDOT,Au,..\raw_csv\type3_breakdown_Au\PEDOT_Au_scan_20V.csv
1.540500045,-24.99729301,PEDOT,Au,..\raw_csv\type3_breakdown_Au\PEDOT_Au_scan_20V.csv
1.520499945,-24.99794902,PEDOT,Au,..\raw_csv\type3_breakdown_Au\PEDOT_Au_scan_20V.csv
1.500499964,-24.99705998,PEDOT,Au,..\raw_csv\type3_breakdown_Au\PEDOT_Au_scan_20V.csv
1.480499983,-24.99805794,PEDOT,Au,..\raw_csv\type3_breakdown_Au\PEDOT_Au_scan_20V.csv
1.460500002,-24.99848599,PEDOT,Au,..\raw_csv\type3_breakdown_Au\PEDOT_Au_scan_20V.csv
1.440500021,-24.99673071,PEDOT,Au,..\raw_csv\type3_breakdown_Au\PEDOT_Au_scan_20V.csv
1.42050004,-24.99673831,PEDOT,Au,..\raw_csv\type3_breakdown_Au\PEDOT_Au_scan_20V.csv
1.400500059,-24.99803007,PEDOT,Au,..\raw_csv\type3_breakdown_Au\PEDOT_Au_scan_20V.csv
1.380499959,-24.99915974,PEDOT,Au,..\raw_csv\type3_breakdown_Au\PEDOT_Au_scan_20V.csv
1.360499978,-24.99669525,PEDOT,Au,..\raw_csv\type3_breakdown_Au\PEDOT_Au_scan_20V.csv
1.340499997,-24.9969384,PEDOT,Au,..\raw_csv\type3_breakdown_Au\PEDOT_Au_scan_20V.csv
1.320500016,-24.99558078,PEDOT,Au,..\raw_csv\type3_breakdown_Au\PEDOT_Au_scan_20V.csv
1.300500035,-24.99804527,PEDOT,Au,..\raw_csv\type3_breakdown_Au\PEDOT_Au_scan_20V.csv
1.280500054,-24.99663446,PEDOT,Au,..\raw_csv\type3_breakdown_Au\PEDOT_Au_scan_20V.csv
1.260499954,-24.99750323,PEDOT,Au,..\raw_csv\type3_breakdown_Au\PEDOT_Au_scan_20V.csv
1.240499973,-24.99646475,PEDOT,Au,..\raw_csv\type3_breakdown_Au\PEDOT_Au_scan_20V.csv
1.220499992,-24.99739685,PEDOT,Au,..\raw_csv\type3_breakdown_Au\PEDOT_Au_scan_20V.csv
1.200500011,-24.99670285,PEDOT,Au,..\raw_csv\type3_breakdown_Au\PEDOT_Au_scan_20V.csv
1.180500031,-24.99717143,PEDOT,Au,..\raw_csv\type3_breakdown_Au\PEDOT_Au_scan_20V.csv
1.16050005,-24.99607469,PEDOT,Au,..\raw_csv\type3_breakdown_Au\PEDOT_Au_scan_20V.csv
1.140499949,-24.99584167,PEDOT,Au,..\raw_csv\type3_breakdown_Au\PEDOT_Au_scan_20V.csv
1.120499969,-24.99635837,PEDOT,Au,..\raw_csv\type3_breakdown_Au\PEDOT_Au_scan_20V.csv
1.100499988,-24.99748551,PEDOT,Au,..\raw_csv\type3_breakdown_Au\PEDOT_Au_scan_20V.csv
1.080500007,-24.99739432,PEDOT,Au,..\raw_csv\type3_breakdown_Au\PEDOT_Au_scan_20V.csv
1.060500026,-24.99618107,PEDOT,Au,..\raw_csv\type3_breakdown_Au\PEDOT_Au_scan_20V.csv
1.040500045,-21.86092725,PEDOT,Au,..\raw_csv\type3_breakdown_Au\PEDOT_Au_scan_20V.csv
1.020499945,-15.627867,PEDOT,Au,..\raw_csv\type3_breakdown_Au\PEDOT_Au_scan_20V.csv
1.000499964,-10.98780046,PEDOT,Au,..\raw_csv\type3_breakdown_Au\PEDOT_Au_scan_20V.csv
0.980499983,-7.469897914,PEDOT,Au,..\raw_csv\type3_breakdown_Au\PEDOT_Au_scan_20V.csv
0.960500002,-4.8850158,PEDOT,Au,..\raw_csv\type3_breakdown_Au\PEDOT_Au_scan_20V.csv
0.940500021,-3.074392161,PEDOT,Au,..\raw_csv\type3_breakdown_Au\PEDOT_Au_scan_20V.csv
0.92049998,-1.850892337,PEDOT,Au,..\raw_csv\type3_breakdown_Au\PEDOT_Au_scan_20V.csv
0.9005,-1.057942621,PEDOT,Au,..\raw_csv\type3_breakdown_Au\PEDOT_Au_scan_20V.csv
0.880500019,-0.608270841,PEDOT,Au,..\raw_csv\type3_breakdown_Au\PEDOT_Au_scan_20V.csv
0.860499978,-0.346433669,PEDOT,Au,..\raw_csv\type3_breakdown_Au\PEDOT_Au_scan_20V.csv
0.840499997,-0.187179838,PEDOT,Au,..\raw_csv\type3_breakdown_Au\PEDOT_Au_scan_20V.csv
0.820500016,-0.104868365,PEDOT,Au,..\raw_csv\type3_breakdown_Au\PEDOT_Au_scan_20V.csv
0.800499976,-0.060914789,PEDOT,Au,..\raw_csv\type3_breakdown_Au\PEDOT_Au_scan_20V.csv
0.780499995,-0.036542644,PEDOT,Au,..\raw_csv\type3_breakdown_Au\PEDOT_Au_scan_20V.csv
0.760500014,-0.022754621,PEDOT,Au,..\raw_csv\type3_breakdown_Au\PEDOT_Au_scan_20V.csv
0.740499973,-0.015093915,PEDOT,Au,..\raw_csv\type3_breakdown_Au\PEDOT_Au_scan_20V.csv
0.720499992,-0.00984094,PEDOT,Au,..\raw_csv\type3_breakdown_Au\PEDOT_Au_scan_20V.csv
0.700500011,-0.006818682,PEDOT,Au,..\raw_csv\type3_breakdown_Au\PEDOT_Au_scan_20V.csv
0.680499971,-0.00486159,PEDOT,Au,..\raw_csv\type3_breakdown_Au\PEDOT_Au_scan_20V.csv
0.66049999,-0.003567149,PEDOT,Au,..\raw_csv\type3_breakdown_Au\PEDOT_Au_scan_20V.csv
0.640500009,-0.002712386,PEDOT,Au,..\raw_csv\type3_breakdown_Au\PEDOT_Au_scan_20V.csv
0.620500028,-0.002099888,PEDOT,Au,..\raw_csv\type3_breakdown_Au\PEDOT_Au_scan_20V.csv
0.600499988,-0.001640502,PEDOT,Au,..\raw_csv\type3_breakdown_Au\PEDOT_Au_scan_20V.csv
0.580500007,-0.001285281,PEDOT,Au,..\raw_csv\type3_breakdown_Au\PEDOT_Au_scan_20V.csv
0.560500026,-0.001002802,PEDOT,Au,..\raw_csv\type3_breakdown_Au\PEDOT_Au_scan_20V.csv
0.540499985,-0.000762301,PEDOT,Au,..\raw_csv\type3_breakdown_Au\PEDOT_Au_scan_20V.csv
0.520500004,-0.000563661,PEDOT,Au,..\raw_csv\type3_breakdown_Au\PEDOT_Au_scan_20V.csv
0.500500023,-0.000409677,PEDOT,Au,..\raw_csv\type3_breakdown_Au\PEDOT_Au_scan_20V.csv
0.480500013,-0.000281696,PEDOT,Au,..\raw_csv\type3_breakdown_Au\PEDOT_Au_scan_20V.csv
0.460500002,-0.000183236,PEDOT,Au,..\raw_csv\type3_breakdown_Au\PEDOT_Au_scan_20V.csv
0.440499991,-0.000103806,PEDOT,Au,..\raw_csv\type3_breakdown_Au\PEDOT_Au_scan_20V.csv
0.42050001,-4.97e-05,PEDOT,Au,..\raw_csv\type3_breakdown_Au\PEDOT_Au_scan_20V.csv
0.4005,-8.07e-06,PEDOT,Au,..\raw_csv\type3_breakdown_Au\PEDOT_Au_scan_20V.csv
0.380499989,1.67e-05,PEDOT,Au,..\raw_csv\type3_breakdown_Au\PEDOT_Au_scan_20V.csv
0.360500008,3.49e-05,PEDOT,Au,..\raw_csv\type3_breakdown_Au\PEDOT_Au_scan_20V.csv
0.340499997,5.49e-05,PEDOT,Au,..\raw_csv\type3_breakdown_Au\PEDOT_Au_scan_20V.csv
0.320499986,6.53e-05,PEDOT,Au,..\raw_csv\type3_breakdown_Au\PEDOT_Au_scan_20V.csv
0.300500005,6.97e-05,PEDOT,Au,..\raw_csv\type3_breakdown_Au\PEDOT_Au_scan_20V.csv
0.280499995,7.31e-05,PEDOT,Au,..\raw_csv\type3_breakdown_Au\PEDOT_Au_scan_20V.csv
0.260500014,7.8e-05,PEDOT,Au,..\raw_csv\type3_breakdown_Au\PEDOT_Au_scan_20V.csv
0.240500003,8.28e-05,PEDOT,Au,..\raw_csv\type3_breakdown_Au\PEDOT_Au_scan_20V.csv
0.220500007,8.11e-05,PEDOT,Au,..\raw_csv\type3_breakdown_Au\PEDOT_Au_scan_20V.csv
0.200499997,8.3e-05,PEDOT,Au,..\raw_csv\type3_breakdown_Au\PEDOT_Au_scan_20V.csv
0.180500001,8.56e-05,PEDOT,Au,..\raw_csv\type3_breakdown_Au\PEDOT_Au_scan_20V.csv
0.160500005,8.84e-05,PEDOT,Au,..\raw_csv\type3_breakdown_Au\PEDOT_Au_scan_20V.csv
0.140499994,9.31e-05,PEDOT,Au,..\raw_csv\type3_breakdown_Au\PEDOT_Au_scan_20V.csv
0.120499998,9.27e-05,PEDOT,Au,..\raw_csv\type3_breakdown_Au\PEDOT_Au_scan_20V.csv
0.100500003,8.99e-05,PEDOT,Au,..\raw_csv\type3_breakdown_Au\PEDOT_Au_scan_20V.csv
0.080499999,9.44e-05,PEDOT,Au,..\raw_csv\type3_breakdown_Au\PEDOT_Au_scan_20V.csv
0.0605,9.91e-05,PEDOT,Au,..\raw_csv\type3_breakdown_Au\PEDOT_Au_scan_20V.csv
0.0405,9.87e-05,PEDOT,Au,..\raw_csv\type3_breakdown_Au\PEDOT_Au_scan_20V.csv
0.020500001,9.98e-05,PEDOT,Au,..\raw_csv\type3_breakdown_Au\PEDOT_Au_scan_20V.csv
0.0005,0.000107738,PEDOT,Au,..\raw_csv\type3_breakdown_Au\PEDOT_Au_scan_20V.csv
-0.0195,0.000103593,PEDOT,Au,..\raw_csv\type3_breakdown_Au\PEDOT_Au_scan_20V.csv
-0.039500002,0.000105117,PEDOT,Au,..\raw_csv\type3_breakdown_Au\PEDOT_Au_scan_20V.csv
-0.059500001,0.000109232,PEDOT,Au,..\raw_csv\type3_breakdown_Au\PEDOT_Au_scan_20V.csv
-0.079499997,0.000109163,PEDOT,Au,..\raw_csv\type3_breakdown_Au\PEDOT_Au_scan_20V.csv
-0.0995,0.000106569,PEDOT,Au,..\raw_csv\type3_breakdown_Au\PEDOT_Au_scan_20V.csv
-0.119499996,0.000117667,PEDOT,Au,..\raw_csv\type3_breakdown_Au\PEDOT_Au_scan_20V.csv
-0.139500007,0.000121501,PEDOT,Au,..\raw_csv\type3_breakdown_Au\PEDOT_Au_scan_20V.csv
-0.159500003,0.000125014,PEDOT,Au,..\raw_csv\type3_breakdown_Au\PEDOT_Au_scan_20V.csv
-0.179499999,0.000125312,PEDOT,Au,..\raw_csv\type3_breakdown_Au\PEDOT_Au_scan_20V.csv
-0.199499995,0.000131058,PEDOT,Au,..\raw_csv\type3_breakdown_Au\PEDOT_Au_scan_20V.csv
-0.219500005,0.000132733,PEDOT,Au,..\raw_csv\type3_breakdown_Au\PEDOT_Au_scan_20V.csv
-0.239500001,0.000138713,PEDOT,Au,..\raw_csv\type3_breakdown_Au\PEDOT_Au_scan_20V.csv
-0.259499997,0.000159085,PEDOT,Au,..\raw_csv\type3_breakdown_Au\PEDOT_Au_scan_20V.csv
-0.279500008,0.000168707,PEDOT,Au,..\raw_csv\type3_breakdown_Au\PEDOT_Au_scan_20V.csv
-0.299499989,0.00019055,PEDOT,Au,..\raw_csv\type3_breakdown_Au\PEDOT_Au_scan_20V.csv
-0.319499999,0.000241864,PEDOT,Au,..\raw_csv\type3_breakdown_Au\PEDOT_Au_scan_20V.csv
-0.33950001,0.000251508,PEDOT,Au,..\raw_csv\type3_breakdown_Au\PEDOT_Au_scan_20V.csv
-0.359499991,0.000294677,PEDOT,Au,..\raw_csv\type3_breakdown_Au\PEDOT_Au_scan_20V.csv
-0.379500002,0.000350178,PEDOT,Au,..\raw_csv\type3_breakdown_Au\PEDOT_Au_scan_20V.csv
-0.399500012,0.000423475,PEDOT,Au,..\raw_csv\type3_breakdown_Au\PEDOT_Au_scan_20V.csv
-0.419499993,0.000520487,PEDOT,Au,..\raw_csv\type3_breakdown_Au\PEDOT_Au_scan_20V.csv
-0.439500004,0.000643542,PEDOT,Au,..\raw_csv\type3_breakdown_Au\PEDOT_Au_scan_20V.csv
-0.459500015,0.000803174,PEDOT,Au,..\raw_csv\type3_breakdown_Au\PEDOT_Au_scan_20V.csv
-0.479499996,0.00100321,PEDOT,Au,..\raw_csv\type3_breakdown_Au\PEDOT_Au_scan_20V.csv
-0.499500006,0.001251994,PEDOT,Au,..\raw_csv\type3_breakdown_Au\PEDOT_Au_scan_20V.csv
-0.519500017,0.001556513,PEDOT,Au,..\raw_csv\type3_breakdown_Au\PEDOT_Au_scan_20V.csv
-0.539499998,0.001923969,PEDOT,Au,..\raw_csv\type3_breakdown_Au\PEDOT_Au_scan_20V.csv
-0.559499979,0.002353702,PEDOT,Au,..\raw_csv\type3_breakdown_Au\PEDOT_Au_scan_20V.csv
-0.57950002,0.002857487,PEDOT,Au,..\raw_csv\type3_breakdown_Au\PEDOT_Au_scan_20V.csv
-0.5995,0.003401598,PEDOT,Au,..\raw_csv\type3_breakdown_Au\PEDOT_Au_scan_20V.csv
-0.619499981,0.004031197,PEDOT,Au,..\raw_csv\type3_breakdown_Au\PEDOT_Au_scan_20V.csv
-0.639500022,0.004695604,PEDOT,Au,..\raw_csv\type3_breakdown_Au\PEDOT_Au_scan_20V.csv
-0.659500003,0.00543389,PEDOT,Au,..\raw_csv\type3_breakdown_Au\PEDOT_Au_scan_20V.csv
-0.679499984,0.006203908,PEDOT,Au,..\raw_csv\type3_breakdown_Au\PEDOT_Au_scan_20V.csv
-0.699500024,0.007015543,PEDOT,Au,..\raw_csv\type3_breakdown_Au\PEDOT_Au_scan_20V.csv
-0.719500005,0.007855575,PEDOT,Au,..\raw_csv\type3_breakdown_Au\PEDOT_Au_scan_20V.csv
-0.739499986,0.008736642,PEDOT,Au,..\raw_csv\type3_breakdown_Au\PEDOT_Au_scan_20V.csv
-0.759500027,0.009652092,PEDOT,Au,..\raw_csv\type3_breakdown_Au\PEDOT_Au_scan_20V.csv
-0.779500008,0.010569355,PEDOT,Au,..\raw_csv\type3_breakdown_Au\PEDOT_Au_scan_20V.csv
-0.799499989,0.011487002,PEDOT,Au,..\raw_csv\type3_breakdown_Au\PEDOT_Au_scan_20V.csv
-0.819500029,0.01245729,PEDOT,Au,..\raw_csv\type3_breakdown_Au\PEDOT_Au_scan_20V.csv
-0.83950001,0.013429029,PEDOT,Au,..\raw_csv\type3_breakdown_Au\PEDOT_Au_scan_20V.csv
-0.859499991,0.014435826,PEDOT,Au,..\raw_csv\type3_breakdown_Au\PEDOT_Au_scan_20V.csv
-0.879499972,0.015464678,PEDOT,Au,..\raw_csv\type3_breakdown_Au\PEDOT_Au_scan_20V.csv
-0.899500012,0.016519363,PEDOT,Au,..\raw_csv\type3_breakdown_Au\PEDOT_Au_scan_20V.csv
-0.919499993,0.017512768,PEDOT,Au,..\raw_csv\type3_breakdown_Au\PEDOT_Au_scan_20V.csv
-0.939499974,0.017015374,PEDOT,Au,..\raw_csv\type3_breakdown_Au\PEDOT_Au_scan_20V.csv
-0.959500015,0.016909989,PEDOT,Au,..\raw_csv\type3_breakdown_Au\PEDOT_Au_scan_20V.csv
-0.979499996,0.01801191,PEDOT,Au,..\raw_csv\type3_breakdown_Au\PEDOT_Au_scan_20V.csv
-0.999499977,0.018193589,PEDOT,Au,..\raw_csv\type3_breakdown_Au\PEDOT_Au_scan_20V.csv
-1.019500017,0.018238948,PEDOT,Au,..\raw_csv\type3_breakdown_Au\PEDOT_Au_scan_20V.csv
-1.039499998,0.019384416,PEDOT,Au,..\raw_csv\type3_breakdown_Au\PEDOT_Au_scan_20V.csv
-1.059499979,0.020531387,PEDOT,Au,..\raw_csv\type3_breakdown_Au\PEDOT_Au_scan_20V.csv
-1.07949996,0.022970756,PEDOT,Au,..\raw_csv\type3_breakdown_Au\PEDOT_Au_scan_20V.csv
-1.099499941,0.024538771,PEDOT,Au,..\raw_csv\type3_breakdown_Au\PEDOT_Au_scan_20V.csv
-1.119500041,0.026154759,PEDOT,Au,..\raw_csv\type3_breakdown_Au\PEDOT_Au_scan_20V.csv
-1.139500022,0.027753768,PEDOT,Au,..\raw_csv\type3_breakdown_Au\PEDOT_Au_scan_20V.csv
-1.159500003,0.029354552,PEDOT,Au,..\raw_csv\type3_breakdown_Au\PEDOT_Au_scan_20V.csv
-1.179499984,0.030973835,PEDOT,Au,..\raw_csv\type3_breakdown_Au\PEDOT_Au_scan_20V.csv
-1.199499965,0.032576583,PEDOT,Au,..\raw_csv\type3_breakdown_Au\PEDOT_Au_scan_20V.csv
-1.219499946,0.034186332,PEDOT,Au,..\raw_csv\type3_breakdown_Au\PEDOT_Au_scan_20V.csv
-1.239500046,0.035834778,PEDOT,Au,..\raw_csv\type3_breakdown_Au\PEDOT_Au_scan_20V.csv
-1.259500027,0.037479037,PEDOT,Au,..\raw_csv\type3_breakdown_Au\PEDOT_Au_scan_20V.csv
-1.279500008,0.039145893,PEDOT,Au,..\raw_csv\type3_breakdown_Au\PEDOT_Au_scan_20V.csv
-1.299499989,0.040851568,PEDOT,Au,..\raw_csv\type3_breakdown_Au\PEDOT_Au_scan_20V.csv
-1.319499969,0.042576174,PEDOT,Au,..\raw_csv\type3_breakdown_Au\PEDOT_Au_scan_20V.csv
-1.33949995,0.044378368,PEDOT,Au,..\raw_csv\type3_breakdown_Au\PEDOT_Au_scan_20V.csv
-1.359500051,0.046129747,PEDOT,Au,..\raw_csv\type3_breakdown_Au\PEDOT_Au_scan_20V.csv
-1.379500031,0.047840347,PEDOT,Au,..\raw_csv\type3_breakdown_Au\PEDOT_Au_scan_20V.csv
-1.399500012,0.049587452,PEDOT,Au,..\raw_csv\type3_breakdown_Au\PEDOT_Au_scan_20V.csv
-1.419499993,0.051372222,PEDOT,Au,..\raw_csv\type3_breakdown_Au\PEDOT_Au_scan_20V.csv
-1.439499974,0.053207943,PEDOT,Au,..\raw_csv\type3_breakdown_Au\PEDOT_Au_scan_20V.csv
-1.459499955,0.055045415,PEDOT,Au,..\raw_csv\type3_breakdown_Au\PEDOT_Au_scan_20V.csv
-1.479500055,0.056899218,PEDOT,Au,..\raw_csv\type3_breakdown_Au\PEDOT_Au_scan_20V.csv
-1.499500036,0.058802509,PEDOT,Au,..\raw_csv\type3_breakdown_Au\PEDOT_Au_scan_20V.csv
-1.519500017,0.060719678,PEDOT,Au,..\raw_csv\type3_breakdown_Au\PEDOT_Au_scan_20V.csv
-1.539499998,0.062658639,PEDOT,Au,..\raw_csv\type3_breakdown_Au\PEDOT_Au_scan_20V.csv
-1.559499979,0.064662415,PEDOT,Au,..\raw_csv\type3_breakdown_Au\PEDOT_Au_scan_20V.csv
-1.57949996,0.066642228,PEDOT,Au,..\raw_csv\type3_breakdown_Au\PEDOT_Au_scan_20V.csv
-1.599499941,0.068610969,PEDOT,Au,..\raw_csv\type3_breakdown_Au\PEDOT_Au_scan_20V.csv
-1.619500041,0.070739619,PEDOT,Au,..\raw_csv\type3_breakdown_Au\PEDOT_Au_scan_20V.csv
-1.639500022,0.072819911,PEDOT,Au,..\raw_csv\type3_breakdown_Au\PEDOT_Au_scan_20V.csv
-1.659500003,0.074945562,PEDOT,Au,..\raw_csv\type3_breakdown_Au\PEDOT_Au_scan_20V.csv
-1.679499984,0.077129154,PEDOT,Au,..\raw_csv\type3_breakdown_Au\PEDOT_Au_scan_20V.csv
-1.699499965,0.07933601,PEDOT,Au,..\raw_csv\type3_breakdown_Au\PEDOT_Au_scan_20V.csv
-1.719499946,0.081623207,PEDOT,Au,..\raw_csv\type3_breakdown_Au\PEDOT_Au_scan_20V.csv
-1.739500046,0.083871827,PEDOT,Au,..\raw_csv\type3_breakdown_Au\PEDOT_Au_scan_20V.csv
-1.759500027,0.086248125,PEDOT,Au,..\raw_csv\type3_breakdown_Au\PEDOT_Au_scan_20V.csv
-1.779500008,0.088642222,PEDOT,Au,..\raw_csv\type3_breakdown_Au\PEDOT_Au_scan_20V.csv
-1.799499989,0.091058086,PEDOT,Au,..\raw_csv\type3_breakdown_Au\PEDOT_Au_scan_20V.csv
-1.819499969,0.093587841,PEDOT,Au,..\raw_csv\type3_breakdown_Au\PEDOT_Au_scan_20V.csv
-1.83949995,0.096175596,PEDOT,Au,..\raw_csv\type3_breakdown_Au\PEDOT_Au_scan_20V.csv
-1.859500051,0.098677508,PEDOT,Au,..\raw_csv\type3_breakdown_Au\PEDOT_Au_scan_20V.csv
-1.879500031,0.101431621,PEDOT,Au,..\raw_csv\type3_breakdown_Au\PEDOT_Au_scan_20V.csv
-1.899500012,0.104124579,PEDOT,Au,..\raw_csv\type3_breakdown_Au\PEDOT_Au_scan_20V.csv
-1.919499993,0.106940589,PEDOT,Au,..\raw_csv\type3_breakdown_Au\PEDOT_Au_scan_20V.csv
-1.939499974,0.109857618,PEDOT,Au,..\raw_csv\type3_breakdown_Au\PEDOT_Au_scan_20V.csv
-1.959499955,0.112784055,PEDOT,Au,..\raw_csv\type3_breakdown_Au\PEDOT_Au_scan_20V.csv
-1.979500055,0.115811917,PEDOT,Au,..\raw_csv\type3_breakdown_Au\PEDOT_Au_scan_20V.csv
-1.999500036,0.118905416,PEDOT,Au,..\raw_csv\type3_breakdown_Au\PEDOT_Au_scan_20V.csv
-2.019500017,0.122050997,PEDOT,Au,..\raw_csv\type3_breakdown_Au\PEDOT_Au_scan_20V.csv
-2.039499998,0.125400387,PEDOT,Au,..\raw_csv\type3_breakdown_Au\PEDOT_Au_scan_20V.csv
-2.059499979,0.128741109,PEDOT,Au,..\raw_csv\type3_breakdown_Au\PEDOT_Au_scan_20V.csv
-2.07949996,0.132165466,PEDOT,Au,..\raw_csv\type3_breakdown_Au\PEDOT_Au_scan_20V.csv
-2.099499941,0.13562744,PEDOT,Au,..\raw_csv\type3_breakdown_Au\PEDOT_Au_scan_20V.csv
-2.119499922,0.139241574,PEDOT,Au,..\raw_csv\type3_breakdown_Au\PEDOT_Au_scan_20V.csv
-2.139499903,0.14296127,PEDOT,Au,..\raw_csv\type3_breakdown_Au\PEDOT_Au_scan_20V.csv
-2.159499884,0.146752033,PEDOT,Au,..\raw_csv\type3_breakdown_Au\PEDOT_Au_scan_20V.csv
-2.179500103,0.150710689,PEDOT,Au,..\raw_csv\type3_breakdown_Au\PEDOT_Au_scan_20V.csv
-2.199500084,0.154729442,PEDOT,Au,..\raw_csv\type3_breakdown_Au\PEDOT_Au_scan_20V.csv
-2.219500065,0.158844741,PEDOT,Au,..\raw_csv\type3_breakdown_Au\PEDOT_Au_scan_20V.csv
-2.239500046,0.163186535,PEDOT,Au,..\raw_csv\type3_breakdown_Au\PEDOT_Au_scan_20V.csv
-2.259500027,0.167652312,PEDOT,Au,..\raw_csv\type3_breakdown_Au\PEDOT_Au_scan_20V.csv
-2.279500008,0.17220489,PEDOT,Au,..\raw_csv\type3_breakdown_Au\PEDOT_Au_scan_20V.csv
-2.299499989,0.176846533,PEDOT,Au,..\raw_csv\type3_breakdown_Au\PEDOT_Au_scan_20V.csv
-2.319499969,0.181799741,PEDOT,Au,..\raw_csv\type3_breakdown_Au\PEDOT_Au_scan_20V.csv
-2.33949995,0.186794979,PEDOT,Au,..\raw_csv\type3_breakdown_Au\PEDOT_Au_scan_20V.csv
-2.359499931,0.192123964,PEDOT,Au,..\raw_csv\type3_breakdown_Au\PEDOT_Au_scan_20V.csv
-2.379499912,0.197815408,PEDOT,Au,..\raw_csv\type3_breakdown_Au\PEDOT_Au_scan_20V.csv
-2.399499893,0.203297375,PEDOT,Au,..\raw_csv\type3_breakdown_Au\PEDOT_Au_scan_20V.csv
-2.419500113,0.20920071,PEDOT,Au,..\raw_csv\type3_breakdown_Au\PEDOT_Au_scan_20V.csv
-2.439500093,0.215420773,PEDOT,Au,..\raw_csv\type3_breakdown_Au\PEDOT_Au_scan_20V.csv
-2.459500074,0.221648615,PEDOT,Au,..\raw_csv\type3_breakdown_Au\PEDOT_Au_scan_20V.csv
-2.479500055,0.226741824,PEDOT,Au,..\raw_csv\type3_breakdown_Au\PEDOT_Au_scan_20V.csv
-2.499500036,0.234953386,PEDOT,Au,..\raw_csv\type3_breakdown_Au\PEDOT_Au_scan_20V.csv
-2.519500017,0.24207757,PEDOT,Au,..\raw_csv\type3_breakdown_Au\PEDOT_Au_scan_20V.csv
-2.539499998,0.249832006,PEDOT,Au,..\raw_csv\type3_breakdown_Au\PEDOT_Au_scan_20V.csv
-2.559499979,0.257836703,PEDOT,Au,..\raw_csv\type3_breakdown_Au\PEDOT_Au_scan_20V.csv
-2.57949996,0.266454001,PEDOT,Au,..\raw_csv\type3_breakdown_Au\PEDOT_Au_scan_20V.csv
-2.599499941,0.27509916,PEDOT,Au,..\raw_csv\type3_breakdown_Au\PEDOT_Au_scan_20V.csv
-2.619499922,0.284385654,PEDOT,Au,..\raw_csv\type3_breakdown_Au\PEDOT_Au_scan_20V.csv
-2.639499903,0.294087322,PEDOT,Au,..\raw_csv\type3_breakdown_Au\PEDOT_Au_scan_20V.csv
-2.659499884,0.304039131,PEDOT,Au,..\raw_csv\type3_breakdown_Au\PEDOT_Au_scan_20V.csv
-2.679500103,0.314852359,PEDOT,Au,..\raw_csv\type3_breakdown_Au\PEDOT_Au_scan_20V.csv
-2.699500084,0.325803826,PEDOT,Au,..\raw_csv\type3_breakdown_Au\PEDOT_Au_scan_20V.csv
-2.719500065,0.337491135,PEDOT,Au,..\raw_csv\type3_breakdown_Au\PEDOT_Au_scan_20V.csv
-2.739500046,0.349958729,PEDOT,Au,..\raw_csv\type3_breakdown_Au\PEDOT_Au_scan_20V.csv
-2.759500027,0.363050796,PEDOT,Au,..\raw_csv\type3_breakdown_Au\PEDOT_Au_scan_20V.csv
-2.779500008,0.376262504,PEDOT,Au,..\raw_csv\type3_breakdown_Au\PEDOT_Au_scan_20V.csv
-2.799499989,0.390626197,PEDOT,Au,..\raw_csv\type3_breakdown_Au\PEDOT_Au_scan_20V.csv
-2.819499969,0.405870028,PEDOT,Au,..\raw_csv\type3_breakdown_Au\PEDOT_Au_scan_20V.csv
-2.83949995,0.421528379,PEDOT,Au,..\raw_csv\type3_breakdown_Au\PEDOT_Au_scan_20V.csv
-2.859499931,0.438036079,PEDOT,Au,..\raw_csv\type3_breakdown_Au\PEDOT_Au_scan_20V.csv
-2.879499912,0.455404996,PEDOT,Au,..\raw_csv\type3_breakdown_Au\PEDOT_Au_scan_20V.csv
-2.899499893,0.473226469,PEDOT,Au,..\raw_csv\type3_breakdown_Au\PEDOT_Au_scan_20V.csv
-2.919500113,0.492109219,PEDOT,Au,..\raw_csv\type3_breakdown_Au\PEDOT_Au_scan_20V.csv
-2.939500093,0.51195652,PEDOT,Au,..\raw_csv\type3_breakdown_Au\PEDOT_Au_scan_20V.csv
-2.959500074,0.533155868,PEDOT,Au,..\raw_csv\type3_breakdown_Au\PEDOT_Au_scan_20V.csv
-2.979500055,0.554982815,PEDOT,Au,..\raw_csv\type3_breakdown_Au\PEDOT_Au_scan_20V.csv
-2.999500036,0.57786918,PEDOT,Au,..\raw_csv\type3_breakdown_Au\PEDOT_Au_scan_20V.csv
-3.019500017,0.602596752,PEDOT,Au,..\raw_csv\type3_breakdown_Au\PEDOT_Au_scan_20V.csv
-3.039499998,0.627757247,PEDOT,Au,..\raw_csv\type3_breakdown_Au\PEDOT_Au_scan_20V.csv
-3.059499979,0.654782182,PEDOT,Au,..\raw_csv\type3_breakdown_Au\PEDOT_Au_scan_20V.csv
-3.07949996,0.683432515,PEDOT,Au,..\raw_csv\type3_breakdown_Au\PEDOT_Au_scan_20V.csv
-3.099499941,0.713459666,PEDOT,Au,..\raw_csv\type3_breakdown_Au\PEDOT_Au_scan_20V.csv
-3.119499922,0.745354975,PEDOT,Au,..\raw_csv\type3_breakdown_Au\PEDOT_Au_scan_20V.csv
-3.139499903,0.779413919,PEDOT,Au,..\raw_csv\type3_breakdown_Au\PEDOT_Au_scan_20V.csv
-3.159499884,0.815276433,PEDOT,Au,..\raw_csv\type3_breakdown_Au\PEDOT_Au_scan_20V.csv
-3.179500103,0.853908574,PEDOT,Au,..\raw_csv\type3_breakdown_Au\PEDOT_Au_scan_20V.csv
-3.199500084,0.89423165,PEDOT,Au,..\raw_csv\type3_breakdown_Au\PEDOT_Au_scan_20V.csv
-3.219500065,0.937023969,PEDOT,Au,..\raw_csv\type3_breakdown_Au\PEDOT_Au_scan_20V.csv
-3.239500046,0.98167297,PEDOT,Au,..\raw_csv\type3_breakdown_Au\PEDOT_Au_scan_20V.csv
-3.259500027,1.030534153,PEDOT,Au,..\raw_csv\type3_breakdown_Au\PEDOT_Au_scan_20V.csv
-3.279500008,1.08302068,PEDOT,Au,..\raw_csv\type3_breakdown_Au\PEDOT_Au_scan_20V.csv
-3.299499989,1.138362793,PEDOT,Au,..\raw_csv\type3_breakdown_Au\PEDOT_Au_scan_20V.csv
-3.319499969,1.197489665,PEDOT,Au,..\raw_csv\type3_breakdown_Au\PEDOT_Au_scan_20V.csv
-3.33949995,1.259766333,PEDOT,Au,..\raw_csv\type3_breakdown_Au\PEDOT_Au_scan_20V.csv
-3.359499931,1.32680735,PEDOT,Au,..\raw_csv\type3_breakdown_Au\PEDOT_Au_scan_20V.csv
-3.379499912,1.397439125,PEDOT,Au,..\raw_csv\type3_breakdown_Au\PEDOT_Au_scan_20V.csv
-3.399499893,1.472516579,PEDOT,Au,..\raw_csv\type3_breakdown_Au\PEDOT_Au_scan_20V.csv
-3.419500113,1.55478995,PEDOT,Au,..\raw_csv\type3_breakdown_Au\PEDOT_Au_scan_20V.csv
-3.439500093,1.641463253,PEDOT,Au,..\raw_csv\type3_breakdown_Au\PEDOT_Au_scan_20V.csv
-3.459500074,1.733519403,PEDOT,Au,..\raw_csv\type3_breakdown_Au\PEDOT_Au_scan_20V.csv
-3.479500055,1.833398358,PEDOT,Au,..\raw_csv\type3_breakdown_Au\PEDOT_Au_scan_20V.csv
-3.499500036,1.939750884,PEDOT,Au,..\raw_csv\type3_breakdown_Au\PEDOT_Au_scan_20V.csv
-3.519500017,2.051494646,PEDOT,Au,..\raw_csv\type3_breakdown_Au\PEDOT_Au_scan_20V.csv
-3.539499998,2.172221432,PEDOT,Au,..\raw_csv\type3_breakdown_Au\PEDOT_Au_scan_20V.csv
-3.559499979,2.318283046,PEDOT,Au,..\raw_csv\type3_breakdown_Au\PEDOT_Au_scan_20V.csv
-3.57949996,2.451451504,PEDOT,Au,..\raw_csv\type3_breakdown_Au\PEDOT_Au_scan_20V.csv
-3.599499941,2.595544279,PEDOT,Au,..\raw_csv\type3_breakdown_Au\PEDOT_Au_scan_20V.csv
-3.619499922,2.753534025,PEDOT,Au,..\raw_csv\type3_breakdown_Au\PEDOT_Au_scan_20V.csv
-3.639499903,2.918258068,PEDOT,Au,..\raw_csv\type3_breakdown_Au\PEDOT_Au_scan_20V.csv
-3.659499884,3.095790894,PEDOT,Au,..\raw_csv\type3_breakdown_Au\PEDOT_Au_scan_20V.csv
-3.679500103,3.281806338,PEDOT,Au,..\raw_csv\type3_breakdown_Au\PEDOT_Au_scan_20V.csv
-3.699500084,3.482104702,PEDOT,Au,..\raw_csv\type3_breakdown_Au\PEDOT_Au_scan_20V.csv
-3.719500065,3.694115742,PEDOT,Au,..\raw_csv\type3_breakdown_Au\PEDOT_Au_scan_20V.csv
-3.739500046,3.916717709,PEDOT,Au,..\raw_csv\type3_breakdown_Au\PEDOT_Au_scan_20V.csv
-3.759500027,4.154339348,PEDOT,Au,..\raw_csv\type3_breakdown_Au\PEDOT_Au_scan_20V.csv
-3.779500008,4.405630946,PEDOT,Au,..\raw_csv\type3_breakdown_Au\PEDOT_Au_scan_20V.csv
-3.799499989,4.67478126,PEDOT,Au,..\raw_csv\type3_breakdown_Au\PEDOT_Au_scan_20V.csv
-3.819499969,4.953988061,PEDOT,Au,..\raw_csv\type3_breakdown_Au\PEDOT_Au_scan_20V.csv
-3.83949995,5.257709039,PEDOT,Au,..\raw_csv\type3_breakdown_Au\PEDOT_Au_scan_20V.csv
-3.859499931,5.575150634,PEDOT,Au,..\raw_csv\type3_breakdown_Au\PEDOT_Au_scan_20V.csv
-3.879499912,5.907013192,PEDOT,Au,..\raw_csv\type3_breakdown_Au\PEDOT_Au_scan_20V.csv
-3.899499893,6.262120635,PEDOT,Au,..\raw_csv\type3_breakdown_Au\PEDOT_Au_scan_20V.csv
-3.919500113,6.637027613,PEDOT,Au,..\raw_csv\type3_breakdown_Au\PEDOT_Au_scan_20V.csv
-3.939500093,7.03122628,PEDOT,Au,..\raw_csv\type3_breakdown_Au\PEDOT_Au_scan_20V.csv
-3.959500074,7.448405783,PEDOT,Au,..\raw_csv\type3_breakdown_Au\PEDOT_Au_scan_20V.csv
-3.979500055,7.881113747,PEDOT,Au,..\raw_csv\type3_breakdown_Au\PEDOT_Au_scan_20V.csv
-3.999500036,8.341041955,PEDOT,Au,..\raw_csv\type3_breakdown_Au\PEDOT_Au_scan_20V.csv
-4.019499779,8.831845355,PEDOT,Au,..\raw_csv\type3_breakdown_Au\PEDOT_Au_scan_20V.csv
-4.039500237,9.340309902,PEDOT,Au,..\raw_csv\type3_breakdown_Au\PEDOT_Au_scan_20V.csv
-4.059500217,9.885614578,PEDOT,Au,..\raw_csv\type3_breakdown_Au\PEDOT_Au_scan_20V.csv
-4.079500198,10.450639,PEDOT,Au,..\raw_csv\type3_breakdown_Au\PEDOT_Au_scan_20V.csv
-4.099500179,11.04389745,PEDOT,Au,..\raw_csv\type3_breakdown_Au\PEDOT_Au_scan_20V.csv
-4.11950016,11.67504971,PEDOT,Au,..\raw_csv\type3_breakdown_Au\PEDOT_Au_scan_20V.csv
-4.139500141,12.33662441,PEDOT,Au,..\raw_csv\type3_breakdown_Au\PEDOT_Au_scan_20V.csv
-4.159500122,13.02165992,PEDOT,Au,..\raw_csv\type3_breakdown_Au\PEDOT_Au_scan_20V.csv
-4.179500103,13.74357672,PEDOT,Au,..\raw_csv\type3_breakdown_Au\PEDOT_Au_scan_20V.csv
-4.199500084,14.49419487,PEDOT,Au,..\raw_csv\type3_breakdown_Au\PEDOT_Au_scan_20V.csv
-4.219500065,15.29162319,PEDOT,Au,..\raw_csv\type3_breakdown_Au\PEDOT_Au_scan_20V.csv
-4.239500046,16.20133542,PEDOT,Au,..\raw_csv\type3_breakdown_Au\PEDOT_Au_scan_20V.csv
-4.259500027,17.0569377,PEDOT,Au,..\raw_csv\type3_breakdown_Au\PEDOT_Au_scan_20V.csv
-4.279500008,17.96316214,PEDOT,Au,..\raw_csv\type3_breakdown_Au\PEDOT_Au_scan_20V.csv
-4.299499989,18.91628036,PEDOT,Au,..\raw_csv\type3_breakdown_Au\PEDOT_Au_scan_20V.csv
-4.319499969,19.92625416,PEDOT,Au,..\raw_csv\type3_breakdown_Au\PEDOT_Au_scan_20V.csv
-4.33949995,20.95962546,PEDOT,Au,..\raw_csv\type3_breakdown_Au\PEDOT_Au_scan_20V.csv
-4.359499931,22.04852258,PEDOT,Au,..\raw_csv\type3_breakdown_Au\PEDOT_Au_scan_20V.csv
-4.379499912,23.37861967,PEDOT,Au,..\raw_csv\type3_breakdown_Au\PEDOT_Au_scan_20V.csv
-4.399499893,24.56532528,PEDOT,Au,..\raw_csv\type3_breakdown_Au\PEDOT_Au_scan_20V.csv
-4.419499874,24.99925346,PEDOT,Au,..\raw_csv\type3_breakdown_Au\PEDOT_Au_scan_20V.csv
-4.439499855,24.99923319,PEDOT,Au,..\raw_csv\type3_breakdown_Au\PEDOT_Au_scan_20V.csv
-4.459499836,24.99920787,PEDOT,Au,..\raw_csv\type3_breakdown_Au\PEDOT_Au_scan_20V.csv
-4.479499817,24.99935224,PEDOT,Au,..\raw_csv\type3_breakdown_Au\PEDOT_Au_scan_20V.csv
-4.499499798,24.99885579,PEDOT,Au,..\raw_csv\type3_breakdown_Au\PEDOT_Au_scan_20V.csv
-4.519499779,24.99893431,PEDOT,Au,..\raw_csv\type3_breakdown_Au\PEDOT_Au_scan_20V.csv
-4.539500237,24.99900777,PEDOT,Au,..\raw_csv\type3_breakdown_Au\PEDOT_Au_scan_20V.csv
-4.559500217,24.99912681,PEDOT,Au,..\raw_csv\type3_breakdown_Au\PEDOT_Au_scan_20V.csv
-4.579500198,24.99937757,PEDOT,Au,..\raw_csv\type3_breakdown_Au\PEDOT_Au_scan_20V.csv
-4.599500179,24.99948395,PEDOT,Au,..\raw_csv\type3_breakdown_Au\PEDOT_Au_scan_20V.csv
-4.61950016,24.99900017,PEDOT,Au,..\raw_csv\type3_breakdown_Au\PEDOT_Au_scan_20V.csv
-4.639500141,24.99912681,PEDOT,Au,..\raw_csv\type3_breakdown_Au\PEDOT_Au_scan_20V.csv
-4.659500122,24.99870889,PEDOT,Au,..\raw_csv\type3_breakdown_Au\PEDOT_Au_scan_20V.csv
-4.679500103,24.99908882,PEDOT,Au,..\raw_csv\type3_breakdown_Au\PEDOT_Au_scan_20V.csv
-4.699500084,24.99879247,PEDOT,Au,..\raw_csv\type3_breakdown_Au\PEDOT_Au_scan_20V.csv
-4.719500065,24.99896217,PEDOT,Au,..\raw_csv\type3_breakdown_Au\PEDOT_Au_scan_20V.csv
-4.739500046,24.99933451,PEDOT,Au,..\raw_csv\type3_breakdown_Au\PEDOT_Au_scan_20V.csv
-4.759500027,24.99907109,PEDOT,Au,..\raw_csv\type3_breakdown_Au\PEDOT_Au_scan_20V.csv
-4.779500008,24.99917494,PEDOT,Au,..\raw_csv\type3_breakdown_Au\PEDOT_Au_scan_20V.csv
-4.799499989,24.99923319,PEDOT,Au,..\raw_csv\type3_breakdown_Au\PEDOT_Au_scan_20V.csv
-4.819499969,24.99872155,PEDOT,Au,..\raw_csv\type3_breakdown_Au\PEDOT_Au_scan_20V.csv
-4.83949995,24.99907109,PEDOT,Au,..\raw_csv\type3_breakdown_Au\PEDOT_Au_scan_20V.csv
-4.859499931,24.99935224,PEDOT,Au,..\raw_csv\type3_breakdown_Au\PEDOT_Au_scan_20V.csv
-4.879499912,24.99894445,PEDOT,Au,..\raw_csv\type3_breakdown_Au\PEDOT_Au_scan_20V.csv
-4.899499893,24.99895711,PEDOT,Au,..\raw_csv\type3_breakdown_Au\PEDOT_Au_scan_20V.csv
-4.919499874,24.99871902,PEDOT,Au,..\raw_csv\type3_breakdown_Au\PEDOT_Au_scan_20V.csv
-4.939499855,24.99897737,PEDOT,Au,..\raw_csv\type3_breakdown_Au\PEDOT_Au_scan_20V.csv
-4.959499836,24.99895711,PEDOT,Au,..\raw_csv\type3_breakdown_Au\PEDOT_Au_scan_20V.csv
-4.979499817,24.99895458,PEDOT,Au,..\raw_csv\type3_breakdown_Au\PEDOT_Au_scan_20V.csv
-4.999499798,24.99852399,PEDOT,Au,..\raw_csv\type3_breakdown_Au\PEDOT_Au_scan_20V.csv
-5.019499779,24.99945355,PEDOT,Au,..\raw_csv\type3_breakdown_Au\PEDOT_Au_scan_20V.csv
-5.039500237,24.99887099,PEDOT,Au,..\raw_csv\type3_breakdown_Au\PEDOT_Au_scan_20V.csv
-5.059500217,24.99912681,PEDOT,Au,..\raw_csv\type3_breakdown_Au\PEDOT_Au_scan_20V.csv
-5.079500198,24.99930158,PEDOT,Au,..\raw_csv\type3_breakdown_Au\PEDOT_Au_scan_20V.csv
-5.099500179,24.9991724,PEDOT,Au,..\raw_csv\type3_breakdown_Au\PEDOT_Au_scan_20V.csv
-5.11950016,24.99914454,PEDOT,Au,..\raw_csv\type3_breakdown_Au\PEDOT_Au_scan_20V.csv
-5.139500141,24.99905589,PEDOT,Au,..\raw_csv\type3_breakdown_Au\PEDOT_Au_scan_20V.csv
-5.159500122,24.99907109,PEDOT,Au,..\raw_csv\type3_breakdown_Au\PEDOT_Au_scan_20V.csv
-5.179500103,24.99907615,PEDOT,Au,..\raw_csv\type3_breakdown_Au\PEDOT_Au_scan_20V.csv
-5.199500084,24.99883047,PEDOT,Au,..\raw_csv\type3_breakdown_Au\PEDOT_Au_scan_20V.csv
-5.219500065,24.99851385,PEDOT,Au,..\raw_csv\type3_breakdown_Au\PEDOT_Au_scan_20V.csv
-5.239500046,24.99940036,PEDOT,Au,..\raw_csv\type3_breakdown_Au\PEDOT_Au_scan_20V.csv
-5.259500027,24.9989951,PEDOT,Au,..\raw_csv\type3_breakdown_Au\PEDOT_Au_scan_20V.csv
-5.279500008,24.99900777,PEDOT,Au,..\raw_csv\type3_breakdown_Au\PEDOT_Au_scan_20V.csv
-5.299499989,24.99880007,PEDOT,Au,..\raw_csv\type3_breakdown_Au\PEDOT_Au_scan_20V.csv
-5.319499969,24.99915721,PEDOT,Au,..\raw_csv\type3_breakdown_Au\PEDOT_Au_scan_20V.csv
-5.33949995,24.99911415,PEDOT,Au,..\raw_csv\type3_breakdown_Au\PEDOT_Au_scan_20V.csv
-5.359499931,24.99911415,PEDOT,Au,..\raw_csv\type3_breakdown_Au\PEDOT_Au_scan_20V.csv
-5.379499912,24.99873928,PEDOT,Au,..\raw_csv\type3_breakdown_Au\PEDOT_Au_scan_20V.csv
-5.399499893,24.99910402,PEDOT,Au,..\raw_csv\type3_breakdown_Au\PEDOT_Au_scan_20V.csv
-5.419499874,24.99892165,PEDOT,Au,..\raw_csv\type3_breakdown_Au\PEDOT_Au_scan_20V.csv
-5.439499855,24.99908122,PEDOT,Au,..\raw_csv\type3_breakdown_Au\PEDOT_Au_scan_20V.csv
-5.459499836,24.99868862,PEDOT,Au,..\raw_csv\type3_breakdown_Au\PEDOT_Au_scan_20V.csv
-5.479499817,24.99867343,PEDOT,Au,..\raw_csv\type3_breakdown_Au\PEDOT_Au_scan_20V.csv
-5.499499798,24.99895711,PEDOT,Au,..\raw_csv\type3_breakdown_Au\PEDOT_Au_scan_20V.csv
-5.519499779,24.99932438,PEDOT,Au,..\raw_csv\type3_breakdown_Au\PEDOT_Au_scan_20V.csv
-5.539500237,24.99918254,PEDOT,Au,..\raw_csv\type3_breakdown_Au\PEDOT_Au_scan_20V.csv
-5.559500217,24.99877981,PEDOT,Au,..\raw_csv\type3_breakdown_Au\PEDOT_Au_scan_20V.csv
-5.579500198,24.99946369,PEDOT,Au,..\raw_csv\type3_breakdown_Au\PEDOT_Au_scan_20V.csv
-5.599500179,24.99908629,PEDOT,Au,..\raw_csv\type3_breakdown_Au\PEDOT_Au_scan_20V.csv
-5.61950016,24.9988482,PEDOT,Au,..\raw_csv\type3_breakdown_Au\PEDOT_Au_scan_20V.csv
-5.639500141,24.9993877,PEDOT,Au,..\raw_csv\type3_breakdown_Au\PEDOT_Au_scan_20V.csv
-5.659500122,24.99886593,PEDOT,Au,..\raw_csv\type3_breakdown_Au\PEDOT_Au_scan_20V.csv
-5.679500103,24.99891658,PEDOT,Au,..\raw_csv\type3_breakdown_Au\PEDOT_Au_scan_20V.csv
-5.699500084,24.99932944,PEDOT,Au,..\raw_csv\type3_breakdown_Au\PEDOT_Au_scan_20V.csv
-5.719500065,24.99902043,PEDOT,Au,..\raw_csv\type3_breakdown_Au\PEDOT_Au_scan_20V.csv
-5.739500046,24.999218,PEDOT,Au,..\raw_csv\type3_breakdown_Au\PEDOT_Au_scan_20V.csv
-5.759500027,24.99888366,PEDOT,Au,..\raw_csv\type3_breakdown_Au\PEDOT_Au_scan_20V.csv
-5.779500008,24.99908122,PEDOT,Au,..\raw_csv\type3_breakdown_Au\PEDOT_Au_scan_20V.csv
-5.799499989,24.99909895,PEDOT,Au,..\raw_csv\type3_breakdown_Au\PEDOT_Au_scan_20V.csv
-5.819499969,24.99945102,PEDOT,Au,..\raw_csv\type3_breakdown_Au\PEDOT_Au_scan_20V.csv
-5.83949995,24.99878234,PEDOT,Au,..\raw_csv\type3_breakdown_Au\PEDOT_Au_scan_20V.csv
-5.859499931,24.99880007,PEDOT,Au,..\raw_csv\type3_breakdown_Au\PEDOT_Au_scan_20V.csv
-5.879499912,24.99875448,PEDOT,Au,..\raw_csv\type3_breakdown_Au\PEDOT_Au_scan_20V.csv
-5.899499893,24.99942316,PEDOT,Au,..\raw_csv\type3_breakdown_Au\PEDOT_Au_scan_20V.csv
-5.919499874,24.99907615,PEDOT,Au,..\raw_csv\type3_breakdown_Au\PEDOT_Au_scan_20V.csv
-5.939499855,24.99892925,PEDOT,Au,..\raw_csv\type3_breakdown_Au\PEDOT_Au_scan_20V.csv
-5.959499836,24.99914454,PEDOT,Au,..\raw_csv\type3_breakdown_Au\PEDOT_Au_scan_20V.csv
-5.979499817,24.99897231,PEDOT,Au,..\raw_csv\type3_breakdown_Au\PEDOT_Au_scan_20V.csv
-5.999499798,24.99899004,PEDOT,Au,..\raw_csv\type3_breakdown_Au\PEDOT_Au_scan_20V.csv
-6.019499779,24.99882793,PEDOT,Au,..\raw_csv\type3_breakdown_Au\PEDOT_Au_scan_20V.csv
-6.039500237,24.99878487,PEDOT,Au,..\raw_csv\type3_breakdown_Au\PEDOT_Au_scan_20V.csv
-6.059500217,24.99880007,PEDOT,Au,..\raw_csv\type3_breakdown_Au\PEDOT_Au_scan_20V.csv
-6.079500198,24.99894445,PEDOT,Au,..\raw_csv\type3_breakdown_Au\PEDOT_Au_scan_20V.csv
-6.099500179,24.99893431,PEDOT,Au,..\raw_csv\type3_breakdown_Au\PEDOT_Au_scan_20V.csv
-6.11950016,24.99895711,PEDOT,Au,..\raw_csv\type3_breakdown_Au\PEDOT_Au_scan_20V.csv
-6.139500141,24.99891405,PEDOT,Au,..\raw_csv\type3_breakdown_Au\PEDOT_Au_scan_20V.csv
-6.159500122,24.99905336,PEDOT,Au,..\raw_csv\type3_breakdown_Au\PEDOT_Au_scan_20V.csv
-6.179500103,24.99908375,PEDOT,Au,..\raw_csv\type3_breakdown_Au\PEDOT_Au_scan_20V.csv
-6.199500084,24.99929398,PEDOT,Au,..\raw_csv\type3_breakdown_Au\PEDOT_Au_scan_20V.csv
-6.219500065,24.99920027,PEDOT,Au,..\raw_csv\type3_breakdown_Au\PEDOT_Au_scan_20V.csv
-6.239500046,24.99866836,PEDOT,Au,..\raw_csv\type3_breakdown_Au\PEDOT_Au_scan_20V.csv
-6.259500027,24.99902043,PEDOT,Au,..\raw_csv\type3_breakdown_Au\PEDOT_Au_scan_20V.csv
-6.279500008,24.99914708,PEDOT,Au,..\raw_csv\type3_breakdown_Au\PEDOT_Au_scan_20V.csv
-6.299499989,24.99890645,PEDOT,Au,..\raw_csv\type3_breakdown_Au\PEDOT_Au_scan_20V.csv
-6.319499969,24.99922813,PEDOT,Au,..\raw_csv\type3_breakdown_Au\PEDOT_Au_scan_20V.csv
-6.33949995,24.99916227,PEDOT,Au,..\raw_csv\type3_breakdown_Au\PEDOT_Au_scan_20V.csv
-6.359499931,24.99915214,PEDOT,Au,..\raw_csv\type3_breakdown_Au\PEDOT_Au_scan_20V.csv
-6.379499912,24.99914708,PEDOT,Au,..\raw_csv\type3_breakdown_Au\PEDOT_Au_scan_20V.csv
-6.399499893,24.99920533,PEDOT,Au,..\raw_csv\type3_breakdown_Au\PEDOT_Au_scan_20V.csv
-6.419499874,24.99931425,PEDOT,Au,..\raw_csv\type3_breakdown_Au\PEDOT_Au_scan_20V.csv
-6.439499855,24.99922813,PEDOT,Au,..\raw_csv\type3_breakdown_Au\PEDOT_Au_scan_20V.csv
-6.459499836,24.99904323,PEDOT,Au,..\raw_csv\type3_breakdown_Au\PEDOT_Au_scan_20V.csv
-6.479499817,24.99918254,PEDOT,Au,..\raw_csv\type3_breakdown_Au\PEDOT_Au_scan_20V.csv
-6.499499798,24.99894445,PEDOT,Au,..\raw_csv\type3_breakdown_Au\PEDOT_Au_scan_20V.csv
-6.519499779,24.99859744,PEDOT,Au,..\raw_csv\type3_breakdown_Au\PEDOT_Au_scan_20V.csv
-6.539500237,24.99912428,PEDOT,Au,..\raw_csv\type3_breakdown_Au\PEDOT_Au_scan_20V.csv
-6.559500217,24.99877221,PEDOT,Au,..\raw_csv\type3_breakdown_Au\PEDOT_Au_scan_20V.csv
-6.579500198,24.99949915,PEDOT,Au,..\raw_csv\type3_breakdown_Au\PEDOT_Au_scan_20V.csv
-6.599500179,24.99891912,PEDOT,Au,..\raw_csv\type3_breakdown_Au\PEDOT_Au_scan_20V.csv
-6.61950016,24.99915721,PEDOT,Au,..\raw_csv\type3_breakdown_Au\PEDOT_Au_scan_20V.csv
-6.639500141,24.99887099,PEDOT,Au,..\raw_csv\type3_breakdown_Au\PEDOT_Au_scan_20V.csv
-6.659500122,24.99924586,PEDOT,Au,..\raw_csv\type3_breakdown_Au\PEDOT_Au_scan_20V.csv
-6.679500103,24.99945355,PEDOT,Au,..\raw_csv\type3_breakdown_Au\PEDOT_Au_scan_20V.csv
-6.699500084,24.99908629,PEDOT,Au,..\raw_csv\type3_breakdown_Au\PEDOT_Au_scan_20V.csv
-6.719500065,24.99867343,PEDOT,Au,..\raw_csv\type3_breakdown_Au\PEDOT_Au_scan_20V.csv
-6.739500046,24.99913948,PEDOT,Au,..\raw_csv\type3_breakdown_Au\PEDOT_Au_scan_20V.csv
-6.759500027,24.99912935,PEDOT,Au,..\raw_csv\type3_breakdown_Au\PEDOT_Au_scan_20V.csv
-6.779500008,24.9991876,PEDOT,Au,..\raw_csv\type3_breakdown_Au\PEDOT_Au_scan_20V.csv
-6.799499989,24.99877981,PEDOT,Au,..\raw_csv\type3_breakdown_Au\PEDOT_Au_scan_20V.csv
-6.819499969,24.99929145,PEDOT,Au,..\raw_csv\type3_breakdown_Au\PEDOT_Au_scan_20V.csv
-6.83949995,24.99908882,PEDOT,Au,..\raw_csv\type3_breakdown_Au\PEDOT_Au_scan_20V.csv
-6.859499931,24.99934971,PEDOT,Au,..\raw_csv\type3_breakdown_Au\PEDOT_Au_scan_20V.csv
-6.879499912,24.99931678,PEDOT,Au,..\raw_csv\type3_breakdown_Au\PEDOT_Au_scan_20V.csv
-6.899499893,24.9989875,PEDOT,Au,..\raw_csv\type3_breakdown_Au\PEDOT_Au_scan_20V.csv
-6.919499874,24.99925599,PEDOT,Au,..\raw_csv\type3_breakdown_Au\PEDOT_Au_scan_20V.csv
-6.939499855,24.99925092,PEDOT,Au,..\raw_csv\type3_breakdown_Au\PEDOT_Au_scan_20V.csv
-6.959499836,24.99939023,PEDOT,Au,..\raw_csv\type3_breakdown_Au\PEDOT_Au_scan_20V.csv
-6.979499817,24.99924839,PEDOT,Au,..\raw_csv\type3_breakdown_Au\PEDOT_Au_scan_20V.csv
-6.999499798,24.99913694,PEDOT,Au,..\raw_csv\type3_breakdown_Au\PEDOT_Au_scan_20V.csv
-7.019499779,24.99891912,PEDOT,Au,..\raw_csv\type3_breakdown_Au\PEDOT_Au_scan_20V.csv
-7.039500237,24.99930158,PEDOT,Au,..\raw_csv\type3_breakdown_Au\PEDOT_Au_scan_20V.csv
-7.059500217,24.99907869,PEDOT,Au,..\raw_csv\type3_breakdown_Au\PEDOT_Au_scan_20V.csv
-7.079500198,24.9991876,PEDOT,Au,..\raw_csv\type3_breakdown_Au\PEDOT_Au_scan_20V.csv
-7.099500179,24.99932438,PEDOT,Au,..\raw_csv\type3_breakdown_Au\PEDOT_Au_scan_20V.csv
-7.11950016,24.99875448,PEDOT,Au,..\raw_csv\type3_breakdown_Au\PEDOT_Au_scan_20V.csv
-7.139500141,24.99908882,PEDOT,Au,..\raw_csv\type3_breakdown_Au\PEDOT_Au_scan_20V.csv
-7.159500122,24.99895458,PEDOT,Au,..\raw_csv\type3_breakdown_Au\PEDOT_Au_scan_20V.csv
-7.179500103,24.99933957,PEDOT,Au,..\raw_csv\type3_breakdown_Au\PEDOT_Au_scan_20V.csv
-7.199500084,24.99924079,PEDOT,Au,..\raw_csv\type3_breakdown_Au\PEDOT_Au_scan_20V.csv
-7.219500065,24.99890139,PEDOT,Au,..\raw_csv\type3_breakdown_Au\PEDOT_Au_scan_20V.csv
-7.239500046,24.99942823,PEDOT,Au,..\raw_csv\type3_breakdown_Au\PEDOT_Au_scan_20V.csv
-7.259500027,24.99917747,PEDOT,Au,..\raw_csv\type3_breakdown_Au\PEDOT_Au_scan_20V.csv
-7.279500008,24.99905336,PEDOT,Au,..\raw_csv\type3_breakdown_Au\PEDOT_Au_scan_20V.csv
-7.299499989,24.99915467,PEDOT,Au,..\raw_csv\type3_breakdown_Au\PEDOT_Au_scan_20V.csv
-7.319499969,24.99952954,PEDOT,Au,..\raw_csv\type3_breakdown_Au\PEDOT_Au_scan_20V.csv
-7.33949995,24.99959033,PEDOT,Au,..\raw_csv\type3_breakdown_Au\PEDOT_Au_scan_20V.csv
-7.359499931,24.9991724,PEDOT,Au,..\raw_csv\type3_breakdown_Au\PEDOT_Au_scan_20V.csv
-7.379499912,24.99942063,PEDOT,Au,..\raw_csv\type3_breakdown_Au\PEDOT_Au_scan_20V.csv
-7.399499893,24.99915214,PEDOT,Au,..\raw_csv\type3_breakdown_Au\PEDOT_Au_scan_20V.csv
-7.419499874,24.99947635,PEDOT,Au,..\raw_csv\type3_breakdown_Au\PEDOT_Au_scan_20V.csv
-7.439499855,24.99934717,PEDOT,Au,..\raw_csv\type3_breakdown_Au\PEDOT_Au_scan_20V.csv
-7.459499836,24.99920027,PEDOT,Au,..\raw_csv\type3_breakdown_Au\PEDOT_Au_scan_20V.csv
-7.479499817,24.99937757,PEDOT,Au,..\raw_csv\type3_breakdown_Au\PEDOT_Au_scan_20V.csv
-7.499499798,24.99915974,PEDOT,Au,..\raw_csv\type3_breakdown_Au\PEDOT_Au_scan_20V.csv
-7.519499779,24.9995498,PEDOT,Au,..\raw_csv\type3_breakdown_Au\PEDOT_Au_scan_20V.csv
-7.539500237,24.99949661,PEDOT,Au,..\raw_csv\type3_breakdown_Au\PEDOT_Au_scan_20V.csv
-7.559500217,24.99952701,PEDOT,Au,..\raw_csv\type3_breakdown_Au\PEDOT_Au_scan_20V.csv
-7.579500198,24.99931931,PEDOT,Au,..\raw_csv\type3_breakdown_Au\PEDOT_Au_scan_20V.csv
-7.599500179,24.99920787,PEDOT,Au,..\raw_csv\type3_breakdown_Au\PEDOT_Au_scan_20V.csv
-7.61950016,24.99907869,PEDOT,Au,..\raw_csv\type3_breakdown_Au\PEDOT_Au_scan_20V.csv
-7.639500141,24.99897991,PEDOT,Au,..\raw_csv\type3_breakdown_Au\PEDOT_Au_scan_20V.csv
-7.659500122,24.99901537,PEDOT,Au,..\raw_csv\type3_breakdown_Au\PEDOT_Au_scan_20V.csv
-7.679500103,24.99946115,PEDOT,Au,..\raw_csv\type3_breakdown_Au\PEDOT_Au_scan_20V.csv
-7.699500084,24.99902803,PEDOT,Au,..\raw_csv\type3_breakdown_Au\PEDOT_Au_scan_20V.csv
-7.719500065,24.99953967,PEDOT,Au,..\raw_csv\type3_breakdown_Au\PEDOT_Au_scan_20V.csv
-7.739500046,24.99938517,PEDOT,Au,..\raw_csv\type3_breakdown_Au\PEDOT_Au_scan_20V.csv
-7.759500027,24.99945102,PEDOT,Au,..\raw_csv\type3_breakdown_Au\PEDOT_Au_scan_20V.csv
-7.779500008,24.9990027,PEDOT,Au,..\raw_csv\type3_breakdown_Au\PEDOT_Au_scan_20V.csv
-7.799499989,24.99930158,PEDOT,Au,..\raw_csv\type3_breakdown_Au\PEDOT_Au_scan_20V.csv
-7.819499969,24.99904829,PEDOT,Au,..\raw_csv\type3_breakdown_Au\PEDOT_Au_scan_20V.csv
-7.83949995,24.99936744,PEDOT,Au,..\raw_csv\type3_breakdown_Au\PEDOT_Au_scan_20V.csv
-7.859499931,24.99912175,PEDOT,Au,..\raw_csv\type3_breakdown_Au\PEDOT_Au_scan_20V.csv
-7.879499912,24.99933451,PEDOT,Au,..\raw_csv\type3_breakdown_Au\PEDOT_Au_scan_20V.csv
-7.899499893,24.99922813,PEDOT,Au,..\raw_csv\type3_breakdown_Au\PEDOT_Au_scan_20V.csv
-7.919499874,24.999565,PEDOT,Au,..\raw_csv\type3_breakdown_Au\PEDOT_Au_scan_20V.csv
-7.939499855,24.99931931,PEDOT,Au,..\raw_csv\type3_breakdown_Au\PEDOT_Au_scan_20V.csv
-7.959499836,24.99951688,PEDOT,Au,..\raw_csv\type3_breakdown_Au\PEDOT_Au_scan_20V.csv
-7.979499817,24.99900523,PEDOT,Au,..\raw_csv\type3_breakdown_Au\PEDOT_Au_scan_20V.csv
-7.999499798,24.99938517,PEDOT,Au,..\raw_csv\type3_breakdown_Au\PEDOT_Au_scan_20V.csv
-8.019499779,24.99961059,PEDOT,Au,..\raw_csv\type3_breakdown_Au\PEDOT_Au_scan_20V.csv
-8.039500237,24.99886593,PEDOT,Au,..\raw_csv\type3_breakdown_Au\PEDOT_Au_scan_20V.csv
-8.059499741,24.99946622,PEDOT,Au,..\raw_csv\type3_breakdown_Au\PEDOT_Au_scan_20V.csv
-8.079500198,24.99931425,PEDOT,Au,..\raw_csv\type3_breakdown_Au\PEDOT_Au_scan_20V.csv
-8.099499702,25.00001332,PEDOT,Au,..\raw_csv\type3_breakdown_Au\PEDOT_Au_scan_20V.csv
-8.11950016,24.99951941,PEDOT,Au,..\raw_csv\type3_breakdown_Au\PEDOT_Au_scan_20V.csv
-8.139499664,24.99937757,PEDOT,Au,..\raw_csv\type3_breakdown_Au\PEDOT_Au_scan_20V.csv
-8.159500122,24.99920787,PEDOT,Au,..\raw_csv\type3_breakdown_Au\PEDOT_Au_scan_20V.csv
-8.179499626,24.99941809,PEDOT,Au,..\raw_csv\type3_breakdown_Au\PEDOT_Au_scan_20V.csv
-8.199500084,24.99952954,PEDOT,Au,..\raw_csv\type3_breakdown_Au\PEDOT_Au_scan_20V.csv
-8.219499588,24.99935224,PEDOT,Au,..\raw_csv\type3_breakdown_Au\PEDOT_Au_scan_20V.csv
-8.239500046,24.99929905,PEDOT,Au,..\raw_csv\type3_breakdown_Au\PEDOT_Au_scan_20V.csv
-8.25949955,24.99922813,PEDOT,Au,..\raw_csv\type3_breakdown_Au\PEDOT_Au_scan_20V.csv
-8.279500008,24.99936237,PEDOT,Au,..\raw_csv\type3_breakdown_Au\PEDOT_Au_scan_20V.csv
-8.299500465,24.99906856,PEDOT,Au,..\raw_csv\type3_breakdown_Au\PEDOT_Au_scan_20V.csv
-8.319499969,24.99937757,PEDOT,Au,..\raw_csv\type3_breakdown_Au\PEDOT_Au_scan_20V.csv
-8.339500427,24.99913441,PEDOT,Au,..\raw_csv\type3_breakdown_Au\PEDOT_Au_scan_20V.csv
-8.359499931,24.99946875,PEDOT,Au,..\raw_csv\type3_breakdown_Au\PEDOT_Au_scan_20V.csv
-8.379500389,24.99948395,PEDOT,Au,..\raw_csv\type3_breakdown_Au\PEDOT_Au_scan_20V.csv
-8.399499893,24.99924079,PEDOT,Au,..\raw_csv\type3_breakdown_Au\PEDOT_Au_scan_20V.csv
-8.419500351,24.99946875,PEDOT,Au,..\raw_csv\type3_breakdown_Au\PEDOT_Au_scan_20V.csv
-8.439499855,24.99919773,PEDOT,Au,..\raw_csv\type3_breakdown_Au\PEDOT_Au_scan_20V.csv
-8.459500313,24.99920027,PEDOT,Au,..\raw_csv\type3_breakdown_Au\PEDOT_Au_scan_20V.csv
-8.479499817,24.99913188,PEDOT,Au,..\raw_csv\type3_breakdown_Au\PEDOT_Au_scan_20V.csv
-8.499500275,24.99969924,PEDOT,Au,..\raw_csv\type3_breakdown_Au\PEDOT_Au_scan_20V.csv
-8.519499779,24.99922306,PEDOT,Au,..\raw_csv\type3_breakdown_Au\PEDOT_Au_scan_20V.csv
-8.539500237,24.99913188,PEDOT,Au,..\raw_csv\type3_breakdown_Au\PEDOT_Au_scan_20V.csv
-8.559499741,24.99947128,PEDOT,Au,..\raw_csv\type3_breakdown_Au\PEDOT_Au_scan_20V.csv
-8.579500198,24.99956247,PEDOT,Au,..\raw_csv\type3_breakdown_Au\PEDOT_Au_scan_20V.csv
-8.599499702,24.99928638,PEDOT,Au,..\raw_csv\type3_breakdown_Au\PEDOT_Au_scan_20V.csv
-8.61950016,24.9989875,PEDOT,Au,..\raw_csv\type3_breakdown_Au\PEDOT_Au_scan_20V.csv
-8.639499664,24.99926359,PEDOT,Au,..\raw_csv\type3_breakdown_Au\PEDOT_Au_scan_20V.csv
-8.659500122,24.99905589,PEDOT,Au,..\raw_csv\type3_breakdown_Au\PEDOT_Au_scan_20V.csv
-8.679499626,24.99941049,PEDOT,Au,..\raw_csv\type3_breakdown_Au\PEDOT_Au_scan_20V.csv
-8.699500084,24.99916987,PEDOT,Au,..\raw_csv\type3_breakdown_Au\PEDOT_Au_scan_20V.csv
-8.719499588,24.99920027,PEDOT,Au,..\raw_csv\type3_breakdown_Au\PEDOT_Au_scan_20V.csv
-8.739500046,24.9992028,PEDOT,Au,..\raw_csv\type3_breakdown_Au\PEDOT_Au_scan_20V.csv
-8.75949955,24.99900017,PEDOT,Au,..\raw_csv\type3_breakdown_Au\PEDOT_Au_scan_20V.csv
-8.779500008,24.99950421,PEDOT,Au,..\raw_csv\type3_breakdown_Au\PEDOT_Au_scan_20V.csv
-8.799500465,24.99947635,PEDOT,Au,..\raw_csv\type3_breakdown_Au\PEDOT_Au_scan_20V.csv
-8.819499969,24.99955993,PEDOT,Au,..\raw_csv\type3_breakdown_Au\PEDOT_Au_scan_20V.csv
-8.839500427,24.99922306,PEDOT,Au,..\raw_csv\type3_breakdown_Au\PEDOT_Au_scan_20V.csv
-8.859499931,24.99912681,PEDOT,Au,..\raw_csv\type3_breakdown_Au\PEDOT_Au_scan_20V.csv
-8.879500389,24.99870129,PEDOT,Au,..\raw_csv\type3_breakdown_Au\PEDOT_Au_scan_20V.csv
-8.899499893,24.99897484,PEDOT,Au,..\raw_csv\type3_breakdown_Au\PEDOT_Au_scan_20V.csv
-8.919500351,24.99913948,PEDOT,Au,..\raw_csv\type3_breakdown_Au\PEDOT_Au_scan_20V.csv
-8.939499855,24.99915467,PEDOT,Au,..\raw_csv\type3_breakdown_Au\PEDOT_Au_scan_20V.csv
-8.959500313,24.99885326,PEDOT,Au,..\raw_csv\type3_breakdown_Au\PEDOT_Au_scan_20V.csv
-8.979499817,24.99925092,PEDOT,Au,..\raw_csv\type3_breakdown_Au\PEDOT_Au_scan_20V.csv
-8.999500275,24.99910148,PEDOT,Au,..\raw_csv\type3_breakdown_Au\PEDOT_Au_scan_20V.csv
-9.019499779,24.99927625,PEDOT,Au,..\raw_csv\type3_breakdown_Au\PEDOT_Au_scan_20V.csv
-9.039500237,24.99930158,PEDOT,Au,..\raw_csv\type3_breakdown_Au\PEDOT_Au_scan_20V.csv
-9.059499741,24.9994029,PEDOT,Au,..\raw_csv\type3_breakdown_Au\PEDOT_Au_scan_20V.csv
-9.079999924,24.9992104,PEDOT,Au,..\raw_csv\type3_breakdown_Au\PEDOT_Au_scan_20V.csv
-9.100000381,24.99941303,PEDOT,Au,..\raw_csv\type3_breakdown_Au\PEDOT_Au_scan_20V.csv
-9.119999886,24.99953967,PEDOT,Au,..\raw_csv\type3_breakdown_Au\PEDOT_Au_scan_20V.csv
-9.140000343,24.99945102,PEDOT,Au,..\raw_csv\type3_breakdown_Au\PEDOT_Au_scan_20V.csv
-9.159999847,24.99949661,PEDOT,Au,..\raw_csv\type3_breakdown_Au\PEDOT_Au_scan_20V.csv
-9.180000305,24.99945102,PEDOT,Au,..\raw_csv\type3_breakdown_Au\PEDOT_Au_scan_20V.csv
-9.199999809,24.99953461,PEDOT,Au,..\raw_csv\type3_breakdown_Au\PEDOT_Au_scan_20V.csv
-9.220000267,24.99945862,PEDOT,Au,..\raw_csv\type3_breakdown_Au\PEDOT_Au_scan_20V.csv
-9.239999771,24.99953461,PEDOT,Au,..\raw_csv\type3_breakdown_Au\PEDOT_Au_scan_20V.csv
-9.260000229,24.99927879,PEDOT,Au,..\raw_csv\type3_breakdown_Au\PEDOT_Au_scan_20V.csv
-9.279999733,24.99944089,PEDOT,Au,..\raw_csv\type3_breakdown_Au\PEDOT_Au_scan_20V.csv
-9.300000191,24.99968151,PEDOT,Au,..\raw_csv\type3_breakdown_Au\PEDOT_Au_scan_20V.csv
-9.319999695,24.9995726,PEDOT,Au,..\raw_csv\type3_breakdown_Au\PEDOT_Au_scan_20V.csv
-9.340000153,24.99948648,PEDOT,Au,..\raw_csv\type3_breakdown_Au\PEDOT_Au_scan_20V.csv
-9.359999657,24.9999196,PEDOT,Au,..\raw_csv\type3_breakdown_Au\PEDOT_Au_scan_20V.csv
-9.380000114,24.99913694,PEDOT,Au,..\raw_csv\type3_breakdown_Au\PEDOT_Au_scan_20V.csv
-9.399999619,24.99963339,PEDOT,Au,..\raw_csv\type3_breakdown_Au\PEDOT_Au_scan_20V.csv
-9.420000076,24.9993649,PEDOT,Au,..\raw_csv\type3_breakdown_Au\PEDOT_Au_scan_20V.csv
-9.43999958,24.99935477,PEDOT,Au,..\raw_csv\type3_breakdown_Au\PEDOT_Au_scan_20V.csv
-9.460000038,24.99948648,PEDOT,Au,..\raw_csv\type3_breakdown_Au\PEDOT_Au_scan_20V.csv
-9.479999542,24.99977523,PEDOT,Au,..\raw_csv\type3_breakdown_Au\PEDOT_Au_scan_20V.csv
-9.5,24.9994029,PEDOT,Au,..\raw_csv\type3_breakdown_Au\PEDOT_Au_scan_20V.csv
-9.520000458,24.9993725,PEDOT,Au,..\raw_csv\type3_breakdown_Au\PEDOT_Au_scan_20V.csv
-9.539999962,24.99945609,PEDOT,Au,..\raw_csv\type3_breakdown_Au\PEDOT_Au_scan_20V.csv
-9.56000042,24.99971697,PEDOT,Au,..\raw_csv\type3_breakdown_Au\PEDOT_Au_scan_20V.csv
-9.579999924,24.99933451,PEDOT,Au,..\raw_csv\type3_breakdown_Au\PEDOT_Au_scan_20V.csv
-9.600000381,24.9990103,PEDOT,Au,..\raw_csv\type3_breakdown_Au\PEDOT_Au_scan_20V.csv
-9.619999886,24.99931931,PEDOT,Au,..\raw_csv\type3_breakdown_Au\PEDOT_Au_scan_20V.csv
-9.640000343,24.99932691,PEDOT,Au,..\raw_csv\type3_breakdown_Au\PEDOT_Au_scan_20V.csv
-9.659999847,24.99983095,PEDOT,Au,..\raw_csv\type3_breakdown_Au\PEDOT_Au_scan_20V.csv
-9.680000305,24.99951941,PEDOT,Au,..\raw_csv\type3_breakdown_Au\PEDOT_Au_scan_20V.csv
-9.699999809,24.99953967,PEDOT,Au,..\raw_csv\type3_breakdown_Au\PEDOT_Au_scan_20V.csv
-9.720000267,24.99957513,PEDOT,Au,..\raw_csv\type3_breakdown_Au\PEDOT_Au_scan_20V.csv
-9.739999771,24.99954474,PEDOT,Au,..\raw_csv\type3_breakdown_Au\PEDOT_Au_scan_20V.csv
-9.760000229,24.99942823,PEDOT,Au,..\raw_csv\type3_breakdown_Au\PEDOT_Au_scan_20V.csv
-9.779999733,24.99929652,PEDOT,Au,..\raw_csv\type3_breakdown_Au\PEDOT_Au_scan_20V.csv
-9.800000191,24.9993649,PEDOT,Au,..\raw_csv\type3_breakdown_Au\PEDOT_Au_scan_20V.csv
-9.819999695,24.99925346,PEDOT,Au,..\raw_csv\type3_breakdown_Au\PEDOT_Au_scan_20V.csv
-9.840000153,24.9993953,PEDOT,Au,..\raw_csv\type3_breakdown_Au\PEDOT_Au_scan_20V.csv
-9.859999657,24.99968658,PEDOT,Au,..\raw_csv\type3_breakdown_Au\PEDOT_Au_scan_20V.csv
-9.880000114,24.99940543,PEDOT,Au,..\raw_csv\type3_breakdown_Au\PEDOT_Au_scan_20V.csv
-9.899999619,24.99928638,PEDOT,Au,..\raw_csv\type3_breakdown_Au\PEDOT_Au_scan_20V.csv
-9.920000076,24.99912175,PEDOT,Au,..\raw_csv\type3_breakdown_Au\PEDOT_Au_scan_20V.csv
-9.93999958,24.99918,PEDOT,Au,..\raw_csv\type3_breakdown_Au\PEDOT_Au_scan_20V.csv
-9.960000038,24.99926105,PEDOT,Au,..\raw_csv\type3_breakdown_Au\PEDOT_Au_scan_20V.csv
-9.979999542,24.99976003,PEDOT,Au,..\raw_csv\type3_breakdown_Au\PEDOT_Au_scan_20V.csv
-10.0,24.99944596,PEDOT,Au,..\raw_csv\type3_breakdown_Au\PEDOT_Au_scan_20V.csv
2.000499964,-303.0743481,polyTPD,Au,..\raw_csv\type3_breakdown_Au\PolyTPD_Au_scan_20V.csv
1.980499983,-293.4193192,polyTPD,Au,..\raw_csv\type3_breakdown_Au\PolyTPD_Au_scan_20V.csv
1.960500002,-283.3205806,polyTPD,Au,..\raw_csv\type3_breakdown_Au\PolyTPD_Au_scan_20V.csv
1.940500021,-272.9639657,polyTPD,Au,..\raw_csv\type3_breakdown_Au\PolyTPD_Au_scan_20V.csv
1.92050004,-262.4527051,polyTPD,Au,..\raw_csv\type3_breakdown_Au\PolyTPD_Au_scan_20V.csv
1.900500059,-251.8645064,polyTPD,Au,..\raw_csv\type3_breakdown_Au\PolyTPD_Au_scan_20V.csv
1.880499959,-241.2241383,polyTPD,Au,..\raw_csv\type3_breakdown_Au\PolyTPD_Au_scan_20V.csv
1.860499978,-230.6038899,polyTPD,Au,..\raw_csv\type3_breakdown_Au\PolyTPD_Au_scan_20V.csv
1.840499997,-220.0324088,polyTPD,Au,..\raw_csv\type3_breakdown_Au\PolyTPD_Au_scan_20V.csv
1.820500016,-209.7179113,polyTPD,Au,..\raw_csv\type3_breakdown_Au\PolyTPD_Au_scan_20V.csv
1.800500035,-199.3353579,polyTPD,Au,..\raw_csv\type3_breakdown_Au\PolyTPD_Au_scan_20V.csv
1.780500054,-189.0831588,polyTPD,Au,..\raw_csv\type3_breakdown_Au\PolyTPD_Au_scan_20V.csv
1.760499954,-178.9762615,polyTPD,Au,..\raw_csv\type3_breakdown_Au\PolyTPD_Au_scan_20V.csv
1.740499973,-169.0293824,polyTPD,Au,..\raw_csv\type3_breakdown_Au\PolyTPD_Au_scan_20V.csv
1.720499992,-158.7971183,polyTPD,Au,..\raw_csv\type3_breakdown_Au\PolyTPD_Au_scan_20V.csv
1.700500011,-149.4879103,polyTPD,Au,..\raw_csv\type3_breakdown_Au\PolyTPD_Au_scan_20V.csv
1.680500031,-140.3201556,polyTPD,Au,..\raw_csv\type3_breakdown_Au\PolyTPD_Au_scan_20V.csv
1.66050005,-131.3246571,polyTPD,Au,..\raw_csv\type3_breakdown_Au\PolyTPD_Au_scan_20V.csv
1.640499949,-122.5649064,polyTPD,Au,..\raw_csv\type3_breakdown_Au\PolyTPD_Au_scan_20V.csv
1.620499969,-114.0500935,polyTPD,Au,..\raw_csv\type3_breakdown_Au\PolyTPD_Au_scan_20V.csv
1.600499988,-105.9349026,polyTPD,Au,..\raw_csv\type3_breakdown_Au\PolyTPD_Au_scan_20V.csv
1.580500007,-97.98061503,polyTPD,Au,..\raw_csv\type3_breakdown_Au\PolyTPD_Au_scan_20V.csv
1.560500026,-90.30874911,polyTPD,Au,..\raw_csv\type3_breakdown_Au\PolyTPD_Au_scan_20V.csv
1.540500045,-82.95392541,polyTPD,Au,..\raw_csv\type3_breakdown_Au\PolyTPD_Au_scan_20V.csv
1.520499945,-75.91270341,polyTPD,Au,..\raw_csv\type3_breakdown_Au\PolyTPD_Au_scan_20V.csv
1.500499964,-69.20281675,polyTPD,Au,..\raw_csv\type3_breakdown_Au\PolyTPD_Au_scan_20V.csv
1.480499983,-62.8257355,polyTPD,Au,..\raw_csv\type3_breakdown_Au\PolyTPD_Au_scan_20V.csv
1.460500002,-56.78767492,polyTPD,Au,..\raw_csv\type3_breakdown_Au\PolyTPD_Au_scan_20V.csv
1.440500021,-51.09423448,polyTPD,Au,..\raw_csv\type3_breakdown_Au\PolyTPD_Au_scan_20V.csv
1.42050004,-45.7459876,polyTPD,Au,..\raw_csv\type3_breakdown_Au\PolyTPD_Au_scan_20V.csv
1.400500059,-40.74433895,polyTPD,Au,..\raw_csv\type3_breakdown_Au\PolyTPD_Au_scan_20V.csv
1.380499959,-36.15784467,polyTPD,Au,..\raw_csv\type3_breakdown_Au\PolyTPD_Au_scan_20V.csv
1.360499978,-31.83586523,polyTPD,Au,..\raw_csv\type3_breakdown_Au\PolyTPD_Au_scan_20V.csv
1.340499997,-27.84181717,polyTPD,Au,..\raw_csv\type3_breakdown_Au\PolyTPD_Au_scan_20V.csv
1.320500016,-24.18067845,polyTPD,Au,..\raw_csv\type3_breakdown_Au\PolyTPD_Au_scan_20V.csv
1.300500035,-20.84170999,polyTPD,Au,..\raw_csv\type3_breakdown_Au\PolyTPD_Au_scan_20V.csv
1.280500054,-17.82529087,polyTPD,Au,..\raw_csv\type3_breakdown_Au\PolyTPD_Au_scan_20V.csv
1.260499954,-15.18301904,polyTPD,Au,..\raw_csv\type3_breakdown_Au\PolyTPD_Au_scan_20V.csv
1.240499973,-12.76746654,polyTPD,Au,..\raw_csv\type3_breakdown_Au\PolyTPD_Au_scan_20V.csv
1.220499992,-10.63740481,polyTPD,Au,..\raw_csv\type3_breakdown_Au\PolyTPD_Au_scan_20V.csv
1.200500011,-8.78846396,polyTPD,Au,..\raw_csv\type3_breakdown_Au\PolyTPD_Au_scan_20V.csv
1.180500031,-7.202996957,polyTPD,Au,..\raw_csv\type3_breakdown_Au\PolyTPD_Au_scan_20V.csv
1.16050005,-5.88128426,polyTPD,Au,..\raw_csv\type3_breakdown_Au\PolyTPD_Au_scan_20V.csv
1.140499949,-4.748604068,polyTPD,Au,..\raw_csv\type3_breakdown_Au\PolyTPD_Au_scan_20V.csv
1.120499969,-3.804769973,polyTPD,Au,..\raw_csv\type3_breakdown_Au\PolyTPD_Au_scan_20V.csv
1.100499988,-3.024034947,polyTPD,Au,..\raw_csv\type3_breakdown_Au\PolyTPD_Au_scan_20V.csv
1.080500007,-2.379979927,polyTPD,Au,..\raw_csv\type3_breakdown_Au\PolyTPD_Au_scan_20V.csv
1.060500026,-1.85236825,polyTPD,Au,..\raw_csv\type3_breakdown_Au\PolyTPD_Au_scan_20V.csv
1.040500045,-1.484186515,polyTPD,Au,..\raw_csv\type3_breakdown_Au\PolyTPD_Au_scan_20V.csv
1.020499945,-1.089740256,polyTPD,Au,..\raw_csv\type3_breakdown_Au\PolyTPD_Au_scan_20V.csv
1.000499964,-0.808822568,polyTPD,Au,..\raw_csv\type3_breakdown_Au\PolyTPD_Au_scan_20V.csv
0.980499983,-0.595048499,polyTPD,Au,..\raw_csv\type3_breakdown_Au\PolyTPD_Au_scan_20V.csv
0.960500002,-0.435528931,polyTPD,Au,..\raw_csv\type3_breakdown_Au\PolyTPD_Au_scan_20V.csv
0.940500021,-0.313421676,polyTPD,Au,..\raw_csv\type3_breakdown_Au\PolyTPD_Au_scan_20V.csv
0.92049998,-0.223633036,polyTPD,Au,..\raw_csv\type3_breakdown_Au\PolyTPD_Au_scan_20V.csv
0.9005,-0.15615331,polyTPD,Au,..\raw_csv\type3_breakdown_Au\PolyTPD_Au_scan_20V.csv
0.880500019,-0.109454869,polyTPD,Au,..\raw_csv\type3_breakdown_Au\PolyTPD_Au_scan_20V.csv
0.860499978,-0.076595923,polyTPD,Au,..\raw_csv\type3_breakdown_Au\PolyTPD_Au_scan_20V.csv
0.840499997,-0.053189002,polyTPD,Au,..\raw_csv\type3_breakdown_Au\PolyTPD_Au_scan_20V.csv
0.820500016,-0.036621391,polyTPD,Au,..\raw_csv\type3_breakdown_Au\PolyTPD_Au_scan_20V.csv
0.800499976,-0.024941823,polyTPD,Au,..\raw_csv\type3_breakdown_Au\PolyTPD_Au_scan_20V.csv
0.780499995,-0.016733714,polyTPD,Au,..\raw_csv\type3_breakdown_Au\PolyTPD_Au_scan_20V.csv
0.760500014,-0.010597051,polyTPD,Au,..\raw_csv\type3_breakdown_Au\PolyTPD_Au_scan_20V.csv
0.740499973,-0.006669969,polyTPD,Au,..\raw_csv\type3_breakdown_Au\PolyTPD_Au_scan_20V.csv
0.720499992,-0.003901845,polyTPD,Au,..\raw_csv\type3_breakdown_Au\PolyTPD_Au_scan_20V.csv
0.700500011,-0.001891841,polyTPD,Au,..\raw_csv\type3_breakdown_Au\PolyTPD_Au_scan_20V.csv
0.680499971,-0.000430444,polyTPD,Au,..\raw_csv\type3_breakdown_Au\PolyTPD_Au_scan_20V.csv
0.66049999,0.000626584,polyTPD,Au,..\raw_csv\type3_breakdown_Au\PolyTPD_Au_scan_20V.csv
0.640500009,0.00139671,polyTPD,Au,..\raw_csv\type3_breakdown_Au\PolyTPD_Au_scan_20V.csv
0.620500028,0.001956994,polyTPD,Au,..\raw_csv\type3_breakdown_Au\PolyTPD_Au_scan_20V.csv
0.600499988,0.002377116,polyTPD,Au,..\raw_csv\type3_breakdown_Au\PolyTPD_Au_scan_20V.csv
0.580500007,0.002688777,polyTPD,Au,..\raw_csv\type3_breakdown_Au\PolyTPD_Au_scan_20V.csv
0.560500026,0.002922148,polyTPD,Au,..\raw_csv\type3_breakdown_Au\PolyTPD_Au_scan_20V.csv
0.540499985,0.003104523,polyTPD,Au,..\raw_csv\type3_breakdown_Au\PolyTPD_Au_scan_20V.csv
0.520500004,0.003239878,polyTPD,Au,..\raw_csv\type3_breakdown_Au\PolyTPD_Au_scan_20V.csv
0.500500023,0.003350954,polyTPD,Au,..\raw_csv\type3_breakdown_Au\PolyTPD_Au_scan_20V.csv
0.480500013,0.003437639,polyTPD,Au,..\raw_csv\type3_breakdown_Au\PolyTPD_Au_scan_20V.csv
0.460500002,0.003507664,polyTPD,Au,..\raw_csv\type3_breakdown_Au\PolyTPD_Au_scan_20V.csv
0.440499991,0.00356217,polyTPD,Au,..\raw_csv\type3_breakdown_Au\PolyTPD_Au_scan_20V.csv
0.42050001,0.003608497,polyTPD,Au,..\raw_csv\type3_breakdown_Au\PolyTPD_Au_scan_20V.csv
0.4005,0.003645112,polyTPD,Au,..\raw_csv\type3_breakdown_Au\PolyTPD_Au_scan_20V.csv
0.380499989,0.00367574,polyTPD,Au,..\raw_csv\type3_breakdown_Au\PolyTPD_Au_scan_20V.csv
0.360500008,0.003701077,polyTPD,Au,..\raw_csv\type3_breakdown_Au\PolyTPD_Au_scan_20V.csv
0.340499997,0.003721528,polyTPD,Au,..\raw_csv\type3_breakdown_Au\PolyTPD_Au_scan_20V.csv
0.320499986,0.003738566,polyTPD,Au,..\raw_csv\type3_breakdown_Au\PolyTPD_Au_scan_20V.csv
0.300500005,0.003755786,polyTPD,Au,..\raw_csv\type3_breakdown_Au\PolyTPD_Au_scan_20V.csv
0.280499995,0.003767313,polyTPD,Au,..\raw_csv\type3_breakdown_Au\PolyTPD_Au_scan_20V.csv
0.260500014,0.003776832,polyTPD,Au,..\raw_csv\type3_breakdown_Au\PolyTPD_Au_scan_20V.csv
0.240500003,0.003787894,polyTPD,Au,..\raw_csv\type3_breakdown_Au\PolyTPD_Au_scan_20V.csv
0.220500007,0.003796854,polyTPD,Au,..\raw_csv\type3_breakdown_Au\PolyTPD_Au_scan_20V.csv
0.200499997,0.003803975,polyTPD,Au,..\raw_csv\type3_breakdown_Au\PolyTPD_Au_scan_20V.csv
0.180500001,0.003810841,polyTPD,Au,..\raw_csv\type3_breakdown_Au\PolyTPD_Au_scan_20V.csv
0.160500005,0.003817091,polyTPD,Au,..\raw_csv\type3_breakdown_Au\PolyTPD_Au_scan_20V.csv
0.140499994,0.003823815,polyTPD,Au,..\raw_csv\type3_breakdown_Au\PolyTPD_Au_scan_20V.csv
0.120499998,0.003827818,polyTPD,Au,..\raw_csv\type3_breakdown_Au\PolyTPD_Au_scan_20V.csv
0.100500003,0.00383282,polyTPD,Au,..\raw_csv\type3_breakdown_Au\PolyTPD_Au_scan_20V.csv
0.080499999,0.003839221,polyTPD,Au,..\raw_csv\type3_breakdown_Au\PolyTPD_Au_scan_20V.csv
0.0605,0.003843201,polyTPD,Au,..\raw_csv\type3_breakdown_Au\PolyTPD_Au_scan_20V.csv
0.0405,0.003847911,polyTPD,Au,..\raw_csv\type3_breakdown_Au\PolyTPD_Au_scan_20V.csv
0.020500001,0.003852689,polyTPD,Au,..\raw_csv\type3_breakdown_Au\PolyTPD_Au_scan_20V.csv
0.0005,0.003856708,polyTPD,Au,..\raw_csv\type3_breakdown_Au\PolyTPD_Au_scan_20V.csv
-0.0195,0.003849911,polyTPD,Au,..\raw_csv\type3_breakdown_Au\PolyTPD_Au_scan_20V.csv
-0.039500002,0.003866036,polyTPD,Au,..\raw_csv\type3_breakdown_Au\PolyTPD_Au_scan_20V.csv
-0.059500001,0.003870638,polyTPD,Au,..\raw_csv\type3_breakdown_Au\PolyTPD_Au_scan_20V.csv
-0.079499997,0.003873122,polyTPD,Au,..\raw_csv\type3_breakdown_Au\PolyTPD_Au_scan_20V.csv
-0.0995,0.003876322,polyTPD,Au,..\raw_csv\type3_breakdown_Au\PolyTPD_Au_scan_20V.csv
-0.119499996,0.003880095,polyTPD,Au,..\raw_csv\type3_breakdown_Au\PolyTPD_Au_scan_20V.csv
-0.139500007,0.003882812,polyTPD,Au,..\raw_csv\type3_breakdown_Au\PolyTPD_Au_scan_20V.csv
-0.159500003,0.003885925,polyTPD,Au,..\raw_csv\type3_breakdown_Au\PolyTPD_Au_scan_20V.csv
-0.179499999,0.003888344,polyTPD,Au,..\raw_csv\type3_breakdown_Au\PolyTPD_Au_scan_20V.csv
-0.199499995,0.003891571,polyTPD,Au,..\raw_csv\type3_breakdown_Au\PolyTPD_Au_scan_20V.csv
-0.219500005,0.003892264,polyTPD,Au,..\raw_csv\type3_breakdown_Au\PolyTPD_Au_scan_20V.csv
-0.239500001,0.003897417,polyTPD,Au,..\raw_csv\type3_breakdown_Au\PolyTPD_Au_scan_20V.csv
-0.259499997,0.003900351,polyTPD,Au,..\raw_csv\type3_breakdown_Au\PolyTPD_Au_scan_20V.csv
-0.279500008,0.00390364,polyTPD,Au,..\raw_csv\type3_breakdown_Au\PolyTPD_Au_scan_20V.csv
-0.299499989,0.003905849,polyTPD,Au,..\raw_csv\type3_breakdown_Au\PolyTPD_Au_scan_20V.csv
-0.319499999,0.003909797,polyTPD,Au,..\raw_csv\type3_breakdown_Au\PolyTPD_Au_scan_20V.csv
-0.33950001,0.003913018,polyTPD,Au,..\raw_csv\type3_breakdown_Au\PolyTPD_Au_scan_20V.csv
-0.359499991,0.003914454,polyTPD,Au,..\raw_csv\type3_breakdown_Au\PolyTPD_Au_scan_20V.csv
-0.379500002,0.003920684,polyTPD,Au,..\raw_csv\type3_breakdown_Au\PolyTPD_Au_scan_20V.csv
-0.399500012,0.003924681,polyTPD,Au,..\raw_csv\type3_breakdown_Au\PolyTPD_Au_scan_20V.csv
-0.419499993,0.003928403,polyTPD,Au,..\raw_csv\type3_breakdown_Au\PolyTPD_Au_scan_20V.csv
-0.439500004,0.003931917,polyTPD,Au,..\raw_csv\type3_breakdown_Au\PolyTPD_Au_scan_20V.csv
-0.459500015,0.003937907,polyTPD,Au,..\raw_csv\type3_breakdown_Au\PolyTPD_Au_scan_20V.csv
-0.479499996,0.003942995,polyTPD,Au,..\raw_csv\type3_breakdown_Au\PolyTPD_Au_scan_20V.csv
-0.499500006,0.003946951,polyTPD,Au,..\raw_csv\type3_breakdown_Au\PolyTPD_Au_scan_20V.csv
-0.519500017,0.00395384,polyTPD,Au,..\raw_csv\type3_breakdown_Au\PolyTPD_Au_scan_20V.csv
-0.539499998,0.003959096,polyTPD,Au,..\raw_csv\type3_breakdown_Au\PolyTPD_Au_scan_20V.csv
-0.559499979,0.003965806,polyTPD,Au,..\raw_csv\type3_breakdown_Au\PolyTPD_Au_scan_20V.csv
-0.57950002,0.003969837,polyTPD,Au,..\raw_csv\type3_breakdown_Au\PolyTPD_Au_scan_20V.csv
-0.5995,0.003979299,polyTPD,Au,..\raw_csv\type3_breakdown_Au\PolyTPD_Au_scan_20V.csv
-0.619499981,0.003985887,polyTPD,Au,..\raw_csv\type3_breakdown_Au\PolyTPD_Au_scan_20V.csv
-0.639500022,0.003992998,polyTPD,Au,..\raw_csv\type3_breakdown_Au\PolyTPD_Au_scan_20V.csv
-0.659500003,0.004001217,polyTPD,Au,..\raw_csv\type3_breakdown_Au\PolyTPD_Au_scan_20V.csv
-0.679499984,0.004008771,polyTPD,Au,..\raw_csv\type3_breakdown_Au\PolyTPD_Au_scan_20V.csv
-0.699500024,0.004016749,polyTPD,Au,..\raw_csv\type3_breakdown_Au\PolyTPD_Au_scan_20V.csv
-0.719500005,0.004024508,polyTPD,Au,..\raw_csv\type3_breakdown_Au\PolyTPD_Au_scan_20V.csv
-0.739499986,0.004035552,polyTPD,Au,..\raw_csv\type3_breakdown_Au\PolyTPD_Au_scan_20V.csv
-0.759500027,0.004045488,polyTPD,Au,..\raw_csv\type3_breakdown_Au\PolyTPD_Au_scan_20V.csv
-0.779500008,0.004054768,polyTPD,Au,..\raw_csv\type3_breakdown_Au\PolyTPD_Au_scan_20V.csv
-0.799499989,0.004066254,polyTPD,Au,..\raw_csv\type3_breakdown_Au\PolyTPD_Au_scan_20V.csv
-0.819500029,0.004076242,polyTPD,Au,..\raw_csv\type3_breakdown_Au\PolyTPD_Au_scan_20V.csv
-0.83950001,0.004088929,polyTPD,Au,..\raw_csv\type3_breakdown_Au\PolyTPD_Au_scan_20V.csv
-0.859499991,0.004100362,polyTPD,Au,..\raw_csv\type3_breakdown_Au\PolyTPD_Au_scan_20V.csv
-0.879499972,0.00411187,polyTPD,Au,..\raw_csv\type3_breakdown_Au\PolyTPD_Au_scan_20V.csv
-0.899500012,0.004124494,polyTPD,Au,..\raw_csv\type3_breakdown_Au\PolyTPD_Au_scan_20V.csv
-0.919499993,0.004140034,polyTPD,Au,..\raw_csv\type3_breakdown_Au\PolyTPD_Au_scan_20V.csv
-0.939499974,0.004152287,polyTPD,Au,..\raw_csv\type3_breakdown_Au\PolyTPD_Au_scan_20V.csv
-0.959500015,0.004170183,polyTPD,Au,..\raw_csv\type3_breakdown_Au\PolyTPD_Au_scan_20V.csv
-0.979499996,0.004186235,polyTPD,Au,..\raw_csv\type3_breakdown_Au\PolyTPD_Au_scan_20V.csv
-0.999499977,0.004205741,polyTPD,Au,..\raw_csv\type3_breakdown_Au\PolyTPD_Au_scan_20V.csv
-1.019500017,0.004222811,polyTPD,Au,..\raw_csv\type3_breakdown_Au\PolyTPD_Au_scan_20V.csv
-1.039499998,0.004244633,polyTPD,Au,..\raw_csv\type3_breakdown_Au\PolyTPD_Au_scan_20V.csv
-1.059499979,0.00425987,polyTPD,Au,..\raw_csv\type3_breakdown_Au\PolyTPD_Au_scan_20V.csv
-1.07949996,0.004282532,polyTPD,Au,..\raw_csv\type3_breakdown_Au\PolyTPD_Au_scan_20V.csv
-1.099499941,0.004304611,polyTPD,Au,..\raw_csv\type3_breakdown_Au\PolyTPD_Au_scan_20V.csv
-1.119500041,0.004333069,polyTPD,Au,..\raw_csv\type3_breakdown_Au\PolyTPD_Au_scan_20V.csv
-1.139500022,0.004358044,polyTPD,Au,..\raw_csv\type3_breakdown_Au\PolyTPD_Au_scan_20V.csv
-1.159500003,0.00439325,polyTPD,Au,..\raw_csv\type3_breakdown_Au\PolyTPD_Au_scan_20V.csv
-1.179499984,0.004438237,polyTPD,Au,..\raw_csv\type3_breakdown_Au\PolyTPD_Au_scan_20V.csv
-1.199499965,0.004474977,polyTPD,Au,..\raw_csv\type3_breakdown_Au\PolyTPD_Au_scan_20V.csv
-1.219499946,0.004522388,polyTPD,Au,..\raw_csv\type3_breakdown_Au\PolyTPD_Au_scan_20V.csv
-1.239500046,0.00457789,polyTPD,Au,..\raw_csv\type3_breakdown_Au\PolyTPD_Au_scan_20V.csv
-1.259500027,0.004635282,polyTPD,Au,..\raw_csv\type3_breakdown_Au\PolyTPD_Au_scan_20V.csv
-1.279500008,0.004726901,polyTPD,Au,..\raw_csv\type3_breakdown_Au\PolyTPD_Au_scan_20V.csv
-1.299499989,0.004824841,polyTPD,Au,..\raw_csv\type3_breakdown_Au\PolyTPD_Au_scan_20V.csv
-1.319499969,0.004913469,polyTPD,Au,..\raw_csv\type3_breakdown_Au\PolyTPD_Au_scan_20V.csv
-1.33949995,0.00500362,polyTPD,Au,..\raw_csv\type3_breakdown_Au\PolyTPD_Au_scan_20V.csv
-1.359500051,0.005124096,polyTPD,Au,..\raw_csv\type3_breakdown_Au\PolyTPD_Au_scan_20V.csv
-1.379500031,0.005252204,polyTPD,Au,..\raw_csv\type3_breakdown_Au\PolyTPD_Au_scan_20V.csv
-1.399500012,0.005400597,polyTPD,Au,..\raw_csv\type3_breakdown_Au\PolyTPD_Au_scan_20V.csv
-1.419499993,0.005604791,polyTPD,Au,..\raw_csv\type3_breakdown_Au\PolyTPD_Au_scan_20V.csv
-1.439499974,0.00578907,polyTPD,Au,..\raw_csv\type3_breakdown_Au\PolyTPD_Au_scan_20V.csv
-1.459499955,0.006027243,polyTPD,Au,..\raw_csv\type3_breakdown_Au\PolyTPD_Au_scan_20V.csv
-1.479500055,0.006319569,polyTPD,Au,..\raw_csv\type3_breakdown_Au\PolyTPD_Au_scan_20V.csv
-1.499500036,0.006674198,polyTPD,Au,..\raw_csv\type3_breakdown_Au\PolyTPD_Au_scan_20V.csv
-1.519500017,0.007056106,polyTPD,Au,..\raw_csv\type3_breakdown_Au\PolyTPD_Au_scan_20V.csv
-1.539499998,0.007533327,polyTPD,Au,..\raw_csv\type3_breakdown_Au\PolyTPD_Au_scan_20V.csv
-1.559499979,0.008007913,polyTPD,Au,..\raw_csv\type3_breakdown_Au\PolyTPD_Au_scan_20V.csv
-1.57949996,0.008607121,polyTPD,Au,..\raw_csv\type3_breakdown_Au\PolyTPD_Au_scan_20V.csv
-1.599499941,0.009326381,polyTPD,Au,..\raw_csv\type3_breakdown_Au\PolyTPD_Au_scan_20V.csv
-1.619500041,0.01012491,polyTPD,Au,..\raw_csv\type3_breakdown_Au\PolyTPD_Au_scan_20V.csv
-1.639500022,0.011049211,polyTPD,Au,..\raw_csv\type3_breakdown_Au\PolyTPD_Au_scan_20V.csv
-1.659500003,0.012021031,polyTPD,Au,..\raw_csv\type3_breakdown_Au\PolyTPD_Au_scan_20V.csv
-1.679499984,0.013207956,polyTPD,Au,..\raw_csv\type3_breakdown_Au\PolyTPD_Au_scan_20V.csv
-1.699499965,0.014619389,polyTPD,Au,..\raw_csv\type3_breakdown_Au\PolyTPD_Au_scan_20V.csv
-1.719499946,0.016295082,polyTPD,Au,..\raw_csv\type3_breakdown_Au\PolyTPD_Au_scan_20V.csv
-1.739500046,0.018022806,polyTPD,Au,..\raw_csv\type3_breakdown_Au\PolyTPD_Au_scan_20V.csv
-1.759500027,0.020064269,polyTPD,Au,..\raw_csv\type3_breakdown_Au\PolyTPD_Au_scan_20V.csv
-1.779500008,0.022206256,polyTPD,Au,..\raw_csv\type3_breakdown_Au\PolyTPD_Au_scan_20V.csv
-1.799499989,0.024524953,polyTPD,Au,..\raw_csv\type3_breakdown_Au\PolyTPD_Au_scan_20V.csv
-1.819499969,0.027427263,polyTPD,Au,..\raw_csv\type3_breakdown_Au\PolyTPD_Au_scan_20V.csv
-1.83949995,0.03029961,polyTPD,Au,..\raw_csv\type3_breakdown_Au\PolyTPD_Au_scan_20V.csv
-1.859500051,0.033062722,polyTPD,Au,..\raw_csv\type3_breakdown_Au\PolyTPD_Au_scan_20V.csv
-1.879500031,0.036341912,polyTPD,Au,..\raw_csv\type3_breakdown_Au\PolyTPD_Au_scan_20V.csv
-1.899500012,0.039691105,polyTPD,Au,..\raw_csv\type3_breakdown_Au\PolyTPD_Au_scan_20V.csv
-1.919499993,0.042923655,polyTPD,Au,..\raw_csv\type3_breakdown_Au\PolyTPD_Au_scan_20V.csv
-1.939499974,0.047070406,polyTPD,Au,..\raw_csv\type3_breakdown_Au\PolyTPD_Au_scan_20V.csv
-1.959499955,0.050753995,polyTPD,Au,..\raw_csv\type3_breakdown_Au\PolyTPD_Au_scan_20V.csv
-1.979500055,0.054246293,polyTPD,Au,..\raw_csv\type3_breakdown_Au\PolyTPD_Au_scan_20V.csv
-1.999500036,0.058389019,polyTPD,Au,..\raw_csv\type3_breakdown_Au\PolyTPD_Au_scan_20V.csv
-2.019500017,0.062499754,polyTPD,Au,..\raw_csv\type3_breakdown_Au\PolyTPD_Au_scan_20V.csv
-2.039499998,0.066659317,polyTPD,Au,..\raw_csv\type3_breakdown_Au\PolyTPD_Au_scan_20V.csv
-2.059499979,0.069932581,polyTPD,Au,..\raw_csv\type3_breakdown_Au\PolyTPD_Au_scan_20V.csv
-2.07949996,0.073723573,polyTPD,Au,..\raw_csv\type3_breakdown_Au\PolyTPD_Au_scan_20V.csv
-2.099499941,0.07717606,polyTPD,Au,..\raw_csv\type3_breakdown_Au\PolyTPD_Au_scan_20V.csv
-2.119499922,0.079813715,polyTPD,Au,..\raw_csv\type3_breakdown_Au\PolyTPD_Au_scan_20V.csv
-2.139499903,0.08307962,polyTPD,Au,..\raw_csv\type3_breakdown_Au\PolyTPD_Au_scan_20V.csv
-2.159499884,0.084923218,polyTPD,Au,..\raw_csv\type3_breakdown_Au\PolyTPD_Au_scan_20V.csv
-2.179500103,0.087101405,polyTPD,Au,..\raw_csv\type3_breakdown_Au\PolyTPD_Au_scan_20V.csv
-2.199500084,0.089166267,polyTPD,Au,..\raw_csv\type3_breakdown_Au\PolyTPD_Au_scan_20V.csv
-2.219500065,0.09120788,polyTPD,Au,..\raw_csv\type3_breakdown_Au\PolyTPD_Au_scan_20V.csv
-2.239500046,0.092489192,polyTPD,Au,..\raw_csv\type3_breakdown_Au\PolyTPD_Au_scan_20V.csv
-2.259500027,0.093627466,polyTPD,Au,..\raw_csv\type3_breakdown_Au\PolyTPD_Au_scan_20V.csv
-2.279500008,0.095099968,polyTPD,Au,..\raw_csv\type3_breakdown_Au\PolyTPD_Au_scan_20V.csv
-2.299499989,0.096008005,polyTPD,Au,..\raw_csv\type3_breakdown_Au\PolyTPD_Au_scan_20V.csv
-2.319499969,0.097017085,polyTPD,Au,..\raw_csv\type3_breakdown_Au\PolyTPD_Au_scan_20V.csv
-2.33949995,0.098718787,polyTPD,Au,..\raw_csv\type3_breakdown_Au\PolyTPD_Au_scan_20V.csv
-2.359499931,0.09990331,polyTPD,Au,..\raw_csv\type3_breakdown_Au\PolyTPD_Au_scan_20V.csv
-2.379499912,0.100851124,polyTPD,Au,..\raw_csv\type3_breakdown_Au\PolyTPD_Au_scan_20V.csv
-2.399499893,0.102103897,polyTPD,Au,..\raw_csv\type3_breakdown_Au\PolyTPD_Au_scan_20V.csv
-2.419500113,0.104402092,polyTPD,Au,..\raw_csv\type3_breakdown_Au\PolyTPD_Au_scan_20V.csv
-2.439500093,0.105750098,polyTPD,Au,..\raw_csv\type3_breakdown_Au\PolyTPD_Au_scan_20V.csv
-2.459500074,0.106976834,polyTPD,Au,..\raw_csv\type3_breakdown_Au\PolyTPD_Au_scan_20V.csv
-2.479500055,0.109066875,polyTPD,Au,..\raw_csv\type3_breakdown_Au\PolyTPD_Au_scan_20V.csv
-2.499500036,0.11175798,polyTPD,Au,..\raw_csv\type3_breakdown_Au\PolyTPD_Au_scan_20V.csv
-2.519500017,0.114556683,polyTPD,Au,..\raw_csv\type3_breakdown_Au\PolyTPD_Au_scan_20V.csv
-2.539499998,0.118268195,polyTPD,Au,..\raw_csv\type3_breakdown_Au\PolyTPD_Au_scan_20V.csv
-2.559499979,0.120695253,polyTPD,Au,..\raw_csv\type3_breakdown_Au\PolyTPD_Au_scan_20V.csv
-2.57949996,0.124447874,polyTPD,Au,..\raw_csv\type3_breakdown_Au\PolyTPD_Au_scan_20V.csv
-2.599499941,0.128914981,polyTPD,Au,..\raw_csv\type3_breakdown_Au\PolyTPD_Au_scan_20V.csv
-2.619499922,0.132199024,polyTPD,Au,..\raw_csv\type3_breakdown_Au\PolyTPD_Au_scan_20V.csv
-2.639499903,0.136653624,polyTPD,Au,..\raw_csv\type3_breakdown_Au\PolyTPD_Au_scan_20V.csv
-2.659499884,0.141032351,polyTPD,Au,..\raw_csv\type3_breakdown_Au\PolyTPD_Au_scan_20V.csv
-2.679500103,0.145892225,polyTPD,Au,..\raw_csv\type3_breakdown_Au\PolyTPD_Au_scan_20V.csv
-2.699500084,0.151480928,polyTPD,Au,..\raw_csv\type3_breakdown_Au\PolyTPD_Au_scan_20V.csv
-2.719500065,0.156295146,polyTPD,Au,..\raw_csv\type3_breakdown_Au\PolyTPD_Au_scan_20V.csv
-2.739500046,0.162904076,polyTPD,Au,..\raw_csv\type3_breakdown_Au\PolyTPD_Au_scan_20V.csv
-2.759500027,0.167962144,polyTPD,Au,..\raw_csv\type3_breakdown_Au\PolyTPD_Au_scan_20V.csv
-2.779500008,0.173767111,polyTPD,Au,..\raw_csv\type3_breakdown_Au\PolyTPD_Au_scan_20V.csv
-2.799499989,0.179403407,polyTPD,Au,..\raw_csv\type3_breakdown_Au\PolyTPD_Au_scan_20V.csv
-2.819499969,0.185020597,polyTPD,Au,..\raw_csv\type3_breakdown_Au\PolyTPD_Au_scan_20V.csv
-2.83949995,0.190623535,polyTPD,Au,..\raw_csv\type3_breakdown_Au\PolyTPD_Au_scan_20V.csv
-2.859499931,0.196709377,polyTPD,Au,..\raw_csv\type3_breakdown_Au\PolyTPD_Au_scan_20V.csv
-2.879499912,0.20360022,polyTPD,Au,..\raw_csv\type3_breakdown_Au\PolyTPD_Au_scan_20V.csv
-2.899499893,0.208051017,polyTPD,Au,..\raw_csv\type3_breakdown_Au\PolyTPD_Au_scan_20V.csv
-2.919500113,0.214685863,polyTPD,Au,..\raw_csv\type3_breakdown_Au\PolyTPD_Au_scan_20V.csv
-2.939500093,0.216408206,polyTPD,Au,..\raw_csv\type3_breakdown_Au\PolyTPD_Au_scan_20V.csv
-2.959500074,0.220151761,polyTPD,Au,..\raw_csv\type3_breakdown_Au\PolyTPD_Au_scan_20V.csv
-2.979500055,0.225356522,polyTPD,Au,..\raw_csv\type3_breakdown_Au\PolyTPD_Au_scan_20V.csv
-2.999500036,0.226861457,polyTPD,Au,..\raw_csv\type3_breakdown_Au\PolyTPD_Au_scan_20V.csv
-3.019500017,0.231181196,polyTPD,Au,..\raw_csv\type3_breakdown_Au\PolyTPD_Au_scan_20V.csv
-3.039499998,0.234426258,polyTPD,Au,..\raw_csv\type3_breakdown_Au\PolyTPD_Au_scan_20V.csv
-3.059499979,0.237982187,polyTPD,Au,..\raw_csv\type3_breakdown_Au\PolyTPD_Au_scan_20V.csv
-3.07949996,0.240336305,polyTPD,Au,..\raw_csv\type3_breakdown_Au\PolyTPD_Au_scan_20V.csv
-3.099499941,0.243478647,polyTPD,Au,..\raw_csv\type3_breakdown_Au\PolyTPD_Au_scan_20V.csv
-3.119499922,0.243165961,polyTPD,Au,..\raw_csv\type3_breakdown_Au\PolyTPD_Au_scan_20V.csv
-3.139499903,0.244551475,polyTPD,Au,..\raw_csv\type3_breakdown_Au\PolyTPD_Au_scan_20V.csv
-3.159499884,0.246435932,polyTPD,Au,..\raw_csv\type3_breakdown_Au\PolyTPD_Au_scan_20V.csv
-3.179500103,0.248353088,polyTPD,Au,..\raw_csv\type3_breakdown_Au\PolyTPD_Au_scan_20V.csv
-3.199500084,0.250092898,polyTPD,Au,..\raw_csv\type3_breakdown_Au\PolyTPD_Au_scan_20V.csv
-3.219500065,0.248699252,polyTPD,Au,..\raw_csv\type3_breakdown_Au\PolyTPD_Au_scan_20V.csv
-3.239500046,0.248193197,polyTPD,Au,..\raw_csv\type3_breakdown_Au\PolyTPD_Au_scan_20V.csv
-3.259500027,0.248198263,polyTPD,Au,..\raw_csv\type3_breakdown_Au\PolyTPD_Au_scan_20V.csv
-3.279500008,0.249697771,polyTPD,Au,..\raw_csv\type3_breakdown_Au\PolyTPD_Au_scan_20V.csv
-3.299499989,0.24978152,polyTPD,Au,..\raw_csv\type3_breakdown_Au\PolyTPD_Au_scan_20V.csv
-3.319499969,0.248282117,polyTPD,Au,..\raw_csv\type3_breakdown_Au\PolyTPD_Au_scan_20V.csv
-3.33949995,0.246150201,polyTPD,Au,..\raw_csv\type3_breakdown_Au\PolyTPD_Au_scan_20V.csv
-3.359499931,0.244650497,polyTPD,Au,..\raw_csv\type3_breakdown_Au\PolyTPD_Au_scan_20V.csv
-3.379499912,0.241782943,polyTPD,Au,..\raw_csv\type3_breakdown_Au\PolyTPD_Au_scan_20V.csv
-3.399499893,0.238806595,polyTPD,Au,..\raw_csv\type3_breakdown_Au\PolyTPD_Au_scan_20V.csv
-3.419500113,0.237637722,polyTPD,Au,..\raw_csv\type3_breakdown_Au\PolyTPD_Au_scan_20V.csv
-3.439500093,0.235143391,polyTPD,Au,..\raw_csv\type3_breakdown_Au\PolyTPD_Au_scan_20V.csv
-3.459500074,0.235340443,polyTPD,Au,..\raw_csv\type3_breakdown_Au\PolyTPD_Au_scan_20V.csv
-3.479500055,0.235932051,polyTPD,Au,..\raw_csv\type3_breakdown_Au\PolyTPD_Au_scan_20V.csv
-3.499500036,0.234618785,polyTPD,Au,..\raw_csv\type3_breakdown_Au\PolyTPD_Au_scan_20V.csv
-3.519500017,0.234099757,polyTPD,Au,..\raw_csv\type3_breakdown_Au\PolyTPD_Au_scan_20V.csv
-3.539499998,0.231616235,polyTPD,Au,..\raw_csv\type3_breakdown_Au\PolyTPD_Au_scan_20V.csv
-3.559499979,0.228699583,polyTPD,Au,..\raw_csv\type3_breakdown_Au\PolyTPD_Au_scan_20V.csv
-3.57949996,0.225482528,polyTPD,Au,..\raw_csv\type3_breakdown_Au\PolyTPD_Au_scan_20V.csv
-3.599499941,0.220220703,polyTPD,Au,..\raw_csv\type3_breakdown_Au\PolyTPD_Au_scan_20V.csv
-3.619499922,0.218614069,polyTPD,Au,..\raw_csv\type3_breakdown_Au\PolyTPD_Au_scan_20V.csv
-3.639499903,0.217168378,polyTPD,Au,..\raw_csv\type3_breakdown_Au\PolyTPD_Au_scan_20V.csv
-3.659499884,0.218003355,polyTPD,Au,..\raw_csv\type3_breakdown_Au\PolyTPD_Au_scan_20V.csv
-3.679500103,0.215849986,polyTPD,Au,..\raw_csv\type3_breakdown_Au\PolyTPD_Au_scan_20V.csv
-3.699500084,0.213712298,polyTPD,Au,..\raw_csv\type3_breakdown_Au\PolyTPD_Au_scan_20V.csv
-3.719500065,0.210573083,polyTPD,Au,..\raw_csv\type3_breakdown_Au\PolyTPD_Au_scan_20V.csv
-3.739500046,0.206348052,polyTPD,Au,..\raw_csv\type3_breakdown_Au\PolyTPD_Au_scan_20V.csv
-3.759500027,0.206624584,polyTPD,Au,..\raw_csv\type3_breakdown_Au\PolyTPD_Au_scan_20V.csv
-3.779500008,0.202541899,polyTPD,Au,..\raw_csv\type3_breakdown_Au\PolyTPD_Au_scan_20V.csv
-3.799499989,0.199147831,polyTPD,Au,..\raw_csv\type3_breakdown_Au\PolyTPD_Au_scan_20V.csv
-3.819499969,0.201537606,polyTPD,Au,..\raw_csv\type3_breakdown_Au\PolyTPD_Au_scan_20V.csv
-3.83949995,0.199209015,polyTPD,Au,..\raw_csv\type3_breakdown_Au\PolyTPD_Au_scan_20V.csv
-3.859499931,0.199583982,polyTPD,Au,..\raw_csv\type3_breakdown_Au\PolyTPD_Au_scan_20V.csv
-3.879499912,0.194455634,polyTPD,Au,..\raw_csv\type3_breakdown_Au\PolyTPD_Au_scan_20V.csv
-3.899499893,0.193438834,polyTPD,Au,..\raw_csv\type3_breakdown_Au\PolyTPD_Au_scan_20V.csv
-3.919500113,0.19446049,polyTPD,Au,..\raw_csv\type3_breakdown_Au\PolyTPD_Au_scan_20V.csv
-3.939500093,0.190459856,polyTPD,Au,..\raw_csv\type3_breakdown_Au\PolyTPD_Au_scan_20V.csv
-3.959500074,0.190616876,polyTPD,Au,..\raw_csv\type3_breakdown_Au\PolyTPD_Au_scan_20V.csv
-3.979500055,0.188765986,polyTPD,Au,..\raw_csv\type3_breakdown_Au\PolyTPD_Au_scan_20V.csv
-3.999500036,0.185856174,polyTPD,Au,..\raw_csv\type3_breakdown_Au\PolyTPD_Au_scan_20V.csv
-4.019499779,0.186494008,polyTPD,Au,..\raw_csv\type3_breakdown_Au\PolyTPD_Au_scan_20V.csv
-4.039500237,0.180620055,polyTPD,Au,..\raw_csv\type3_breakdown_Au\PolyTPD_Au_scan_20V.csv
-4.059500217,0.179846819,polyTPD,Au,..\raw_csv\type3_breakdown_Au\PolyTPD_Au_scan_20V.csv
-4.079500198,0.178061504,polyTPD,Au,..\raw_csv\type3_breakdown_Au\PolyTPD_Au_scan_20V.csv
-4.099500179,0.179082483,polyTPD,Au,..\raw_csv\type3_breakdown_Au\PolyTPD_Au_scan_20V.csv
-4.11950016,0.176058752,polyTPD,Au,..\raw_csv\type3_breakdown_Au\PolyTPD_Au_scan_20V.csv
-4.139500141,0.172684496,polyTPD,Au,..\raw_csv\type3_breakdown_Au\PolyTPD_Au_scan_20V.csv
-4.159500122,0.172948385,polyTPD,Au,..\raw_csv\type3_breakdown_Au\PolyTPD_Au_scan_20V.csv
-4.179500103,0.171552679,polyTPD,Au,..\raw_csv\type3_breakdown_Au\PolyTPD_Au_scan_20V.csv
-4.199500084,0.167324791,polyTPD,Au,..\raw_csv\type3_breakdown_Au\PolyTPD_Au_scan_20V.csv
-4.219500065,0.168184046,polyTPD,Au,..\raw_csv\type3_breakdown_Au\PolyTPD_Au_scan_20V.csv
-4.239500046,0.167629374,polyTPD,Au,..\raw_csv\type3_breakdown_Au\PolyTPD_Au_scan_20V.csv
-4.259500027,0.159627805,polyTPD,Au,..\raw_csv\type3_breakdown_Au\PolyTPD_Au_scan_20V.csv
-4.279500008,0.159887154,polyTPD,Au,..\raw_csv\type3_breakdown_Au\PolyTPD_Au_scan_20V.csv
-4.299499989,0.156950674,polyTPD,Au,..\raw_csv\type3_breakdown_Au\PolyTPD_Au_scan_20V.csv
-4.319499969,0.159209242,polyTPD,Au,..\raw_csv\type3_breakdown_Au\PolyTPD_Au_scan_20V.csv
-4.33949995,0.157760695,polyTPD,Au,..\raw_csv\type3_breakdown_Au\PolyTPD_Au_scan_20V.csv
-4.359499931,0.151752799,polyTPD,Au,..\raw_csv\type3_breakdown_Au\PolyTPD_Au_scan_20V.csv
-4.379499912,0.153740804,polyTPD,Au,..\raw_csv\type3_breakdown_Au\PolyTPD_Au_scan_20V.csv
-4.399499893,0.155678253,polyTPD,Au,..\raw_csv\type3_breakdown_Au\PolyTPD_Au_scan_20V.csv
-4.419499874,0.153718014,polyTPD,Au,..\raw_csv\type3_breakdown_Au\PolyTPD_Au_scan_20V.csv
-4.439499855,0.153079323,polyTPD,Au,..\raw_csv\type3_breakdown_Au\PolyTPD_Au_scan_20V.csv
-4.459499836,0.153409042,polyTPD,Au,..\raw_csv\type3_breakdown_Au\PolyTPD_Au_scan_20V.csv
-4.479499817,0.151791178,polyTPD,Au,..\raw_csv\type3_breakdown_Au\PolyTPD_Au_scan_20V.csv
-4.499499798,0.153453494,polyTPD,Au,..\raw_csv\type3_breakdown_Au\PolyTPD_Au_scan_20V.csv
-4.519499779,0.147133017,polyTPD,Au,..\raw_csv\type3_breakdown_Au\PolyTPD_Au_scan_20V.csv
-4.539500237,0.148507887,polyTPD,Au,..\raw_csv\type3_breakdown_Au\PolyTPD_Au_scan_20V.csv
-4.559500217,0.147314059,polyTPD,Au,..\raw_csv\type3_breakdown_Au\PolyTPD_Au_scan_20V.csv
-4.579500198,0.151371638,polyTPD,Au,..\raw_csv\type3_breakdown_Au\PolyTPD_Au_scan_20V.csv
-4.599500179,0.14575517,polyTPD,Au,..\raw_csv\type3_breakdown_Au\PolyTPD_Au_scan_20V.csv
-4.61950016,0.148956125,polyTPD,Au,..\raw_csv\type3_breakdown_Au\PolyTPD_Au_scan_20V.csv
-4.639500141,0.153566,polyTPD,Au,..\raw_csv\type3_breakdown_Au\PolyTPD_Au_scan_20V.csv
-4.659500122,0.151360543,polyTPD,Au,..\raw_csv\type3_breakdown_Au\PolyTPD_Au_scan_20V.csv
-4.679500103,0.150279583,polyTPD,Au,..\raw_csv\type3_breakdown_Au\PolyTPD_Au_scan_20V.csv
-4.699500084,0.14977891,polyTPD,Au,..\raw_csv\type3_breakdown_Au\PolyTPD_Au_scan_20V.csv
-4.719500065,0.150058042,polyTPD,Au,..\raw_csv\type3_breakdown_Au\PolyTPD_Au_scan_20V.csv
-4.739500046,0.14611999,polyTPD,Au,..\raw_csv\type3_breakdown_Au\PolyTPD_Au_scan_20V.csv
-4.759500027,0.148878104,polyTPD,Au,..\raw_csv\type3_breakdown_Au\PolyTPD_Au_scan_20V.csv
-4.779500008,0.148877006,polyTPD,Au,..\raw_csv\type3_breakdown_Au\PolyTPD_Au_scan_20V.csv
-4.799499989,0.145245372,polyTPD,Au,..\raw_csv\type3_breakdown_Au\PolyTPD_Au_scan_20V.csv
-4.819499969,0.149296021,polyTPD,Au,..\raw_csv\type3_breakdown_Au\PolyTPD_Au_scan_20V.csv
-4.83949995,0.150345006,polyTPD,Au,..\raw_csv\type3_breakdown_Au\PolyTPD_Au_scan_20V.csv
-4.859499931,0.152379915,polyTPD,Au,..\raw_csv\type3_breakdown_Au\PolyTPD_Au_scan_20V.csv
-4.879499912,0.152122565,polyTPD,Au,..\raw_csv\type3_breakdown_Au\PolyTPD_Au_scan_20V.csv
-4.899499893,0.151949911,polyTPD,Au,..\raw_csv\type3_breakdown_Au\PolyTPD_Au_scan_20V.csv
-4.919499874,0.158137437,polyTPD,Au,..\raw_csv\type3_breakdown_Au\PolyTPD_Au_scan_20V.csv
-4.939499855,0.154573059,polyTPD,Au,..\raw_csv\type3_breakdown_Au\PolyTPD_Au_scan_20V.csv
-4.959499836,0.154599713,polyTPD,Au,..\raw_csv\type3_breakdown_Au\PolyTPD_Au_scan_20V.csv
-4.979499817,0.15327839,polyTPD,Au,..\raw_csv\type3_breakdown_Au\PolyTPD_Au_scan_20V.csv
-4.999499798,0.154371166,polyTPD,Au,..\raw_csv\type3_breakdown_Au\PolyTPD_Au_scan_20V.csv
-5.019499779,0.150687502,polyTPD,Au,..\raw_csv\type3_breakdown_Au\PolyTPD_Au_scan_20V.csv
-5.039500237,0.15503164,polyTPD,Au,..\raw_csv\type3_breakdown_Au\PolyTPD_Au_scan_20V.csv
-5.059500217,0.157646355,polyTPD,Au,..\raw_csv\type3_breakdown_Au\PolyTPD_Au_scan_20V.csv
-5.079500198,0.158551535,polyTPD,Au,..\raw_csv\type3_breakdown_Au\PolyTPD_Au_scan_20V.csv
-5.099500179,0.15739105,polyTPD,Au,..\raw_csv\type3_breakdown_Au\PolyTPD_Au_scan_20V.csv
-5.11950016,0.163321662,polyTPD,Au,..\raw_csv\type3_breakdown_Au\PolyTPD_Au_scan_20V.csv
-5.139500141,0.165973688,polyTPD,Au,..\raw_csv\type3_breakdown_Au\PolyTPD_Au_scan_20V.csv
-5.159500122,0.158791055,polyTPD,Au,..\raw_csv\type3_breakdown_Au\PolyTPD_Au_scan_20V.csv
-5.179500103,0.161245744,polyTPD,Au,..\raw_csv\type3_breakdown_Au\PolyTPD_Au_scan_20V.csv
-5.199500084,0.162233139,polyTPD,Au,..\raw_csv\type3_breakdown_Au\PolyTPD_Au_scan_20V.csv
-5.219500065,0.162045814,polyTPD,Au,..\raw_csv\type3_breakdown_Au\PolyTPD_Au_scan_20V.csv
-5.239500046,0.166687905,polyTPD,Au,..\raw_csv\type3_breakdown_Au\PolyTPD_Au_scan_20V.csv
-5.259500027,0.166050913,polyTPD,Au,..\raw_csv\type3_breakdown_Au\PolyTPD_Au_scan_20V.csv
-5.279500008,0.165868216,polyTPD,Au,..\raw_csv\type3_breakdown_Au\PolyTPD_Au_scan_20V.csv
-5.299499989,0.170607691,polyTPD,Au,..\raw_csv\type3_breakdown_Au\PolyTPD_Au_scan_20V.csv
-5.319499969,0.172372051,polyTPD,Au,..\raw_csv\type3_breakdown_Au\PolyTPD_Au_scan_20V.csv
-5.33949995,0.170020368,polyTPD,Au,..\raw_csv\type3_breakdown_Au\PolyTPD_Au_scan_20V.csv
-5.359499931,0.175774208,polyTPD,Au,..\raw_csv\type3_breakdown_Au\PolyTPD_Au_scan_20V.csv
-5.379499912,0.17708609,polyTPD,Au,..\raw_csv\type3_breakdown_Au\PolyTPD_Au_scan_20V.csv
-5.399499893,0.177857702,polyTPD,Au,..\raw_csv\type3_breakdown_Au\PolyTPD_Au_scan_20V.csv
-5.419499874,0.174599877,polyTPD,Au,..\raw_csv\type3_breakdown_Au\PolyTPD_Au_scan_20V.csv
-5.439499855,0.17636359,polyTPD,Au,..\raw_csv\type3_breakdown_Au\PolyTPD_Au_scan_20V.csv
-5.459499836,0.182182898,polyTPD,Au,..\raw_csv\type3_breakdown_Au\PolyTPD_Au_scan_20V.csv
-5.479499817,0.180224358,polyTPD,Au,..\raw_csv\type3_breakdown_Au\PolyTPD_Au_scan_20V.csv
-5.499499798,0.184736098,polyTPD,Au,..\raw_csv\type3_breakdown_Au\PolyTPD_Au_scan_20V.csv
-5.519499779,0.185237176,polyTPD,Au,..\raw_csv\type3_breakdown_Au\PolyTPD_Au_scan_20V.csv
-5.539500237,0.182402199,polyTPD,Au,..\raw_csv\type3_breakdown_Au\PolyTPD_Au_scan_20V.csv
-5.559500217,0.190804728,polyTPD,Au,..\raw_csv\type3_breakdown_Au\PolyTPD_Au_scan_20V.csv
-5.579500198,0.194393729,polyTPD,Au,..\raw_csv\type3_breakdown_Au\PolyTPD_Au_scan_20V.csv
-5.599500179,0.191505805,polyTPD,Au,..\raw_csv\type3_breakdown_Au\PolyTPD_Au_scan_20V.csv
-5.61950016,0.196281659,polyTPD,Au,..\raw_csv\type3_breakdown_Au\PolyTPD_Au_scan_20V.csv
-5.639500141,0.194628769,polyTPD,Au,..\raw_csv\type3_breakdown_Au\PolyTPD_Au_scan_20V.csv
-5.659500122,0.195537182,polyTPD,Au,..\raw_csv\type3_breakdown_Au\PolyTPD_Au_scan_20V.csv
-5.679500103,0.201154913,polyTPD,Au,..\raw_csv\type3_breakdown_Au\PolyTPD_Au_scan_20V.csv
-5.699500084,0.207460612,polyTPD,Au,..\raw_csv\type3_breakdown_Au\PolyTPD_Au_scan_20V.csv
-5.719500065,0.206159959,polyTPD,Au,..\raw_csv\type3_breakdown_Au\PolyTPD_Au_scan_20V.csv
-5.739500046,0.218114072,polyTPD,Au,..\raw_csv\type3_breakdown_Au\PolyTPD_Au_scan_20V.csv
-5.759500027,0.221531096,polyTPD,Au,..\raw_csv\type3_breakdown_Au\PolyTPD_Au_scan_20V.csv
-5.779500008,0.226116588,polyTPD,Au,..\raw_csv\type3_breakdown_Au\PolyTPD_Au_scan_20V.csv
-5.799499989,0.229545564,polyTPD,Au,..\raw_csv\type3_breakdown_Au\PolyTPD_Au_scan_20V.csv
-5.819499969,0.228830761,polyTPD,Au,..\raw_csv\type3_breakdown_Au\PolyTPD_Au_scan_20V.csv
-5.83949995,0.237933555,polyTPD,Au,..\raw_csv\type3_breakdown_Au\PolyTPD_Au_scan_20V.csv
-5.859499931,0.236685398,polyTPD,Au,..\raw_csv\type3_breakdown_Au\PolyTPD_Au_scan_20V.csv
-5.879499912,0.238993214,polyTPD,Au,..\raw_csv\type3_breakdown_Au\PolyTPD_Au_scan_20V.csv
-5.899499893,0.241624089,polyTPD,Au,..\raw_csv\type3_breakdown_Au\PolyTPD_Au_scan_20V.csv
-5.919499874,0.245063558,polyTPD,Au,..\raw_csv\type3_breakdown_Au\PolyTPD_Au_scan_20V.csv
-5.939499855,0.246577227,polyTPD,Au,..\raw_csv\type3_breakdown_Au\PolyTPD_Au_scan_20V.csv
-5.959499836,0.24572573,polyTPD,Au,..\raw_csv\type3_breakdown_Au\PolyTPD_Au_scan_20V.csv
-5.979499817,0.253025966,polyTPD,Au,..\raw_csv\type3_breakdown_Au\PolyTPD_Au_scan_20V.csv
-5.999499798,0.260164101,polyTPD,Au,..\raw_csv\type3_breakdown_Au\PolyTPD_Au_scan_20V.csv
-6.019499779,0.263717865,polyTPD,Au,..\raw_csv\type3_breakdown_Au\PolyTPD_Au_scan_20V.csv
-6.039500237,0.268312242,polyTPD,Au,..\raw_csv\type3_breakdown_Au\PolyTPD_Au_scan_20V.csv
-6.059500217,0.272110292,polyTPD,Au,..\raw_csv\type3_breakdown_Au\PolyTPD_Au_scan_20V.csv
-6.079500198,0.272845645,polyTPD,Au,..\raw_csv\type3_breakdown_Au\PolyTPD_Au_scan_20V.csv
-6.099500179,0.277973571,polyTPD,Au,..\raw_csv\type3_breakdown_Au\PolyTPD_Au_scan_20V.csv
-6.11950016,0.280964411,polyTPD,Au,..\raw_csv\type3_breakdown_Au\PolyTPD_Au_scan_20V.csv
-6.139500141,0.287353333,polyTPD,Au,..\raw_csv\type3_breakdown_Au\PolyTPD_Au_scan_20V.csv
-6.159500122,0.290351027,polyTPD,Au,..\raw_csv\type3_breakdown_Au\PolyTPD_Au_scan_20V.csv
-6.179500103,0.303806528,polyTPD,Au,..\raw_csv\type3_breakdown_Au\PolyTPD_Au_scan_20V.csv
-6.199500084,0.305709431,polyTPD,Au,..\raw_csv\type3_breakdown_Au\PolyTPD_Au_scan_20V.csv
-6.219500065,0.31182325,polyTPD,Au,..\raw_csv\type3_breakdown_Au\PolyTPD_Au_scan_20V.csv
-6.239500046,0.317386592,polyTPD,Au,..\raw_csv\type3_breakdown_Au\PolyTPD_Au_scan_20V.csv
-6.259500027,0.321445103,polyTPD,Au,..\raw_csv\type3_breakdown_Au\PolyTPD_Au_scan_20V.csv
-6.279500008,0.328891053,polyTPD,Au,..\raw_csv\type3_breakdown_Au\PolyTPD_Au_scan_20V.csv
-6.299499989,0.333930345,polyTPD,Au,..\raw_csv\type3_breakdown_Au\PolyTPD_Au_scan_20V.csv
-6.319499969,0.344184605,polyTPD,Au,..\raw_csv\type3_breakdown_Au\PolyTPD_Au_scan_20V.csv
-6.33949995,0.354735134,polyTPD,Au,..\raw_csv\type3_breakdown_Au\PolyTPD_Au_scan_20V.csv
-6.359499931,0.357139568,polyTPD,Au,..\raw_csv\type3_breakdown_Au\PolyTPD_Au_scan_20V.csv
-6.379499912,0.361067232,polyTPD,Au,..\raw_csv\type3_breakdown_Au\PolyTPD_Au_scan_20V.csv
-6.399499893,0.36704371,polyTPD,Au,..\raw_csv\type3_breakdown_Au\PolyTPD_Au_scan_20V.csv
-6.419499874,0.37570712,polyTPD,Au,..\raw_csv\type3_breakdown_Au\PolyTPD_Au_scan_20V.csv
-6.439499855,0.376622628,polyTPD,Au,..\raw_csv\type3_breakdown_Au\PolyTPD_Au_scan_20V.csv
-6.459499836,0.386814892,polyTPD,Au,..\raw_csv\type3_breakdown_Au\PolyTPD_Au_scan_20V.csv
-6.479499817,0.395656202,polyTPD,Au,..\raw_csv\type3_breakdown_Au\PolyTPD_Au_scan_20V.csv
-6.499499798,0.401747682,polyTPD,Au,..\raw_csv\type3_breakdown_Au\PolyTPD_Au_scan_20V.csv
-6.519499779,0.409205449,polyTPD,Au,..\raw_csv\type3_breakdown_Au\PolyTPD_Au_scan_20V.csv
-6.539500237,0.419619028,polyTPD,Au,..\raw_csv\type3_breakdown_Au\PolyTPD_Au_scan_20V.csv
-6.559500217,0.430755061,polyTPD,Au,..\raw_csv\type3_breakdown_Au\PolyTPD_Au_scan_20V.csv
-6.579500198,0.433498158,polyTPD,Au,..\raw_csv\type3_breakdown_Au\PolyTPD_Au_scan_20V.csv
-6.599500179,0.447163217,polyTPD,Au,..\raw_csv\type3_breakdown_Au\PolyTPD_Au_scan_20V.csv
-6.61950016,0.460506271,polyTPD,Au,..\raw_csv\type3_breakdown_Au\PolyTPD_Au_scan_20V.csv
-6.639500141,0.463199939,polyTPD,Au,..\raw_csv\type3_breakdown_Au\PolyTPD_Au_scan_20V.csv
-6.659500122,0.476873989,polyTPD,Au,..\raw_csv\type3_breakdown_Au\PolyTPD_Au_scan_20V.csv
-6.679500103,0.478183631,polyTPD,Au,..\raw_csv\type3_breakdown_Au\PolyTPD_Au_scan_20V.csv
-6.699500084,0.489425587,polyTPD,Au,..\raw_csv\type3_breakdown_Au\PolyTPD_Au_scan_20V.csv
-6.719500065,0.494945543,polyTPD,Au,..\raw_csv\type3_breakdown_Au\PolyTPD_Au_scan_20V.csv
-6.739500046,0.493150456,polyTPD,Au,..\raw_csv\type3_breakdown_Au\PolyTPD_Au_scan_20V.csv
-6.759500027,0.509706808,polyTPD,Au,..\raw_csv\type3_breakdown_Au\PolyTPD_Au_scan_20V.csv
-6.779500008,0.524038159,polyTPD,Au,..\raw_csv\type3_breakdown_Au\PolyTPD_Au_scan_20V.csv
-6.799499989,0.538776062,polyTPD,Au,..\raw_csv\type3_breakdown_Au\PolyTPD_Au_scan_20V.csv
-6.819499969,0.546201748,polyTPD,Au,..\raw_csv\type3_breakdown_Au\PolyTPD_Au_scan_20V.csv
-6.83949995,0.565536073,polyTPD,Au,..\raw_csv\type3_breakdown_Au\PolyTPD_Au_scan_20V.csv
-6.859499931,0.570488775,polyTPD,Au,..\raw_csv\type3_breakdown_Au\PolyTPD_Au_scan_20V.csv
-6.879499912,0.5824828,polyTPD,Au,..\raw_csv\type3_breakdown_Au\PolyTPD_Au_scan_20V.csv
-6.899499893,0.586547174,polyTPD,Au,..\raw_csv\type3_breakdown_Au\PolyTPD_Au_scan_20V.csv
-6.919499874,0.595488484,polyTPD,Au,..\raw_csv\type3_breakdown_Au\PolyTPD_Au_scan_20V.csv
-6.939499855,0.601433543,polyTPD,Au,..\raw_csv\type3_breakdown_Au\PolyTPD_Au_scan_20V.csv
-6.959499836,0.625227848,polyTPD,Au,..\raw_csv\type3_breakdown_Au\PolyTPD_Au_scan_20V.csv
-6.979499817,0.631264728,polyTPD,Au,..\raw_csv\type3_breakdown_Au\PolyTPD_Au_scan_20V.csv
-6.999499798,0.636207028,polyTPD,Au,..\raw_csv\type3_breakdown_Au\PolyTPD_Au_scan_20V.csv
-7.019499779,0.646681761,polyTPD,Au,..\raw_csv\type3_breakdown_Au\PolyTPD_Au_scan_20V.csv
-7.039500237,0.664997451,polyTPD,Au,..\raw_csv\type3_breakdown_Au\PolyTPD_Au_scan_20V.csv
-7.059500217,0.674215368,polyTPD,Au,..\raw_csv\type3_breakdown_Au\PolyTPD_Au_scan_20V.csv
-7.079500198,0.695654608,polyTPD,Au,..\raw_csv\type3_breakdown_Au\PolyTPD_Au_scan_20V.csv
-7.099500179,0.711141454,polyTPD,Au,..\raw_csv\type3_breakdown_Au\PolyTPD_Au_scan_20V.csv
-7.11950016,0.728697317,polyTPD,Au,..\raw_csv\type3_breakdown_Au\PolyTPD_Au_scan_20V.csv
-7.139500141,0.728535082,polyTPD,Au,..\raw_csv\type3_breakdown_Au\PolyTPD_Au_scan_20V.csv
-7.159500122,0.738186789,polyTPD,Au,..\raw_csv\type3_breakdown_Au\PolyTPD_Au_scan_20V.csv
-7.179500103,0.747139825,polyTPD,Au,..\raw_csv\type3_breakdown_Au\PolyTPD_Au_scan_20V.csv
-7.199500084,0.766936864,polyTPD,Au,..\raw_csv\type3_breakdown_Au\PolyTPD_Au_scan_20V.csv
-7.219500065,0.774846311,polyTPD,Au,..\raw_csv\type3_breakdown_Au\PolyTPD_Au_scan_20V.csv
-7.239500046,0.776926032,polyTPD,Au,..\raw_csv\type3_breakdown_Au\PolyTPD_Au_scan_20V.csv
-7.259500027,0.788126618,polyTPD,Au,..\raw_csv\type3_breakdown_Au\PolyTPD_Au_scan_20V.csv
-7.279500008,0.806628356,polyTPD,Au,..\raw_csv\type3_breakdown_Au\PolyTPD_Au_scan_20V.csv
-7.299499989,0.814912604,polyTPD,Au,..\raw_csv\type3_breakdown_Au\PolyTPD_Au_scan_20V.csv
-7.319499969,0.819096941,polyTPD,Au,..\raw_csv\type3_breakdown_Au\PolyTPD_Au_scan_20V.csv
-7.33949995,0.849050376,polyTPD,Au,..\raw_csv\type3_breakdown_Au\PolyTPD_Au_scan_20V.csv
-7.359499931,0.855854058,polyTPD,Au,..\raw_csv\type3_breakdown_Au\PolyTPD_Au_scan_20V.csv
-7.379499912,0.871817629,polyTPD,Au,..\raw_csv\type3_breakdown_Au\PolyTPD_Au_scan_20V.csv
-7.399499893,0.894201902,polyTPD,Au,..\raw_csv\type3_breakdown_Au\PolyTPD_Au_scan_20V.csv
-7.419499874,0.925208906,polyTPD,Au,..\raw_csv\type3_breakdown_Au\PolyTPD_Au_scan_20V.csv
-7.439499855,0.940117283,polyTPD,Au,..\raw_csv\type3_breakdown_Au\PolyTPD_Au_scan_20V.csv
-7.459499836,0.959998928,polyTPD,Au,..\raw_csv\type3_breakdown_Au\PolyTPD_Au_scan_20V.csv
-7.479499817,0.964416095,polyTPD,Au,..\raw_csv\type3_breakdown_Au\PolyTPD_Au_scan_20V.csv
-7.499499798,0.993588717,polyTPD,Au,..\raw_csv\type3_breakdown_Au\PolyTPD_Au_scan_20V.csv
-7.519499779,0.996066812,polyTPD,Au,..\raw_csv\type3_breakdown_Au\PolyTPD_Au_scan_20V.csv
-7.539500237,0.994756899,polyTPD,Au,..\raw_csv\type3_breakdown_Au\PolyTPD_Au_scan_20V.csv
-7.559500217,1.015133308,polyTPD,Au,..\raw_csv\type3_breakdown_Au\PolyTPD_Au_scan_20V.csv
-7.579500198,1.019722212,polyTPD,Au,..\raw_csv\type3_breakdown_Au\PolyTPD_Au_scan_20V.csv
-7.599500179,1.046864421,polyTPD,Au,..\raw_csv\type3_breakdown_Au\PolyTPD_Au_scan_20V.csv
-7.61950016,1.084863079,polyTPD,Au,..\raw_csv\type3_breakdown_Au\PolyTPD_Au_scan_20V.csv
-7.639500141,1.092852442,polyTPD,Au,..\raw_csv\type3_breakdown_Au\PolyTPD_Au_scan_20V.csv
-7.659500122,1.118580709,polyTPD,Au,..\raw_csv\type3_breakdown_Au\PolyTPD_Au_scan_20V.csv
-7.679500103,1.148319772,polyTPD,Au,..\raw_csv\type3_breakdown_Au\PolyTPD_Au_scan_20V.csv
-7.699500084,1.150081637,polyTPD,Au,..\raw_csv\type3_breakdown_Au\PolyTPD_Au_scan_20V.csv
-7.719500065,1.158912605,polyTPD,Au,..\raw_csv\type3_breakdown_Au\PolyTPD_Au_scan_20V.csv
-7.739500046,1.24903033,polyTPD,Au,..\raw_csv\type3_breakdown_Au\PolyTPD_Au_scan_20V.csv
-7.759500027,1.263816279,polyTPD,Au,..\raw_csv\type3_breakdown_Au\PolyTPD_Au_scan_20V.csv
-7.779500008,1.284851373,polyTPD,Au,..\raw_csv\type3_breakdown_Au\PolyTPD_Au_scan_20V.csv
-7.799499989,1.322454724,polyTPD,Au,..\raw_csv\type3_breakdown_Au\PolyTPD_Au_scan_20V.csv
-7.819499969,1.362356557,polyTPD,Au,..\raw_csv\type3_breakdown_Au\PolyTPD_Au_scan_20V.csv
-7.83949995,1.371172372,polyTPD,Au,..\raw_csv\type3_breakdown_Au\PolyTPD_Au_scan_20V.csv
-7.859499931,1.385450808,polyTPD,Au,..\raw_csv\type3_breakdown_Au\PolyTPD_Au_scan_20V.csv
-7.879499912,1.40781614,polyTPD,Au,..\raw_csv\type3_breakdown_Au\PolyTPD_Au_scan_20V.csv
-7.899499893,1.422541956,polyTPD,Au,..\raw_csv\type3_breakdown_Au\PolyTPD_Au_scan_20V.csv
-7.919499874,1.429718576,polyTPD,Au,..\raw_csv\type3_breakdown_Au\PolyTPD_Au_scan_20V.csv
-7.939499855,1.446931206,polyTPD,Au,..\raw_csv\type3_breakdown_Au\PolyTPD_Au_scan_20V.csv
-7.959499836,1.486132022,polyTPD,Au,..\raw_csv\type3_breakdown_Au\PolyTPD_Au_scan_20V.csv
-7.979499817,1.48365062,polyTPD,Au,..\raw_csv\type3_breakdown_Au\PolyTPD_Au_scan_20V.csv
-7.999499798,1.535763674,polyTPD,Au,..\raw_csv\type3_breakdown_Au\PolyTPD_Au_scan_20V.csv
-8.019499779,1.557354867,polyTPD,Au,..\raw_csv\type3_breakdown_Au\PolyTPD_Au_scan_20V.csv
-8.039500237,1.558795386,polyTPD,Au,..\raw_csv\type3_breakdown_Au\PolyTPD_Au_scan_20V.csv
-8.059499741,1.565577421,polyTPD,Au,..\raw_csv\type3_breakdown_Au\PolyTPD_Au_scan_20V.csv
-8.079500198,1.581078218,polyTPD,Au,..\raw_csv\type3_breakdown_Au\PolyTPD_Au_scan_20V.csv
-8.099499702,1.628948126,polyTPD,Au,..\raw_csv\type3_breakdown_Au\PolyTPD_Au_scan_20V.csv
-8.11950016,1.623411422,polyTPD,Au,..\raw_csv\type3_breakdown_Au\PolyTPD_Au_scan_20V.csv
-8.139499664,1.651338712,polyTPD,Au,..\raw_csv\type3_breakdown_Au\PolyTPD_Au_scan_20V.csv
-8.159500122,1.694204325,polyTPD,Au,..\raw_csv\type3_breakdown_Au\PolyTPD_Au_scan_20V.csv
-8.179499626,1.73495053,polyTPD,Au,..\raw_csv\type3_breakdown_Au\PolyTPD_Au_scan_20V.csv
-8.199500084,1.735074642,polyTPD,Au,..\raw_csv\type3_breakdown_Au\PolyTPD_Au_scan_20V.csv
-8.219499588,1.734570616,polyTPD,Au,..\raw_csv\type3_breakdown_Au\PolyTPD_Au_scan_20V.csv
-8.239500046,1.777695398,polyTPD,Au,..\raw_csv\type3_breakdown_Au\PolyTPD_Au_scan_20V.csv
-8.25949955,1.794815184,polyTPD,Au,..\raw_csv\type3_breakdown_Au\PolyTPD_Au_scan_20V.csv
-8.279500008,1.8089843,polyTPD,Au,..\raw_csv\type3_breakdown_Au\PolyTPD_Au_scan_20V.csv
-8.299500465,1.813695032,polyTPD,Au,..\raw_csv\type3_breakdown_Au\PolyTPD_Au_scan_20V.csv
-8.319499969,1.83689295,polyTPD,Au,..\raw_csv\type3_breakdown_Au\PolyTPD_Au_scan_20V.csv
-8.339500427,1.886740235,polyTPD,Au,..\raw_csv\type3_breakdown_Au\PolyTPD_Au_scan_20V.csv
-8.359499931,1.911679211,polyTPD,Au,..\raw_csv\type3_breakdown_Au\PolyTPD_Au_scan_20V.csv
-8.379500389,1.980029918,polyTPD,Au,..\raw_csv\type3_breakdown_Au\PolyTPD_Au_scan_20V.csv
-8.399499893,2.010564406,polyTPD,Au,..\raw_csv\type3_breakdown_Au\PolyTPD_Au_scan_20V.csv
-8.419500351,1.997830277,polyTPD,Au,..\raw_csv\type3_breakdown_Au\PolyTPD_Au_scan_20V.csv
-8.439499855,2.036439033,polyTPD,Au,..\raw_csv\type3_breakdown_Au\PolyTPD_Au_scan_20V.csv
-8.459500313,2.062713299,polyTPD,Au,..\raw_csv\type3_breakdown_Au\PolyTPD_Au_scan_20V.csv
-8.479499817,2.083652422,polyTPD,Au,..\raw_csv\type3_breakdown_Au\PolyTPD_Au_scan_20V.csv
-8.499500275,2.139208748,polyTPD,Au,..\raw_csv\type3_breakdown_Au\PolyTPD_Au_scan_20V.csv
-8.519499779,2.166907417,polyTPD,Au,..\raw_csv\type3_breakdown_Au\PolyTPD_Au_scan_20V.csv
-8.539500237,2.206144912,polyTPD,Au,..\raw_csv\type3_breakdown_Au\PolyTPD_Au_scan_20V.csv
-8.559499741,2.24053193,polyTPD,Au,..\raw_csv\type3_breakdown_Au\PolyTPD_Au_scan_20V.csv
-8.579500198,2.230928387,polyTPD,Au,..\raw_csv\type3_breakdown_Au\PolyTPD_Au_scan_20V.csv
-8.599499702,2.225123496,polyTPD,Au,..\raw_csv\type3_breakdown_Au\PolyTPD_Au_scan_20V.csv
-8.61950016,2.265375296,polyTPD,Au,..\raw_csv\type3_breakdown_Au\PolyTPD_Au_scan_20V.csv
-8.639499664,2.279172436,polyTPD,Au,..\raw_csv\type3_breakdown_Au\PolyTPD_Au_scan_20V.csv
-8.659500122,2.363080463,polyTPD,Au,..\raw_csv\type3_breakdown_Au\PolyTPD_Au_scan_20V.csv
-8.679499626,2.38367924,polyTPD,Au,..\raw_csv\type3_breakdown_Au\PolyTPD_Au_scan_20V.csv
-8.699500084,2.422205496,polyTPD,Au,..\raw_csv\type3_breakdown_Au\PolyTPD_Au_scan_20V.csv
-8.719499588,2.446406413,polyTPD,Au,..\raw_csv\type3_breakdown_Au\PolyTPD_Au_scan_20V.csv
-8.739500046,2.479970827,polyTPD,Au,..\raw_csv\type3_breakdown_Au\PolyTPD_Au_scan_20V.csv
-8.75949955,2.47888268,polyTPD,Au,..\raw_csv\type3_breakdown_Au\PolyTPD_Au_scan_20V.csv
-8.779500008,2.526093423,polyTPD,Au,..\raw_csv\type3_breakdown_Au\PolyTPD_Au_scan_20V.csv
-8.799500465,2.558521343,polyTPD,Au,..\raw_csv\type3_breakdown_Au\PolyTPD_Au_scan_20V.csv
-8.819499969,2.601416541,polyTPD,Au,..\raw_csv\type3_breakdown_Au\PolyTPD_Au_scan_20V.csv
-8.839500427,2.644808428,polyTPD,Au,..\raw_csv\type3_breakdown_Au\PolyTPD_Au_scan_20V.csv
-8.859499931,2.675004254,polyTPD,Au,..\raw_csv\type3_breakdown_Au\PolyTPD_Au_scan_20V.csv
-8.879500389,2.704356789,polyTPD,Au,..\raw_csv\type3_breakdown_Au\PolyTPD_Au_scan_20V.csv
-8.899499893,2.744566016,polyTPD,Au,..\raw_csv\type3_breakdown_Au\PolyTPD_Au_scan_20V.csv
-8.919500351,2.800939655,polyTPD,Au,..\raw_csv\type3_breakdown_Au\PolyTPD_Au_scan_20V.csv
-8.939499855,2.851810986,polyTPD,Au,..\raw_csv\type3_breakdown_Au\PolyTPD_Au_scan_20V.csv
-8.959500313,2.891751062,polyTPD,Au,..\raw_csv\type3_breakdown_Au\PolyTPD_Au_scan_20V.csv
-8.979499817,2.892548892,polyTPD,Au,..\raw_csv\type3_breakdown_Au\PolyTPD_Au_scan_20V.csv
-8.999500275,2.932287406,polyTPD,Au,..\raw_csv\type3_breakdown_Au\PolyTPD_Au_scan_20V.csv
-9.019499779,2.957336664,polyTPD,Au,..\raw_csv\type3_breakdown_Au\PolyTPD_Au_scan_20V.csv
-9.039500237,3.016263022,polyTPD,Au,..\raw_csv\type3_breakdown_Au\PolyTPD_Au_scan_20V.csv
-9.059499741,3.075132374,polyTPD,Au,..\raw_csv\type3_breakdown_Au\PolyTPD_Au_scan_20V.csv
-9.079999924,3.093371095,polyTPD,Au,..\raw_csv\type3_breakdown_Au\PolyTPD_Au_scan_20V.csv
-9.100000381,3.129994056,polyTPD,Au,..\raw_csv\type3_breakdown_Au\PolyTPD_Au_scan_20V.csv
-9.119999886,3.183070544,polyTPD,Au,..\raw_csv\type3_breakdown_Au\PolyTPD_Au_scan_20V.csv
-9.140000343,3.228607454,polyTPD,Au,..\raw_csv\type3_breakdown_Au\PolyTPD_Au_scan_20V.csv
-9.159999847,3.252335495,polyTPD,Au,..\raw_csv\type3_breakdown_Au\PolyTPD_Au_scan_20V.csv
-9.180000305,3.278170557,polyTPD,Au,..\raw_csv\type3_breakdown_Au\PolyTPD_Au_scan_20V.csv
-9.199999809,3.32589723,polyTPD,Au,..\raw_csv\type3_breakdown_Au\PolyTPD_Au_scan_20V.csv
-9.220000267,3.41297517,polyTPD,Au,..\raw_csv\type3_breakdown_Au\PolyTPD_Au_scan_20V.csv
-9.239999771,3.442569195,polyTPD,Au,..\raw_csv\type3_breakdown_Au\PolyTPD_Au_scan_20V.csv
-9.260000229,3.477960175,polyTPD,Au,..\raw_csv\type3_breakdown_Au\PolyTPD_Au_scan_20V.csv
-9.279999733,3.527331816,polyTPD,Au,..\raw_csv\type3_breakdown_Au\PolyTPD_Au_scan_20V.csv
-9.300000191,3.581379795,polyTPD,Au,..\raw_csv\type3_breakdown_Au\PolyTPD_Au_scan_20V.csv
-9.319999695,3.662197764,polyTPD,Au,..\raw_csv\type3_breakdown_Au\PolyTPD_Au_scan_20V.csv
-9.340000153,3.722513889,polyTPD,Au,..\raw_csv\type3_breakdown_Au\PolyTPD_Au_scan_20V.csv
-9.359999657,3.796864315,polyTPD,Au,..\raw_csv\type3_breakdown_Au\PolyTPD_Au_scan_20V.csv
-9.380000114,3.834157626,polyTPD,Au,..\raw_csv\type3_breakdown_Au\PolyTPD_Au_scan_20V.csv
-9.399999619,3.892827581,polyTPD,Au,..\raw_csv\type3_breakdown_Au\PolyTPD_Au_scan_20V.csv
-9.420000076,3.938278143,polyTPD,Au,..\raw_csv\type3_breakdown_Au\PolyTPD_Au_scan_20V.csv
-9.43999958,3.984073862,polyTPD,Au,..\raw_csv\type3_breakdown_Au\PolyTPD_Au_scan_20V.csv
-9.460000038,4.04353852,polyTPD,Au,..\raw_csv\type3_breakdown_Au\PolyTPD_Au_scan_20V.csv
-9.479999542,4.119296993,polyTPD,Au,..\raw_csv\type3_breakdown_Au\PolyTPD_Au_scan_20V.csv
-9.5,4.151354983,polyTPD,Au,..\raw_csv\type3_breakdown_Au\PolyTPD_Au_scan_20V.csv
-9.520000458,4.207040472,polyTPD,Au,..\raw_csv\type3_breakdown_Au\PolyTPD_Au_scan_20V.csv
-9.539999962,4.263781396,polyTPD,Au,..\raw_csv\type3_breakdown_Au\PolyTPD_Au_scan_20V.csv
-9.56000042,4.306422116,polyTPD,Au,..\raw_csv\type3_breakdown_Au\PolyTPD_Au_scan_20V.csv
-9.579999924,4.400843601,polyTPD,Au,..\raw_csv\type3_breakdown_Au\PolyTPD_Au_scan_20V.csv
-9.600000381,4.451832068,polyTPD,Au,..\raw_csv\type3_breakdown_Au\PolyTPD_Au_scan_20V.csv
-9.619999886,4.524434339,polyTPD,Au,..\raw_csv\type3_breakdown_Au\PolyTPD_Au_scan_20V.csv
-9.640000343,4.604925913,polyTPD,Au,..\raw_csv\type3_breakdown_Au\PolyTPD_Au_scan_20V.csv
-9.659999847,4.675020926,polyTPD,Au,..\raw_csv\type3_breakdown_Au\PolyTPD_Au_scan_20V.csv
-9.680000305,4.727148051,polyTPD,Au,..\raw_csv\type3_breakdown_Au\PolyTPD_Au_scan_20V.csv
-9.699999809,4.813546018,polyTPD,Au,..\raw_csv\type3_breakdown_Au\PolyTPD_Au_scan_20V.csv
-9.720000267,4.920204101,polyTPD,Au,..\raw_csv\type3_breakdown_Au\PolyTPD_Au_scan_20V.csv
-9.739999771,4.977749349,polyTPD,Au,..\raw_csv\type3_breakdown_Au\PolyTPD_Au_scan_20V.csv
-9.760000229,5.004104912,polyTPD,Au,..\raw_csv\type3_breakdown_Au\PolyTPD_Au_scan_20V.csv
-9.779999733,5.068282466,polyTPD,Au,..\raw_csv\type3_breakdown_Au\PolyTPD_Au_scan_20V.csv
-9.800000191,5.173117831,polyTPD,Au,..\raw_csv\type3_breakdown_Au\PolyTPD_Au_scan_20V.csv
-9.819999695,5.268633235,polyTPD,Au,..\raw_csv\type3_breakdown_Au\PolyTPD_Au_scan_20V.csv
-9.840000153,5.367334185,polyTPD,Au,..\raw_csv\type3_breakdown_Au\PolyTPD_Au_scan_20V.csv
-9.859999657,5.433874201,polyTPD,Au,..\raw_csv\type3_breakdown_Au\PolyTPD_Au_scan_20V.csv
-9.880000114,5.487629697,polyTPD,Au,..\raw_csv\type3_breakdown_Au\PolyTPD_Au_scan_20V.csv
-9.899999619,5.532430354,polyTPD,Au,..\raw_csv\type3_breakdown_Au\PolyTPD_Au_scan_20V.csv
-9.920000076,5.594688017,polyTPD,Au,..\raw_csv\type3_breakdown_Au\PolyTPD_Au_scan_20V.csv
-9.93999958,5.672422184,polyTPD,Au,..\raw_csv\type3_breakdown_Au\PolyTPD_Au_scan_20V.csv
-9.960000038,5.808757033,polyTPD,Au,..\raw_csv\type3_breakdown_Au\PolyTPD_Au_scan_20V.csv
-9.979999542,5.88534244,polyTPD,Au,..\raw_csv\type3_breakdown_Au\PolyTPD_Au_scan_20V.csv
-10.0,6.019996964,polyTPD,Au,..\raw_csv\type3_breakdown_Au\PolyTPD_Au_scan_20V.csv
-10.02000046,6.070121457,polyTPD,Au,..\raw_csv\type3_breakdown_Au\PolyTPD_Au_scan_20V.csv
-10.03999996,6.144828344,polyTPD,Au,..\raw_csv\type3_breakdown_Au\PolyTPD_Au_scan_20V.csv
-10.06000042,6.23281668,polyTPD,Au,..\raw_csv\type3_breakdown_Au\PolyTPD_Au_scan_20V.csv
-10.07999992,6.291885429,polyTPD,Au,..\raw_csv\type3_breakdown_Au\PolyTPD_Au_scan_20V.csv
-10.10000038,6.316412021,polyTPD,Au,..\raw_csv\type3_breakdown_Au\PolyTPD_Au_scan_20V.csv
-10.11999989,6.428474276,polyTPD,Au,..\raw_csv\type3_breakdown_Au\PolyTPD_Au_scan_20V.csv
-10.14000034,6.536814607,polyTPD,Au,..\raw_csv\type3_breakdown_Au\PolyTPD_Au_scan_20V.csv
-10.15999985,6.636349227,polyTPD,Au,..\raw_csv\type3_breakdown_Au\PolyTPD_Au_scan_20V.csv
-10.18000031,6.714192592,polyTPD,Au,..\raw_csv\type3_breakdown_Au\PolyTPD_Au_scan_20V.csv
-10.19999981,6.795412484,polyTPD,Au,..\raw_csv\type3_breakdown_Au\PolyTPD_Au_scan_20V.csv
-10.22000027,6.898611299,polyTPD,Au,..\raw_csv\type3_breakdown_Au\PolyTPD_Au_scan_20V.csv
-10.23999977,6.993532119,polyTPD,Au,..\raw_csv\type3_breakdown_Au\PolyTPD_Au_scan_20V.csv
-10.26000023,7.126384611,polyTPD,Au,..\raw_csv\type3_breakdown_Au\PolyTPD_Au_scan_20V.csv
-10.27999973,7.230671092,polyTPD,Au,..\raw_csv\type3_breakdown_Au\PolyTPD_Au_scan_20V.csv
-10.30000019,7.378324204,polyTPD,Au,..\raw_csv\type3_breakdown_Au\PolyTPD_Au_scan_20V.csv
-10.3199997,7.44176382,polyTPD,Au,..\raw_csv\type3_breakdown_Au\PolyTPD_Au_scan_20V.csv
-10.34000015,7.535786991,polyTPD,Au,..\raw_csv\type3_breakdown_Au\PolyTPD_Au_scan_20V.csv
-10.35999966,7.677013208,polyTPD,Au,..\raw_csv\type3_breakdown_Au\PolyTPD_Au_scan_20V.csv
-10.38000011,7.817704973,polyTPD,Au,..\raw_csv\type3_breakdown_Au\PolyTPD_Au_scan_20V.csv
-10.39999962,7.884150702,polyTPD,Au,..\raw_csv\type3_breakdown_Au\PolyTPD_Au_scan_20V.csv
-10.42000008,8.043204819,polyTPD,Au,..\raw_csv\type3_breakdown_Au\PolyTPD_Au_scan_20V.csv
-10.43999958,8.171905324,polyTPD,Au,..\raw_csv\type3_breakdown_Au\PolyTPD_Au_scan_20V.csv
-10.46000004,8.299580221,polyTPD,Au,..\raw_csv\type3_breakdown_Au\PolyTPD_Au_scan_20V.csv
-10.47999954,8.384321916,polyTPD,Au,..\raw_csv\type3_breakdown_Au\PolyTPD_Au_scan_20V.csv
-10.5,8.607223584,polyTPD,Au,..\raw_csv\type3_breakdown_Au\PolyTPD_Au_scan_20V.csv
-10.52000046,8.723648527,polyTPD,Au,..\raw_csv\type3_breakdown_Au\PolyTPD_Au_scan_20V.csv
-10.53999996,8.933135493,polyTPD,Au,..\raw_csv\type3_breakdown_Au\PolyTPD_Au_scan_20V.csv
-10.56000042,9.022960016,polyTPD,Au,..\raw_csv\type3_breakdown_Au\PolyTPD_Au_scan_20V.csv
-10.57999992,9.11702552,polyTPD,Au,..\raw_csv\type3_breakdown_Au\PolyTPD_Au_scan_20V.csv
-10.60000038,9.245405643,polyTPD,Au,..\raw_csv\type3_breakdown_Au\PolyTPD_Au_scan_20V.csv
-10.61999989,9.397796186,polyTPD,Au,..\raw_csv\type3_breakdown_Au\PolyTPD_Au_scan_20V.csv
-10.64000034,9.55414966,polyTPD,Au,..\raw_csv\type3_breakdown_Au\PolyTPD_Au_scan_20V.csv
-10.65999985,9.737067956,polyTPD,Au,..\raw_csv\type3_breakdown_Au\PolyTPD_Au_scan_20V.csv
-10.68000031,9.913288042,polyTPD,Au,..\raw_csv\type3_breakdown_Au\PolyTPD_Au_scan_20V.csv
-10.69999981,10.02591842,polyTPD,Au,..\raw_csv\type3_breakdown_Au\PolyTPD_Au_scan_20V.csv
-10.72000027,10.16295273,polyTPD,Au,..\raw_csv\type3_breakdown_Au\PolyTPD_Au_scan_20V.csv
-10.73999977,10.37965167,polyTPD,Au,..\raw_csv\type3_breakdown_Au\PolyTPD_Au_scan_20V.csv
-10.76000023,10.562569,polyTPD,Au,..\raw_csv\type3_breakdown_Au\PolyTPD_Au_scan_20V.csv
-10.77999973,10.71513561,polyTPD,Au,..\raw_csv\type3_breakdown_Au\PolyTPD_Au_scan_20V.csv
-10.80000019,10.88305654,polyTPD,Au,..\raw_csv\type3_breakdown_Au\PolyTPD_Au_scan_20V.csv
-10.8199997,11.06707645,polyTPD,Au,..\raw_csv\type3_breakdown_Au\PolyTPD_Au_scan_20V.csv
-10.84000015,11.14414435,polyTPD,Au,..\raw_csv\type3_breakdown_Au\PolyTPD_Au_scan_20V.csv
-10.85999966,11.17994543,polyTPD,Au,..\raw_csv\type3_breakdown_Au\PolyTPD_Au_scan_20V.csv
-10.88000011,11.36013903,polyTPD,Au,..\raw_csv\type3_breakdown_Au\PolyTPD_Au_scan_20V.csv
-10.89999962,11.58540364,polyTPD,Au,..\raw_csv\type3_breakdown_Au\PolyTPD_Au_scan_20V.csv
-10.92000008,11.73403714,polyTPD,Au,..\raw_csv\type3_breakdown_Au\PolyTPD_Au_scan_20V.csv
-10.93999958,11.92395094,polyTPD,Au,..\raw_csv\type3_breakdown_Au\PolyTPD_Au_scan_20V.csv
-10.96000004,12.07680234,polyTPD,Au,..\raw_csv\type3_breakdown_Au\PolyTPD_Au_scan_20V.csv
-10.97999954,12.27593315,polyTPD,Au,..\raw_csv\type3_breakdown_Au\PolyTPD_Au_scan_20V.csv
-11.0,12.44173454,polyTPD,Au,..\raw_csv\type3_breakdown_Au\PolyTPD_Au_scan_20V.csv
-11.02000046,12.72801233,polyTPD,Au,..\raw_csv\type3_breakdown_Au\PolyTPD_Au_scan_20V.csv
-11.03999996,12.90106803,polyTPD,Au,..\raw_csv\type3_breakdown_Au\PolyTPD_Au_scan_20V.csv
-11.06000042,13.09643315,polyTPD,Au,..\raw_csv\type3_breakdown_Au\PolyTPD_Au_scan_20V.csv
-11.07999992,13.41282402,polyTPD,Au,..\raw_csv\type3_breakdown_Au\PolyTPD_Au_scan_20V.csv
-11.10000038,13.54922717,polyTPD,Au,..\raw_csv\type3_breakdown_Au\PolyTPD_Au_scan_20V.csv
-11.11999989,13.77005261,polyTPD,Au,..\raw_csv\type3_breakdown_Au\PolyTPD_Au_scan_20V.csv
-11.14000034,14.20907018,polyTPD,Au,..\raw_csv\type3_breakdown_Au\PolyTPD_Au_scan_20V.csv
-11.15999985,14.4114587,polyTPD,Au,..\raw_csv\type3_breakdown_Au\PolyTPD_Au_scan_20V.csv
-11.18000031,14.68918717,polyTPD,Au,..\raw_csv\type3_breakdown_Au\PolyTPD_Au_scan_20V.csv
-11.19999981,14.92362646,polyTPD,Au,..\raw_csv\type3_breakdown_Au\PolyTPD_Au_scan_20V.csv
-11.22000027,15.13410152,polyTPD,Au,..\raw_csv\type3_breakdown_Au\PolyTPD_Au_scan_20V.csv
-11.23999977,15.37031109,polyTPD,Au,..\raw_csv\type3_breakdown_Au\PolyTPD_Au_scan_20V.csv
-11.26000023,15.62905329,polyTPD,Au,..\raw_csv\type3_breakdown_Au\PolyTPD_Au_scan_20V.csv
-11.27999973,15.91391677,polyTPD,Au,..\raw_csv\type3_breakdown_Au\PolyTPD_Au_scan_20V.csv
-11.30000019,16.18085037,polyTPD,Au,..\raw_csv\type3_breakdown_Au\PolyTPD_Au_scan_20V.csv
-11.3199997,16.44704699,polyTPD,Au,..\raw_csv\type3_breakdown_Au\PolyTPD_Au_scan_20V.csv
-11.34000015,16.72040941,polyTPD,Au,..\raw_csv\type3_breakdown_Au\PolyTPD_Au_scan_20V.csv
-11.35999966,17.06582232,polyTPD,Au,..\raw_csv\type3_breakdown_Au\PolyTPD_Au_scan_20V.csv
-11.38000011,17.38008404,polyTPD,Au,..\raw_csv\type3_breakdown_Au\PolyTPD_Au_scan_20V.csv
-11.39999962,17.67066053,polyTPD,Au,..\raw_csv\type3_breakdown_Au\PolyTPD_Au_scan_20V.csv
-11.42000008,17.98074477,polyTPD,Au,..\raw_csv\type3_breakdown_Au\PolyTPD_Au_scan_20V.csv
-11.43999958,18.26343388,polyTPD,Au,..\raw_csv\type3_breakdown_Au\PolyTPD_Au_scan_20V.csv
-11.46000004,18.58190387,polyTPD,Au,..\raw_csv\type3_breakdown_Au\PolyTPD_Au_scan_20V.csv
-11.47999954,18.91321226,polyTPD,Au,..\raw_csv\type3_breakdown_Au\PolyTPD_Au_scan_20V.csv
-11.5,19.22742587,polyTPD,Au,..\raw_csv\type3_breakdown_Au\PolyTPD_Au_scan_20V.csv
-11.52000046,19.62474078,polyTPD,Au,..\raw_csv\type3_breakdown_Au\PolyTPD_Au_scan_20V.csv
-11.53999996,19.96362289,polyTPD,Au,..\raw_csv\type3_breakdown_Au\PolyTPD_Au_scan_20V.csv
-11.56000042,20.27454032,polyTPD,Au,..\raw_csv\type3_breakdown_Au\PolyTPD_Au_scan_20V.csv
-11.57999992,20.65040979,polyTPD,Au,..\raw_csv\type3_breakdown_Au\PolyTPD_Au_scan_20V.csv
-11.60000038,21.02941767,polyTPD,Au,..\raw_csv\type3_breakdown_Au\PolyTPD_Au_scan_20V.csv
-11.61999989,21.30571068,polyTPD,Au,..\raw_csv\type3_breakdown_Au\PolyTPD_Au_scan_20V.csv
-11.64000034,21.63557205,polyTPD,Au,..\raw_csv\type3_breakdown_Au\PolyTPD_Au_scan_20V.csv
-11.65999985,21.98953428,polyTPD,Au,..\raw_csv\type3_breakdown_Au\PolyTPD_Au_scan_20V.csv
-11.68000031,22.45242469,polyTPD,Au,..\raw_csv\type3_breakdown_Au\PolyTPD_Au_scan_20V.csv
-11.69999981,22.80025635,polyTPD,Au,..\raw_csv\type3_breakdown_Au\PolyTPD_Au_scan_20V.csv
-11.72000027,23.23470101,polyTPD,Au,..\raw_csv\type3_breakdown_Au\PolyTPD_Au_scan_20V.csv
-11.73999977,23.6028486,polyTPD,Au,..\raw_csv\type3_breakdown_Au\PolyTPD_Au_scan_20V.csv
-11.76000023,24.02724691,polyTPD,Au,..\raw_csv\type3_breakdown_Au\PolyTPD_Au_scan_20V.csv
-11.77999973,24.45040986,polyTPD,Au,..\raw_csv\type3_breakdown_Au\PolyTPD_Au_scan_20V.csv
-11.80000019,24.85627024,polyTPD,Au,..\raw_csv\type3_breakdown_Au\PolyTPD_Au_scan_20V.csv
-11.8199997,25.4261954,polyTPD,Au,..\raw_csv\type3_breakdown_Au\PolyTPD_Au_scan_20V.csv
-11.84000015,25.91300386,polyTPD,Au,..\raw_csv\type3_breakdown_Au\PolyTPD_Au_scan_20V.csv
-11.85999966,26.26475324,polyTPD,Au,..\raw_csv\type3_breakdown_Au\PolyTPD_Au_scan_20V.csv
-11.88000011,26.73943912,polyTPD,Au,..\raw_csv\type3_breakdown_Au\PolyTPD_Au_scan_20V.csv
-11.89999962,27.15193035,polyTPD,Au,..\raw_csv\type3_breakdown_Au\PolyTPD_Au_scan_20V.csv
-11.92000008,27.76653591,polyTPD,Au,..\raw_csv\type3_breakdown_Au\PolyTPD_Au_scan_20V.csv
-11.93999958,28.31752481,polyTPD,Au,..\raw_csv\type3_breakdown_Au\PolyTPD_Au_scan_20V.csv
-11.96000004,28.68892433,polyTPD,Au,..\raw_csv\type3_breakdown_Au\PolyTPD_Au_scan_20V.csv
-11.97999954,29.23871637,polyTPD,Au,..\raw_csv\type3_breakdown_Au\PolyTPD_Au_scan_20V.csv
-12.0,29.69846453,polyTPD,Au,..\raw_csv\type3_breakdown_Au\PolyTPD_Au_scan_20V.csv
-12.02000046,30.26818957,polyTPD,Au,..\raw_csv\type3_breakdown_Au\PolyTPD_Au_scan_20V.csv
-12.03999996,30.85158619,polyTPD,Au,..\raw_csv\type3_breakdown_Au\PolyTPD_Au_scan_20V.csv
-12.06000042,31.33624146,polyTPD,Au,..\raw_csv\type3_breakdown_Au\PolyTPD_Au_scan_20V.csv
-12.07999992,32.10515792,polyTPD,Au,..\raw_csv\type3_breakdown_Au\PolyTPD_Au_scan_20V.csv
-12.10000038,32.59269952,polyTPD,Au,..\raw_csv\type3_breakdown_Au\PolyTPD_Au_scan_20V.csv
-12.11999989,33.21224454,polyTPD,Au,..\raw_csv\type3_breakdown_Au\PolyTPD_Au_scan_20V.csv
-12.14000034,33.87977962,polyTPD,Au,..\raw_csv\type3_breakdown_Au\PolyTPD_Au_scan_20V.csv
-12.15999985,34.53612728,polyTPD,Au,..\raw_csv\type3_breakdown_Au\PolyTPD_Au_scan_20V.csv
-12.18000031,35.14783688,polyTPD,Au,..\raw_csv\type3_breakdown_Au\PolyTPD_Au_scan_20V.csv
-12.19999981,35.78388402,polyTPD,Au,..\raw_csv\type3_breakdown_Au\PolyTPD_Au_scan_20V.csv
-12.22000027,36.60502189,polyTPD,Au,..\raw_csv\type3_breakdown_Au\PolyTPD_Au_scan_20V.csv
-12.23999977,37.14881037,polyTPD,Au,..\raw_csv\type3_breakdown_Au\PolyTPD_Au_scan_20V.csv
-12.26000023,37.78854816,polyTPD,Au,..\raw_csv\type3_breakdown_Au\PolyTPD_Au_scan_20V.csv
-12.27999973,38.47310874,polyTPD,Au,..\raw_csv\type3_breakdown_Au\PolyTPD_Au_scan_20V.csv
-12.30000019,39.28051538,polyTPD,Au,..\raw_csv\type3_breakdown_Au\PolyTPD_Au_scan_20V.csv
-12.3199997,40.15341478,polyTPD,Au,..\raw_csv\type3_breakdown_Au\PolyTPD_Au_scan_20V.csv
-12.34000015,40.70168669,polyTPD,Au,..\raw_csv\type3_breakdown_Au\PolyTPD_Au_scan_20V.csv
-12.35999966,41.62139082,polyTPD,Au,..\raw_csv\type3_breakdown_Au\PolyTPD_Au_scan_20V.csv
-12.38000011,42.64443328,polyTPD,Au,..\raw_csv\type3_breakdown_Au\PolyTPD_Au_scan_20V.csv
-12.39999962,43.40465804,polyTPD,Au,..\raw_csv\type3_breakdown_Au\PolyTPD_Au_scan_20V.csv
-12.42000008,44.28596244,polyTPD,Au,..\raw_csv\type3_breakdown_Au\PolyTPD_Au_scan_20V.csv
-12.43999958,45.31307654,polyTPD,Au,..\raw_csv\type3_breakdown_Au\PolyTPD_Au_scan_20V.csv
-12.46000004,46.43420419,polyTPD,Au,..\raw_csv\type3_breakdown_Au\PolyTPD_Au_scan_20V.csv
-12.47999954,47.34947108,polyTPD,Au,..\raw_csv\type3_breakdown_Au\PolyTPD_Au_scan_20V.csv
-12.5,48.61692413,polyTPD,Au,..\raw_csv\type3_breakdown_Au\PolyTPD_Au_scan_20V.csv
-12.52000046,49.70100285,polyTPD,Au,..\raw_csv\type3_breakdown_Au\PolyTPD_Au_scan_20V.csv
-12.53999996,50.48926735,polyTPD,Au,..\raw_csv\type3_breakdown_Au\PolyTPD_Au_scan_20V.csv
-12.56000042,51.82214389,polyTPD,Au,..\raw_csv\type3_breakdown_Au\PolyTPD_Au_scan_20V.csv
-12.57999992,52.86624116,polyTPD,Au,..\raw_csv\type3_breakdown_Au\PolyTPD_Au_scan_20V.csv
-12.60000038,54.45261447,polyTPD,Au,..\raw_csv\type3_breakdown_Au\PolyTPD_Au_scan_20V.csv
-12.61999989,55.70862227,polyTPD,Au,..\raw_csv\type3_breakdown_Au\PolyTPD_Au_scan_20V.csv
-12.64000034,56.90355916,polyTPD,Au,..\raw_csv\type3_breakdown_Au\PolyTPD_Au_scan_20V.csv
-12.65999985,58.48024979,polyTPD,Au,..\raw_csv\type3_breakdown_Au\PolyTPD_Au_scan_20V.csv
-12.68000031,59.74921914,polyTPD,Au,..\raw_csv\type3_breakdown_Au\PolyTPD_Au_scan_20V.csv
-12.69999981,61.27716927,polyTPD,Au,..\raw_csv\type3_breakdown_Au\PolyTPD_Au_scan_20V.csv
-12.72000027,62.85742741,polyTPD,Au,..\raw_csv\type3_breakdown_Au\PolyTPD_Au_scan_20V.csv
-12.73999977,64.36742842,polyTPD,Au,..\raw_csv\type3_breakdown_Au\PolyTPD_Au_scan_20V.csv
-12.76000023,66.20611318,polyTPD,Au,..\raw_csv\type3_breakdown_Au\PolyTPD_Au_scan_20V.csv
-12.77999973,67.99401392,polyTPD,Au,..\raw_csv\type3_breakdown_Au\PolyTPD_Au_scan_20V.csv
-12.80000019,69.74675531,polyTPD,Au,..\raw_csv\type3_breakdown_Au\PolyTPD_Au_scan_20V.csv
-12.8199997,71.9157594,polyTPD,Au,..\raw_csv\type3_breakdown_Au\PolyTPD_Au_scan_20V.csv
-12.84000015,74.03006947,polyTPD,Au,..\raw_csv\type3_breakdown_Au\PolyTPD_Au_scan_20V.csv
-12.85999966,76.16856312,polyTPD,Au,..\raw_csv\type3_breakdown_Au\PolyTPD_Au_scan_20V.csv
-12.88000011,78.63114934,polyTPD,Au,..\raw_csv\type3_breakdown_Au\PolyTPD_Au_scan_20V.csv
-12.89999962,80.98842684,polyTPD,Au,..\raw_csv\type3_breakdown_Au\PolyTPD_Au_scan_20V.csv
-12.92000008,83.11027215,polyTPD,Au,..\raw_csv\type3_breakdown_Au\PolyTPD_Au_scan_20V.csv
-12.93999958,85.53130291,polyTPD,Au,..\raw_csv\type3_breakdown_Au\PolyTPD_Au_scan_20V.csv
-12.96000004,88.7162029,polyTPD,Au,..\raw_csv\type3_breakdown_Au\PolyTPD_Au_scan_20V.csv
-12.97999954,91.49991838,polyTPD,Au,..\raw_csv\type3_breakdown_Au\PolyTPD_Au_scan_20V.csv
-13.0,94.27401276,polyTPD,Au,..\raw_csv\type3_breakdown_Au\PolyTPD_Au_scan_20V.csv
-13.02000046,97.40332588,polyTPD,Au,..\raw_csv\type3_breakdown_Au\PolyTPD_Au_scan_20V.csv
-13.03999996,100.5221405,polyTPD,Au,..\raw_csv\type3_breakdown_Au\PolyTPD_Au_scan_20V.csv
-13.06000042,104.0995429,polyTPD,Au,..\raw_csv\type3_breakdown_Au\PolyTPD_Au_scan_20V.csv
-13.07999992,107.2084439,polyTPD,Au,..\raw_csv\type3_breakdown_Au\PolyTPD_Au_scan_20V.csv
-13.10000038,111.3757045,polyTPD,Au,..\raw_csv\type3_breakdown_Au\PolyTPD_Au_scan_20V.csv
-13.11999989,114.4146254,polyTPD,Au,..\raw_csv\type3_breakdown_Au\PolyTPD_Au_scan_20V.csv
-13.14000034,118.2712091,polyTPD,Au,..\raw_csv\type3_breakdown_Au\PolyTPD_Au_scan_20V.csv
-13.15999985,122.5937081,polyTPD,Au,..\raw_csv\type3_breakdown_Au\PolyTPD_Au_scan_20V.csv
-13.18000031,126.9888964,polyTPD,Au,..\raw_csv\type3_breakdown_Au\PolyTPD_Au_scan_20V.csv
-13.19999981,131.0906565,polyTPD,Au,..\raw_csv\type3_breakdown_Au\PolyTPD_Au_scan_20V.csv
-13.22000027,135.1094289,polyTPD,Au,..\raw_csv\type3_breakdown_Au\PolyTPD_Au_scan_20V.csv
-13.23999977,140.2745593,polyTPD,Au,..\raw_csv\type3_breakdown_Au\PolyTPD_Au_scan_20V.csv
-13.26000023,145.3076266,polyTPD,Au,..\raw_csv\type3_breakdown_Au\PolyTPD_Au_scan_20V.csv
-13.27999973,149.8836839,polyTPD,Au,..\raw_csv\type3_breakdown_Au\PolyTPD_Au_scan_20V.csv
-13.30000019,154.9249869,polyTPD,Au,..\raw_csv\type3_breakdown_Au\PolyTPD_Au_scan_20V.csv
-13.3199997,159.9720471,polyTPD,Au,..\raw_csv\type3_breakdown_Au\PolyTPD_Au_scan_20V.csv
-13.34000015,165.2156857,polyTPD,Au,..\raw_csv\type3_breakdown_Au\PolyTPD_Au_scan_20V.csv
-13.35999966,170.2724132,polyTPD,Au,..\raw_csv\type3_breakdown_Au\PolyTPD_Au_scan_20V.csv
-13.38000011,176.2967464,polyTPD,Au,..\raw_csv\type3_breakdown_Au\PolyTPD_Au_scan_20V.csv
-13.39999962,182.7009361,polyTPD,Au,..\raw_csv\type3_breakdown_Au\PolyTPD_Au_scan_20V.csv
-13.42000008,187.3640297,polyTPD,Au,..\raw_csv\type3_breakdown_Au\PolyTPD_Au_scan_20V.csv
-13.43999958,193.2339327,polyTPD,Au,..\raw_csv\type3_breakdown_Au\PolyTPD_Au_scan_20V.csv
-13.46000004,200.0899139,polyTPD,Au,..\raw_csv\type3_breakdown_Au\PolyTPD_Au_scan_20V.csv
-13.47999954,206.2373048,polyTPD,Au,..\raw_csv\type3_breakdown_Au\PolyTPD_Au_scan_20V.csv
-13.5,213.1642204,polyTPD,Au,..\raw_csv\type3_breakdown_Au\PolyTPD_Au_scan_20V.csv
-13.52000046,220.6002385,polyTPD,Au,..\raw_csv\type3_breakdown_Au\PolyTPD_Au_scan_20V.csv
-13.53999996,228.6325032,polyTPD,Au,..\raw_csv\type3_breakdown_Au\PolyTPD_Au_scan_20V.csv
-13.56000042,236.5401707,polyTPD,Au,..\raw_csv\type3_breakdown_Au\PolyTPD_Au_scan_20V.csv
-13.57999992,277.7354468,polyTPD,Au,..\raw_csv\type3_breakdown_Au\PolyTPD_Au_scan_20V.csv
-13.60000038,1652.92633,polyTPD,Au,..\raw_csv\type3_breakdown_Au\PolyTPD_Au_scan_20V.csv
-13.61999989,1652.926207,polyTPD,Au,..\raw_csv\type3_breakdown_Au\PolyTPD_Au_scan_20V.csv
-13.64000034,1652.925221,polyTPD,Au,..\raw_csv\type3_breakdown_Au\PolyTPD_Au_scan_20V.csv
-13.65999985,1652.925837,polyTPD,Au,..\raw_csv\type3_breakdown_Au\PolyTPD_Au_scan_20V.csv
-13.68000031,1652.926699,polyTPD,Au,..\raw_csv\type3_breakdown_Au\PolyTPD_Au_scan_20V.csv
-13.69999981,1652.926576,polyTPD,Au,..\raw_csv\type3_breakdown_Au\PolyTPD_Au_scan_20V.csv
-13.72000027,1652.927561,polyTPD,Au,..\raw_csv\type3_breakdown_Au\PolyTPD_Au_scan_20V.csv
-13.73999977,1652.926699,polyTPD,Au,..\raw_csv\type3_breakdown_Au\PolyTPD_Au_scan_20V.csv
-13.76000023,1652.92596,polyTPD,Au,..\raw_csv\type3_breakdown_Au\PolyTPD_Au_scan_20V.csv
-13.77999973,1652.925837,polyTPD,Au,..\raw_csv\type3_breakdown_Au\PolyTPD_Au_scan_20V.csv
-13.80000019,1652.925714,polyTPD,Au,..\raw_csv\type3_breakdown_Au\PolyTPD_Au_scan_20V.csv
-13.8199997,1652.927069,polyTPD,Au,..\raw_csv\type3_breakdown_Au\PolyTPD_Au_scan_20V.csv
-13.84000015,1652.927069,polyTPD,Au,..\raw_csv\type3_breakdown_Au\PolyTPD_Au_scan_20V.csv
-13.85999966,1652.927315,polyTPD,Au,..\raw_csv\type3_breakdown_Au\PolyTPD_Au_scan_20V.csv
-13.88000011,1652.926453,polyTPD,Au,..\raw_csv\type3_breakdown_Au\PolyTPD_Au_scan_20V.csv
-13.89999962,1652.926453,polyTPD,Au,..\raw_csv\type3_breakdown_Au\PolyTPD_Au_scan_20V.csv
-13.92000008,1652.926453,polyTPD,Au,..\raw_csv\type3_breakdown_Au\PolyTPD_Au_scan_20V.csv
-13.93999958,1652.924975,polyTPD,Au,..\raw_csv\type3_breakdown_Au\PolyTPD_Au_scan_20V.csv
-13.96000004,1652.925468,polyTPD,Au,..\raw_csv\type3_breakdown_Au\PolyTPD_Au_scan_20V.csv
-13.97999954,1652.924852,polyTPD,Au,..\raw_csv\type3_breakdown_Au\PolyTPD_Au_scan_20V.csv
-14.0,1652.925221,polyTPD,Au,..\raw_csv\type3_breakdown_Au\PolyTPD_Au_scan_20V.csv
-14.02000046,1652.924236,polyTPD,Au,..\raw_csv\type3_breakdown_Au\PolyTPD_Au_scan_20V.csv
-14.03999996,1652.924729,polyTPD,Au,..\raw_csv\type3_breakdown_Au\PolyTPD_Au_scan_20V.csv
-14.06000042,1652.925468,polyTPD,Au,..\raw_csv\type3_breakdown_Au\PolyTPD_Au_scan_20V.csv
-14.07999992,1652.926207,polyTPD,Au,..\raw_csv\type3_breakdown_Au\PolyTPD_Au_scan_20V.csv
-14.10000038,1652.925591,polyTPD,Au,..\raw_csv\type3_breakdown_Au\PolyTPD_Au_scan_20V.csv
-14.11999989,1652.926576,polyTPD,Au,..\raw_csv\type3_breakdown_Au\PolyTPD_Au_scan_20V.csv
-14.14000034,1652.92596,polyTPD,Au,..\raw_csv\type3_breakdown_Au\PolyTPD_Au_scan_20V.csv
-14.15999985,1652.923744,polyTPD,Au,..\raw_csv\type3_breakdown_Au\PolyTPD_Au_scan_20V.csv
-14.18000031,1652.925345,polyTPD,Au,..\raw_csv\type3_breakdown_Au\PolyTPD_Au_scan_20V.csv
-14.19999981,1652.925345,polyTPD,Au,..\raw_csv\type3_breakdown_Au\PolyTPD_Au_scan_20V.csv
-14.22000027,1652.92633,polyTPD,Au,..\raw_csv\type3_breakdown_Au\PolyTPD_Au_scan_20V.csv
-14.23999977,1652.925468,polyTPD,Au,..\raw_csv\type3_breakdown_Au\PolyTPD_Au_scan_20V.csv
-14.26000023,1652.924359,polyTPD,Au,..\raw_csv\type3_breakdown_Au\PolyTPD_Au_scan_20V.csv
-14.27999973,1652.924975,polyTPD,Au,..\raw_csv\type3_breakdown_Au\PolyTPD_Au_scan_20V.csv
-14.30000019,1652.925221,polyTPD,Au,..\raw_csv\type3_breakdown_Au\PolyTPD_Au_scan_20V.csv
-14.3199997,1652.924852,polyTPD,Au,..\raw_csv\type3_breakdown_Au\PolyTPD_Au_scan_20V.csv
-14.34000015,1652.924975,polyTPD,Au,..\raw_csv\type3_breakdown_Au\PolyTPD_Au_scan_20V.csv
-14.35999966,1652.925221,polyTPD,Au,..\raw_csv\type3_breakdown_Au\PolyTPD_Au_scan_20V.csv
-14.38000011,1652.925468,polyTPD,Au,..\raw_csv\type3_breakdown_Au\PolyTPD_Au_scan_20V.csv
-14.39999962,1652.92596,polyTPD,Au,..\raw_csv\type3_breakdown_Au\PolyTPD_Au_scan_20V.csv
-14.42000008,1652.927069,polyTPD,Au,..\raw_csv\type3_breakdown_Au\PolyTPD_Au_scan_20V.csv
-14.43999958,1652.924359,polyTPD,Au,..\raw_csv\type3_breakdown_Au\PolyTPD_Au_scan_20V.csv
-14.46000004,1652.924482,polyTPD,Au,..\raw_csv\type3_breakdown_Au\PolyTPD_Au_scan_20V.csv
-14.47999954,1652.924975,polyTPD,Au,..\raw_csv\type3_breakdown_Au\PolyTPD_Au_scan_20V.csv
-14.5,1652.92596,polyTPD,Au,..\raw_csv\type3_breakdown_Au\PolyTPD_Au_scan_20V.csv
-14.52000046,1652.926207,polyTPD,Au,..\raw_csv\type3_breakdown_Au\PolyTPD_Au_scan_20V.csv
-14.53999996,1652.924236,polyTPD,Au,..\raw_csv\type3_breakdown_Au\PolyTPD_Au_scan_20V.csv
-14.56000042,1652.923251,polyTPD,Au,..\raw_csv\type3_breakdown_Au\PolyTPD_Au_scan_20V.csv
-14.57999992,1652.924852,polyTPD,Au,..\raw_csv\type3_breakdown_Au\PolyTPD_Au_scan_20V.csv
-14.60000038,1652.925837,polyTPD,Au,..\raw_csv\type3_breakdown_Au\PolyTPD_Au_scan_20V.csv
-14.61999989,1652.925221,polyTPD,Au,..\raw_csv\type3_breakdown_Au\PolyTPD_Au_scan_20V.csv
-14.64000034,1652.924606,polyTPD,Au,..\raw_csv\type3_breakdown_Au\PolyTPD_Au_scan_20V.csv
-14.65999985,1652.924852,polyTPD,Au,..\raw_csv\type3_breakdown_Au\PolyTPD_Au_scan_20V.csv
-14.68000031,1652.924975,polyTPD,Au,..\raw_csv\type3_breakdown_Au\PolyTPD_Au_scan_20V.csv
-14.69999981,1652.924482,polyTPD,Au,..\raw_csv\type3_breakdown_Au\PolyTPD_Au_scan_20V.csv
-14.72000027,1652.924975,polyTPD,Au,..\raw_csv\type3_breakdown_Au\PolyTPD_Au_scan_20V.csv
-14.73999977,1652.924729,polyTPD,Au,..\raw_csv\type3_breakdown_Au\PolyTPD_Au_scan_20V.csv
-14.76000023,1652.924606,polyTPD,Au,..\raw_csv\type3_breakdown_Au\PolyTPD_Au_scan_20V.csv
-14.77999973,1652.924606,polyTPD,Au,..\raw_csv\type3_breakdown_Au\PolyTPD_Au_scan_20V.csv
-14.80000019,1652.922882,polyTPD,Au,..\raw_csv\type3_breakdown_Au\PolyTPD_Au_scan_20V.csv
-14.8199997,1652.925221,polyTPD,Au,..\raw_csv\type3_breakdown_Au\PolyTPD_Au_scan_20V.csv
-14.84000015,1652.925591,polyTPD,Au,..\raw_csv\type3_breakdown_Au\PolyTPD_Au_scan_20V.csv
-14.85999966,1652.923374,polyTPD,Au,..\raw_csv\type3_breakdown_Au\PolyTPD_Au_scan_20V.csv
-14.88000011,1652.924852,polyTPD,Au,..\raw_csv\type3_breakdown_Au\PolyTPD_Au_scan_20V.csv
-14.89999962,1652.92362,polyTPD,Au,..\raw_csv\type3_breakdown_Au\PolyTPD_Au_scan_20V.csv
-14.92000008,1652.92362,polyTPD,Au,..\raw_csv\type3_breakdown_Au\PolyTPD_Au_scan_20V.csv
-14.93999958,1652.924236,polyTPD,Au,..\raw_csv\type3_breakdown_Au\PolyTPD_Au_scan_20V.csv
-14.96000004,1652.923374,polyTPD,Au,..\raw_csv\type3_breakdown_Au\PolyTPD_Au_scan_20V.csv
-14.97999954,1652.922512,polyTPD,Au,..\raw_csv\type3_breakdown_Au\PolyTPD_Au_scan_20V.csv
-15.0,1652.924729,polyTPD,Au,..\raw_csv\type3_breakdown_Au\PolyTPD_Au_scan_20V.csv
-15.02000046,1652.925714,polyTPD,Au,..\raw_csv\type3_breakdown_Au\PolyTPD_Au_scan_20V.csv
-15.03999996,1652.924113,polyTPD,Au,..\raw_csv\type3_breakdown_Au\PolyTPD_Au_scan_20V.csv
-15.06000042,1652.923867,polyTPD,Au,..\raw_csv\type3_breakdown_Au\PolyTPD_Au_scan_20V.csv
-15.07999992,1652.923497,polyTPD,Au,..\raw_csv\type3_breakdown_Au\PolyTPD_Au_scan_20V.csv
-15.10000038,1652.924113,polyTPD,Au,..\raw_csv\type3_breakdown_Au\PolyTPD_Au_scan_20V.csv
-15.11999989,1652.925591,polyTPD,Au,..\raw_csv\type3_breakdown_Au\PolyTPD_Au_scan_20V.csv
-15.14000034,1652.922882,polyTPD,Au,..\raw_csv\type3_breakdown_Au\PolyTPD_Au_scan_20V.csv
-15.15999985,1652.923867,polyTPD,Au,..\raw_csv\type3_breakdown_Au\PolyTPD_Au_scan_20V.csv
-15.18000031,1652.922882,polyTPD,Au,..\raw_csv\type3_breakdown_Au\PolyTPD_Au_scan_20V.csv
-15.19999981,1652.924113,polyTPD,Au,..\raw_csv\type3_breakdown_Au\PolyTPD_Au_scan_20V.csv
-15.22000027,1652.923497,polyTPD,Au,..\raw_csv\type3_breakdown_Au\PolyTPD_Au_scan_20V.csv
-15.23999977,1652.924113,polyTPD,Au,..\raw_csv\type3_breakdown_Au\PolyTPD_Au_scan_20V.csv
-15.26000023,1652.924975,polyTPD,Au,..\raw_csv\type3_breakdown_Au\PolyTPD_Au_scan_20V.csv
-15.27999973,1652.923374,polyTPD,Au,..\raw_csv\type3_breakdown_Au\PolyTPD_Au_scan_20V.csv
-15.30000019,1652.923867,polyTPD,Au,..\raw_csv\type3_breakdown_Au\PolyTPD_Au_scan_20V.csv
-15.3199997,1652.924113,polyTPD,Au,..\raw_csv\type3_breakdown_Au\PolyTPD_Au_scan_20V.csv
-15.34000015,1652.924359,polyTPD,Au,..\raw_csv\type3_breakdown_Au\PolyTPD_Au_scan_20V.csv
-15.35999966,1652.922882,polyTPD,Au,..\raw_csv\type3_breakdown_Au\PolyTPD_Au_scan_20V.csv
-15.38000011,1652.924606,polyTPD,Au,..\raw_csv\type3_breakdown_Au\PolyTPD_Au_scan_20V.csv
-15.39999962,1652.924359,polyTPD,Au,..\raw_csv\type3_breakdown_Au\PolyTPD_Au_scan_20V.csv
-15.42000008,1652.923867,polyTPD,Au,..\raw_csv\type3_breakdown_Au\PolyTPD_Au_scan_20V.csv
-15.43999958,1652.924852,polyTPD,Au,..\raw_csv\type3_breakdown_Au\PolyTPD_Au_scan_20V.csv
-15.46000004,1652.924113,polyTPD,Au,..\raw_csv\type3_breakdown_Au\PolyTPD_Au_scan_20V.csv
-15.47999954,1652.923251,polyTPD,Au,..\raw_csv\type3_breakdown_Au\PolyTPD_Au_scan_20V.csv
-15.5,1652.924236,polyTPD,Au,..\raw_csv\type3_breakdown_Au\PolyTPD_Au_scan_20V.csv
-15.52000046,1652.923374,polyTPD,Au,..\raw_csv\type3_breakdown_Au\PolyTPD_Au_scan_20V.csv
-15.53999996,1652.924359,polyTPD,Au,..\raw_csv\type3_breakdown_Au\PolyTPD_Au_scan_20V.csv
-15.56000042,1652.923744,polyTPD,Au,..\raw_csv\type3_breakdown_Au\PolyTPD_Au_scan_20V.csv
-15.57999992,1652.924359,polyTPD,Au,..\raw_csv\type3_breakdown_Au\PolyTPD_Au_scan_20V.csv
-15.60000038,1652.924852,polyTPD,Au,..\raw_csv\type3_breakdown_Au\PolyTPD_Au_scan_20V.csv
-15.61999989,1652.923251,polyTPD,Au,..\raw_csv\type3_breakdown_Au\PolyTPD_Au_scan_20V.csv
-15.64000034,1652.924113,polyTPD,Au,..\raw_csv\type3_breakdown_Au\PolyTPD_Au_scan_20V.csv
-15.65999985,1652.922758,polyTPD,Au,..\raw_csv\type3_breakdown_Au\PolyTPD_Au_scan_20V.csv
-15.68000031,1652.924852,polyTPD,Au,..\raw_csv\type3_breakdown_Au\PolyTPD_Au_scan_20V.csv
-15.69999981,1652.924729,polyTPD,Au,..\raw_csv\type3_breakdown_Au\PolyTPD_Au_scan_20V.csv
-15.72000027,1652.924852,polyTPD,Au,..\raw_csv\type3_breakdown_Au\PolyTPD_Au_scan_20V.csv
-15.73999977,1652.924236,polyTPD,Au,..\raw_csv\type3_breakdown_Au\PolyTPD_Au_scan_20V.csv
-15.76000023,1652.922266,polyTPD,Au,..\raw_csv\type3_breakdown_Au\PolyTPD_Au_scan_20V.csv
-15.77999973,1652.925221,polyTPD,Au,..\raw_csv\type3_breakdown_Au\PolyTPD_Au_scan_20V.csv
-15.80000019,1652.924482,polyTPD,Au,..\raw_csv\type3_breakdown_Au\PolyTPD_Au_scan_20V.csv
-15.8199997,1652.923128,polyTPD,Au,..\raw_csv\type3_breakdown_Au\PolyTPD_Au_scan_20V.csv
-15.84000015,1652.923744,polyTPD,Au,..\raw_csv\type3_breakdown_Au\PolyTPD_Au_scan_20V.csv
-15.85999966,1652.923497,polyTPD,Au,..\raw_csv\type3_breakdown_Au\PolyTPD_Au_scan_20V.csv
-15.88000011,1652.924852,polyTPD,Au,..\raw_csv\type3_breakdown_Au\PolyTPD_Au_scan_20V.csv
-15.89999962,1652.924113,polyTPD,Au,..\raw_csv\type3_breakdown_Au\PolyTPD_Au_scan_20V.csv
-15.92000008,1652.924113,polyTPD,Au,..\raw_csv\type3_breakdown_Au\PolyTPD_Au_scan_20V.csv
-15.93999958,1652.924729,polyTPD,Au,..\raw_csv\type3_breakdown_Au\PolyTPD_Au_scan_20V.csv
-15.96000004,1652.924852,polyTPD,Au,..\raw_csv\type3_breakdown_Au\PolyTPD_Au_scan_20V.csv
-15.97999954,1652.923867,polyTPD,Au,..\raw_csv\type3_breakdown_Au\PolyTPD_Au_scan_20V.csv
-16.0,1652.924852,polyTPD,Au,..\raw_csv\type3_breakdown_Au\PolyTPD_Au_scan_20V.csv
-16.02000046,1652.923867,polyTPD,Au,..\raw_csv\type3_breakdown_Au\PolyTPD_Au_scan_20V.csv
-16.04000092,1652.924236,polyTPD,Au,..\raw_csv\type3_breakdown_Au\PolyTPD_Au_scan_20V.csv
-16.05999947,1652.924359,polyTPD,Au,..\raw_csv\type3_breakdown_Au\PolyTPD_Au_scan_20V.csv
-16.07999992,1652.924236,polyTPD,Au,..\raw_csv\type3_breakdown_Au\PolyTPD_Au_scan_20V.csv
-16.10000038,1652.923497,polyTPD,Au,..\raw_csv\type3_breakdown_Au\PolyTPD_Au_scan_20V.csv
-16.12000084,1652.924852,polyTPD,Au,..\raw_csv\type3_breakdown_Au\PolyTPD_Au_scan_20V.csv
-16.13999939,1652.923744,polyTPD,Au,..\raw_csv\type3_breakdown_Au\PolyTPD_Au_scan_20V.csv
-16.15999985,1652.923374,polyTPD,Au,..\raw_csv\type3_breakdown_Au\PolyTPD_Au_scan_20V.csv
-16.18000031,1652.923128,polyTPD,Au,..\raw_csv\type3_breakdown_Au\PolyTPD_Au_scan_20V.csv
-16.20000076,1652.922758,polyTPD,Au,..\raw_csv\type3_breakdown_Au\PolyTPD_Au_scan_20V.csv
-16.21999931,1652.922758,polyTPD,Au,..\raw_csv\type3_breakdown_Au\PolyTPD_Au_scan_20V.csv
-16.23999977,1652.924852,polyTPD,Au,..\raw_csv\type3_breakdown_Au\PolyTPD_Au_scan_20V.csv
-16.26000023,1652.923497,polyTPD,Au,..\raw_csv\type3_breakdown_Au\PolyTPD_Au_scan_20V.csv
-16.28000069,1652.922758,polyTPD,Au,..\raw_csv\type3_breakdown_Au\PolyTPD_Au_scan_20V.csv
-16.29999924,1652.923497,polyTPD,Au,..\raw_csv\type3_breakdown_Au\PolyTPD_Au_scan_20V.csv
-16.3199997,1652.925221,polyTPD,Au,..\raw_csv\type3_breakdown_Au\PolyTPD_Au_scan_20V.csv
-16.34000015,1652.923374,polyTPD,Au,..\raw_csv\type3_breakdown_Au\PolyTPD_Au_scan_20V.csv
-16.36000061,1652.923128,polyTPD,Au,..\raw_csv\type3_breakdown_Au\PolyTPD_Au_scan_20V.csv
-16.37999916,1652.92362,polyTPD,Au,..\raw_csv\type3_breakdown_Au\PolyTPD_Au_scan_20V.csv
-16.39999962,1652.923497,polyTPD,Au,..\raw_csv\type3_breakdown_Au\PolyTPD_Au_scan_20V.csv
-16.42000008,1652.922882,polyTPD,Au,..\raw_csv\type3_breakdown_Au\PolyTPD_Au_scan_20V.csv
-16.44000053,1652.923251,polyTPD,Au,..\raw_csv\type3_breakdown_Au\PolyTPD_Au_scan_20V.csv
-16.45999908,1652.926207,polyTPD,Au,..\raw_csv\type3_breakdown_Au\PolyTPD_Au_scan_20V.csv
-16.47999954,1652.923867,polyTPD,Au,..\raw_csv\type3_breakdown_Au\PolyTPD_Au_scan_20V.csv
-16.5,1652.923128,polyTPD,Au,..\raw_csv\type3_breakdown_Au\PolyTPD_Au_scan_20V.csv
-16.52000046,1652.924606,polyTPD,Au,..\raw_csv\type3_breakdown_Au\PolyTPD_Au_scan_20V.csv
-16.54000092,1652.922512,polyTPD,Au,..\raw_csv\type3_breakdown_Au\PolyTPD_Au_scan_20V.csv
-16.55999947,1652.922512,polyTPD,Au,..\raw_csv\type3_breakdown_Au\PolyTPD_Au_scan_20V.csv
-16.57999992,1652.924975,polyTPD,Au,..\raw_csv\type3_breakdown_Au\PolyTPD_Au_scan_20V.csv
-16.60000038,1652.922389,polyTPD,Au,..\raw_csv\type3_breakdown_Au\PolyTPD_Au_scan_20V.csv
-16.62000084,1652.922389,polyTPD,Au,..\raw_csv\type3_breakdown_Au\PolyTPD_Au_scan_20V.csv
-16.63999939,1652.92362,polyTPD,Au,..\raw_csv\type3_breakdown_Au\PolyTPD_Au_scan_20V.csv
-16.65999985,1652.922758,polyTPD,Au,..\raw_csv\type3_breakdown_Au\PolyTPD_Au_scan_20V.csv
-16.68000031,1652.923251,polyTPD,Au,..\raw_csv\type3_breakdown_Au\PolyTPD_Au_scan_20V.csv
-16.70000076,1652.922882,polyTPD,Au,..\raw_csv\type3_breakdown_Au\PolyTPD_Au_scan_20V.csv
-16.71999931,1652.921034,polyTPD,Au,..\raw_csv\type3_breakdown_Au\PolyTPD_Au_scan_20V.csv
-16.73999977,1652.921157,polyTPD,Au,..\raw_csv\type3_breakdown_Au\PolyTPD_Au_scan_20V.csv
-16.76000023,1652.923251,polyTPD,Au,..\raw_csv\type3_breakdown_Au\PolyTPD_Au_scan_20V.csv
-16.78000069,1652.923497,polyTPD,Au,..\raw_csv\type3_breakdown_Au\PolyTPD_Au_scan_20V.csv
-16.79999924,1652.923867,polyTPD,Au,..\raw_csv\type3_breakdown_Au\PolyTPD_Au_scan_20V.csv
-16.8199997,1652.923497,polyTPD,Au,..\raw_csv\type3_breakdown_Au\PolyTPD_Au_scan_20V.csv
-16.84000015,1652.923744,polyTPD,Au,..\raw_csv\type3_breakdown_Au\PolyTPD_Au_scan_20V.csv
-16.86000061,1652.923251,polyTPD,Au,..\raw_csv\type3_breakdown_Au\PolyTPD_Au_scan_20V.csv
-16.87999916,1652.922882,polyTPD,Au,..\raw_csv\type3_breakdown_Au\PolyTPD_Au_scan_20V.csv
-16.89999962,1652.923374,polyTPD,Au,..\raw_csv\type3_breakdown_Au\PolyTPD_Au_scan_20V.csv
-16.92000008,1652.922635,polyTPD,Au,..\raw_csv\type3_breakdown_Au\PolyTPD_Au_scan_20V.csv
-16.94000053,1652.924852,polyTPD,Au,..\raw_csv\type3_breakdown_Au\PolyTPD_Au_scan_20V.csv
-16.95999908,1652.922882,polyTPD,Au,..\raw_csv\type3_breakdown_Au\PolyTPD_Au_scan_20V.csv
-16.97999954,1652.923744,polyTPD,Au,..\raw_csv\type3_breakdown_Au\PolyTPD_Au_scan_20V.csv
-17.0,1652.922512,polyTPD,Au,..\raw_csv\type3_breakdown_Au\PolyTPD_Au_scan_20V.csv
-17.02000046,1652.922512,polyTPD,Au,..\raw_csv\type3_breakdown_Au\PolyTPD_Au_scan_20V.csv
-17.04000092,1652.924113,polyTPD,Au,..\raw_csv\type3_breakdown_Au\PolyTPD_Au_scan_20V.csv
-17.05999947,1652.92362,polyTPD,Au,..\raw_csv\type3_breakdown_Au\PolyTPD_Au_scan_20V.csv
-17.07999992,1652.923497,polyTPD,Au,..\raw_csv\type3_breakdown_Au\PolyTPD_Au_scan_20V.csv
-17.10000038,1652.924236,polyTPD,Au,..\raw_csv\type3_breakdown_Au\PolyTPD_Au_scan_20V.csv
-17.12000084,1652.922143,polyTPD,Au,..\raw_csv\type3_breakdown_Au\PolyTPD_Au_scan_20V.csv
-17.13999939,1652.923867,polyTPD,Au,..\raw_csv\type3_breakdown_Au\PolyTPD_Au_scan_20V.csv
-17.15999985,1652.923867,polyTPD,Au,..\raw_csv\type3_breakdown_Au\PolyTPD_Au_scan_20V.csv
-17.18000031,1652.923128,polyTPD,Au,..\raw_csv\type3_breakdown_Au\PolyTPD_Au_scan_20V.csv
-17.20000076,1652.923128,polyTPD,Au,..\raw_csv\type3_breakdown_Au\PolyTPD_Au_scan_20V.csv
-17.21999931,1652.924852,polyTPD,Au,..\raw_csv\type3_breakdown_Au\PolyTPD_Au_scan_20V.csv
-17.23999977,1652.923251,polyTPD,Au,..\raw_csv\type3_breakdown_Au\PolyTPD_Au_scan_20V.csv
-17.26000023,1652.922266,polyTPD,Au,..\raw_csv\type3_breakdown_Au\PolyTPD_Au_scan_20V.csv
-17.28000069,1652.922512,polyTPD,Au,..\raw_csv\type3_breakdown_Au\PolyTPD_Au_scan_20V.csv
-17.29999924,1652.922019,polyTPD,Au,..\raw_csv\type3_breakdown_Au\PolyTPD_Au_scan_20V.csv
-17.3199997,1652.923251,polyTPD,Au,..\raw_csv\type3_breakdown_Au\PolyTPD_Au_scan_20V.csv
-17.34000015,1652.924113,polyTPD,Au,..\raw_csv\type3_breakdown_Au\PolyTPD_Au_scan_20V.csv
-17.36000061,1652.923251,polyTPD,Au,..\raw_csv\type3_breakdown_Au\PolyTPD_Au_scan_20V.csv
-17.37999916,1652.924113,polyTPD,Au,..\raw_csv\type3_breakdown_Au\PolyTPD_Au_scan_20V.csv
-17.39999962,1652.923497,polyTPD,Au,..\raw_csv\type3_breakdown_Au\PolyTPD_Au_scan_20V.csv
-17.42000008,1652.922882,polyTPD,Au,..\raw_csv\type3_breakdown_Au\PolyTPD_Au_scan_20V.csv
-17.44000053,1652.923128,polyTPD,Au,..\raw_csv\type3_breakdown_Au\PolyTPD_Au_scan_20V.csv
-17.45999908,1652.922635,polyTPD,Au,..\raw_csv\type3_breakdown_Au\PolyTPD_Au_scan_20V.csv
-17.47999954,1652.924482,polyTPD,Au,..\raw_csv\type3_breakdown_Au\PolyTPD_Au_scan_20V.csv
-17.5,1652.922512,polyTPD,Au,..\raw_csv\type3_breakdown_Au\PolyTPD_Au_scan_20V.csv
-17.52000046,1652.921773,polyTPD,Au,..\raw_csv\type3_breakdown_Au\PolyTPD_Au_scan_20V.csv
-17.54000092,1652.922882,polyTPD,Au,..\raw_csv\type3_breakdown_Au\PolyTPD_Au_scan_20V.csv
-17.55999947,1652.92362,polyTPD,Au,..\raw_csv\type3_breakdown_Au\PolyTPD_Au_scan_20V.csv
-17.57999992,1652.923744,polyTPD,Au,..\raw_csv\type3_breakdown_Au\PolyTPD_Au_scan_20V.csv
-17.60000038,1652.924606,polyTPD,Au,..\raw_csv\type3_breakdown_Au\PolyTPD_Au_scan_20V.csv
-17.62000084,1652.923128,polyTPD,Au,..\raw_csv\type3_breakdown_Au\PolyTPD_Au_scan_20V.csv
-17.63999939,1652.922882,polyTPD,Au,..\raw_csv\type3_breakdown_Au\PolyTPD_Au_scan_20V.csv
-17.65999985,1652.923128,polyTPD,Au,..\raw_csv\type3_breakdown_Au\PolyTPD_Au_scan_20V.csv
-17.68000031,1652.92362,polyTPD,Au,..\raw_csv\type3_breakdown_Au\PolyTPD_Au_scan_20V.csv
-17.70000076,1652.923497,polyTPD,Au,..\raw_csv\type3_breakdown_Au\PolyTPD_Au_scan_20V.csv
-17.71999931,1652.922389,polyTPD,Au,..\raw_csv\type3_breakdown_Au\PolyTPD_Au_scan_20V.csv
-17.73999977,1652.921404,polyTPD,Au,..\raw_csv\type3_breakdown_Au\PolyTPD_Au_scan_20V.csv
-17.76000023,1652.922512,polyTPD,Au,..\raw_csv\type3_breakdown_Au\PolyTPD_Au_scan_20V.csv
-17.78000069,1652.922512,polyTPD,Au,..\raw_csv\type3_breakdown_Au\PolyTPD_Au_scan_20V.csv
-17.79999924,1652.923251,polyTPD,Au,..\raw_csv\type3_breakdown_Au\PolyTPD_Au_scan_20V.csv
-17.8199997,1652.922266,polyTPD,Au,..\raw_csv\type3_breakdown_Au\PolyTPD_Au_scan_20V.csv
-17.84000015,1652.922389,polyTPD,Au,..\raw_csv\type3_breakdown_Au\PolyTPD_Au_scan_20V.csv
-17.86000061,1652.923374,polyTPD,Au,..\raw_csv\type3_breakdown_Au\PolyTPD_Au_scan_20V.csv
-17.87999916,1652.92362,polyTPD,Au,..\raw_csv\type3_breakdown_Au\PolyTPD_Au_scan_20V.csv
-17.89999962,1652.923374,polyTPD,Au,..\raw_csv\type3_breakdown_Au\PolyTPD_Au_scan_20V.csv
-17.92000008,1652.922512,polyTPD,Au,..\raw_csv\type3_breakdown_Au\PolyTPD_Au_scan_20V.csv
-17.94000053,1652.923374,polyTPD,Au,..\raw_csv\type3_breakdown_Au\PolyTPD_Au_scan_20V.csv
-17.95999908,1652.920419,polyTPD,Au,..\raw_csv\type3_breakdown_Au\PolyTPD_Au_scan_20V.csv
-17.97999954,1652.920788,polyTPD,Au,..\raw_csv\type3_breakdown_Au\PolyTPD_Au_scan_20V.csv
-18.0,1652.923128,polyTPD,Au,..\raw_csv\type3_breakdown_Au\PolyTPD_Au_scan_20V.csv
-18.02000046,1652.922266,polyTPD,Au,..\raw_csv\type3_breakdown_Au\PolyTPD_Au_scan_20V.csv
-18.04000092,1652.922019,polyTPD,Au,..\raw_csv\type3_breakdown_Au\PolyTPD_Au_scan_20V.csv
-18.05999947,1652.921034,polyTPD,Au,..\raw_csv\type3_breakdown_Au\PolyTPD_Au_scan_20V.csv
-18.07999992,1652.922512,polyTPD,Au,..\raw_csv\type3_breakdown_Au\PolyTPD_Au_scan_20V.csv
-18.10000038,1652.922882,polyTPD,Au,..\raw_csv\type3_breakdown_Au\PolyTPD_Au_scan_20V.csv
-18.12000084,1652.923497,polyTPD,Au,..\raw_csv\type3_breakdown_Au\PolyTPD_Au_scan_20V.csv
-18.13999939,1652.923128,polyTPD,Au,..\raw_csv\type3_breakdown_Au\PolyTPD_Au_scan_20V.csv
-18.15999985,1652.922512,polyTPD,Au,..\raw_csv\type3_breakdown_Au\PolyTPD_Au_scan_20V.csv
-18.18000031,1652.922143,polyTPD,Au,..\raw_csv\type3_breakdown_Au\PolyTPD_Au_scan_20V.csv
-18.20000076,1652.924113,polyTPD,Au,..\raw_csv\type3_breakdown_Au\PolyTPD_Au_scan_20V.csv
-18.21999931,1652.923251,polyTPD,Au,..\raw_csv\type3_breakdown_Au\PolyTPD_Au_scan_20V.csv
-18.23999977,1652.922019,polyTPD,Au,..\raw_csv\type3_breakdown_Au\PolyTPD_Au_scan_20V.csv
-18.26000023,1652.923744,polyTPD,Au,..\raw_csv\type3_breakdown_Au\PolyTPD_Au_scan_20V.csv
-18.28000069,1652.922143,polyTPD,Au,..\raw_csv\type3_breakdown_Au\PolyTPD_Au_scan_20V.csv
-18.29999924,1652.923251,polyTPD,Au,..\raw_csv\type3_breakdown_Au\PolyTPD_Au_scan_20V.csv
-18.3199997,1652.922019,polyTPD,Au,..\raw_csv\type3_breakdown_Au\PolyTPD_Au_scan_20V.csv
-18.34000015,1652.922635,polyTPD,Au,..\raw_csv\type3_breakdown_Au\PolyTPD_Au_scan_20V.csv
-18.36000061,1652.921404,polyTPD,Au,..\raw_csv\type3_breakdown_Au\PolyTPD_Au_scan_20V.csv
-18.37999916,1652.922019,polyTPD,Au,..\raw_csv\type3_breakdown_Au\PolyTPD_Au_scan_20V.csv
-18.39999962,1652.922143,polyTPD,Au,..\raw_csv\type3_breakdown_Au\PolyTPD_Au_scan_20V.csv
-18.42000008,1652.922635,polyTPD,Au,..\raw_csv\type3_breakdown_Au\PolyTPD_Au_scan_20V.csv
-18.44000053,1652.922019,polyTPD,Au,..\raw_csv\type3_breakdown_Au\PolyTPD_Au_scan_20V.csv
-18.45999908,1652.922512,polyTPD,Au,..\raw_csv\type3_breakdown_Au\PolyTPD_Au_scan_20V.csv
-18.47999954,1652.922635,polyTPD,Au,..\raw_csv\type3_breakdown_Au\PolyTPD_Au_scan_20V.csv
-18.5,1652.920295,polyTPD,Au,..\raw_csv\type3_breakdown_Au\PolyTPD_Au_scan_20V.csv
-18.52000046,1652.921034,polyTPD,Au,..\raw_csv\type3_breakdown_Au\PolyTPD_Au_scan_20V.csv
-18.54000092,1652.921773,polyTPD,Au,..\raw_csv\type3_breakdown_Au\PolyTPD_Au_scan_20V.csv
-18.55999947,1652.922512,polyTPD,Au,..\raw_csv\type3_breakdown_Au\PolyTPD_Au_scan_20V.csv
-18.57999992,1652.92165,polyTPD,Au,..\raw_csv\type3_breakdown_Au\PolyTPD_Au_scan_20V.csv
-18.60000038,1652.922019,polyTPD,Au,..\raw_csv\type3_breakdown_Au\PolyTPD_Au_scan_20V.csv
-18.62000084,1652.922019,polyTPD,Au,..\raw_csv\type3_breakdown_Au\PolyTPD_Au_scan_20V.csv
-18.63999939,1652.920788,polyTPD,Au,..\raw_csv\type3_breakdown_Au\PolyTPD_Au_scan_20V.csv
-18.65999985,1652.92165,polyTPD,Au,..\raw_csv\type3_breakdown_Au\PolyTPD_Au_scan_20V.csv
-18.68000031,1652.921404,polyTPD,Au,..\raw_csv\type3_breakdown_Au\PolyTPD_Au_scan_20V.csv
-18.70000076,1652.922266,polyTPD,Au,..\raw_csv\type3_breakdown_Au\PolyTPD_Au_scan_20V.csv
-18.71999931,1652.922019,polyTPD,Au,..\raw_csv\type3_breakdown_Au\PolyTPD_Au_scan_20V.csv
-18.73999977,1652.921527,polyTPD,Au,..\raw_csv\type3_breakdown_Au\PolyTPD_Au_scan_20V.csv
-18.76000023,1652.921157,polyTPD,Au,..\raw_csv\type3_breakdown_Au\PolyTPD_Au_scan_20V.csv
-18.78000069,1652.921034,polyTPD,Au,..\raw_csv\type3_breakdown_Au\PolyTPD_Au_scan_20V.csv
-18.79999924,1652.91968,polyTPD,Au,..\raw_csv\type3_breakdown_Au\PolyTPD_Au_scan_20V.csv
-18.8199997,1652.921034,polyTPD,Au,..\raw_csv\type3_breakdown_Au\PolyTPD_Au_scan_20V.csv
-18.84000015,1652.920542,polyTPD,Au,..\raw_csv\type3_breakdown_Au\PolyTPD_Au_scan_20V.csv
-18.86000061,1652.920172,polyTPD,Au,..\raw_csv\type3_breakdown_Au\PolyTPD_Au_scan_20V.csv
-18.87999916,1652.920788,polyTPD,Au,..\raw_csv\type3_breakdown_Au\PolyTPD_Au_scan_20V.csv
-18.89999962,1652.921404,polyTPD,Au,..\raw_csv\type3_breakdown_Au\PolyTPD_Au_scan_20V.csv
-18.92000008,1652.91968,polyTPD,Au,..\raw_csv\type3_breakdown_Au\PolyTPD_Au_scan_20V.csv
-18.94000053,1652.91968,polyTPD,Au,..\raw_csv\type3_breakdown_Au\PolyTPD_Au_scan_20V.csv
-18.95999908,1652.921034,polyTPD,Au,..\raw_csv\type3_breakdown_Au\PolyTPD_Au_scan_20V.csv
-18.97999954,1652.922019,polyTPD,Au,..\raw_csv\type3_breakdown_Au\PolyTPD_Au_scan_20V.csv
-19.0,1652.921157,polyTPD,Au,..\raw_csv\type3_breakdown_Au\PolyTPD_Au_scan_20V.csv
-19.02000046,1652.920542,polyTPD,Au,..\raw_csv\type3_breakdown_Au\PolyTPD_Au_scan_20V.csv
-19.04000092,1652.920049,polyTPD,Au,..\raw_csv\type3_breakdown_Au\PolyTPD_Au_scan_20V.csv
-19.05999947,1652.920788,polyTPD,Au,..\raw_csv\type3_breakdown_Au\PolyTPD_Au_scan_20V.csv
-19.07999992,1652.920172,polyTPD,Au,..\raw_csv\type3_breakdown_Au\PolyTPD_Au_scan_20V.csv
-19.10000038,1652.920665,polyTPD,Au,..\raw_csv\type3_breakdown_Au\PolyTPD_Au_scan_20V.csv
-19.12000084,1652.91968,polyTPD,Au,..\raw_csv\type3_breakdown_Au\PolyTPD_Au_scan_20V.csv
-19.13999939,1652.920542,polyTPD,Au,..\raw_csv\type3_breakdown_Au\PolyTPD_Au_scan_20V.csv
-19.15999985,1652.920665,polyTPD,Au,..\raw_csv\type3_breakdown_Au\PolyTPD_Au_scan_20V.csv
-19.18000031,1652.91968,polyTPD,Au,..\raw_csv\type3_breakdown_Au\PolyTPD_Au_scan_20V.csv
-19.20000076,1652.921157,polyTPD,Au,..\raw_csv\type3_breakdown_Au\PolyTPD_Au_scan_20V.csv
-19.21999931,1652.920665,polyTPD,Au,..\raw_csv\type3_breakdown_Au\PolyTPD_Au_scan_20V.csv
-19.23999977,1652.920419,polyTPD,Au,..\raw_csv\type3_breakdown_Au\PolyTPD_Au_scan_20V.csv
-19.26000023,1652.920295,polyTPD,Au,..\raw_csv\type3_breakdown_Au\PolyTPD_Au_scan_20V.csv
-19.28000069,1652.91968,polyTPD,Au,..\raw_csv\type3_breakdown_Au\PolyTPD_Au_scan_20V.csv
-19.29999924,1652.919187,polyTPD,Au,..\raw_csv\type3_breakdown_Au\PolyTPD_Au_scan_20V.csv
-19.3199997,1652.919803,polyTPD,Au,..\raw_csv\type3_breakdown_Au\PolyTPD_Au_scan_20V.csv
-19.34000015,1652.91968,polyTPD,Au,..\raw_csv\type3_breakdown_Au\PolyTPD_Au_scan_20V.csv
-19.36000061,1652.920542,polyTPD,Au,..\raw_csv\type3_breakdown_Au\PolyTPD_Au_scan_20V.csv
-19.37999916,1652.919556,polyTPD,Au,..\raw_csv\type3_breakdown_Au\PolyTPD_Au_scan_20V.csv
-19.39999962,1652.922143,polyTPD,Au,..\raw_csv\type3_breakdown_Au\PolyTPD_Au_scan_20V.csv
-19.42000008,1652.921157,polyTPD,Au,..\raw_csv\type3_breakdown_Au\PolyTPD_Au_scan_20V.csv
-19.44000053,1652.920049,polyTPD,Au,..\raw_csv\type3_breakdown_Au\PolyTPD_Au_scan_20V.csv
-19.45999908,1652.920788,polyTPD,Au,..\raw_csv\type3_breakdown_Au\PolyTPD_Au_scan_20V.csv
-19.47999954,1652.919064,polyTPD,Au,..\raw_csv\type3_breakdown_Au\PolyTPD_Au_scan_20V.csv
-19.5,1652.920542,polyTPD,Au,..\raw_csv\type3_breakdown_Au\PolyTPD_Au_scan_20V.csv
-19.52000046,1652.920295,polyTPD,Au,..\raw_csv\type3_breakdown_Au\PolyTPD_Au_scan_20V.csv
-19.54000092,1652.922019,polyTPD,Au,..\raw_csv\type3_breakdown_Au\PolyTPD_Au_scan_20V.csv
-19.55999947,1652.920049,polyTPD,Au,..\raw_csv\type3_breakdown_Au\PolyTPD_Au_scan_20V.csv
-19.57999992,1652.921527,polyTPD,Au,..\raw_csv\type3_breakdown_Au\PolyTPD_Au_scan_20V.csv
-19.60000038,1652.921157,polyTPD,Au,..\raw_csv\type3_breakdown_Au\PolyTPD_Au_scan_20V.csv
-19.62000084,1652.920788,polyTPD,Au,..\raw_csv\type3_breakdown_Au\PolyTPD_Au_scan_20V.csv
-19.63999939,1652.921281,polyTPD,Au,..\raw_csv\type3_breakdown_Au\PolyTPD_Au_scan_20V.csv
-19.65999985,1652.920419,polyTPD,Au,..\raw_csv\type3_breakdown_Au\PolyTPD_Au_scan_20V.csv
-19.68000031,1652.921527,polyTPD,Au,..\raw_csv\type3_breakdown_Au\PolyTPD_Au_scan_20V.csv
-19.70000076,1652.920172,polyTPD,Au,..\raw_csv\type3_breakdown_Au\PolyTPD_Au_scan_20V.csv
-19.71999931,1652.921034,polyTPD,Au,..\raw_csv\type3_breakdown_Au\PolyTPD_Au_scan_20V.csv
-19.73999977,1652.921404,polyTPD,Au,..\raw_csv\type3_breakdown_Au\PolyTPD_Au_scan_20V.csv
-19.76000023,1652.921404,polyTPD,Au,..\raw_csv\type3_breakdown_Au\PolyTPD_Au_scan_20V.csv
-19.78000069,1652.920665,polyTPD,Au,..\raw_csv\type3_breakdown_Au\PolyTPD_Au_scan_20V.csv
-19.79999924,1652.919803,polyTPD,Au,..\raw_csv\type3_breakdown_Au\PolyTPD_Au_scan_20V.csv
-19.8199997,1652.921281,polyTPD,Au,..\raw_csv\type3_breakdown_Au\PolyTPD_Au_scan_20V.csv
-19.84000015,1652.920542,polyTPD,Au,..\raw_csv\type3_breakdown_Au\PolyTPD_Au_scan_20V.csv
-19.86000061,1652.921404,polyTPD,Au,..\raw_csv\type3_breakdown_Au\PolyTPD_Au_scan_20V.csv
-19.87999916,1652.922512,polyTPD,Au,..\raw_csv\type3_breakdown_Au\PolyTPD_Au_scan_20V.csv
-19.89999962,1652.920049,polyTPD,Au,..\raw_csv\type3_breakdown_Au\PolyTPD_Au_scan_20V.csv
-19.92000008,1652.921034,polyTPD,Au,..\raw_csv\type3_breakdown_Au\PolyTPD_Au_scan_20V.csv
-19.94000053,1652.921404,polyTPD,Au,..\raw_csv\type3_breakdown_Au\PolyTPD_Au_scan_20V.csv
-19.95999908,1652.920049,polyTPD,Au,..\raw_csv\type3_breakdown_Au\PolyTPD_Au_scan_20V.csv
-19.97999954,1652.920295,polyTPD,Au,..\raw_csv\type3_breakdown_Au\PolyTPD_Au_scan_20V.csv
-20.0,1652.921281,polyTPD,Au,..\raw_csv\type3_breakdown_Au\PolyTPD_Au_scan_20V.csv
2.000499964,-134.4583498,PTAA,Au,..\raw_csv\type3_breakdown_Au\PTAA_Au_scan_20V.csv
1.980499983,-129.3292869,PTAA,Au,..\raw_csv\type3_breakdown_Au\PTAA_Au_scan_20V.csv
1.960500002,-124.2150021,PTAA,Au,..\raw_csv\type3_breakdown_Au\PTAA_Au_scan_20V.csv
1.940500021,-119.1604759,PTAA,Au,..\raw_csv\type3_breakdown_Au\PTAA_Au_scan_20V.csv
1.92050004,-114.16597,PTAA,Au,..\raw_csv\type3_breakdown_Au\PTAA_Au_scan_20V.csv
1.900500059,-109.2484098,PTAA,Au,..\raw_csv\type3_breakdown_Au\PTAA_Au_scan_20V.csv
1.880499959,-104.4123903,PTAA,Au,..\raw_csv\type3_breakdown_Au\PTAA_Au_scan_20V.csv
1.860499978,-99.66914134,PTAA,Au,..\raw_csv\type3_breakdown_Au\PTAA_Au_scan_20V.csv
1.840499997,-95.01651545,PTAA,Au,..\raw_csv\type3_breakdown_Au\PTAA_Au_scan_20V.csv
1.820500016,-90.5402328,PTAA,Au,..\raw_csv\type3_breakdown_Au\PTAA_Au_scan_20V.csv
1.800500035,-86.07898985,PTAA,Au,..\raw_csv\type3_breakdown_Au\PTAA_Au_scan_20V.csv
1.780500054,-81.71975366,PTAA,Au,..\raw_csv\type3_breakdown_Au\PTAA_Au_scan_20V.csv
1.760499954,-77.47121402,PTAA,Au,..\raw_csv\type3_breakdown_Au\PTAA_Au_scan_20V.csv
1.740499973,-73.32054021,PTAA,Au,..\raw_csv\type3_breakdown_Au\PTAA_Au_scan_20V.csv
1.720499992,-69.29170802,PTAA,Au,..\raw_csv\type3_breakdown_Au\PTAA_Au_scan_20V.csv
1.700500011,-65.37043205,PTAA,Au,..\raw_csv\type3_breakdown_Au\PTAA_Au_scan_20V.csv
1.680500031,-61.57617385,PTAA,Au,..\raw_csv\type3_breakdown_Au\PTAA_Au_scan_20V.csv
1.66050005,-57.89355506,PTAA,Au,..\raw_csv\type3_breakdown_Au\PTAA_Au_scan_20V.csv
1.640499949,-54.3301571,PTAA,Au,..\raw_csv\type3_breakdown_Au\PTAA_Au_scan_20V.csv
1.620499969,-50.88816589,PTAA,Au,..\raw_csv\type3_breakdown_Au\PTAA_Au_scan_20V.csv
1.600499988,-47.63055731,PTAA,Au,..\raw_csv\type3_breakdown_Au\PTAA_Au_scan_20V.csv
1.580500007,-44.43393497,PTAA,Au,..\raw_csv\type3_breakdown_Au\PTAA_Au_scan_20V.csv
1.560500026,-41.35896567,PTAA,Au,..\raw_csv\type3_breakdown_Au\PTAA_Au_scan_20V.csv
1.540500045,-38.41289219,PTAA,Au,..\raw_csv\type3_breakdown_Au\PTAA_Au_scan_20V.csv
1.520499945,-35.59252801,PTAA,Au,..\raw_csv\type3_breakdown_Au\PTAA_Au_scan_20V.csv
1.500499964,-32.89993206,PTAA,Au,..\raw_csv\type3_breakdown_Au\PTAA_Au_scan_20V.csv
1.480499983,-30.33287415,PTAA,Au,..\raw_csv\type3_breakdown_Au\PTAA_Au_scan_20V.csv
1.460500002,-27.88994384,PTAA,Au,..\raw_csv\type3_breakdown_Au\PTAA_Au_scan_20V.csv
1.440500021,-25.57421411,PTAA,Au,..\raw_csv\type3_breakdown_Au\PTAA_Au_scan_20V.csv
1.42050004,-23.38134968,PTAA,Au,..\raw_csv\type3_breakdown_Au\PTAA_Au_scan_20V.csv
1.400500059,-21.31049236,PTAA,Au,..\raw_csv\type3_breakdown_Au\PTAA_Au_scan_20V.csv
1.380499959,-19.39423652,PTAA,Au,..\raw_csv\type3_breakdown_Au\PTAA_Au_scan_20V.csv
1.360499978,-17.56031228,PTAA,Au,..\raw_csv\type3_breakdown_Au\PTAA_Au_scan_20V.csv
1.340499997,-15.92314629,PTAA,Au,..\raw_csv\type3_breakdown_Au\PTAA_Au_scan_20V.csv
1.320500016,-14.28100042,PTAA,Au,..\raw_csv\type3_breakdown_Au\PTAA_Au_scan_20V.csv
1.300500035,-12.76739149,PTAA,Au,..\raw_csv\type3_breakdown_Au\PTAA_Au_scan_20V.csv
1.280500054,-11.36645528,PTAA,Au,..\raw_csv\type3_breakdown_Au\PTAA_Au_scan_20V.csv
1.260499954,-10.06925571,PTAA,Au,..\raw_csv\type3_breakdown_Au\PTAA_Au_scan_20V.csv
1.240499973,-8.868512482,PTAA,Au,..\raw_csv\type3_breakdown_Au\PTAA_Au_scan_20V.csv
1.220499992,-7.759234657,PTAA,Au,..\raw_csv\type3_breakdown_Au\PTAA_Au_scan_20V.csv
1.200500011,-6.734097207,PTAA,Au,..\raw_csv\type3_breakdown_Au\PTAA_Au_scan_20V.csv
1.180500031,-5.790144532,PTAA,Au,..\raw_csv\type3_breakdown_Au\PTAA_Au_scan_20V.csv
1.16050005,-4.936466648,PTAA,Au,..\raw_csv\type3_breakdown_Au\PTAA_Au_scan_20V.csv
1.140499949,-4.138624823,PTAA,Au,..\raw_csv\type3_breakdown_Au\PTAA_Au_scan_20V.csv
1.120499969,-3.412563387,PTAA,Au,..\raw_csv\type3_breakdown_Au\PTAA_Au_scan_20V.csv
1.100499988,-2.759773609,PTAA,Au,..\raw_csv\type3_breakdown_Au\PTAA_Au_scan_20V.csv
1.080500007,-2.182989087,PTAA,Au,..\raw_csv\type3_breakdown_Au\PTAA_Au_scan_20V.csv
1.060500026,-1.6861042,PTAA,Au,..\raw_csv\type3_breakdown_Au\PTAA_Au_scan_20V.csv
1.040500045,-1.291286807,PTAA,Au,..\raw_csv\type3_breakdown_Au\PTAA_Au_scan_20V.csv
1.020499945,-0.93504582,PTAA,Au,..\raw_csv\type3_breakdown_Au\PTAA_Au_scan_20V.csv
1.000499964,-0.672166434,PTAA,Au,..\raw_csv\type3_breakdown_Au\PTAA_Au_scan_20V.csv
0.980499983,-0.475510108,PTAA,Au,..\raw_csv\type3_breakdown_Au\PTAA_Au_scan_20V.csv
0.960500002,-0.334043995,PTAA,Au,..\raw_csv\type3_breakdown_Au\PTAA_Au_scan_20V.csv
0.940500021,-0.230827591,PTAA,Au,..\raw_csv\type3_breakdown_Au\PTAA_Au_scan_20V.csv
0.92049998,-0.159616606,PTAA,Au,..\raw_csv\type3_breakdown_Au\PTAA_Au_scan_20V.csv
0.9005,-0.107655738,PTAA,Au,..\raw_csv\type3_breakdown_Au\PTAA_Au_scan_20V.csv
0.880500019,-0.073572244,PTAA,Au,..\raw_csv\type3_breakdown_Au\PTAA_Au_scan_20V.csv
0.860499978,-0.050327205,PTAA,Au,..\raw_csv\type3_breakdown_Au\PTAA_Au_scan_20V.csv
0.840499997,-0.034444034,PTAA,Au,..\raw_csv\type3_breakdown_Au\PTAA_Au_scan_20V.csv
0.820500016,-0.023614098,PTAA,Au,..\raw_csv\type3_breakdown_Au\PTAA_Au_scan_20V.csv
0.800499976,-0.016186095,PTAA,Au,..\raw_csv\type3_breakdown_Au\PTAA_Au_scan_20V.csv
0.780499995,-0.011009231,PTAA,Au,..\raw_csv\type3_breakdown_Au\PTAA_Au_scan_20V.csv
0.760500014,-0.007583946,PTAA,Au,..\raw_csv\type3_breakdown_Au\PTAA_Au_scan_20V.csv
0.740499973,-0.005271199,PTAA,Au,..\raw_csv\type3_breakdown_Au\PTAA_Au_scan_20V.csv
0.720499992,-0.003645788,PTAA,Au,..\raw_csv\type3_breakdown_Au\PTAA_Au_scan_20V.csv
0.700500011,-0.002520613,PTAA,Au,..\raw_csv\type3_breakdown_Au\PTAA_Au_scan_20V.csv
0.680499971,-0.001743015,PTAA,Au,..\raw_csv\type3_breakdown_Au\PTAA_Au_scan_20V.csv
0.66049999,-0.001203152,PTAA,Au,..\raw_csv\type3_breakdown_Au\PTAA_Au_scan_20V.csv
0.640500009,-0.000827941,PTAA,Au,..\raw_csv\type3_breakdown_Au\PTAA_Au_scan_20V.csv
0.620500028,-0.000560819,PTAA,Au,..\raw_csv\type3_breakdown_Au\PTAA_Au_scan_20V.csv
0.600499988,-0.000370486,PTAA,Au,..\raw_csv\type3_breakdown_Au\PTAA_Au_scan_20V.csv
0.580500007,-0.000234894,PTAA,Au,..\raw_csv\type3_breakdown_Au\PTAA_Au_scan_20V.csv
0.560500026,-0.00013887,PTAA,Au,..\raw_csv\type3_breakdown_Au\PTAA_Au_scan_20V.csv
0.540499985,-6.88e-05,PTAA,Au,..\raw_csv\type3_breakdown_Au\PTAA_Au_scan_20V.csv
0.520500004,-1.81e-05,PTAA,Au,..\raw_csv\type3_breakdown_Au\PTAA_Au_scan_20V.csv
0.500500023,2.03e-05,PTAA,Au,..\raw_csv\type3_breakdown_Au\PTAA_Au_scan_20V.csv
0.480500013,4.98e-05,PTAA,Au,..\raw_csv\type3_breakdown_Au\PTAA_Au_scan_20V.csv
0.460500002,6.99e-05,PTAA,Au,..\raw_csv\type3_breakdown_Au\PTAA_Au_scan_20V.csv
0.440499991,8.55e-05,PTAA,Au,..\raw_csv\type3_breakdown_Au\PTAA_Au_scan_20V.csv
0.42050001,9.47e-05,PTAA,Au,..\raw_csv\type3_breakdown_Au\PTAA_Au_scan_20V.csv
0.4005,0.000104439,PTAA,Au,..\raw_csv\type3_breakdown_Au\PTAA_Au_scan_20V.csv
0.380499989,0.000109361,PTAA,Au,..\raw_csv\type3_breakdown_Au\PTAA_Au_scan_20V.csv
0.360500008,0.000113004,PTAA,Au,..\raw_csv\type3_breakdown_Au\PTAA_Au_scan_20V.csv
0.340499997,0.000114369,PTAA,Au,..\raw_csv\type3_breakdown_Au\PTAA_Au_scan_20V.csv
0.320499986,0.000115326,PTAA,Au,..\raw_csv\type3_breakdown_Au\PTAA_Au_scan_20V.csv
0.300500005,0.000116714,PTAA,Au,..\raw_csv\type3_breakdown_Au\PTAA_Au_scan_20V.csv
0.280499995,0.000115329,PTAA,Au,..\raw_csv\type3_breakdown_Au\PTAA_Au_scan_20V.csv
0.260500014,0.000117892,PTAA,Au,..\raw_csv\type3_breakdown_Au\PTAA_Au_scan_20V.csv
0.240500003,0.000117791,PTAA,Au,..\raw_csv\type3_breakdown_Au\PTAA_Au_scan_20V.csv
0.220500007,0.000117956,PTAA,Au,..\raw_csv\type3_breakdown_Au\PTAA_Au_scan_20V.csv
0.200499997,0.000117987,PTAA,Au,..\raw_csv\type3_breakdown_Au\PTAA_Au_scan_20V.csv
0.180500001,0.000118152,PTAA,Au,..\raw_csv\type3_breakdown_Au\PTAA_Au_scan_20V.csv
0.160500005,0.000117812,PTAA,Au,..\raw_csv\type3_breakdown_Au\PTAA_Au_scan_20V.csv
0.140499994,0.000118498,PTAA,Au,..\raw_csv\type3_breakdown_Au\PTAA_Au_scan_20V.csv
0.120499998,0.00011807,PTAA,Au,..\raw_csv\type3_breakdown_Au\PTAA_Au_scan_20V.csv
0.100500003,0.000117061,PTAA,Au,..\raw_csv\type3_breakdown_Au\PTAA_Au_scan_20V.csv
0.080499999,0.000118202,PTAA,Au,..\raw_csv\type3_breakdown_Au\PTAA_Au_scan_20V.csv
0.0605,0.000116896,PTAA,Au,..\raw_csv\type3_breakdown_Au\PTAA_Au_scan_20V.csv
0.0405,0.000119185,PTAA,Au,..\raw_csv\type3_breakdown_Au\PTAA_Au_scan_20V.csv
0.020500001,0.000119823,PTAA,Au,..\raw_csv\type3_breakdown_Au\PTAA_Au_scan_20V.csv
0.0005,0.000120263,PTAA,Au,..\raw_csv\type3_breakdown_Au\PTAA_Au_scan_20V.csv
-0.0195,0.000100503,PTAA,Au,..\raw_csv\type3_breakdown_Au\PTAA_Au_scan_20V.csv
-0.039500002,0.000124391,PTAA,Au,..\raw_csv\type3_breakdown_Au\PTAA_Au_scan_20V.csv
-0.059500001,0.000125478,PTAA,Au,..\raw_csv\type3_breakdown_Au\PTAA_Au_scan_20V.csv
-0.079499997,0.000126471,PTAA,Au,..\raw_csv\type3_breakdown_Au\PTAA_Au_scan_20V.csv
-0.0995,0.000124977,PTAA,Au,..\raw_csv\type3_breakdown_Au\PTAA_Au_scan_20V.csv
-0.119499996,0.000127718,PTAA,Au,..\raw_csv\type3_breakdown_Au\PTAA_Au_scan_20V.csv
-0.139500007,0.000129409,PTAA,Au,..\raw_csv\type3_breakdown_Au\PTAA_Au_scan_20V.csv
-0.159500003,0.000132024,PTAA,Au,..\raw_csv\type3_breakdown_Au\PTAA_Au_scan_20V.csv
-0.179499999,0.000132416,PTAA,Au,..\raw_csv\type3_breakdown_Au\PTAA_Au_scan_20V.csv
-0.199499995,0.000130574,PTAA,Au,..\raw_csv\type3_breakdown_Au\PTAA_Au_scan_20V.csv
-0.219500005,0.000134706,PTAA,Au,..\raw_csv\type3_breakdown_Au\PTAA_Au_scan_20V.csv
-0.239500001,0.000135511,PTAA,Au,..\raw_csv\type3_breakdown_Au\PTAA_Au_scan_20V.csv
-0.259499997,0.000139262,PTAA,Au,..\raw_csv\type3_breakdown_Au\PTAA_Au_scan_20V.csv
-0.279500008,0.000140965,PTAA,Au,..\raw_csv\type3_breakdown_Au\PTAA_Au_scan_20V.csv
-0.299499989,0.000142269,PTAA,Au,..\raw_csv\type3_breakdown_Au\PTAA_Au_scan_20V.csv
-0.319499999,0.00014692,PTAA,Au,..\raw_csv\type3_breakdown_Au\PTAA_Au_scan_20V.csv
-0.33950001,0.000149339,PTAA,Au,..\raw_csv\type3_breakdown_Au\PTAA_Au_scan_20V.csv
-0.359499991,0.00015237,PTAA,Au,..\raw_csv\type3_breakdown_Au\PTAA_Au_scan_20V.csv
-0.379500002,0.000154977,PTAA,Au,..\raw_csv\type3_breakdown_Au\PTAA_Au_scan_20V.csv
-0.399500012,0.000158204,PTAA,Au,..\raw_csv\type3_breakdown_Au\PTAA_Au_scan_20V.csv
-0.419499993,0.000159643,PTAA,Au,..\raw_csv\type3_breakdown_Au\PTAA_Au_scan_20V.csv
-0.439500004,0.000165801,PTAA,Au,..\raw_csv\type3_breakdown_Au\PTAA_Au_scan_20V.csv
-0.459500015,0.000169242,PTAA,Au,..\raw_csv\type3_breakdown_Au\PTAA_Au_scan_20V.csv
-0.479499996,0.000174779,PTAA,Au,..\raw_csv\type3_breakdown_Au\PTAA_Au_scan_20V.csv
-0.499500006,0.000177728,PTAA,Au,..\raw_csv\type3_breakdown_Au\PTAA_Au_scan_20V.csv
-0.519500017,0.000183499,PTAA,Au,..\raw_csv\type3_breakdown_Au\PTAA_Au_scan_20V.csv
-0.539499998,0.000189156,PTAA,Au,..\raw_csv\type3_breakdown_Au\PTAA_Au_scan_20V.csv
-0.559499979,0.000195771,PTAA,Au,..\raw_csv\type3_breakdown_Au\PTAA_Au_scan_20V.csv
-0.57950002,0.000201063,PTAA,Au,..\raw_csv\type3_breakdown_Au\PTAA_Au_scan_20V.csv
-0.5995,0.000206462,PTAA,Au,..\raw_csv\type3_breakdown_Au\PTAA_Au_scan_20V.csv
-0.619499981,0.000213308,PTAA,Au,..\raw_csv\type3_breakdown_Au\PTAA_Au_scan_20V.csv
-0.639500022,0.000218554,PTAA,Au,..\raw_csv\type3_breakdown_Au\PTAA_Au_scan_20V.csv
-0.659500003,0.000227741,PTAA,Au,..\raw_csv\type3_breakdown_Au\PTAA_Au_scan_20V.csv
-0.679499984,0.000232285,PTAA,Au,..\raw_csv\type3_breakdown_Au\PTAA_Au_scan_20V.csv
-0.699500024,0.000239147,PTAA,Au,..\raw_csv\type3_breakdown_Au\PTAA_Au_scan_20V.csv
-0.719500005,0.000246921,PTAA,Au,..\raw_csv\type3_breakdown_Au\PTAA_Au_scan_20V.csv
-0.739499986,0.000253938,PTAA,Au,..\raw_csv\type3_breakdown_Au\PTAA_Au_scan_20V.csv
-0.759500027,0.000258967,PTAA,Au,..\raw_csv\type3_breakdown_Au\PTAA_Au_scan_20V.csv
-0.779500008,0.000263698,PTAA,Au,..\raw_csv\type3_breakdown_Au\PTAA_Au_scan_20V.csv
-0.799499989,0.000267705,PTAA,Au,..\raw_csv\type3_breakdown_Au\PTAA_Au_scan_20V.csv
-0.819500029,0.000272661,PTAA,Au,..\raw_csv\type3_breakdown_Au\PTAA_Au_scan_20V.csv
-0.83950001,0.000275079,PTAA,Au,..\raw_csv\type3_breakdown_Au\PTAA_Au_scan_20V.csv
-0.859499991,0.000277896,PTAA,Au,..\raw_csv\type3_breakdown_Au\PTAA_Au_scan_20V.csv
-0.879499972,0.000279744,PTAA,Au,..\raw_csv\type3_breakdown_Au\PTAA_Au_scan_20V.csv
-0.899500012,0.000280265,PTAA,Au,..\raw_csv\type3_breakdown_Au\PTAA_Au_scan_20V.csv
-0.919499993,0.00028062,PTAA,Au,..\raw_csv\type3_breakdown_Au\PTAA_Au_scan_20V.csv
-0.939499974,0.000280015,PTAA,Au,..\raw_csv\type3_breakdown_Au\PTAA_Au_scan_20V.csv
-0.959500015,0.000282259,PTAA,Au,..\raw_csv\type3_breakdown_Au\PTAA_Au_scan_20V.csv
-0.979499996,0.000283472,PTAA,Au,..\raw_csv\type3_breakdown_Au\PTAA_Au_scan_20V.csv
-0.999499977,0.000283354,PTAA,Au,..\raw_csv\type3_breakdown_Au\PTAA_Au_scan_20V.csv
-1.019500017,0.000284253,PTAA,Au,..\raw_csv\type3_breakdown_Au\PTAA_Au_scan_20V.csv
-1.039499998,0.000287005,PTAA,Au,..\raw_csv\type3_breakdown_Au\PTAA_Au_scan_20V.csv
-1.059499979,0.000288134,PTAA,Au,..\raw_csv\type3_breakdown_Au\PTAA_Au_scan_20V.csv
-1.07949996,0.000289146,PTAA,Au,..\raw_csv\type3_breakdown_Au\PTAA_Au_scan_20V.csv
-1.099499941,0.000290652,PTAA,Au,..\raw_csv\type3_breakdown_Au\PTAA_Au_scan_20V.csv
-1.119500041,0.000294189,PTAA,Au,..\raw_csv\type3_breakdown_Au\PTAA_Au_scan_20V.csv
-1.139500022,0.000296244,PTAA,Au,..\raw_csv\type3_breakdown_Au\PTAA_Au_scan_20V.csv
-1.159500003,0.000296122,PTAA,Au,..\raw_csv\type3_breakdown_Au\PTAA_Au_scan_20V.csv
-1.179499984,0.000299651,PTAA,Au,..\raw_csv\type3_breakdown_Au\PTAA_Au_scan_20V.csv
-1.199499965,0.000302951,PTAA,Au,..\raw_csv\type3_breakdown_Au\PTAA_Au_scan_20V.csv
-1.219499946,0.000305761,PTAA,Au,..\raw_csv\type3_breakdown_Au\PTAA_Au_scan_20V.csv
-1.239500046,0.000307159,PTAA,Au,..\raw_csv\type3_breakdown_Au\PTAA_Au_scan_20V.csv
-1.259500027,0.000309812,PTAA,Au,..\raw_csv\type3_breakdown_Au\PTAA_Au_scan_20V.csv
-1.279500008,0.000312446,PTAA,Au,..\raw_csv\type3_breakdown_Au\PTAA_Au_scan_20V.csv
-1.299499989,0.000314863,PTAA,Au,..\raw_csv\type3_breakdown_Au\PTAA_Au_scan_20V.csv
-1.319499969,0.000316869,PTAA,Au,..\raw_csv\type3_breakdown_Au\PTAA_Au_scan_20V.csv
-1.33949995,0.00031857,PTAA,Au,..\raw_csv\type3_breakdown_Au\PTAA_Au_scan_20V.csv
-1.359500051,0.00032026,PTAA,Au,..\raw_csv\type3_breakdown_Au\PTAA_Au_scan_20V.csv
-1.379500031,0.000320605,PTAA,Au,..\raw_csv\type3_breakdown_Au\PTAA_Au_scan_20V.csv
-1.399500012,0.000324587,PTAA,Au,..\raw_csv\type3_breakdown_Au\PTAA_Au_scan_20V.csv
-1.419499993,0.000326986,PTAA,Au,..\raw_csv\type3_breakdown_Au\PTAA_Au_scan_20V.csv
-1.439499974,0.000327797,PTAA,Au,..\raw_csv\type3_breakdown_Au\PTAA_Au_scan_20V.csv
-1.459499955,0.000329639,PTAA,Au,..\raw_csv\type3_breakdown_Au\PTAA_Au_scan_20V.csv
-1.479500055,0.00033386,PTAA,Au,..\raw_csv\type3_breakdown_Au\PTAA_Au_scan_20V.csv
-1.499500036,0.000337454,PTAA,Au,..\raw_csv\type3_breakdown_Au\PTAA_Au_scan_20V.csv
-1.519500017,0.000339998,PTAA,Au,..\raw_csv\type3_breakdown_Au\PTAA_Au_scan_20V.csv
-1.539499998,0.000344416,PTAA,Au,..\raw_csv\type3_breakdown_Au\PTAA_Au_scan_20V.csv
-1.559499979,0.000349219,PTAA,Au,..\raw_csv\type3_breakdown_Au\PTAA_Au_scan_20V.csv
-1.57949996,0.000355925,PTAA,Au,..\raw_csv\type3_breakdown_Au\PTAA_Au_scan_20V.csv
-1.599499941,0.000363546,PTAA,Au,..\raw_csv\type3_breakdown_Au\PTAA_Au_scan_20V.csv
-1.619500041,0.00037371,PTAA,Au,..\raw_csv\type3_breakdown_Au\PTAA_Au_scan_20V.csv
-1.639500022,0.000376775,PTAA,Au,..\raw_csv\type3_breakdown_Au\PTAA_Au_scan_20V.csv
-1.659500003,0.000382155,PTAA,Au,..\raw_csv\type3_breakdown_Au\PTAA_Au_scan_20V.csv
-1.679499984,0.000396375,PTAA,Au,..\raw_csv\type3_breakdown_Au\PTAA_Au_scan_20V.csv
-1.699499965,0.00041109,PTAA,Au,..\raw_csv\type3_breakdown_Au\PTAA_Au_scan_20V.csv
-1.719499946,0.000419742,PTAA,Au,..\raw_csv\type3_breakdown_Au\PTAA_Au_scan_20V.csv
-1.739500046,0.000433525,PTAA,Au,..\raw_csv\type3_breakdown_Au\PTAA_Au_scan_20V.csv
-1.759500027,0.000449425,PTAA,Au,..\raw_csv\type3_breakdown_Au\PTAA_Au_scan_20V.csv
-1.779500008,0.000468755,PTAA,Au,..\raw_csv\type3_breakdown_Au\PTAA_Au_scan_20V.csv
-1.799499989,0.000497062,PTAA,Au,..\raw_csv\type3_breakdown_Au\PTAA_Au_scan_20V.csv
-1.819499969,0.000514316,PTAA,Au,..\raw_csv\type3_breakdown_Au\PTAA_Au_scan_20V.csv
-1.83949995,0.000555549,PTAA,Au,..\raw_csv\type3_breakdown_Au\PTAA_Au_scan_20V.csv
-1.859500051,0.000588632,PTAA,Au,..\raw_csv\type3_breakdown_Au\PTAA_Au_scan_20V.csv
-1.879500031,0.000619231,PTAA,Au,..\raw_csv\type3_breakdown_Au\PTAA_Au_scan_20V.csv
-1.899500012,0.00067151,PTAA,Au,..\raw_csv\type3_breakdown_Au\PTAA_Au_scan_20V.csv
-1.919499993,0.000727126,PTAA,Au,..\raw_csv\type3_breakdown_Au\PTAA_Au_scan_20V.csv
-1.939499974,0.0008014,PTAA,Au,..\raw_csv\type3_breakdown_Au\PTAA_Au_scan_20V.csv
-1.959499955,0.000845735,PTAA,Au,..\raw_csv\type3_breakdown_Au\PTAA_Au_scan_20V.csv
-1.979500055,0.000891254,PTAA,Au,..\raw_csv\type3_breakdown_Au\PTAA_Au_scan_20V.csv
-1.999500036,0.000957539,PTAA,Au,..\raw_csv\type3_breakdown_Au\PTAA_Au_scan_20V.csv
-2.019500017,0.00095322,PTAA,Au,..\raw_csv\type3_breakdown_Au\PTAA_Au_scan_20V.csv
-2.039499998,0.001014283,PTAA,Au,..\raw_csv\type3_breakdown_Au\PTAA_Au_scan_20V.csv
-2.059499979,0.001050978,PTAA,Au,..\raw_csv\type3_breakdown_Au\PTAA_Au_scan_20V.csv
-2.07949996,0.001069088,PTAA,Au,..\raw_csv\type3_breakdown_Au\PTAA_Au_scan_20V.csv
-2.099499941,0.00114269,PTAA,Au,..\raw_csv\type3_breakdown_Au\PTAA_Au_scan_20V.csv
-2.119499922,0.001221054,PTAA,Au,..\raw_csv\type3_breakdown_Au\PTAA_Au_scan_20V.csv
-2.139499903,0.001326551,PTAA,Au,..\raw_csv\type3_breakdown_Au\PTAA_Au_scan_20V.csv
-2.159499884,0.001298645,PTAA,Au,..\raw_csv\type3_breakdown_Au\PTAA_Au_scan_20V.csv
-2.179500103,0.001424806,PTAA,Au,..\raw_csv\type3_breakdown_Au\PTAA_Au_scan_20V.csv
-2.199500084,0.001462467,PTAA,Au,..\raw_csv\type3_breakdown_Au\PTAA_Au_scan_20V.csv
-2.219500065,0.001481445,PTAA,Au,..\raw_csv\type3_breakdown_Au\PTAA_Au_scan_20V.csv
-2.239500046,0.001593462,PTAA,Au,..\raw_csv\type3_breakdown_Au\PTAA_Au_scan_20V.csv
-2.259500027,0.001585921,PTAA,Au,..\raw_csv\type3_breakdown_Au\PTAA_Au_scan_20V.csv
-2.279500008,0.001714876,PTAA,Au,..\raw_csv\type3_breakdown_Au\PTAA_Au_scan_20V.csv
-2.299499989,0.00179456,PTAA,Au,..\raw_csv\type3_breakdown_Au\PTAA_Au_scan_20V.csv
-2.319499969,0.001918924,PTAA,Au,..\raw_csv\type3_breakdown_Au\PTAA_Au_scan_20V.csv
-2.33949995,0.002007461,PTAA,Au,..\raw_csv\type3_breakdown_Au\PTAA_Au_scan_20V.csv
-2.359499931,0.002099124,PTAA,Au,..\raw_csv\type3_breakdown_Au\PTAA_Au_scan_20V.csv
-2.379499912,0.002171223,PTAA,Au,..\raw_csv\type3_breakdown_Au\PTAA_Au_scan_20V.csv
-2.399499893,0.00228096,PTAA,Au,..\raw_csv\type3_breakdown_Au\PTAA_Au_scan_20V.csv
-2.419500113,0.002340505,PTAA,Au,..\raw_csv\type3_breakdown_Au\PTAA_Au_scan_20V.csv
-2.439500093,0.002407587,PTAA,Au,..\raw_csv\type3_breakdown_Au\PTAA_Au_scan_20V.csv
-2.459500074,0.002578125,PTAA,Au,..\raw_csv\type3_breakdown_Au\PTAA_Au_scan_20V.csv
-2.479500055,0.00267322,PTAA,Au,..\raw_csv\type3_breakdown_Au\PTAA_Au_scan_20V.csv
-2.499500036,0.002756199,PTAA,Au,..\raw_csv\type3_breakdown_Au\PTAA_Au_scan_20V.csv
-2.519500017,0.002757756,PTAA,Au,..\raw_csv\type3_breakdown_Au\PTAA_Au_scan_20V.csv
-2.539499998,0.002738202,PTAA,Au,..\raw_csv\type3_breakdown_Au\PTAA_Au_scan_20V.csv
-2.559499979,0.002908646,PTAA,Au,..\raw_csv\type3_breakdown_Au\PTAA_Au_scan_20V.csv
-2.57949996,0.002941996,PTAA,Au,..\raw_csv\type3_breakdown_Au\PTAA_Au_scan_20V.csv
-2.599499941,0.003117694,PTAA,Au,..\raw_csv\type3_breakdown_Au\PTAA_Au_scan_20V.csv
-2.619499922,0.00317033,PTAA,Au,..\raw_csv\type3_breakdown_Au\PTAA_Au_scan_20V.csv
-2.639499903,0.003403003,PTAA,Au,..\raw_csv\type3_breakdown_Au\PTAA_Au_scan_20V.csv
-2.659499884,0.003458537,PTAA,Au,..\raw_csv\type3_breakdown_Au\PTAA_Au_scan_20V.csv
-2.679500103,0.003620036,PTAA,Au,..\raw_csv\type3_breakdown_Au\PTAA_Au_scan_20V.csv
-2.699500084,0.00381581,PTAA,Au,..\raw_csv\type3_breakdown_Au\PTAA_Au_scan_20V.csv
-2.719500065,0.004018154,PTAA,Au,..\raw_csv\type3_breakdown_Au\PTAA_Au_scan_20V.csv
-2.739500046,0.003973094,PTAA,Au,..\raw_csv\type3_breakdown_Au\PTAA_Au_scan_20V.csv
-2.759500027,0.00425101,PTAA,Au,..\raw_csv\type3_breakdown_Au\PTAA_Au_scan_20V.csv
-2.779500008,0.004273268,PTAA,Au,..\raw_csv\type3_breakdown_Au\PTAA_Au_scan_20V.csv
-2.799499989,0.004345908,PTAA,Au,..\raw_csv\type3_breakdown_Au\PTAA_Au_scan_20V.csv
-2.819499969,0.005028499,PTAA,Au,..\raw_csv\type3_breakdown_Au\PTAA_Au_scan_20V.csv
-2.83949995,0.004788381,PTAA,Au,..\raw_csv\type3_breakdown_Au\PTAA_Au_scan_20V.csv
-2.859499931,0.004908194,PTAA,Au,..\raw_csv\type3_breakdown_Au\PTAA_Au_scan_20V.csv
-2.879499912,0.004856388,PTAA,Au,..\raw_csv\type3_breakdown_Au\PTAA_Au_scan_20V.csv
-2.899499893,0.005167875,PTAA,Au,..\raw_csv\type3_breakdown_Au\PTAA_Au_scan_20V.csv
-2.919500113,0.005079356,PTAA,Au,..\raw_csv\type3_breakdown_Au\PTAA_Au_scan_20V.csv
-2.939500093,0.005320149,PTAA,Au,..\raw_csv\type3_breakdown_Au\PTAA_Au_scan_20V.csv
-2.959500074,0.005287032,PTAA,Au,..\raw_csv\type3_breakdown_Au\PTAA_Au_scan_20V.csv
-2.979500055,0.0053419,PTAA,Au,..\raw_csv\type3_breakdown_Au\PTAA_Au_scan_20V.csv
-2.999500036,0.005691582,PTAA,Au,..\raw_csv\type3_breakdown_Au\PTAA_Au_scan_20V.csv
-3.019500017,0.005847943,PTAA,Au,..\raw_csv\type3_breakdown_Au\PTAA_Au_scan_20V.csv
-3.039499998,0.006268063,PTAA,Au,..\raw_csv\type3_breakdown_Au\PTAA_Au_scan_20V.csv
-3.059499979,0.006439702,PTAA,Au,..\raw_csv\type3_breakdown_Au\PTAA_Au_scan_20V.csv
-3.07949996,0.006845881,PTAA,Au,..\raw_csv\type3_breakdown_Au\PTAA_Au_scan_20V.csv
-3.099499941,0.007009604,PTAA,Au,..\raw_csv\type3_breakdown_Au\PTAA_Au_scan_20V.csv
-3.119499922,0.006798347,PTAA,Au,..\raw_csv\type3_breakdown_Au\PTAA_Au_scan_20V.csv
-3.139499903,0.007070425,PTAA,Au,..\raw_csv\type3_breakdown_Au\PTAA_Au_scan_20V.csv
-3.159499884,0.007445154,PTAA,Au,..\raw_csv\type3_breakdown_Au\PTAA_Au_scan_20V.csv
-3.179500103,0.008005278,PTAA,Au,..\raw_csv\type3_breakdown_Au\PTAA_Au_scan_20V.csv
-3.199500084,0.007697356,PTAA,Au,..\raw_csv\type3_breakdown_Au\PTAA_Au_scan_20V.csv
-3.219500065,0.007950359,PTAA,Au,..\raw_csv\type3_breakdown_Au\PTAA_Au_scan_20V.csv
-3.239500046,0.008015277,PTAA,Au,..\raw_csv\type3_breakdown_Au\PTAA_Au_scan_20V.csv
-3.259500027,0.008125324,PTAA,Au,..\raw_csv\type3_breakdown_Au\PTAA_Au_scan_20V.csv
-3.279500008,0.008212072,PTAA,Au,..\raw_csv\type3_breakdown_Au\PTAA_Au_scan_20V.csv
-3.299499989,0.008431304,PTAA,Au,..\raw_csv\type3_breakdown_Au\PTAA_Au_scan_20V.csv
-3.319499969,0.00858614,PTAA,Au,..\raw_csv\type3_breakdown_Au\PTAA_Au_scan_20V.csv
-3.33949995,0.008420765,PTAA,Au,..\raw_csv\type3_breakdown_Au\PTAA_Au_scan_20V.csv
-3.359499931,0.008496591,PTAA,Au,..\raw_csv\type3_breakdown_Au\PTAA_Au_scan_20V.csv
-3.379499912,0.008310664,PTAA,Au,..\raw_csv\type3_breakdown_Au\PTAA_Au_scan_20V.csv
-3.399499893,0.0089049,PTAA,Au,..\raw_csv\type3_breakdown_Au\PTAA_Au_scan_20V.csv
-3.419500113,0.008855186,PTAA,Au,..\raw_csv\type3_breakdown_Au\PTAA_Au_scan_20V.csv
-3.439500093,0.008494842,PTAA,Au,..\raw_csv\type3_breakdown_Au\PTAA_Au_scan_20V.csv
-3.459500074,0.008695043,PTAA,Au,..\raw_csv\type3_breakdown_Au\PTAA_Au_scan_20V.csv
-3.479500055,0.008943177,PTAA,Au,..\raw_csv\type3_breakdown_Au\PTAA_Au_scan_20V.csv
-3.499500036,0.008952875,PTAA,Au,..\raw_csv\type3_breakdown_Au\PTAA_Au_scan_20V.csv
-3.519500017,0.009117417,PTAA,Au,..\raw_csv\type3_breakdown_Au\PTAA_Au_scan_20V.csv
-3.539499998,0.009089205,PTAA,Au,..\raw_csv\type3_breakdown_Au\PTAA_Au_scan_20V.csv
-3.559499979,0.009969386,PTAA,Au,..\raw_csv\type3_breakdown_Au\PTAA_Au_scan_20V.csv
-3.57949996,0.009947846,PTAA,Au,..\raw_csv\type3_breakdown_Au\PTAA_Au_scan_20V.csv
-3.599499941,0.01050301,PTAA,Au,..\raw_csv\type3_breakdown_Au\PTAA_Au_scan_20V.csv
-3.619499922,0.009664826,PTAA,Au,..\raw_csv\type3_breakdown_Au\PTAA_Au_scan_20V.csv
-3.639499903,0.009880756,PTAA,Au,..\raw_csv\type3_breakdown_Au\PTAA_Au_scan_20V.csv
-3.659499884,0.009763335,PTAA,Au,..\raw_csv\type3_breakdown_Au\PTAA_Au_scan_20V.csv
-3.679500103,0.010273594,PTAA,Au,..\raw_csv\type3_breakdown_Au\PTAA_Au_scan_20V.csv
-3.699500084,0.010469974,PTAA,Au,..\raw_csv\type3_breakdown_Au\PTAA_Au_scan_20V.csv
-3.719500065,0.009946788,PTAA,Au,..\raw_csv\type3_breakdown_Au\PTAA_Au_scan_20V.csv
-3.739500046,0.009997856,PTAA,Au,..\raw_csv\type3_breakdown_Au\PTAA_Au_scan_20V.csv
-3.759500027,0.010524923,PTAA,Au,..\raw_csv\type3_breakdown_Au\PTAA_Au_scan_20V.csv
-3.779500008,0.010944622,PTAA,Au,..\raw_csv\type3_breakdown_Au\PTAA_Au_scan_20V.csv
-3.799499989,0.011570179,PTAA,Au,..\raw_csv\type3_breakdown_Au\PTAA_Au_scan_20V.csv
-3.819499969,0.01175975,PTAA,Au,..\raw_csv\type3_breakdown_Au\PTAA_Au_scan_20V.csv
-3.83949995,0.011935726,PTAA,Au,..\raw_csv\type3_breakdown_Au\PTAA_Au_scan_20V.csv
-3.859499931,0.012720532,PTAA,Au,..\raw_csv\type3_breakdown_Au\PTAA_Au_scan_20V.csv
-3.879499912,0.012362787,PTAA,Au,..\raw_csv\type3_breakdown_Au\PTAA_Au_scan_20V.csv
-3.899499893,0.013168163,PTAA,Au,..\raw_csv\type3_breakdown_Au\PTAA_Au_scan_20V.csv
-3.919500113,0.012986633,PTAA,Au,..\raw_csv\type3_breakdown_Au\PTAA_Au_scan_20V.csv
-3.939500093,0.01234978,PTAA,Au,..\raw_csv\type3_breakdown_Au\PTAA_Au_scan_20V.csv
-3.959500074,0.012049222,PTAA,Au,..\raw_csv\type3_breakdown_Au\PTAA_Au_scan_20V.csv
-3.979500055,0.01218718,PTAA,Au,..\raw_csv\type3_breakdown_Au\PTAA_Au_scan_20V.csv
-3.999500036,0.012720423,PTAA,Au,..\raw_csv\type3_breakdown_Au\PTAA_Au_scan_20V.csv
-4.019499779,0.01223553,PTAA,Au,..\raw_csv\type3_breakdown_Au\PTAA_Au_scan_20V.csv
-4.039500237,0.012168335,PTAA,Au,..\raw_csv\type3_breakdown_Au\PTAA_Au_scan_20V.csv
-4.059500217,0.013019718,PTAA,Au,..\raw_csv\type3_breakdown_Au\PTAA_Au_scan_20V.csv
-4.079500198,0.01350683,PTAA,Au,..\raw_csv\type3_breakdown_Au\PTAA_Au_scan_20V.csv
-4.099500179,0.01409948,PTAA,Au,..\raw_csv\type3_breakdown_Au\PTAA_Au_scan_20V.csv
-4.11950016,0.014249102,PTAA,Au,..\raw_csv\type3_breakdown_Au\PTAA_Au_scan_20V.csv
-4.139500141,0.014163118,PTAA,Au,..\raw_csv\type3_breakdown_Au\PTAA_Au_scan_20V.csv
-4.159500122,0.014610014,PTAA,Au,..\raw_csv\type3_breakdown_Au\PTAA_Au_scan_20V.csv
-4.179500103,0.015240821,PTAA,Au,..\raw_csv\type3_breakdown_Au\PTAA_Au_scan_20V.csv
-4.199500084,0.016521218,PTAA,Au,..\raw_csv\type3_breakdown_Au\PTAA_Au_scan_20V.csv
-4.219500065,0.016647015,PTAA,Au,..\raw_csv\type3_breakdown_Au\PTAA_Au_scan_20V.csv
-4.239500046,0.017017202,PTAA,Au,..\raw_csv\type3_breakdown_Au\PTAA_Au_scan_20V.csv
-4.259500027,0.015466918,PTAA,Au,..\raw_csv\type3_breakdown_Au\PTAA_Au_scan_20V.csv
-4.279500008,0.015524201,PTAA,Au,..\raw_csv\type3_breakdown_Au\PTAA_Au_scan_20V.csv
-4.299499989,0.015796457,PTAA,Au,..\raw_csv\type3_breakdown_Au\PTAA_Au_scan_20V.csv
-4.319499969,0.015470719,PTAA,Au,..\raw_csv\type3_breakdown_Au\PTAA_Au_scan_20V.csv
-4.33949995,0.016117911,PTAA,Au,..\raw_csv\type3_breakdown_Au\PTAA_Au_scan_20V.csv
-4.359499931,0.016070924,PTAA,Au,..\raw_csv\type3_breakdown_Au\PTAA_Au_scan_20V.csv
-4.379499912,0.01630037,PTAA,Au,..\raw_csv\type3_breakdown_Au\PTAA_Au_scan_20V.csv
-4.399499893,0.016622342,PTAA,Au,..\raw_csv\type3_breakdown_Au\PTAA_Au_scan_20V.csv
-4.419499874,0.016897844,PTAA,Au,..\raw_csv\type3_breakdown_Au\PTAA_Au_scan_20V.csv
-4.439499855,0.017516218,PTAA,Au,..\raw_csv\type3_breakdown_Au\PTAA_Au_scan_20V.csv
-4.459499836,0.017819378,PTAA,Au,..\raw_csv\type3_breakdown_Au\PTAA_Au_scan_20V.csv
-4.479499817,0.018093027,PTAA,Au,..\raw_csv\type3_breakdown_Au\PTAA_Au_scan_20V.csv
-4.499499798,0.01947206,PTAA,Au,..\raw_csv\type3_breakdown_Au\PTAA_Au_scan_20V.csv
-4.519499779,0.020162424,PTAA,Au,..\raw_csv\type3_breakdown_Au\PTAA_Au_scan_20V.csv
-4.539500237,0.019850825,PTAA,Au,..\raw_csv\type3_breakdown_Au\PTAA_Au_scan_20V.csv
-4.559500217,0.019678431,PTAA,Au,..\raw_csv\type3_breakdown_Au\PTAA_Au_scan_20V.csv
-4.579500198,0.020094964,PTAA,Au,..\raw_csv\type3_breakdown_Au\PTAA_Au_scan_20V.csv
-4.599500179,0.02079665,PTAA,Au,..\raw_csv\type3_breakdown_Au\PTAA_Au_scan_20V.csv
-4.61950016,0.021881061,PTAA,Au,..\raw_csv\type3_breakdown_Au\PTAA_Au_scan_20V.csv
-4.639500141,0.021350542,PTAA,Au,..\raw_csv\type3_breakdown_Au\PTAA_Au_scan_20V.csv
-4.659500122,0.021497394,PTAA,Au,..\raw_csv\type3_breakdown_Au\PTAA_Au_scan_20V.csv
-4.679500103,0.021290995,PTAA,Au,..\raw_csv\type3_breakdown_Au\PTAA_Au_scan_20V.csv
-4.699500084,0.022042258,PTAA,Au,..\raw_csv\type3_breakdown_Au\PTAA_Au_scan_20V.csv
-4.719500065,0.021921825,PTAA,Au,..\raw_csv\type3_breakdown_Au\PTAA_Au_scan_20V.csv
-4.739500046,0.022668994,PTAA,Au,..\raw_csv\type3_breakdown_Au\PTAA_Au_scan_20V.csv
-4.759500027,0.022718266,PTAA,Au,..\raw_csv\type3_breakdown_Au\PTAA_Au_scan_20V.csv
-4.779500008,0.023474863,PTAA,Au,..\raw_csv\type3_breakdown_Au\PTAA_Au_scan_20V.csv
-4.799499989,0.023692459,PTAA,Au,..\raw_csv\type3_breakdown_Au\PTAA_Au_scan_20V.csv
-4.819499969,0.02408765,PTAA,Au,..\raw_csv\type3_breakdown_Au\PTAA_Au_scan_20V.csv
-4.83949995,0.024656806,PTAA,Au,..\raw_csv\type3_breakdown_Au\PTAA_Au_scan_20V.csv
-4.859499931,0.025907344,PTAA,Au,..\raw_csv\type3_breakdown_Au\PTAA_Au_scan_20V.csv
-4.879499912,0.026980393,PTAA,Au,..\raw_csv\type3_breakdown_Au\PTAA_Au_scan_20V.csv
-4.899499893,0.025703621,PTAA,Au,..\raw_csv\type3_breakdown_Au\PTAA_Au_scan_20V.csv
-4.919499874,0.024630661,PTAA,Au,..\raw_csv\type3_breakdown_Au\PTAA_Au_scan_20V.csv
-4.939499855,0.026705332,PTAA,Au,..\raw_csv\type3_breakdown_Au\PTAA_Au_scan_20V.csv
-4.959499836,0.026369563,PTAA,Au,..\raw_csv\type3_breakdown_Au\PTAA_Au_scan_20V.csv
-4.979499817,0.026565598,PTAA,Au,..\raw_csv\type3_breakdown_Au\PTAA_Au_scan_20V.csv
-4.999499798,0.027450078,PTAA,Au,..\raw_csv\type3_breakdown_Au\PTAA_Au_scan_20V.csv
-5.019499779,0.02576395,PTAA,Au,..\raw_csv\type3_breakdown_Au\PTAA_Au_scan_20V.csv
-5.039500237,0.025552238,PTAA,Au,..\raw_csv\type3_breakdown_Au\PTAA_Au_scan_20V.csv
-5.059500217,0.025234455,PTAA,Au,..\raw_csv\type3_breakdown_Au\PTAA_Au_scan_20V.csv
-5.079500198,0.02664911,PTAA,Au,..\raw_csv\type3_breakdown_Au\PTAA_Au_scan_20V.csv
-5.099500179,0.026399484,PTAA,Au,..\raw_csv\type3_breakdown_Au\PTAA_Au_scan_20V.csv
-5.11950016,0.026336644,PTAA,Au,..\raw_csv\type3_breakdown_Au\PTAA_Au_scan_20V.csv
-5.139500141,0.02728395,PTAA,Au,..\raw_csv\type3_breakdown_Au\PTAA_Au_scan_20V.csv
-5.159500122,0.029438761,PTAA,Au,..\raw_csv\type3_breakdown_Au\PTAA_Au_scan_20V.csv
-5.179500103,0.028136761,PTAA,Au,..\raw_csv\type3_breakdown_Au\PTAA_Au_scan_20V.csv
-5.199500084,0.028129878,PTAA,Au,..\raw_csv\type3_breakdown_Au\PTAA_Au_scan_20V.csv
-5.219500065,0.029362151,PTAA,Au,..\raw_csv\type3_breakdown_Au\PTAA_Au_scan_20V.csv
-5.239500046,0.026661604,PTAA,Au,..\raw_csv\type3_breakdown_Au\PTAA_Au_scan_20V.csv
-5.259500027,0.026851893,PTAA,Au,..\raw_csv\type3_breakdown_Au\PTAA_Au_scan_20V.csv
-5.279500008,0.02769764,PTAA,Au,..\raw_csv\type3_breakdown_Au\PTAA_Au_scan_20V.csv
-5.299499989,0.030533697,PTAA,Au,..\raw_csv\type3_breakdown_Au\PTAA_Au_scan_20V.csv
-5.319499969,0.02909311,PTAA,Au,..\raw_csv\type3_breakdown_Au\PTAA_Au_scan_20V.csv
-5.33949995,0.029271593,PTAA,Au,..\raw_csv\type3_breakdown_Au\PTAA_Au_scan_20V.csv
-5.359499931,0.030371121,PTAA,Au,..\raw_csv\type3_breakdown_Au\PTAA_Au_scan_20V.csv
-5.379499912,0.030817371,PTAA,Au,..\raw_csv\type3_breakdown_Au\PTAA_Au_scan_20V.csv
-5.399499893,0.029456333,PTAA,Au,..\raw_csv\type3_breakdown_Au\PTAA_Au_scan_20V.csv
-5.419499874,0.029134669,PTAA,Au,..\raw_csv\type3_breakdown_Au\PTAA_Au_scan_20V.csv
-5.439499855,0.028322795,PTAA,Au,..\raw_csv\type3_breakdown_Au\PTAA_Au_scan_20V.csv
-5.459499836,0.02987113,PTAA,Au,..\raw_csv\type3_breakdown_Au\PTAA_Au_scan_20V.csv
-5.479499817,0.02875773,PTAA,Au,..\raw_csv\type3_breakdown_Au\PTAA_Au_scan_20V.csv
-5.499499798,0.029581073,PTAA,Au,..\raw_csv\type3_breakdown_Au\PTAA_Au_scan_20V.csv
-5.519499779,0.030573959,PTAA,Au,..\raw_csv\type3_breakdown_Au\PTAA_Au_scan_20V.csv
-5.539500237,0.031797326,PTAA,Au,..\raw_csv\type3_breakdown_Au\PTAA_Au_scan_20V.csv
-5.559500217,0.033673613,PTAA,Au,..\raw_csv\type3_breakdown_Au\PTAA_Au_scan_20V.csv
-5.579500198,0.032863738,PTAA,Au,..\raw_csv\type3_breakdown_Au\PTAA_Au_scan_20V.csv
-5.599500179,0.032514217,PTAA,Au,..\raw_csv\type3_breakdown_Au\PTAA_Au_scan_20V.csv
-5.61950016,0.033202893,PTAA,Au,..\raw_csv\type3_breakdown_Au\PTAA_Au_scan_20V.csv
-5.639500141,0.03279459,PTAA,Au,..\raw_csv\type3_breakdown_Au\PTAA_Au_scan_20V.csv
-5.659500122,0.034548641,PTAA,Au,..\raw_csv\type3_breakdown_Au\PTAA_Au_scan_20V.csv
-5.679500103,0.033522686,PTAA,Au,..\raw_csv\type3_breakdown_Au\PTAA_Au_scan_20V.csv
-5.699500084,0.034166066,PTAA,Au,..\raw_csv\type3_breakdown_Au\PTAA_Au_scan_20V.csv
-5.719500065,0.034158197,PTAA,Au,..\raw_csv\type3_breakdown_Au\PTAA_Au_scan_20V.csv
-5.739500046,0.032256677,PTAA,Au,..\raw_csv\type3_breakdown_Au\PTAA_Au_scan_20V.csv
-5.759500027,0.035346787,PTAA,Au,..\raw_csv\type3_breakdown_Au\PTAA_Au_scan_20V.csv
-5.779500008,0.039670802,PTAA,Au,..\raw_csv\type3_breakdown_Au\PTAA_Au_scan_20V.csv
-5.799499989,0.035605429,PTAA,Au,..\raw_csv\type3_breakdown_Au\PTAA_Au_scan_20V.csv
-5.819499969,0.033733106,PTAA,Au,..\raw_csv\type3_breakdown_Au\PTAA_Au_scan_20V.csv
-5.83949995,0.032870999,PTAA,Au,..\raw_csv\type3_breakdown_Au\PTAA_Au_scan_20V.csv
-5.859499931,0.032817214,PTAA,Au,..\raw_csv\type3_breakdown_Au\PTAA_Au_scan_20V.csv
-5.879499912,0.032397333,PTAA,Au,..\raw_csv\type3_breakdown_Au\PTAA_Au_scan_20V.csv
-5.899499893,0.032089803,PTAA,Au,..\raw_csv\type3_breakdown_Au\PTAA_Au_scan_20V.csv
-5.919499874,0.032479119,PTAA,Au,..\raw_csv\type3_breakdown_Au\PTAA_Au_scan_20V.csv
-5.939499855,0.031040838,PTAA,Au,..\raw_csv\type3_breakdown_Au\PTAA_Au_scan_20V.csv
-5.959499836,0.030951167,PTAA,Au,..\raw_csv\type3_breakdown_Au\PTAA_Au_scan_20V.csv
-5.979499817,0.031586338,PTAA,Au,..\raw_csv\type3_breakdown_Au\PTAA_Au_scan_20V.csv
-5.999499798,0.030369526,PTAA,Au,..\raw_csv\type3_breakdown_Au\PTAA_Au_scan_20V.csv
-6.019499779,0.031444487,PTAA,Au,..\raw_csv\type3_breakdown_Au\PTAA_Au_scan_20V.csv
-6.039500237,0.030507149,PTAA,Au,..\raw_csv\type3_breakdown_Au\PTAA_Au_scan_20V.csv
-6.059500217,0.034982192,PTAA,Au,..\raw_csv\type3_breakdown_Au\PTAA_Au_scan_20V.csv
-6.079500198,0.034568277,PTAA,Au,..\raw_csv\type3_breakdown_Au\PTAA_Au_scan_20V.csv
-6.099500179,0.03609998,PTAA,Au,..\raw_csv\type3_breakdown_Au\PTAA_Au_scan_20V.csv
-6.11950016,0.034338871,PTAA,Au,..\raw_csv\type3_breakdown_Au\PTAA_Au_scan_20V.csv
-6.139500141,0.036552416,PTAA,Au,..\raw_csv\type3_breakdown_Au\PTAA_Au_scan_20V.csv
-6.159500122,0.035790338,PTAA,Au,..\raw_csv\type3_breakdown_Au\PTAA_Au_scan_20V.csv
-6.179500103,0.03515751,PTAA,Au,..\raw_csv\type3_breakdown_Au\PTAA_Au_scan_20V.csv
-6.199500084,0.035569759,PTAA,Au,..\raw_csv\type3_breakdown_Au\PTAA_Au_scan_20V.csv
-6.219500065,0.036012416,PTAA,Au,..\raw_csv\type3_breakdown_Au\PTAA_Au_scan_20V.csv
-6.239500046,0.034144754,PTAA,Au,..\raw_csv\type3_breakdown_Au\PTAA_Au_scan_20V.csv
-6.259500027,0.035201042,PTAA,Au,..\raw_csv\type3_breakdown_Au\PTAA_Au_scan_20V.csv
-6.279500008,0.03489809,PTAA,Au,..\raw_csv\type3_breakdown_Au\PTAA_Au_scan_20V.csv
-6.299499989,0.035660363,PTAA,Au,..\raw_csv\type3_breakdown_Au\PTAA_Au_scan_20V.csv
-6.319499969,0.035578753,PTAA,Au,..\raw_csv\type3_breakdown_Au\PTAA_Au_scan_20V.csv
-6.33949995,0.035479287,PTAA,Au,..\raw_csv\type3_breakdown_Au\PTAA_Au_scan_20V.csv
-6.359499931,0.037706383,PTAA,Au,..\raw_csv\type3_breakdown_Au\PTAA_Au_scan_20V.csv
-6.379499912,0.037620354,PTAA,Au,..\raw_csv\type3_breakdown_Au\PTAA_Au_scan_20V.csv
-6.399499893,0.039256873,PTAA,Au,..\raw_csv\type3_breakdown_Au\PTAA_Au_scan_20V.csv
-6.419499874,0.040538689,PTAA,Au,..\raw_csv\type3_breakdown_Au\PTAA_Au_scan_20V.csv
-6.439499855,0.039757016,PTAA,Au,..\raw_csv\type3_breakdown_Au\PTAA_Au_scan_20V.csv
-6.459499836,0.042300813,PTAA,Au,..\raw_csv\type3_breakdown_Au\PTAA_Au_scan_20V.csv
-6.479499817,0.040232941,PTAA,Au,..\raw_csv\type3_breakdown_Au\PTAA_Au_scan_20V.csv
-6.499499798,0.038579623,PTAA,Au,..\raw_csv\type3_breakdown_Au\PTAA_Au_scan_20V.csv
-6.519499779,0.041475285,PTAA,Au,..\raw_csv\type3_breakdown_Au\PTAA_Au_scan_20V.csv
-6.539500237,0.042077408,PTAA,Au,..\raw_csv\type3_breakdown_Au\PTAA_Au_scan_20V.csv
-6.559500217,0.044423607,PTAA,Au,..\raw_csv\type3_breakdown_Au\PTAA_Au_scan_20V.csv
-6.579500198,0.042599935,PTAA,Au,..\raw_csv\type3_breakdown_Au\PTAA_Au_scan_20V.csv
-6.599500179,0.041048555,PTAA,Au,..\raw_csv\type3_breakdown_Au\PTAA_Au_scan_20V.csv
-6.61950016,0.041887597,PTAA,Au,..\raw_csv\type3_breakdown_Au\PTAA_Au_scan_20V.csv
-6.639500141,0.041512567,PTAA,Au,..\raw_csv\type3_breakdown_Au\PTAA_Au_scan_20V.csv
-6.659500122,0.042445452,PTAA,Au,..\raw_csv\type3_breakdown_Au\PTAA_Au_scan_20V.csv
-6.679500103,0.041393318,PTAA,Au,..\raw_csv\type3_breakdown_Au\PTAA_Au_scan_20V.csv
-6.699500084,0.045940377,PTAA,Au,..\raw_csv\type3_breakdown_Au\PTAA_Au_scan_20V.csv
-6.719500065,0.044496724,PTAA,Au,..\raw_csv\type3_breakdown_Au\PTAA_Au_scan_20V.csv
-6.739500046,0.043551293,PTAA,Au,..\raw_csv\type3_breakdown_Au\PTAA_Au_scan_20V.csv
-6.759500027,0.044559325,PTAA,Au,..\raw_csv\type3_breakdown_Au\PTAA_Au_scan_20V.csv
-6.779500008,0.043539608,PTAA,Au,..\raw_csv\type3_breakdown_Au\PTAA_Au_scan_20V.csv
-6.799499989,0.045145194,PTAA,Au,..\raw_csv\type3_breakdown_Au\PTAA_Au_scan_20V.csv
-6.819499969,0.043387452,PTAA,Au,..\raw_csv\type3_breakdown_Au\PTAA_Au_scan_20V.csv
-6.83949995,0.044872372,PTAA,Au,..\raw_csv\type3_breakdown_Au\PTAA_Au_scan_20V.csv
-6.859499931,0.043805674,PTAA,Au,..\raw_csv\type3_breakdown_Au\PTAA_Au_scan_20V.csv
-6.879499912,0.045705258,PTAA,Au,..\raw_csv\type3_breakdown_Au\PTAA_Au_scan_20V.csv
-6.899499893,0.04714368,PTAA,Au,..\raw_csv\type3_breakdown_Au\PTAA_Au_scan_20V.csv
-6.919499874,0.046750057,PTAA,Au,..\raw_csv\type3_breakdown_Au\PTAA_Au_scan_20V.csv
-6.939499855,0.049387501,PTAA,Au,..\raw_csv\type3_breakdown_Au\PTAA_Au_scan_20V.csv
-6.959499836,0.046438194,PTAA,Au,..\raw_csv\type3_breakdown_Au\PTAA_Au_scan_20V.csv
-6.979499817,0.046788823,PTAA,Au,..\raw_csv\type3_breakdown_Au\PTAA_Au_scan_20V.csv
-6.999499798,0.049186289,PTAA,Au,..\raw_csv\type3_breakdown_Au\PTAA_Au_scan_20V.csv
-7.019499779,0.050613233,PTAA,Au,..\raw_csv\type3_breakdown_Au\PTAA_Au_scan_20V.csv
-7.039500237,0.051667094,PTAA,Au,..\raw_csv\type3_breakdown_Au\PTAA_Au_scan_20V.csv
-7.059500217,0.05038259,PTAA,Au,..\raw_csv\type3_breakdown_Au\PTAA_Au_scan_20V.csv
-7.079500198,0.051360135,PTAA,Au,..\raw_csv\type3_breakdown_Au\PTAA_Au_scan_20V.csv
-7.099500179,0.048837607,PTAA,Au,..\raw_csv\type3_breakdown_Au\PTAA_Au_scan_20V.csv
-7.11950016,0.049739611,PTAA,Au,..\raw_csv\type3_breakdown_Au\PTAA_Au_scan_20V.csv
-7.139500141,0.050552579,PTAA,Au,..\raw_csv\type3_breakdown_Au\PTAA_Au_scan_20V.csv
-7.159500122,0.049397905,PTAA,Au,..\raw_csv\type3_breakdown_Au\PTAA_Au_scan_20V.csv
-7.179500103,0.053404172,PTAA,Au,..\raw_csv\type3_breakdown_Au\PTAA_Au_scan_20V.csv
-7.199500084,0.056470988,PTAA,Au,..\raw_csv\type3_breakdown_Au\PTAA_Au_scan_20V.csv
-7.219500065,0.052575085,PTAA,Au,..\raw_csv\type3_breakdown_Au\PTAA_Au_scan_20V.csv
-7.239500046,0.051393486,PTAA,Au,..\raw_csv\type3_breakdown_Au\PTAA_Au_scan_20V.csv
-7.259500027,0.050976614,PTAA,Au,..\raw_csv\type3_breakdown_Au\PTAA_Au_scan_20V.csv
-7.279500008,0.052651727,PTAA,Au,..\raw_csv\type3_breakdown_Au\PTAA_Au_scan_20V.csv
-7.299499989,0.052279465,PTAA,Au,..\raw_csv\type3_breakdown_Au\PTAA_Au_scan_20V.csv
-7.319499969,0.052967359,PTAA,Au,..\raw_csv\type3_breakdown_Au\PTAA_Au_scan_20V.csv
-7.33949995,0.050892212,PTAA,Au,..\raw_csv\type3_breakdown_Au\PTAA_Au_scan_20V.csv
-7.359499931,0.050620585,PTAA,Au,..\raw_csv\type3_breakdown_Au\PTAA_Au_scan_20V.csv
-7.379499912,0.053092809,PTAA,Au,..\raw_csv\type3_breakdown_Au\PTAA_Au_scan_20V.csv
-7.399499893,0.054616939,PTAA,Au,..\raw_csv\type3_breakdown_Au\PTAA_Au_scan_20V.csv
-7.419499874,0.05266057,PTAA,Au,..\raw_csv\type3_breakdown_Au\PTAA_Au_scan_20V.csv
-7.439499855,0.057900477,PTAA,Au,..\raw_csv\type3_breakdown_Au\PTAA_Au_scan_20V.csv
-7.459499836,0.054484483,PTAA,Au,..\raw_csv\type3_breakdown_Au\PTAA_Au_scan_20V.csv
-7.479499817,0.055438982,PTAA,Au,..\raw_csv\type3_breakdown_Au\PTAA_Au_scan_20V.csv
-7.499499798,0.058027472,PTAA,Au,..\raw_csv\type3_breakdown_Au\PTAA_Au_scan_20V.csv
-7.519499779,0.059007403,PTAA,Au,..\raw_csv\type3_breakdown_Au\PTAA_Au_scan_20V.csv
-7.539500237,0.055783463,PTAA,Au,..\raw_csv\type3_breakdown_Au\PTAA_Au_scan_20V.csv
-7.559500217,0.052722773,PTAA,Au,..\raw_csv\type3_breakdown_Au\PTAA_Au_scan_20V.csv
-7.579500198,0.054411017,PTAA,Au,..\raw_csv\type3_breakdown_Au\PTAA_Au_scan_20V.csv
-7.599500179,0.05539627,PTAA,Au,..\raw_csv\type3_breakdown_Au\PTAA_Au_scan_20V.csv
-7.61950016,0.058287411,PTAA,Au,..\raw_csv\type3_breakdown_Au\PTAA_Au_scan_20V.csv
-7.639500141,0.058899595,PTAA,Au,..\raw_csv\type3_breakdown_Au\PTAA_Au_scan_20V.csv
-7.659500122,0.063385609,PTAA,Au,..\raw_csv\type3_breakdown_Au\PTAA_Au_scan_20V.csv
-7.679500103,0.057825395,PTAA,Au,..\raw_csv\type3_breakdown_Au\PTAA_Au_scan_20V.csv
-7.699500084,0.058232263,PTAA,Au,..\raw_csv\type3_breakdown_Au\PTAA_Au_scan_20V.csv
-7.719500065,0.059193546,PTAA,Au,..\raw_csv\type3_breakdown_Au\PTAA_Au_scan_20V.csv
-7.739500046,0.058137318,PTAA,Au,..\raw_csv\type3_breakdown_Au\PTAA_Au_scan_20V.csv
-7.759500027,0.05974995,PTAA,Au,..\raw_csv\type3_breakdown_Au\PTAA_Au_scan_20V.csv
-7.779500008,0.0599418,PTAA,Au,..\raw_csv\type3_breakdown_Au\PTAA_Au_scan_20V.csv
-7.799499989,0.061532616,PTAA,Au,..\raw_csv\type3_breakdown_Au\PTAA_Au_scan_20V.csv
-7.819499969,0.060281474,PTAA,Au,..\raw_csv\type3_breakdown_Au\PTAA_Au_scan_20V.csv
-7.83949995,0.061671814,PTAA,Au,..\raw_csv\type3_breakdown_Au\PTAA_Au_scan_20V.csv
-7.859499931,0.062678455,PTAA,Au,..\raw_csv\type3_breakdown_Au\PTAA_Au_scan_20V.csv
-7.879499912,0.061997627,PTAA,Au,..\raw_csv\type3_breakdown_Au\PTAA_Au_scan_20V.csv
-7.899499893,0.067596217,PTAA,Au,..\raw_csv\type3_breakdown_Au\PTAA_Au_scan_20V.csv
-7.919499874,0.070027394,PTAA,Au,..\raw_csv\type3_breakdown_Au\PTAA_Au_scan_20V.csv
-7.939499855,0.066317437,PTAA,Au,..\raw_csv\type3_breakdown_Au\PTAA_Au_scan_20V.csv
-7.959499836,0.066557875,PTAA,Au,..\raw_csv\type3_breakdown_Au\PTAA_Au_scan_20V.csv
-7.979499817,0.066674914,PTAA,Au,..\raw_csv\type3_breakdown_Au\PTAA_Au_scan_20V.csv
-7.999499798,0.068137403,PTAA,Au,..\raw_csv\type3_breakdown_Au\PTAA_Au_scan_20V.csv
-8.019499779,0.069260863,PTAA,Au,..\raw_csv\type3_breakdown_Au\PTAA_Au_scan_20V.csv
-8.039500237,0.069539762,PTAA,Au,..\raw_csv\type3_breakdown_Au\PTAA_Au_scan_20V.csv
-8.059499741,0.072790341,PTAA,Au,..\raw_csv\type3_breakdown_Au\PTAA_Au_scan_20V.csv
-8.079500198,0.070935836,PTAA,Au,..\raw_csv\type3_breakdown_Au\PTAA_Au_scan_20V.csv
-8.099499702,0.071599978,PTAA,Au,..\raw_csv\type3_breakdown_Au\PTAA_Au_scan_20V.csv
-8.11950016,0.071152942,PTAA,Au,..\raw_csv\type3_breakdown_Au\PTAA_Au_scan_20V.csv
-8.139499664,0.072285075,PTAA,Au,..\raw_csv\type3_breakdown_Au\PTAA_Au_scan_20V.csv
-8.159500122,0.076730836,PTAA,Au,..\raw_csv\type3_breakdown_Au\PTAA_Au_scan_20V.csv
-8.179499626,0.080589829,PTAA,Au,..\raw_csv\type3_breakdown_Au\PTAA_Au_scan_20V.csv
-8.199500084,0.077279419,PTAA,Au,..\raw_csv\type3_breakdown_Au\PTAA_Au_scan_20V.csv
-8.219499588,0.07779069,PTAA,Au,..\raw_csv\type3_breakdown_Au\PTAA_Au_scan_20V.csv
-8.239500046,0.081351422,PTAA,Au,..\raw_csv\type3_breakdown_Au\PTAA_Au_scan_20V.csv
-8.25949955,0.082596776,PTAA,Au,..\raw_csv\type3_breakdown_Au\PTAA_Au_scan_20V.csv
-8.279500008,0.081094298,PTAA,Au,..\raw_csv\type3_breakdown_Au\PTAA_Au_scan_20V.csv
-8.299500465,0.086459972,PTAA,Au,..\raw_csv\type3_breakdown_Au\PTAA_Au_scan_20V.csv
-8.319499969,0.082609576,PTAA,Au,..\raw_csv\type3_breakdown_Au\PTAA_Au_scan_20V.csv
-8.339500427,0.08324248,PTAA,Au,..\raw_csv\type3_breakdown_Au\PTAA_Au_scan_20V.csv
-8.359499931,0.086235221,PTAA,Au,..\raw_csv\type3_breakdown_Au\PTAA_Au_scan_20V.csv
-8.379500389,0.084717221,PTAA,Au,..\raw_csv\type3_breakdown_Au\PTAA_Au_scan_20V.csv
-8.399499893,0.085641666,PTAA,Au,..\raw_csv\type3_breakdown_Au\PTAA_Au_scan_20V.csv
-8.419500351,0.084900331,PTAA,Au,..\raw_csv\type3_breakdown_Au\PTAA_Au_scan_20V.csv
-8.439499855,0.085577694,PTAA,Au,..\raw_csv\type3_breakdown_Au\PTAA_Au_scan_20V.csv
-8.459500313,0.086825964,PTAA,Au,..\raw_csv\type3_breakdown_Au\PTAA_Au_scan_20V.csv
-8.479499817,0.092151649,PTAA,Au,..\raw_csv\type3_breakdown_Au\PTAA_Au_scan_20V.csv
-8.499500275,0.092108211,PTAA,Au,..\raw_csv\type3_breakdown_Au\PTAA_Au_scan_20V.csv
-8.519499779,0.092370522,PTAA,Au,..\raw_csv\type3_breakdown_Au\PTAA_Au_scan_20V.csv
-8.539500237,0.094577227,PTAA,Au,..\raw_csv\type3_breakdown_Au\PTAA_Au_scan_20V.csv
-8.559499741,0.090136968,PTAA,Au,..\raw_csv\type3_breakdown_Au\PTAA_Au_scan_20V.csv
-8.579500198,0.092610576,PTAA,Au,..\raw_csv\type3_breakdown_Au\PTAA_Au_scan_20V.csv
-8.599499702,0.093019743,PTAA,Au,..\raw_csv\type3_breakdown_Au\PTAA_Au_scan_20V.csv
-8.61950016,0.090762167,PTAA,Au,..\raw_csv\type3_breakdown_Au\PTAA_Au_scan_20V.csv
-8.639499664,0.095824212,PTAA,Au,..\raw_csv\type3_breakdown_Au\PTAA_Au_scan_20V.csv
-8.659500122,0.092660613,PTAA,Au,..\raw_csv\type3_breakdown_Au\PTAA_Au_scan_20V.csv
-8.679499626,0.094245915,PTAA,Au,..\raw_csv\type3_breakdown_Au\PTAA_Au_scan_20V.csv
-8.699500084,0.095146788,PTAA,Au,..\raw_csv\type3_breakdown_Au\PTAA_Au_scan_20V.csv
-8.719499588,0.096508279,PTAA,Au,..\raw_csv\type3_breakdown_Au\PTAA_Au_scan_20V.csv
-8.739500046,0.095825279,PTAA,Au,..\raw_csv\type3_breakdown_Au\PTAA_Au_scan_20V.csv
-8.75949955,0.096959096,PTAA,Au,..\raw_csv\type3_breakdown_Au\PTAA_Au_scan_20V.csv
-8.779500008,0.104794423,PTAA,Au,..\raw_csv\type3_breakdown_Au\PTAA_Au_scan_20V.csv
-8.799500465,0.102356037,PTAA,Au,..\raw_csv\type3_breakdown_Au\PTAA_Au_scan_20V.csv
-8.819499969,0.104378678,PTAA,Au,..\raw_csv\type3_breakdown_Au\PTAA_Au_scan_20V.csv
-8.839500427,0.103973517,PTAA,Au,..\raw_csv\type3_breakdown_Au\PTAA_Au_scan_20V.csv
-8.859499931,0.101185292,PTAA,Au,..\raw_csv\type3_breakdown_Au\PTAA_Au_scan_20V.csv
-8.879500389,0.101858604,PTAA,Au,..\raw_csv\type3_breakdown_Au\PTAA_Au_scan_20V.csv
-8.899499893,0.100770901,PTAA,Au,..\raw_csv\type3_breakdown_Au\PTAA_Au_scan_20V.csv
-8.919500351,0.10415383,PTAA,Au,..\raw_csv\type3_breakdown_Au\PTAA_Au_scan_20V.csv
-8.939499855,0.104938919,PTAA,Au,..\raw_csv\type3_breakdown_Au\PTAA_Au_scan_20V.csv
-8.959500313,0.107354011,PTAA,Au,..\raw_csv\type3_breakdown_Au\PTAA_Au_scan_20V.csv
-8.979499817,0.108467955,PTAA,Au,..\raw_csv\type3_breakdown_Au\PTAA_Au_scan_20V.csv
-8.999500275,0.1046668,PTAA,Au,..\raw_csv\type3_breakdown_Au\PTAA_Au_scan_20V.csv
-9.019499779,0.105043421,PTAA,Au,..\raw_csv\type3_breakdown_Au\PTAA_Au_scan_20V.csv
-9.039500237,0.105469312,PTAA,Au,..\raw_csv\type3_breakdown_Au\PTAA_Au_scan_20V.csv
-9.059499741,0.105398184,PTAA,Au,..\raw_csv\type3_breakdown_Au\PTAA_Au_scan_20V.csv
-9.079999924,0.108211199,PTAA,Au,..\raw_csv\type3_breakdown_Au\PTAA_Au_scan_20V.csv
-9.100000381,0.108138281,PTAA,Au,..\raw_csv\type3_breakdown_Au\PTAA_Au_scan_20V.csv
-9.119999886,0.108262927,PTAA,Au,..\raw_csv\type3_breakdown_Au\PTAA_Au_scan_20V.csv
-9.140000343,0.106566261,PTAA,Au,..\raw_csv\type3_breakdown_Au\PTAA_Au_scan_20V.csv
-9.159999847,0.110073491,PTAA,Au,..\raw_csv\type3_breakdown_Au\PTAA_Au_scan_20V.csv
-9.180000305,0.110354081,PTAA,Au,..\raw_csv\type3_breakdown_Au\PTAA_Au_scan_20V.csv
-9.199999809,0.110522638,PTAA,Au,..\raw_csv\type3_breakdown_Au\PTAA_Au_scan_20V.csv
-9.220000267,0.110651057,PTAA,Au,..\raw_csv\type3_breakdown_Au\PTAA_Au_scan_20V.csv
-9.239999771,0.117323253,PTAA,Au,..\raw_csv\type3_breakdown_Au\PTAA_Au_scan_20V.csv
-9.260000229,0.116785509,PTAA,Au,..\raw_csv\type3_breakdown_Au\PTAA_Au_scan_20V.csv
-9.279999733,0.118067453,PTAA,Au,..\raw_csv\type3_breakdown_Au\PTAA_Au_scan_20V.csv
-9.300000191,0.117857059,PTAA,Au,..\raw_csv\type3_breakdown_Au\PTAA_Au_scan_20V.csv
-9.319999695,0.119990719,PTAA,Au,..\raw_csv\type3_breakdown_Au\PTAA_Au_scan_20V.csv
-9.340000153,0.12002915,PTAA,Au,..\raw_csv\type3_breakdown_Au\PTAA_Au_scan_20V.csv
-9.359999657,0.1169138,PTAA,Au,..\raw_csv\type3_breakdown_Au\PTAA_Au_scan_20V.csv
-9.380000114,0.116388496,PTAA,Au,..\raw_csv\type3_breakdown_Au\PTAA_Au_scan_20V.csv
-9.399999619,0.117186536,PTAA,Au,..\raw_csv\type3_breakdown_Au\PTAA_Au_scan_20V.csv
-9.420000076,0.120251781,PTAA,Au,..\raw_csv\type3_breakdown_Au\PTAA_Au_scan_20V.csv
-9.43999958,0.118737277,PTAA,Au,..\raw_csv\type3_breakdown_Au\PTAA_Au_scan_20V.csv
-9.460000038,0.121539234,PTAA,Au,..\raw_csv\type3_breakdown_Au\PTAA_Au_scan_20V.csv
-9.479999542,0.122221935,PTAA,Au,..\raw_csv\type3_breakdown_Au\PTAA_Au_scan_20V.csv
-9.5,0.120463641,PTAA,Au,..\raw_csv\type3_breakdown_Au\PTAA_Au_scan_20V.csv
-9.520000458,0.126560563,PTAA,Au,..\raw_csv\type3_breakdown_Au\PTAA_Au_scan_20V.csv
-9.539999962,0.123194252,PTAA,Au,..\raw_csv\type3_breakdown_Au\PTAA_Au_scan_20V.csv
-9.56000042,0.122452443,PTAA,Au,..\raw_csv\type3_breakdown_Au\PTAA_Au_scan_20V.csv
-9.579999924,0.125563057,PTAA,Au,..\raw_csv\type3_breakdown_Au\PTAA_Au_scan_20V.csv
-9.600000381,0.125515523,PTAA,Au,..\raw_csv\type3_breakdown_Au\PTAA_Au_scan_20V.csv
-9.619999886,0.124599767,PTAA,Au,..\raw_csv\type3_breakdown_Au\PTAA_Au_scan_20V.csv
-9.640000343,0.12426599,PTAA,Au,..\raw_csv\type3_breakdown_Au\PTAA_Au_scan_20V.csv
-9.659999847,0.124614138,PTAA,Au,..\raw_csv\type3_breakdown_Au\PTAA_Au_scan_20V.csv
-9.680000305,0.126708366,PTAA,Au,..\raw_csv\type3_breakdown_Au\PTAA_Au_scan_20V.csv
-9.699999809,0.12541614,PTAA,Au,..\raw_csv\type3_breakdown_Au\PTAA_Au_scan_20V.csv
-9.720000267,0.128802068,PTAA,Au,..\raw_csv\type3_breakdown_Au\PTAA_Au_scan_20V.csv
-9.739999771,0.126620123,PTAA,Au,..\raw_csv\type3_breakdown_Au\PTAA_Au_scan_20V.csv
-9.760000229,0.12934091,PTAA,Au,..\raw_csv\type3_breakdown_Au\PTAA_Au_scan_20V.csv
-9.779999733,0.130408206,PTAA,Au,..\raw_csv\type3_breakdown_Au\PTAA_Au_scan_20V.csv
-9.800000191,0.12960546,PTAA,Au,..\raw_csv\type3_breakdown_Au\PTAA_Au_scan_20V.csv
-9.819999695,0.131734956,PTAA,Au,..\raw_csv\type3_breakdown_Au\PTAA_Au_scan_20V.csv
-9.840000153,0.13139061,PTAA,Au,..\raw_csv\type3_breakdown_Au\PTAA_Au_scan_20V.csv
-9.859999657,0.131638474,PTAA,Au,..\raw_csv\type3_breakdown_Au\PTAA_Au_scan_20V.csv
-9.880000114,0.138032658,PTAA,Au,..\raw_csv\type3_breakdown_Au\PTAA_Au_scan_20V.csv
-9.899999619,0.135243727,PTAA,Au,..\raw_csv\type3_breakdown_Au\PTAA_Au_scan_20V.csv
-9.920000076,0.137181611,PTAA,Au,..\raw_csv\type3_breakdown_Au\PTAA_Au_scan_20V.csv
-9.93999958,0.13429483,PTAA,Au,..\raw_csv\type3_breakdown_Au\PTAA_Au_scan_20V.csv
-9.960000038,0.135470408,PTAA,Au,..\raw_csv\type3_breakdown_Au\PTAA_Au_scan_20V.csv
-9.979999542,0.132203218,PTAA,Au,..\raw_csv\type3_breakdown_Au\PTAA_Au_scan_20V.csv
-10.0,0.136601865,PTAA,Au,..\raw_csv\type3_breakdown_Au\PTAA_Au_scan_20V.csv
-10.02000046,0.135656081,PTAA,Au,..\raw_csv\type3_breakdown_Au\PTAA_Au_scan_20V.csv
-10.03999996,0.136716191,PTAA,Au,..\raw_csv\type3_breakdown_Au\PTAA_Au_scan_20V.csv
-10.06000042,0.138276854,PTAA,Au,..\raw_csv\type3_breakdown_Au\PTAA_Au_scan_20V.csv
-10.07999992,0.136849052,PTAA,Au,..\raw_csv\type3_breakdown_Au\PTAA_Au_scan_20V.csv
-10.10000038,0.137412533,PTAA,Au,..\raw_csv\type3_breakdown_Au\PTAA_Au_scan_20V.csv
-10.11999989,0.139678182,PTAA,Au,..\raw_csv\type3_breakdown_Au\PTAA_Au_scan_20V.csv
-10.14000034,0.138818025,PTAA,Au,..\raw_csv\type3_breakdown_Au\PTAA_Au_scan_20V.csv
-10.15999985,0.140189003,PTAA,Au,..\raw_csv\type3_breakdown_Au\PTAA_Au_scan_20V.csv
-10.18000031,0.138713892,PTAA,Au,..\raw_csv\type3_breakdown_Au\PTAA_Au_scan_20V.csv
-10.19999981,0.138112047,PTAA,Au,..\raw_csv\type3_breakdown_Au\PTAA_Au_scan_20V.csv
-10.22000027,0.13879035,PTAA,Au,..\raw_csv\type3_breakdown_Au\PTAA_Au_scan_20V.csv
-10.23999977,0.136789882,PTAA,Au,..\raw_csv\type3_breakdown_Au\PTAA_Au_scan_20V.csv
-10.26000023,0.137426258,PTAA,Au,..\raw_csv\type3_breakdown_Au\PTAA_Au_scan_20V.csv
-10.27999973,0.136911273,PTAA,Au,..\raw_csv\type3_breakdown_Au\PTAA_Au_scan_20V.csv
-10.30000019,0.142383906,PTAA,Au,..\raw_csv\type3_breakdown_Au\PTAA_Au_scan_20V.csv
-10.3199997,0.138125351,PTAA,Au,..\raw_csv\type3_breakdown_Au\PTAA_Au_scan_20V.csv
-10.34000015,0.140205117,PTAA,Au,..\raw_csv\type3_breakdown_Au\PTAA_Au_scan_20V.csv
-10.35999966,0.140585437,PTAA,Au,..\raw_csv\type3_breakdown_Au\PTAA_Au_scan_20V.csv
-10.38000011,0.1420257,PTAA,Au,..\raw_csv\type3_breakdown_Au\PTAA_Au_scan_20V.csv
-10.39999962,0.140983675,PTAA,Au,..\raw_csv\type3_breakdown_Au\PTAA_Au_scan_20V.csv
-10.42000008,0.139874046,PTAA,Au,..\raw_csv\type3_breakdown_Au\PTAA_Au_scan_20V.csv
-10.43999958,0.144432343,PTAA,Au,..\raw_csv\type3_breakdown_Au\PTAA_Au_scan_20V.csv
-10.46000004,0.143526953,PTAA,Au,..\raw_csv\type3_breakdown_Au\PTAA_Au_scan_20V.csv
-10.47999954,0.146871563,PTAA,Au,..\raw_csv\type3_breakdown_Au\PTAA_Au_scan_20V.csv
-10.5,0.13906416,PTAA,Au,..\raw_csv\type3_breakdown_Au\PTAA_Au_scan_20V.csv
-10.52000046,0.137169615,PTAA,Au,..\raw_csv\type3_breakdown_Au\PTAA_Au_scan_20V.csv
-10.53999996,0.140822101,PTAA,Au,..\raw_csv\type3_breakdown_Au\PTAA_Au_scan_20V.csv
-10.56000042,0.140302306,PTAA,Au,..\raw_csv\type3_breakdown_Au\PTAA_Au_scan_20V.csv
-10.57999992,0.144565551,PTAA,Au,..\raw_csv\type3_breakdown_Au\PTAA_Au_scan_20V.csv
-10.60000038,0.139921686,PTAA,Au,..\raw_csv\type3_breakdown_Au\PTAA_Au_scan_20V.csv
-10.61999989,0.146288419,PTAA,Au,..\raw_csv\type3_breakdown_Au\PTAA_Au_scan_20V.csv
-10.64000034,0.145784679,PTAA,Au,..\raw_csv\type3_breakdown_Au\PTAA_Au_scan_20V.csv
-10.65999985,0.147782035,PTAA,Au,..\raw_csv\type3_breakdown_Au\PTAA_Au_scan_20V.csv
-10.68000031,0.152735144,PTAA,Au,..\raw_csv\type3_breakdown_Au\PTAA_Au_scan_20V.csv
-10.69999981,0.155726765,PTAA,Au,..\raw_csv\type3_breakdown_Au\PTAA_Au_scan_20V.csv
-10.72000027,0.151538339,PTAA,Au,..\raw_csv\type3_breakdown_Au\PTAA_Au_scan_20V.csv
-10.73999977,0.151700093,PTAA,Au,..\raw_csv\type3_breakdown_Au\PTAA_Au_scan_20V.csv
-10.76000023,0.153653838,PTAA,Au,..\raw_csv\type3_breakdown_Au\PTAA_Au_scan_20V.csv
-10.77999973,0.150140512,PTAA,Au,..\raw_csv\type3_breakdown_Au\PTAA_Au_scan_20V.csv
-10.80000019,0.15559001,PTAA,Au,..\raw_csv\type3_breakdown_Au\PTAA_Au_scan_20V.csv
-10.8199997,0.153728568,PTAA,Au,..\raw_csv\type3_breakdown_Au\PTAA_Au_scan_20V.csv
-10.84000015,0.152964005,PTAA,Au,..\raw_csv\type3_breakdown_Au\PTAA_Au_scan_20V.csv
-10.85999966,0.156088728,PTAA,Au,..\raw_csv\type3_breakdown_Au\PTAA_Au_scan_20V.csv
-10.88000011,0.152172655,PTAA,Au,..\raw_csv\type3_breakdown_Au\PTAA_Au_scan_20V.csv
-10.89999962,0.153589753,PTAA,Au,..\raw_csv\type3_breakdown_Au\PTAA_Au_scan_20V.csv
-10.92000008,0.152326607,PTAA,Au,..\raw_csv\type3_breakdown_Au\PTAA_Au_scan_20V.csv
-10.93999958,0.15691497,PTAA,Au,..\raw_csv\type3_breakdown_Au\PTAA_Au_scan_20V.csv
-10.96000004,0.16119857,PTAA,Au,..\raw_csv\type3_breakdown_Au\PTAA_Au_scan_20V.csv
-10.97999954,0.160939943,PTAA,Au,..\raw_csv\type3_breakdown_Au\PTAA_Au_scan_20V.csv
-11.0,0.157908034,PTAA,Au,..\raw_csv\type3_breakdown_Au\PTAA_Au_scan_20V.csv
-11.02000046,0.15822789,PTAA,Au,..\raw_csv\type3_breakdown_Au\PTAA_Au_scan_20V.csv
-11.03999996,0.155895134,PTAA,Au,..\raw_csv\type3_breakdown_Au\PTAA_Au_scan_20V.csv
-11.06000042,0.153111073,PTAA,Au,..\raw_csv\type3_breakdown_Au\PTAA_Au_scan_20V.csv
-11.07999992,0.155128467,PTAA,Au,..\raw_csv\type3_breakdown_Au\PTAA_Au_scan_20V.csv
-11.10000038,0.156188863,PTAA,Au,..\raw_csv\type3_breakdown_Au\PTAA_Au_scan_20V.csv
-11.11999989,0.151660572,PTAA,Au,..\raw_csv\type3_breakdown_Au\PTAA_Au_scan_20V.csv
-11.14000034,0.151957473,PTAA,Au,..\raw_csv\type3_breakdown_Au\PTAA_Au_scan_20V.csv
-11.15999985,0.152315934,PTAA,Au,..\raw_csv\type3_breakdown_Au\PTAA_Au_scan_20V.csv
-11.18000031,0.153731288,PTAA,Au,..\raw_csv\type3_breakdown_Au\PTAA_Au_scan_20V.csv
-11.19999981,0.156336667,PTAA,Au,..\raw_csv\type3_breakdown_Au\PTAA_Au_scan_20V.csv
-11.22000027,0.152810879,PTAA,Au,..\raw_csv\type3_breakdown_Au\PTAA_Au_scan_20V.csv
-11.23999977,0.154563965,PTAA,Au,..\raw_csv\type3_breakdown_Au\PTAA_Au_scan_20V.csv
-11.26000023,0.155905266,PTAA,Au,..\raw_csv\type3_breakdown_Au\PTAA_Au_scan_20V.csv
-11.27999973,0.155103512,PTAA,Au,..\raw_csv\type3_breakdown_Au\PTAA_Au_scan_20V.csv
-11.30000019,0.152762083,PTAA,Au,..\raw_csv\type3_breakdown_Au\PTAA_Au_scan_20V.csv
-11.3199997,0.160250215,PTAA,Au,..\raw_csv\type3_breakdown_Au\PTAA_Au_scan_20V.csv
-11.34000015,0.158857155,PTAA,Au,..\raw_csv\type3_breakdown_Au\PTAA_Au_scan_20V.csv
-11.35999966,0.162199119,PTAA,Au,..\raw_csv\type3_breakdown_Au\PTAA_Au_scan_20V.csv
-11.38000011,0.164685392,PTAA,Au,..\raw_csv\type3_breakdown_Au\PTAA_Au_scan_20V.csv
-11.39999962,0.163649681,PTAA,Au,..\raw_csv\type3_breakdown_Au\PTAA_Au_scan_20V.csv
-11.42000008,0.164737692,PTAA,Au,..\raw_csv\type3_breakdown_Au\PTAA_Au_scan_20V.csv
-11.43999958,0.165638227,PTAA,Au,..\raw_csv\type3_breakdown_Au\PTAA_Au_scan_20V.csv
-11.46000004,0.165606959,PTAA,Au,..\raw_csv\type3_breakdown_Au\PTAA_Au_scan_20V.csv
-11.47999954,0.164135562,PTAA,Au,..\raw_csv\type3_breakdown_Au\PTAA_Au_scan_20V.csv
-11.5,0.164630988,PTAA,Au,..\raw_csv\type3_breakdown_Au\PTAA_Au_scan_20V.csv
-11.52000046,0.166156233,PTAA,Au,..\raw_csv\type3_breakdown_Au\PTAA_Au_scan_20V.csv
-11.53999996,0.172210627,PTAA,Au,..\raw_csv\type3_breakdown_Au\PTAA_Au_scan_20V.csv
-11.56000042,0.168333549,PTAA,Au,..\raw_csv\type3_breakdown_Au\PTAA_Au_scan_20V.csv
-11.57999992,0.169747851,PTAA,Au,..\raw_csv\type3_breakdown_Au\PTAA_Au_scan_20V.csv
-11.60000038,0.170986086,PTAA,Au,..\raw_csv\type3_breakdown_Au\PTAA_Au_scan_20V.csv
-11.61999989,0.166384329,PTAA,Au,..\raw_csv\type3_breakdown_Au\PTAA_Au_scan_20V.csv
-11.64000034,0.172915237,PTAA,Au,..\raw_csv\type3_breakdown_Au\PTAA_Au_scan_20V.csv
-11.65999985,0.16751353,PTAA,Au,..\raw_csv\type3_breakdown_Au\PTAA_Au_scan_20V.csv
-11.68000031,0.166964196,PTAA,Au,..\raw_csv\type3_breakdown_Au\PTAA_Au_scan_20V.csv
-11.69999981,0.170052494,PTAA,Au,..\raw_csv\type3_breakdown_Au\PTAA_Au_scan_20V.csv
-11.72000027,0.172505303,PTAA,Au,..\raw_csv\type3_breakdown_Au\PTAA_Au_scan_20V.csv
-11.73999977,0.171924414,PTAA,Au,..\raw_csv\type3_breakdown_Au\PTAA_Au_scan_20V.csv
-11.76000023,0.166643076,PTAA,Au,..\raw_csv\type3_breakdown_Au\PTAA_Au_scan_20V.csv
-11.77999973,0.174399052,PTAA,Au,..\raw_csv\type3_breakdown_Au\PTAA_Au_scan_20V.csv
-11.80000019,0.173136312,PTAA,Au,..\raw_csv\type3_breakdown_Au\PTAA_Au_scan_20V.csv
-11.8199997,0.171663592,PTAA,Au,..\raw_csv\type3_breakdown_Au\PTAA_Au_scan_20V.csv
-11.84000015,0.17354802,PTAA,Au,..\raw_csv\type3_breakdown_Au\PTAA_Au_scan_20V.csv
-11.85999966,0.175345137,PTAA,Au,..\raw_csv\type3_breakdown_Au\PTAA_Au_scan_20V.csv
-11.88000011,0.178448843,PTAA,Au,..\raw_csv\type3_breakdown_Au\PTAA_Au_scan_20V.csv
-11.89999962,0.173671486,PTAA,Au,..\raw_csv\type3_breakdown_Au\PTAA_Au_scan_20V.csv
-11.92000008,0.176285404,PTAA,Au,..\raw_csv\type3_breakdown_Au\PTAA_Au_scan_20V.csv
-11.93999958,0.17481769,PTAA,Au,..\raw_csv\type3_breakdown_Au\PTAA_Au_scan_20V.csv
-11.96000004,0.177448114,PTAA,Au,..\raw_csv\type3_breakdown_Au\PTAA_Au_scan_20V.csv
-11.97999954,0.177053393,PTAA,Au,..\raw_csv\type3_breakdown_Au\PTAA_Au_scan_20V.csv
-12.0,0.183560189,PTAA,Au,..\raw_csv\type3_breakdown_Au\PTAA_Au_scan_20V.csv
-12.02000046,0.186125265,PTAA,Au,..\raw_csv\type3_breakdown_Au\PTAA_Au_scan_20V.csv
-12.03999996,0.19124599,PTAA,Au,..\raw_csv\type3_breakdown_Au\PTAA_Au_scan_20V.csv
-12.06000042,0.191531451,PTAA,Au,..\raw_csv\type3_breakdown_Au\PTAA_Au_scan_20V.csv
-12.07999992,0.189084054,PTAA,Au,..\raw_csv\type3_breakdown_Au\PTAA_Au_scan_20V.csv
-12.10000038,0.183276983,PTAA,Au,..\raw_csv\type3_breakdown_Au\PTAA_Au_scan_20V.csv
-12.11999989,0.186149588,PTAA,Au,..\raw_csv\type3_breakdown_Au\PTAA_Au_scan_20V.csv
-12.14000034,0.18762109,PTAA,Au,..\raw_csv\type3_breakdown_Au\PTAA_Au_scan_20V.csv
-12.15999985,0.194299202,PTAA,Au,..\raw_csv\type3_breakdown_Au\PTAA_Au_scan_20V.csv
-12.18000031,0.194381462,PTAA,Au,..\raw_csv\type3_breakdown_Au\PTAA_Au_scan_20V.csv
-12.19999981,0.208156789,PTAA,Au,..\raw_csv\type3_breakdown_Au\PTAA_Au_scan_20V.csv
-12.22000027,0.199647406,PTAA,Au,..\raw_csv\type3_breakdown_Au\PTAA_Au_scan_20V.csv
-12.23999977,0.206934458,PTAA,Au,..\raw_csv\type3_breakdown_Au\PTAA_Au_scan_20V.csv
-12.26000023,0.216588872,PTAA,Au,..\raw_csv\type3_breakdown_Au\PTAA_Au_scan_20V.csv
-12.27999973,0.214451063,PTAA,Au,..\raw_csv\type3_breakdown_Au\PTAA_Au_scan_20V.csv
-12.30000019,0.215914554,PTAA,Au,..\raw_csv\type3_breakdown_Au\PTAA_Au_scan_20V.csv
-12.3199997,0.221901088,PTAA,Au,..\raw_csv\type3_breakdown_Au\PTAA_Au_scan_20V.csv
-12.34000015,0.218173738,PTAA,Au,..\raw_csv\type3_breakdown_Au\PTAA_Au_scan_20V.csv
-12.35999966,0.219203888,PTAA,Au,..\raw_csv\type3_breakdown_Au\PTAA_Au_scan_20V.csv
-12.38000011,0.221818933,PTAA,Au,..\raw_csv\type3_breakdown_Au\PTAA_Au_scan_20V.csv
-12.39999962,0.235373846,PTAA,Au,..\raw_csv\type3_breakdown_Au\PTAA_Au_scan_20V.csv
-12.42000008,0.229987864,PTAA,Au,..\raw_csv\type3_breakdown_Au\PTAA_Au_scan_20V.csv
-12.43999958,0.236983817,PTAA,Au,..\raw_csv\type3_breakdown_Au\PTAA_Au_scan_20V.csv
-12.46000004,0.234307362,PTAA,Au,..\raw_csv\type3_breakdown_Au\PTAA_Au_scan_20V.csv
-12.47999954,0.241424376,PTAA,Au,..\raw_csv\type3_breakdown_Au\PTAA_Au_scan_20V.csv
-12.5,0.239040884,PTAA,Au,..\raw_csv\type3_breakdown_Au\PTAA_Au_scan_20V.csv
-12.52000046,0.243673008,PTAA,Au,..\raw_csv\type3_breakdown_Au\PTAA_Au_scan_20V.csv
-12.53999996,0.236519945,PTAA,Au,..\raw_csv\type3_breakdown_Au\PTAA_Au_scan_20V.csv
-12.56000042,0.245811102,PTAA,Au,..\raw_csv\type3_breakdown_Au\PTAA_Au_scan_20V.csv
-12.57999992,0.248447645,PTAA,Au,..\raw_csv\type3_breakdown_Au\PTAA_Au_scan_20V.csv
-12.60000038,0.248320842,PTAA,Au,..\raw_csv\type3_breakdown_Au\PTAA_Au_scan_20V.csv
-12.61999989,0.262299174,PTAA,Au,..\raw_csv\type3_breakdown_Au\PTAA_Au_scan_20V.csv
-12.64000034,0.269931413,PTAA,Au,..\raw_csv\type3_breakdown_Au\PTAA_Au_scan_20V.csv
-12.65999985,0.274730809,PTAA,Au,..\raw_csv\type3_breakdown_Au\PTAA_Au_scan_20V.csv
-12.68000031,0.277135633,PTAA,Au,..\raw_csv\type3_breakdown_Au\PTAA_Au_scan_20V.csv
-12.69999981,0.288761651,PTAA,Au,..\raw_csv\type3_breakdown_Au\PTAA_Au_scan_20V.csv
-12.72000027,0.28405068,PTAA,Au,..\raw_csv\type3_breakdown_Au\PTAA_Au_scan_20V.csv
-12.73999977,0.290908871,PTAA,Au,..\raw_csv\type3_breakdown_Au\PTAA_Au_scan_20V.csv
-12.76000023,0.29548611,PTAA,Au,..\raw_csv\type3_breakdown_Au\PTAA_Au_scan_20V.csv
-12.77999973,0.312617653,PTAA,Au,..\raw_csv\type3_breakdown_Au\PTAA_Au_scan_20V.csv
-12.80000019,0.290728415,PTAA,Au,..\raw_csv\type3_breakdown_Au\PTAA_Au_scan_20V.csv
-12.8199997,0.286924743,PTAA,Au,..\raw_csv\type3_breakdown_Au\PTAA_Au_scan_20V.csv
-12.84000015,0.307095681,PTAA,Au,..\raw_csv\type3_breakdown_Au\PTAA_Au_scan_20V.csv
-12.85999966,0.303435123,PTAA,Au,..\raw_csv\type3_breakdown_Au\PTAA_Au_scan_20V.csv
-12.88000011,0.311201486,PTAA,Au,..\raw_csv\type3_breakdown_Au\PTAA_Au_scan_20V.csv
-12.89999962,0.323120257,PTAA,Au,..\raw_csv\type3_breakdown_Au\PTAA_Au_scan_20V.csv
-12.92000008,0.349670166,PTAA,Au,..\raw_csv\type3_breakdown_Au\PTAA_Au_scan_20V.csv
-12.93999958,0.344192632,PTAA,Au,..\raw_csv\type3_breakdown_Au\PTAA_Au_scan_20V.csv
-12.96000004,0.345603507,PTAA,Au,..\raw_csv\type3_breakdown_Au\PTAA_Au_scan_20V.csv
-12.97999954,0.404062519,PTAA,Au,..\raw_csv\type3_breakdown_Au\PTAA_Au_scan_20V.csv
-13.0,0.331819777,PTAA,Au,..\raw_csv\type3_breakdown_Au\PTAA_Au_scan_20V.csv
-13.02000046,0.334400727,PTAA,Au,..\raw_csv\type3_breakdown_Au\PTAA_Au_scan_20V.csv
-13.03999996,0.331109018,PTAA,Au,..\raw_csv\type3_breakdown_Au\PTAA_Au_scan_20V.csv
-13.06000042,0.345823499,PTAA,Au,..\raw_csv\type3_breakdown_Au\PTAA_Au_scan_20V.csv
-13.07999992,0.359565228,PTAA,Au,..\raw_csv\type3_breakdown_Au\PTAA_Au_scan_20V.csv
-13.10000038,0.345505793,PTAA,Au,..\raw_csv\type3_breakdown_Au\PTAA_Au_scan_20V.csv
-13.11999989,0.353001292,PTAA,Au,..\raw_csv\type3_breakdown_Au\PTAA_Au_scan_20V.csv
-13.14000034,0.379306644,PTAA,Au,..\raw_csv\type3_breakdown_Au\PTAA_Au_scan_20V.csv
-13.15999985,0.373347214,PTAA,Au,..\raw_csv\type3_breakdown_Au\PTAA_Au_scan_20V.csv
-13.18000031,0.379240018,PTAA,Au,..\raw_csv\type3_breakdown_Au\PTAA_Au_scan_20V.csv
-13.19999981,0.382652893,PTAA,Au,..\raw_csv\type3_breakdown_Au\PTAA_Au_scan_20V.csv
-13.22000027,0.389488716,PTAA,Au,..\raw_csv\type3_breakdown_Au\PTAA_Au_scan_20V.csv
-13.23999977,0.394514989,PTAA,Au,..\raw_csv\type3_breakdown_Au\PTAA_Au_scan_20V.csv
-13.26000023,0.452545231,PTAA,Au,..\raw_csv\type3_breakdown_Au\PTAA_Au_scan_20V.csv
-13.27999973,0.437898758,PTAA,Au,..\raw_csv\type3_breakdown_Au\PTAA_Au_scan_20V.csv
-13.30000019,0.442350442,PTAA,Au,..\raw_csv\type3_breakdown_Au\PTAA_Au_scan_20V.csv
-13.3199997,0.439191414,PTAA,Au,..\raw_csv\type3_breakdown_Au\PTAA_Au_scan_20V.csv
-13.34000015,0.456444904,PTAA,Au,..\raw_csv\type3_breakdown_Au\PTAA_Au_scan_20V.csv
-13.35999966,0.457752953,PTAA,Au,..\raw_csv\type3_breakdown_Au\PTAA_Au_scan_20V.csv
-13.38000011,0.465721389,PTAA,Au,..\raw_csv\type3_breakdown_Au\PTAA_Au_scan_20V.csv
-13.39999962,0.489042577,PTAA,Au,..\raw_csv\type3_breakdown_Au\PTAA_Au_scan_20V.csv
-13.42000008,0.460019383,PTAA,Au,..\raw_csv\type3_breakdown_Au\PTAA_Au_scan_20V.csv
-13.43999958,0.492039881,PTAA,Au,..\raw_csv\type3_breakdown_Au\PTAA_Au_scan_20V.csv
-13.46000004,0.504664569,PTAA,Au,..\raw_csv\type3_breakdown_Au\PTAA_Au_scan_20V.csv
-13.47999954,0.514252357,PTAA,Au,..\raw_csv\type3_breakdown_Au\PTAA_Au_scan_20V.csv
-13.5,0.522069321,PTAA,Au,..\raw_csv\type3_breakdown_Au\PTAA_Au_scan_20V.csv
-13.52000046,0.530787061,PTAA,Au,..\raw_csv\type3_breakdown_Au\PTAA_Au_scan_20V.csv
-13.53999996,0.547158146,PTAA,Au,..\raw_csv\type3_breakdown_Au\PTAA_Au_scan_20V.csv
-13.56000042,0.547341428,PTAA,Au,..\raw_csv\type3_breakdown_Au\PTAA_Au_scan_20V.csv
-13.57999992,0.595064133,PTAA,Au,..\raw_csv\type3_breakdown_Au\PTAA_Au_scan_20V.csv
-13.60000038,0.567765883,PTAA,Au,..\raw_csv\type3_breakdown_Au\PTAA_Au_scan_20V.csv
-13.61999989,0.586182474,PTAA,Au,..\raw_csv\type3_breakdown_Au\PTAA_Au_scan_20V.csv
-13.64000034,0.570735736,PTAA,Au,..\raw_csv\type3_breakdown_Au\PTAA_Au_scan_20V.csv
-13.65999985,0.570388595,PTAA,Au,..\raw_csv\type3_breakdown_Au\PTAA_Au_scan_20V.csv
-13.68000031,0.586242245,PTAA,Au,..\raw_csv\type3_breakdown_Au\PTAA_Au_scan_20V.csv
-13.69999981,0.579244819,PTAA,Au,..\raw_csv\type3_breakdown_Au\PTAA_Au_scan_20V.csv
-13.72000027,0.623022271,PTAA,Au,..\raw_csv\type3_breakdown_Au\PTAA_Au_scan_20V.csv
-13.73999977,0.612260288,PTAA,Au,..\raw_csv\type3_breakdown_Au\PTAA_Au_scan_20V.csv
-13.76000023,0.652152199,PTAA,Au,..\raw_csv\type3_breakdown_Au\PTAA_Au_scan_20V.csv
-13.77999973,0.678013598,PTAA,Au,..\raw_csv\type3_breakdown_Au\PTAA_Au_scan_20V.csv
-13.80000019,0.628327286,PTAA,Au,..\raw_csv\type3_breakdown_Au\PTAA_Au_scan_20V.csv
-13.8199997,0.652031153,PTAA,Au,..\raw_csv\type3_breakdown_Au\PTAA_Au_scan_20V.csv
-13.84000015,0.649594188,PTAA,Au,..\raw_csv\type3_breakdown_Au\PTAA_Au_scan_20V.csv
-13.85999966,0.665270209,PTAA,Au,..\raw_csv\type3_breakdown_Au\PTAA_Au_scan_20V.csv
-13.88000011,0.723406854,PTAA,Au,..\raw_csv\type3_breakdown_Au\PTAA_Au_scan_20V.csv
-13.89999962,0.66658403,PTAA,Au,..\raw_csv\type3_breakdown_Au\PTAA_Au_scan_20V.csv
-13.92000008,0.692955348,PTAA,Au,..\raw_csv\type3_breakdown_Au\PTAA_Au_scan_20V.csv
-13.93999958,0.70548575,PTAA,Au,..\raw_csv\type3_breakdown_Au\PTAA_Au_scan_20V.csv
-13.96000004,0.727993955,PTAA,Au,..\raw_csv\type3_breakdown_Au\PTAA_Au_scan_20V.csv
-13.97999954,0.738411442,PTAA,Au,..\raw_csv\type3_breakdown_Au\PTAA_Au_scan_20V.csv
-14.0,0.776068372,PTAA,Au,..\raw_csv\type3_breakdown_Au\PTAA_Au_scan_20V.csv
-14.02000046,0.794693921,PTAA,Au,..\raw_csv\type3_breakdown_Au\PTAA_Au_scan_20V.csv
-14.03999996,0.844662371,PTAA,Au,..\raw_csv\type3_breakdown_Au\PTAA_Au_scan_20V.csv
-14.06000042,0.780191193,PTAA,Au,..\raw_csv\type3_breakdown_Au\PTAA_Au_scan_20V.csv
-14.07999992,0.784422734,PTAA,Au,..\raw_csv\type3_breakdown_Au\PTAA_Au_scan_20V.csv
-14.10000038,0.832237862,PTAA,Au,..\raw_csv\type3_breakdown_Au\PTAA_Au_scan_20V.csv
-14.11999989,0.818299833,PTAA,Au,..\raw_csv\type3_breakdown_Au\PTAA_Au_scan_20V.csv
-14.14000034,0.808288296,PTAA,Au,..\raw_csv\type3_breakdown_Au\PTAA_Au_scan_20V.csv
-14.15999985,0.841441227,PTAA,Au,..\raw_csv\type3_breakdown_Au\PTAA_Au_scan_20V.csv
-14.18000031,0.869322517,PTAA,Au,..\raw_csv\type3_breakdown_Au\PTAA_Au_scan_20V.csv
-14.19999981,0.858466487,PTAA,Au,..\raw_csv\type3_breakdown_Au\PTAA_Au_scan_20V.csv
-14.22000027,0.929924147,PTAA,Au,..\raw_csv\type3_breakdown_Au\PTAA_Au_scan_20V.csv
-14.23999977,0.918182496,PTAA,Au,..\raw_csv\type3_breakdown_Au\PTAA_Au_scan_20V.csv
-14.26000023,0.941956897,PTAA,Au,..\raw_csv\type3_breakdown_Au\PTAA_Au_scan_20V.csv
-14.27999973,1.011863217,PTAA,Au,..\raw_csv\type3_breakdown_Au\PTAA_Au_scan_20V.csv
-14.30000019,0.936730836,PTAA,Au,..\raw_csv\type3_breakdown_Au\PTAA_Au_scan_20V.csv
-14.3199997,0.991434071,PTAA,Au,..\raw_csv\type3_breakdown_Au\PTAA_Au_scan_20V.csv
-14.34000015,0.955488556,PTAA,Au,..\raw_csv\type3_breakdown_Au\PTAA_Au_scan_20V.csv
-14.35999966,1.695849052,PTAA,Au,..\raw_csv\type3_breakdown_Au\PTAA_Au_scan_20V.csv
-14.38000011,1.683130438,PTAA,Au,..\raw_csv\type3_breakdown_Au\PTAA_Au_scan_20V.csv
-14.39999962,1.853841842,PTAA,Au,..\raw_csv\type3_breakdown_Au\PTAA_Au_scan_20V.csv
-14.42000008,1.991062073,PTAA,Au,..\raw_csv\type3_breakdown_Au\PTAA_Au_scan_20V.csv
-14.43999958,1.946406214,PTAA,Au,..\raw_csv\type3_breakdown_Au\PTAA_Au_scan_20V.csv
-14.46000004,1.68586259,PTAA,Au,..\raw_csv\type3_breakdown_Au\PTAA_Au_scan_20V.csv
-14.47999954,1.789630253,PTAA,Au,..\raw_csv\type3_breakdown_Au\PTAA_Au_scan_20V.csv
-14.5,1.872397217,PTAA,Au,..\raw_csv\type3_breakdown_Au\PTAA_Au_scan_20V.csv
-14.52000046,1.950211239,PTAA,Au,..\raw_csv\type3_breakdown_Au\PTAA_Au_scan_20V.csv
-14.53999996,1.773508174,PTAA,Au,..\raw_csv\type3_breakdown_Au\PTAA_Au_scan_20V.csv
-14.56000042,1.429926992,PTAA,Au,..\raw_csv\type3_breakdown_Au\PTAA_Au_scan_20V.csv
-14.57999992,1.407116806,PTAA,Au,..\raw_csv\type3_breakdown_Au\PTAA_Au_scan_20V.csv
-14.60000038,1.437274628,PTAA,Au,..\raw_csv\type3_breakdown_Au\PTAA_Au_scan_20V.csv
-14.61999989,1.410574148,PTAA,Au,..\raw_csv\type3_breakdown_Au\PTAA_Au_scan_20V.csv
-14.64000034,1.55641657,PTAA,Au,..\raw_csv\type3_breakdown_Au\PTAA_Au_scan_20V.csv
-14.65999985,1.593232193,PTAA,Au,..\raw_csv\type3_breakdown_Au\PTAA_Au_scan_20V.csv
-14.68000031,1.90410524,PTAA,Au,..\raw_csv\type3_breakdown_Au\PTAA_Au_scan_20V.csv
-14.69999981,2.012571247,PTAA,Au,..\raw_csv\type3_breakdown_Au\PTAA_Au_scan_20V.csv
-14.72000027,1.742184395,PTAA,Au,..\raw_csv\type3_breakdown_Au\PTAA_Au_scan_20V.csv
-14.73999977,2.921256574,PTAA,Au,..\raw_csv\type3_breakdown_Au\PTAA_Au_scan_20V.csv
-14.76000023,3.011145798,PTAA,Au,..\raw_csv\type3_breakdown_Au\PTAA_Au_scan_20V.csv
-14.77999973,3.127560158,PTAA,Au,..\raw_csv\type3_breakdown_Au\PTAA_Au_scan_20V.csv
-14.80000019,2.651843377,PTAA,Au,..\raw_csv\type3_breakdown_Au\PTAA_Au_scan_20V.csv
-14.8199997,2.864314568,PTAA,Au,..\raw_csv\type3_breakdown_Au\PTAA_Au_scan_20V.csv
-14.84000015,2.618520934,PTAA,Au,..\raw_csv\type3_breakdown_Au\PTAA_Au_scan_20V.csv
-14.85999966,3.417387166,PTAA,Au,..\raw_csv\type3_breakdown_Au\PTAA_Au_scan_20V.csv
-14.88000011,2.656587301,PTAA,Au,..\raw_csv\type3_breakdown_Au\PTAA_Au_scan_20V.csv
-14.89999962,3.00035405,PTAA,Au,..\raw_csv\type3_breakdown_Au\PTAA_Au_scan_20V.csv
-14.92000008,3.59085682,PTAA,Au,..\raw_csv\type3_breakdown_Au\PTAA_Au_scan_20V.csv
-14.93999958,3.615211674,PTAA,Au,..\raw_csv\type3_breakdown_Au\PTAA_Au_scan_20V.csv
-14.96000004,3.545890439,PTAA,Au,..\raw_csv\type3_breakdown_Au\PTAA_Au_scan_20V.csv
-14.97999954,4.110243056,PTAA,Au,..\raw_csv\type3_breakdown_Au\PTAA_Au_scan_20V.csv
-15.0,3.540252955,PTAA,Au,..\raw_csv\type3_breakdown_Au\PTAA_Au_scan_20V.csv
-15.02000046,6.470260642,PTAA,Au,..\raw_csv\type3_breakdown_Au\PTAA_Au_scan_20V.csv
-15.03999996,6.499592011,PTAA,Au,..\raw_csv\type3_breakdown_Au\PTAA_Au_scan_20V.csv
-15.06000042,5.635966389,PTAA,Au,..\raw_csv\type3_breakdown_Au\PTAA_Au_scan_20V.csv
-15.07999992,5.229065976,PTAA,Au,..\raw_csv\type3_breakdown_Au\PTAA_Au_scan_20V.csv
-15.10000038,5.176641559,PTAA,Au,..\raw_csv\type3_breakdown_Au\PTAA_Au_scan_20V.csv
-15.11999989,4.832739634,PTAA,Au,..\raw_csv\type3_breakdown_Au\PTAA_Au_scan_20V.csv
-15.14000034,6.108766533,PTAA,Au,..\raw_csv\type3_breakdown_Au\PTAA_Au_scan_20V.csv
-15.15999985,7.414474048,PTAA,Au,..\raw_csv\type3_breakdown_Au\PTAA_Au_scan_20V.csv
-15.18000031,7.332834676,PTAA,Au,..\raw_csv\type3_breakdown_Au\PTAA_Au_scan_20V.csv
-15.19999981,8.101491373,PTAA,Au,..\raw_csv\type3_breakdown_Au\PTAA_Au_scan_20V.csv
-15.22000027,8.234365513,PTAA,Au,..\raw_csv\type3_breakdown_Au\PTAA_Au_scan_20V.csv
-15.23999977,7.880390295,PTAA,Au,..\raw_csv\type3_breakdown_Au\PTAA_Au_scan_20V.csv
-15.26000023,8.629379055,PTAA,Au,..\raw_csv\type3_breakdown_Au\PTAA_Au_scan_20V.csv
-15.27999973,5.880707475,PTAA,Au,..\raw_csv\type3_breakdown_Au\PTAA_Au_scan_20V.csv
-15.30000019,6.215333696,PTAA,Au,..\raw_csv\type3_breakdown_Au\PTAA_Au_scan_20V.csv
-15.3199997,6.234703378,PTAA,Au,..\raw_csv\type3_breakdown_Au\PTAA_Au_scan_20V.csv
-15.34000015,7.622513039,PTAA,Au,..\raw_csv\type3_breakdown_Au\PTAA_Au_scan_20V.csv
-15.35999966,8.308048714,PTAA,Au,..\raw_csv\type3_breakdown_Au\PTAA_Au_scan_20V.csv
-15.38000011,8.252610006,PTAA,Au,..\raw_csv\type3_breakdown_Au\PTAA_Au_scan_20V.csv
-15.39999962,8.88593341,PTAA,Au,..\raw_csv\type3_breakdown_Au\PTAA_Au_scan_20V.csv
-15.42000008,10.37685866,PTAA,Au,..\raw_csv\type3_breakdown_Au\PTAA_Au_scan_20V.csv
-15.43999958,11.07495613,PTAA,Au,..\raw_csv\type3_breakdown_Au\PTAA_Au_scan_20V.csv
-15.46000004,11.64577413,PTAA,Au,..\raw_csv\type3_breakdown_Au\PTAA_Au_scan_20V.csv
-15.47999954,12.45183381,PTAA,Au,..\raw_csv\type3_breakdown_Au\PTAA_Au_scan_20V.csv
-15.5,20.60596608,PTAA,Au,..\raw_csv\type3_breakdown_Au\PTAA_Au_scan_20V.csv
-15.52000046,18.46921961,PTAA,Au,..\raw_csv\type3_breakdown_Au\PTAA_Au_scan_20V.csv
-15.53999996,20.89002331,PTAA,Au,..\raw_csv\type3_breakdown_Au\PTAA_Au_scan_20V.csv
-15.56000042,17.41897638,PTAA,Au,..\raw_csv\type3_breakdown_Au\PTAA_Au_scan_20V.csv
-15.57999992,21.33899391,PTAA,Au,..\raw_csv\type3_breakdown_Au\PTAA_Au_scan_20V.csv
-15.60000038,21.17795208,PTAA,Au,..\raw_csv\type3_breakdown_Au\PTAA_Au_scan_20V.csv
-15.61999989,21.88837417,PTAA,Au,..\raw_csv\type3_breakdown_Au\PTAA_Au_scan_20V.csv
-15.64000034,20.11194948,PTAA,Au,..\raw_csv\type3_breakdown_Au\PTAA_Au_scan_20V.csv
-15.65999985,25.34270348,PTAA,Au,..\raw_csv\type3_breakdown_Au\PTAA_Au_scan_20V.csv
-15.68000031,31.30685669,PTAA,Au,..\raw_csv\type3_breakdown_Au\PTAA_Au_scan_20V.csv
-15.69999981,33.5132657,PTAA,Au,..\raw_csv\type3_breakdown_Au\PTAA_Au_scan_20V.csv
-15.72000027,38.66225573,PTAA,Au,..\raw_csv\type3_breakdown_Au\PTAA_Au_scan_20V.csv
-15.73999977,42.97453325,PTAA,Au,..\raw_csv\type3_breakdown_Au\PTAA_Au_scan_20V.csv
-15.76000023,47.2721713,PTAA,Au,..\raw_csv\type3_breakdown_Au\PTAA_Au_scan_20V.csv
-15.77999973,47.57622118,PTAA,Au,..\raw_csv\type3_breakdown_Au\PTAA_Au_scan_20V.csv
-15.80000019,56.81128511,PTAA,Au,..\raw_csv\type3_breakdown_Au\PTAA_Au_scan_20V.csv
-15.8199997,58.68412092,PTAA,Au,..\raw_csv\type3_breakdown_Au\PTAA_Au_scan_20V.csv
-15.84000015,61.91908143,PTAA,Au,..\raw_csv\type3_breakdown_Au\PTAA_Au_scan_20V.csv
-15.85999966,68.79427401,PTAA,Au,..\raw_csv\type3_breakdown_Au\PTAA_Au_scan_20V.csv
-15.88000011,70.68779904,PTAA,Au,..\raw_csv\type3_breakdown_Au\PTAA_Au_scan_20V.csv
-15.89999962,89.44620586,PTAA,Au,..\raw_csv\type3_breakdown_Au\PTAA_Au_scan_20V.csv
-15.92000008,98.58782195,PTAA,Au,..\raw_csv\type3_breakdown_Au\PTAA_Au_scan_20V.csv
-15.93999958,101.6327388,PTAA,Au,..\raw_csv\type3_breakdown_Au\PTAA_Au_scan_20V.csv
-15.96000004,114.0809349,PTAA,Au,..\raw_csv\type3_breakdown_Au\PTAA_Au_scan_20V.csv
-15.97999954,118.0977137,PTAA,Au,..\raw_csv\type3_breakdown_Au\PTAA_Au_scan_20V.csv
-16.0,119.0386343,PTAA,Au,..\raw_csv\type3_breakdown_Au\PTAA_Au_scan_20V.csv
-16.02000046,121.1038152,PTAA,Au,..\raw_csv\type3_breakdown_Au\PTAA_Au_scan_20V.csv
-16.04000092,130.7591827,PTAA,Au,..\raw_csv\type3_breakdown_Au\PTAA_Au_scan_20V.csv
-16.05999947,140.5884227,PTAA,Au,..\raw_csv\type3_breakdown_Au\PTAA_Au_scan_20V.csv
-16.07999992,154.3941792,PTAA,Au,..\raw_csv\type3_breakdown_Au\PTAA_Au_scan_20V.csv
-16.10000038,171.1056314,PTAA,Au,..\raw_csv\type3_breakdown_Au\PTAA_Au_scan_20V.csv
-16.12000084,181.3442839,PTAA,Au,..\raw_csv\type3_breakdown_Au\PTAA_Au_scan_20V.csv
-16.13999939,190.5664093,PTAA,Au,..\raw_csv\type3_breakdown_Au\PTAA_Au_scan_20V.csv
-16.15999985,185.5302171,PTAA,Au,..\raw_csv\type3_breakdown_Au\PTAA_Au_scan_20V.csv
-16.18000031,197.2010744,PTAA,Au,..\raw_csv\type3_breakdown_Au\PTAA_Au_scan_20V.csv
-16.20000076,197.5119822,PTAA,Au,..\raw_csv\type3_breakdown_Au\PTAA_Au_scan_20V.csv
-16.21999931,207.5039343,PTAA,Au,..\raw_csv\type3_breakdown_Au\PTAA_Au_scan_20V.csv
-16.23999977,211.3739413,PTAA,Au,..\raw_csv\type3_breakdown_Au\PTAA_Au_scan_20V.csv
-16.26000023,202.819705,PTAA,Au,..\raw_csv\type3_breakdown_Au\PTAA_Au_scan_20V.csv
-16.28000069,215.2163012,PTAA,Au,..\raw_csv\type3_breakdown_Au\PTAA_Au_scan_20V.csv
-16.29999924,225.9325144,PTAA,Au,..\raw_csv\type3_breakdown_Au\PTAA_Au_scan_20V.csv
-16.3199997,224.1268261,PTAA,Au,..\raw_csv\type3_breakdown_Au\PTAA_Au_scan_20V.csv
-16.34000015,223.208773,PTAA,Au,..\raw_csv\type3_breakdown_Au\PTAA_Au_scan_20V.csv
-16.36000061,239.4793632,PTAA,Au,..\raw_csv\type3_breakdown_Au\PTAA_Au_scan_20V.csv
-16.37999916,231.7900562,PTAA,Au,..\raw_csv\type3_breakdown_Au\PTAA_Au_scan_20V.csv
-16.39999962,231.0920106,PTAA,Au,..\raw_csv\type3_breakdown_Au\PTAA_Au_scan_20V.csv
-16.42000008,234.3426651,PTAA,Au,..\raw_csv\type3_breakdown_Au\PTAA_Au_scan_20V.csv
-16.44000053,237.6886069,PTAA,Au,..\raw_csv\type3_breakdown_Au\PTAA_Au_scan_20V.csv
-16.45999908,242.5053919,PTAA,Au,..\raw_csv\type3_breakdown_Au\PTAA_Au_scan_20V.csv
-16.47999954,199.5229001,PTAA,Au,..\raw_csv\type3_breakdown_Au\PTAA_Au_scan_20V.csv
-16.5,179.7157932,PTAA,Au,..\raw_csv\type3_breakdown_Au\PTAA_Au_scan_20V.csv
-16.52000046,170.1212157,PTAA,Au,..\raw_csv\type3_breakdown_Au\PTAA_Au_scan_20V.csv
-16.54000092,156.4327751,PTAA,Au,..\raw_csv\type3_breakdown_Au\PTAA_Au_scan_20V.csv
-16.55999947,153.1967447,PTAA,Au,..\raw_csv\type3_breakdown_Au\PTAA_Au_scan_20V.csv
-16.57999992,150.8484264,PTAA,Au,..\raw_csv\type3_breakdown_Au\PTAA_Au_scan_20V.csv
-16.60000038,147.9838013,PTAA,Au,..\raw_csv\type3_breakdown_Au\PTAA_Au_scan_20V.csv
-16.62000084,145.4365955,PTAA,Au,..\raw_csv\type3_breakdown_Au\PTAA_Au_scan_20V.csv
-16.63999939,140.0594007,PTAA,Au,..\raw_csv\type3_breakdown_Au\PTAA_Au_scan_20V.csv
-16.65999985,143.1206965,PTAA,Au,..\raw_csv\type3_breakdown_Au\PTAA_Au_scan_20V.csv
-16.68000031,141.1256034,PTAA,Au,..\raw_csv\type3_breakdown_Au\PTAA_Au_scan_20V.csv
-16.70000076,143.5219195,PTAA,Au,..\raw_csv\type3_breakdown_Au\PTAA_Au_scan_20V.csv
-16.71999931,136.3190861,PTAA,Au,..\raw_csv\type3_breakdown_Au\PTAA_Au_scan_20V.csv
-16.73999977,134.9906352,PTAA,Au,..\raw_csv\type3_breakdown_Au\PTAA_Au_scan_20V.csv
-16.76000023,131.9253063,PTAA,Au,..\raw_csv\type3_breakdown_Au\PTAA_Au_scan_20V.csv
-16.78000069,135.1306107,PTAA,Au,..\raw_csv\type3_breakdown_Au\PTAA_Au_scan_20V.csv
-16.79999924,136.9598514,PTAA,Au,..\raw_csv\type3_breakdown_Au\PTAA_Au_scan_20V.csv
-16.8199997,137.3403852,PTAA,Au,..\raw_csv\type3_breakdown_Au\PTAA_Au_scan_20V.csv
-16.84000015,136.612876,PTAA,Au,..\raw_csv\type3_breakdown_Au\PTAA_Au_scan_20V.csv
-16.86000061,138.1795607,PTAA,Au,..\raw_csv\type3_breakdown_Au\PTAA_Au_scan_20V.csv
-16.87999916,130.639527,PTAA,Au,..\raw_csv\type3_breakdown_Au\PTAA_Au_scan_20V.csv
-16.89999962,133.0400609,PTAA,Au,..\raw_csv\type3_breakdown_Au\PTAA_Au_scan_20V.csv
-16.92000008,133.2895476,PTAA,Au,..\raw_csv\type3_breakdown_Au\PTAA_Au_scan_20V.csv
-16.94000053,131.1554335,PTAA,Au,..\raw_csv\type3_breakdown_Au\PTAA_Au_scan_20V.csv
-16.95999908,131.3178223,PTAA,Au,..\raw_csv\type3_breakdown_Au\PTAA_Au_scan_20V.csv
-16.97999954,135.6540448,PTAA,Au,..\raw_csv\type3_breakdown_Au\PTAA_Au_scan_20V.csv
-17.0,136.4407584,PTAA,Au,..\raw_csv\type3_breakdown_Au\PTAA_Au_scan_20V.csv
-17.02000046,129.3768691,PTAA,Au,..\raw_csv\type3_breakdown_Au\PTAA_Au_scan_20V.csv
-17.04000092,132.5131633,PTAA,Au,..\raw_csv\type3_breakdown_Au\PTAA_Au_scan_20V.csv
-17.05999947,133.6061357,PTAA,Au,..\raw_csv\type3_breakdown_Au\PTAA_Au_scan_20V.csv
-17.07999992,135.5422091,PTAA,Au,..\raw_csv\type3_breakdown_Au\PTAA_Au_scan_20V.csv
-17.10000038,139.2659754,PTAA,Au,..\raw_csv\type3_breakdown_Au\PTAA_Au_scan_20V.csv
-17.12000084,134.3502702,PTAA,Au,..\raw_csv\type3_breakdown_Au\PTAA_Au_scan_20V.csv
-17.13999939,132.7458246,PTAA,Au,..\raw_csv\type3_breakdown_Au\PTAA_Au_scan_20V.csv
-17.15999985,132.0635423,PTAA,Au,..\raw_csv\type3_breakdown_Au\PTAA_Au_scan_20V.csv
-17.18000031,135.9191254,PTAA,Au,..\raw_csv\type3_breakdown_Au\PTAA_Au_scan_20V.csv
-17.20000076,136.7494957,PTAA,Au,..\raw_csv\type3_breakdown_Au\PTAA_Au_scan_20V.csv
-17.21999931,127.1030719,PTAA,Au,..\raw_csv\type3_breakdown_Au\PTAA_Au_scan_20V.csv
-17.23999977,126.072044,PTAA,Au,..\raw_csv\type3_breakdown_Au\PTAA_Au_scan_20V.csv
-17.26000023,127.6856565,PTAA,Au,..\raw_csv\type3_breakdown_Au\PTAA_Au_scan_20V.csv
-17.28000069,127.6237428,PTAA,Au,..\raw_csv\type3_breakdown_Au\PTAA_Au_scan_20V.csv
-17.29999924,128.8683438,PTAA,Au,..\raw_csv\type3_breakdown_Au\PTAA_Au_scan_20V.csv
-17.3199997,131.1423334,PTAA,Au,..\raw_csv\type3_breakdown_Au\PTAA_Au_scan_20V.csv
-17.34000015,127.5284401,PTAA,Au,..\raw_csv\type3_breakdown_Au\PTAA_Au_scan_20V.csv
-17.36000061,127.0203613,PTAA,Au,..\raw_csv\type3_breakdown_Au\PTAA_Au_scan_20V.csv
-17.37999916,129.172209,PTAA,Au,..\raw_csv\type3_breakdown_Au\PTAA_Au_scan_20V.csv
-17.39999962,128.4599781,PTAA,Au,..\raw_csv\type3_breakdown_Au\PTAA_Au_scan_20V.csv
-17.42000008,129.9151889,PTAA,Au,..\raw_csv\type3_breakdown_Au\PTAA_Au_scan_20V.csv
-17.44000053,125.9702065,PTAA,Au,..\raw_csv\type3_breakdown_Au\PTAA_Au_scan_20V.csv
-17.45999908,128.8839531,PTAA,Au,..\raw_csv\type3_breakdown_Au\PTAA_Au_scan_20V.csv
-17.47999954,127.9897295,PTAA,Au,..\raw_csv\type3_breakdown_Au\PTAA_Au_scan_20V.csv
-17.5,127.7047602,PTAA,Au,..\raw_csv\type3_breakdown_Au\PTAA_Au_scan_20V.csv
-17.52000046,129.2338764,PTAA,Au,..\raw_csv\type3_breakdown_Au\PTAA_Au_scan_20V.csv
-17.54000092,124.7659603,PTAA,Au,..\raw_csv\type3_breakdown_Au\PTAA_Au_scan_20V.csv
-17.55999947,131.2606037,PTAA,Au,..\raw_csv\type3_breakdown_Au\PTAA_Au_scan_20V.csv
-17.57999992,129.1575849,PTAA,Au,..\raw_csv\type3_breakdown_Au\PTAA_Au_scan_20V.csv
-17.60000038,131.6250202,PTAA,Au,..\raw_csv\type3_breakdown_Au\PTAA_Au_scan_20V.csv
-17.62000084,131.329891,PTAA,Au,..\raw_csv\type3_breakdown_Au\PTAA_Au_scan_20V.csv
-17.63999939,124.7787448,PTAA,Au,..\raw_csv\type3_breakdown_Au\PTAA_Au_scan_20V.csv
-17.65999985,117.2309603,PTAA,Au,..\raw_csv\type3_breakdown_Au\PTAA_Au_scan_20V.csv
-17.68000031,119.7618101,PTAA,Au,..\raw_csv\type3_breakdown_Au\PTAA_Au_scan_20V.csv
-17.70000076,121.5144976,PTAA,Au,..\raw_csv\type3_breakdown_Au\PTAA_Au_scan_20V.csv
-17.71999931,122.5761823,PTAA,Au,..\raw_csv\type3_breakdown_Au\PTAA_Au_scan_20V.csv
-17.73999977,120.9419806,PTAA,Au,..\raw_csv\type3_breakdown_Au\PTAA_Au_scan_20V.csv
-17.76000023,120.7728185,PTAA,Au,..\raw_csv\type3_breakdown_Au\PTAA_Au_scan_20V.csv
-17.78000069,117.1210411,PTAA,Au,..\raw_csv\type3_breakdown_Au\PTAA_Au_scan_20V.csv
-17.79999924,118.6809295,PTAA,Au,..\raw_csv\type3_breakdown_Au\PTAA_Au_scan_20V.csv
-17.8199997,119.6592107,PTAA,Au,..\raw_csv\type3_breakdown_Au\PTAA_Au_scan_20V.csv
-17.84000015,113.4555479,PTAA,Au,..\raw_csv\type3_breakdown_Au\PTAA_Au_scan_20V.csv
-17.86000061,111.3420229,PTAA,Au,..\raw_csv\type3_breakdown_Au\PTAA_Au_scan_20V.csv
-17.87999916,111.6450799,PTAA,Au,..\raw_csv\type3_breakdown_Au\PTAA_Au_scan_20V.csv
-17.89999962,114.6724709,PTAA,Au,..\raw_csv\type3_breakdown_Au\PTAA_Au_scan_20V.csv
-17.92000008,115.7321775,PTAA,Au,..\raw_csv\type3_breakdown_Au\PTAA_Au_scan_20V.csv
-17.94000053,119.6904831,PTAA,Au,..\raw_csv\type3_breakdown_Au\PTAA_Au_scan_20V.csv
-17.95999908,117.4792155,PTAA,Au,..\raw_csv\type3_breakdown_Au\PTAA_Au_scan_20V.csv
-17.97999954,111.3667915,PTAA,Au,..\raw_csv\type3_breakdown_Au\PTAA_Au_scan_20V.csv
-18.0,109.5289996,PTAA,Au,..\raw_csv\type3_breakdown_Au\PTAA_Au_scan_20V.csv
-18.02000046,110.7809434,PTAA,Au,..\raw_csv\type3_breakdown_Au\PTAA_Au_scan_20V.csv
-18.04000092,110.8986672,PTAA,Au,..\raw_csv\type3_breakdown_Au\PTAA_Au_scan_20V.csv
-18.05999947,114.547058,PTAA,Au,..\raw_csv\type3_breakdown_Au\PTAA_Au_scan_20V.csv
-18.07999992,114.3500024,PTAA,Au,..\raw_csv\type3_breakdown_Au\PTAA_Au_scan_20V.csv
-18.10000038,109.2738787,PTAA,Au,..\raw_csv\type3_breakdown_Au\PTAA_Au_scan_20V.csv
-18.12000084,116.3790849,PTAA,Au,..\raw_csv\type3_breakdown_Au\PTAA_Au_scan_20V.csv
-18.13999939,110.7221854,PTAA,Au,..\raw_csv\type3_breakdown_Au\PTAA_Au_scan_20V.csv
-18.15999985,107.1965291,PTAA,Au,..\raw_csv\type3_breakdown_Au\PTAA_Au_scan_20V.csv
-18.18000031,111.4370486,PTAA,Au,..\raw_csv\type3_breakdown_Au\PTAA_Au_scan_20V.csv
-18.20000076,111.9894307,PTAA,Au,..\raw_csv\type3_breakdown_Au\PTAA_Au_scan_20V.csv
-18.21999931,108.6515936,PTAA,Au,..\raw_csv\type3_breakdown_Au\PTAA_Au_scan_20V.csv
-18.23999977,114.5713185,PTAA,Au,..\raw_csv\type3_breakdown_Au\PTAA_Au_scan_20V.csv
-18.26000023,109.7491765,PTAA,Au,..\raw_csv\type3_breakdown_Au\PTAA_Au_scan_20V.csv
-18.28000069,109.5948695,PTAA,Au,..\raw_csv\type3_breakdown_Au\PTAA_Au_scan_20V.csv
-18.29999924,106.38878,PTAA,Au,..\raw_csv\type3_breakdown_Au\PTAA_Au_scan_20V.csv
-18.3199997,105.5440473,PTAA,Au,..\raw_csv\type3_breakdown_Au\PTAA_Au_scan_20V.csv
-18.34000015,103.4154518,PTAA,Au,..\raw_csv\type3_breakdown_Au\PTAA_Au_scan_20V.csv
-18.36000061,106.7533889,PTAA,Au,..\raw_csv\type3_breakdown_Au\PTAA_Au_scan_20V.csv
-18.37999916,110.9215654,PTAA,Au,..\raw_csv\type3_breakdown_Au\PTAA_Au_scan_20V.csv
-18.39999962,106.2766672,PTAA,Au,..\raw_csv\type3_breakdown_Au\PTAA_Au_scan_20V.csv
-18.42000008,97.29031258,PTAA,Au,..\raw_csv\type3_breakdown_Au\PTAA_Au_scan_20V.csv
-18.44000053,96.52498863,PTAA,Au,..\raw_csv\type3_breakdown_Au\PTAA_Au_scan_20V.csv
-18.45999908,96.7510922,PTAA,Au,..\raw_csv\type3_breakdown_Au\PTAA_Au_scan_20V.csv
-18.47999954,99.10722286,PTAA,Au,..\raw_csv\type3_breakdown_Au\PTAA_Au_scan_20V.csv
-18.5,97.37374677,PTAA,Au,..\raw_csv\type3_breakdown_Au\PTAA_Au_scan_20V.csv
-18.52000046,98.16941951,PTAA,Au,..\raw_csv\type3_breakdown_Au\PTAA_Au_scan_20V.csv
-18.54000092,96.29673763,PTAA,Au,..\raw_csv\type3_breakdown_Au\PTAA_Au_scan_20V.csv
-18.55999947,97.00635925,PTAA,Au,..\raw_csv\type3_breakdown_Au\PTAA_Au_scan_20V.csv
-18.57999992,93.60006618,PTAA,Au,..\raw_csv\type3_breakdown_Au\PTAA_Au_scan_20V.csv
-18.60000038,96.24452969,PTAA,Au,..\raw_csv\type3_breakdown_Au\PTAA_Au_scan_20V.csv
-18.62000084,98.08465377,PTAA,Au,..\raw_csv\type3_breakdown_Au\PTAA_Au_scan_20V.csv
-18.63999939,98.18145744,PTAA,Au,..\raw_csv\type3_breakdown_Au\PTAA_Au_scan_20V.csv
-18.65999985,94.72213285,PTAA,Au,..\raw_csv\type3_breakdown_Au\PTAA_Au_scan_20V.csv
-18.68000031,97.42316844,PTAA,Au,..\raw_csv\type3_breakdown_Au\PTAA_Au_scan_20V.csv
-18.70000076,97.17840763,PTAA,Au,..\raw_csv\type3_breakdown_Au\PTAA_Au_scan_20V.csv
-18.71999931,95.28953921,PTAA,Au,..\raw_csv\type3_breakdown_Au\PTAA_Au_scan_20V.csv
-18.73999977,97.45371736,PTAA,Au,..\raw_csv\type3_breakdown_Au\PTAA_Au_scan_20V.csv
-18.76000023,97.73856352,PTAA,Au,..\raw_csv\type3_breakdown_Au\PTAA_Au_scan_20V.csv
-18.78000069,101.1000838,PTAA,Au,..\raw_csv\type3_breakdown_Au\PTAA_Au_scan_20V.csv
-18.79999924,97.91896301,PTAA,Au,..\raw_csv\type3_breakdown_Au\PTAA_Au_scan_20V.csv
-18.8199997,99.71959439,PTAA,Au,..\raw_csv\type3_breakdown_Au\PTAA_Au_scan_20V.csv
-18.84000015,96.71863446,PTAA,Au,..\raw_csv\type3_breakdown_Au\PTAA_Au_scan_20V.csv
-18.86000061,96.96762085,PTAA,Au,..\raw_csv\type3_breakdown_Au\PTAA_Au_scan_20V.csv
-18.87999916,98.94926747,PTAA,Au,..\raw_csv\type3_breakdown_Au\PTAA_Au_scan_20V.csv
-18.89999962,98.59524175,PTAA,Au,..\raw_csv\type3_breakdown_Au\PTAA_Au_scan_20V.csv
-18.92000008,98.52575431,PTAA,Au,..\raw_csv\type3_breakdown_Au\PTAA_Au_scan_20V.csv
-18.94000053,95.70849582,PTAA,Au,..\raw_csv\type3_breakdown_Au\PTAA_Au_scan_20V.csv
-18.95999908,95.01262853,PTAA,Au,..\raw_csv\type3_breakdown_Au\PTAA_Au_scan_20V.csv
-18.97999954,92.82858473,PTAA,Au,..\raw_csv\type3_breakdown_Au\PTAA_Au_scan_20V.csv
-19.0,97.34071945,PTAA,Au,..\raw_csv\type3_breakdown_Au\PTAA_Au_scan_20V.csv
-19.02000046,96.34068682,PTAA,Au,..\raw_csv\type3_breakdown_Au\PTAA_Au_scan_20V.csv
-19.04000092,94.78918038,PTAA,Au,..\raw_csv\type3_breakdown_Au\PTAA_Au_scan_20V.csv
-19.05999947,92.27437852,PTAA,Au,..\raw_csv\type3_breakdown_Au\PTAA_Au_scan_20V.csv
-19.07999992,92.2371872,PTAA,Au,..\raw_csv\type3_breakdown_Au\PTAA_Au_scan_20V.csv
-19.10000038,92.47495924,PTAA,Au,..\raw_csv\type3_breakdown_Au\PTAA_Au_scan_20V.csv
-19.12000084,89.75003253,PTAA,Au,..\raw_csv\type3_breakdown_Au\PTAA_Au_scan_20V.csv
-19.13999939,89.89584994,PTAA,Au,..\raw_csv\type3_breakdown_Au\PTAA_Au_scan_20V.csv
-19.15999985,89.29122917,PTAA,Au,..\raw_csv\type3_breakdown_Au\PTAA_Au_scan_20V.csv
-19.18000031,88.00295605,PTAA,Au,..\raw_csv\type3_breakdown_Au\PTAA_Au_scan_20V.csv
-19.20000076,87.96838936,PTAA,Au,..\raw_csv\type3_breakdown_Au\PTAA_Au_scan_20V.csv
-19.21999931,89.29810248,PTAA,Au,..\raw_csv\type3_breakdown_Au\PTAA_Au_scan_20V.csv
-19.23999977,89.63013052,PTAA,Au,..\raw_csv\type3_breakdown_Au\PTAA_Au_scan_20V.csv
-19.26000023,91.05358396,PTAA,Au,..\raw_csv\type3_breakdown_Au\PTAA_Au_scan_20V.csv
-19.28000069,87.38626657,PTAA,Au,..\raw_csv\type3_breakdown_Au\PTAA_Au_scan_20V.csv
-19.29999924,86.63238788,PTAA,Au,..\raw_csv\type3_breakdown_Au\PTAA_Au_scan_20V.csv
-19.3199997,88.21894592,PTAA,Au,..\raw_csv\type3_breakdown_Au\PTAA_Au_scan_20V.csv
-19.34000015,90.44494541,PTAA,Au,..\raw_csv\type3_breakdown_Au\PTAA_Au_scan_20V.csv
-19.36000061,90.58231165,PTAA,Au,..\raw_csv\type3_breakdown_Au\PTAA_Au_scan_20V.csv
-19.37999916,90.00046594,PTAA,Au,..\raw_csv\type3_breakdown_Au\PTAA_Au_scan_20V.csv
-19.39999962,92.44456425,PTAA,Au,..\raw_csv\type3_breakdown_Au\PTAA_Au_scan_20V.csv
-19.42000008,96.01496252,PTAA,Au,..\raw_csv\type3_breakdown_Au\PTAA_Au_scan_20V.csv
-19.44000053,96.5475251,PTAA,Au,..\raw_csv\type3_breakdown_Au\PTAA_Au_scan_20V.csv
-19.45999908,93.85372458,PTAA,Au,..\raw_csv\type3_breakdown_Au\PTAA_Au_scan_20V.csv
-19.47999954,89.84179475,PTAA,Au,..\raw_csv\type3_breakdown_Au\PTAA_Au_scan_20V.csv
-19.5,87.17774267,PTAA,Au,..\raw_csv\type3_breakdown_Au\PTAA_Au_scan_20V.csv
-19.52000046,89.5860197,PTAA,Au,..\raw_csv\type3_breakdown_Au\PTAA_Au_scan_20V.csv
-19.54000092,89.53475847,PTAA,Au,..\raw_csv\type3_breakdown_Au\PTAA_Au_scan_20V.csv
-19.55999947,92.0575266,PTAA,Au,..\raw_csv\type3_breakdown_Au\PTAA_Au_scan_20V.csv
-19.57999992,85.60466188,PTAA,Au,..\raw_csv\type3_breakdown_Au\PTAA_Au_scan_20V.csv
-19.60000038,85.82799457,PTAA,Au,..\raw_csv\type3_breakdown_Au\PTAA_Au_scan_20V.csv
-19.62000084,90.6460803,PTAA,Au,..\raw_csv\type3_breakdown_Au\PTAA_Au_scan_20V.csv
-19.63999939,93.72895045,PTAA,Au,..\raw_csv\type3_breakdown_Au\PTAA_Au_scan_20V.csv
-19.65999985,90.05450574,PTAA,Au,..\raw_csv\type3_breakdown_Au\PTAA_Au_scan_20V.csv
-19.68000031,93.29516194,PTAA,Au,..\raw_csv\type3_breakdown_Au\PTAA_Au_scan_20V.csv
-19.70000076,90.13495354,PTAA,Au,..\raw_csv\type3_breakdown_Au\PTAA_Au_scan_20V.csv
-19.71999931,90.11882858,PTAA,Au,..\raw_csv\type3_breakdown_Au\PTAA_Au_scan_20V.csv
-19.73999977,90.22923263,PTAA,Au,..\raw_csv\type3_breakdown_Au\PTAA_Au_scan_20V.csv
-19.76000023,91.81081848,PTAA,Au,..\raw_csv\type3_breakdown_Au\PTAA_Au_scan_20V.csv
-19.78000069,88.81401486,PTAA,Au,..\raw_csv\type3_breakdown_Au\PTAA_Au_scan_20V.csv
-19.79999924,93.85638001,PTAA,Au,..\raw_csv\type3_breakdown_Au\PTAA_Au_scan_20V.csv
-19.8199997,98.00830841,PTAA,Au,..\raw_csv\type3_breakdown_Au\PTAA_Au_scan_20V.csv
-19.84000015,99.62623893,PTAA,Au,..\raw_csv\type3_breakdown_Au\PTAA_Au_scan_20V.csv
-19.86000061,93.53292629,PTAA,Au,..\raw_csv\type3_breakdown_Au\PTAA_Au_scan_20V.csv
-19.87999916,94.22513756,PTAA,Au,..\raw_csv\type3_breakdown_Au\PTAA_Au_scan_20V.csv
-19.89999962,93.79886122,PTAA,Au,..\raw_csv\type3_breakdown_Au\PTAA_Au_scan_20V.csv
-19.92000008,93.22605935,PTAA,Au,..\raw_csv\type3_breakdown_Au\PTAA_Au_scan_20V.csv
-19.94000053,95.07677433,PTAA,Au,..\raw_csv\type3_breakdown_Au\PTAA_Au_scan_20V.csv
-19.95999908,96.17946026,PTAA,Au,..\raw_csv\type3_breakdown_Au\PTAA_Au_scan_20V.csv
-19.97999954,96.69198016,PTAA,Au,..\raw_csv\type3_breakdown_Au\PTAA_Au_scan_20V.csv
-20.0,93.44279581,PTAA,Au,..\raw_csv\type3_breakdown_Au\PTAA_Au_scan_20V.csv
